-- Generated by Craft v2.6.2776 on Apr 1, 2016, 8:18:39 AM.

--
-- Disable foreign key checks and autocommit.
--

SET FOREIGN_KEY_CHECKS = 0;
SET SQL_MODE = "NO_AUTO_VALUE_ON_ZERO";
SET AUTOCOMMIT = 0;
SET NAMES utf8;


DROP TABLE IF EXISTS `craft_assetfiles`;


--
-- Schema for table `craft_assetfiles`
--
CREATE TABLE `craft_assetfiles` (
  `id` int(11) NOT NULL,
  `sourceId` int(11) DEFAULT NULL,
  `folderId` int(11) NOT NULL,
  `filename` varchar(255) COLLATE utf8_unicode_ci NOT NULL,
  `kind` varchar(50) COLLATE utf8_unicode_ci NOT NULL DEFAULT 'unknown',
  `width` int(11) unsigned DEFAULT NULL,
  `height` int(11) unsigned DEFAULT NULL,
  `size` int(11) unsigned DEFAULT NULL,
  `dateModified` datetime DEFAULT NULL,
  `dateCreated` datetime NOT NULL,
  `dateUpdated` datetime NOT NULL,
  `uid` char(36) COLLATE utf8_unicode_ci NOT NULL DEFAULT '0',
  PRIMARY KEY (`id`),
  UNIQUE KEY `craft_assetfiles_filename_folderId_unq_idx` (`filename`,`folderId`),
  KEY `craft_assetfiles_sourceId_fk` (`sourceId`),
  KEY `craft_assetfiles_folderId_fk` (`folderId`)
) ENGINE=InnoDB DEFAULT CHARSET=utf8 COLLATE=utf8_unicode_ci;

--
-- Data for table `craft_assetfiles`
--

INSERT INTO `craft_assetfiles` (`id`, `sourceId`, `folderId`, `filename`, `kind`, `width`, `height`, `size`, `dateModified`, `dateCreated`, `dateUpdated`, `uid`) VALUES
 ('18', '1', '1', 'reel2015.mp4', 'video', NULL, NULL, '6172718', '2016-02-26 13:52:31', '2016-02-26 13:52:31', '2016-02-26 13:52:49', '5745c266-6132-4fb2-8ca1-13e626ca9b4f'),
 ('32', '3', '3', 'logo-fwa.png', 'image', '69', '25', '1863', '2016-03-16 09:46:51', '2016-02-29 09:57:45', '2016-03-16 09:46:54', 'de1a015c-161f-4711-ade9-c4eae2a7115b'),
 ('33', '3', '3', 'logo-awwwards.png', 'image', '34', '42', '1039', '2016-02-29 10:00:48', '2016-02-29 10:00:49', '2016-02-29 10:00:49', '2a2febfb-3860-497b-bf67-ca8cacd2caa1'),
 ('54', '2', '5', 'orangina-icons.png', 'image', '320', '338', '25169', '2016-02-29 12:28:31', '2016-02-29 11:46:14', '2016-02-29 12:28:36', '6ef4df1d-53f9-46e9-b49a-1255e18a8cca'),
 ('55', '2', '5', 'orangina-slide-3.jpg', 'image', '1151', '720', '152920', '2016-02-29 12:28:30', '2016-02-29 12:28:30', '2016-02-29 12:28:30', '7ae3f087-8b5c-4273-966c-b77ab8637dec'),
 ('56', '2', '5', 'orangina-slide-2.jpg', 'image', '1151', '720', '121027', '2016-02-29 12:28:30', '2016-02-29 12:28:30', '2016-02-29 12:28:30', 'fb1200fb-e522-44ed-ad17-3bdc12a6c17b'),
 ('57', '2', '5', 'orangina-slide-1.jpg', 'image', '1151', '720', '132436', '2016-02-29 12:28:30', '2016-02-29 12:28:31', '2016-02-29 12:28:31', 'ca56961d-c1f3-45d8-a913-d87db4be66e1'),
 ('59', '2', '5', 'orangina-bottles.png', 'image', '1085', '442', '312445', '2016-02-29 12:28:31', '2016-02-29 12:28:32', '2016-02-29 12:28:32', '0bff4d15-09fe-4098-8588-c21bff554092'),
 ('60', '2', '5', 'orangina-screen-background.png', 'image', '1440', '718', '8795', '2016-03-16 21:02:12', '2016-02-29 12:28:32', '2016-03-16 21:02:22', '4e019e86-2d25-4b7b-9229-68ec8fb87624'),
 ('61', '2', '5', 'orangina-screen.png', 'image', '1103', '640', '556193', '2016-02-29 12:28:33', '2016-02-29 12:28:33', '2016-02-29 12:28:33', '7ec6da7c-2377-490c-bba4-af3dc0386928'),
 ('62', '2', '5', 'orangina-header-background.jpg', 'image', '1440', '900', '39755', '2016-02-29 13:23:59', '2016-02-29 13:24:00', '2016-02-29 13:24:00', 'b3663c7f-1f78-4716-8612-462d80538ae2'),
 ('64', '2', '5', 'orangina-video-cover.jpg', 'image', '1152', '660', '192505', '2016-03-01 13:46:37', '2016-03-01 13:46:38', '2016-03-01 13:46:38', '1019c172-8b59-4710-925d-c2eee3d09d71'),
 ('65', '2', '5', 'orangina-video-background.png', 'image', '1440', '901', '10045', '2016-03-16 21:06:53', '2016-03-01 13:50:58', '2016-03-16 21:07:03', '94c8cc4f-c4fa-4243-a79b-fd668cb1d819'),
 ('67', '2', '18', 'header-background.jpg', 'image', '1440', '900', '19517', '2016-03-07 15:11:29', '2016-03-07 15:11:29', '2016-03-07 15:11:29', '0595591e-5182-4e96-b828-5b9df2d78b89'),
 ('71', '2', '5', 'orangina-header-image.png', 'image', '422', '702', '444108', '2016-03-15 13:58:30', '2016-03-15 13:58:36', '2016-03-15 13:58:36', '78de463d-1832-4f0b-a3f7-0b3405c8d60a'),
 ('73', '2', '18', 'header-image.png', 'image', '283', '403', '189512', '2016-03-15 13:58:59', '2016-03-15 13:59:05', '2016-03-15 13:59:05', '50bc2646-b3b6-4414-be83-cd098cbd0a4e'),
 ('74', '2', '5', 'orangina-slide-5.jpg', 'image', '1151', '720', '121027', '2016-03-15 14:46:51', '2016-03-15 14:46:56', '2016-03-15 14:46:56', '620ba8a2-a340-4eeb-9870-ee6733171ad8'),
 ('75', '2', '5', 'orangina-slide-4.jpg', 'image', '1151', '720', '132436', '2016-03-15 14:46:51', '2016-03-15 14:46:57', '2016-03-15 14:46:57', '05dd7728-1b05-4bb8-b83f-79734e1a9d0e'),
 ('77', '2', '19', 'Screen-Shot-2016-03-01-at-14.56.18.png', 'image', '164', '104', '20162', '2016-03-16 12:58:37', '2016-03-16 12:58:43', '2016-03-16 12:58:55', '5fd45814-b856-4f4d-93e0-6d747a086556'),
 ('79', '2', '18', 'pak.png', 'image', '364', '808', '251479', '2016-03-16 15:27:33', '2016-03-16 15:27:43', '2016-03-16 15:27:43', '454c63d4-d5fc-419c-b6c2-e853e3274c52'),
 ('82', '2', '18', 'screen.png', 'image', '1039', '870', '850550', '2016-03-16 15:32:39', '2016-03-16 15:32:49', '2016-03-16 15:32:49', '1df6708d-8c0b-4192-a528-5501a956ee89'),
 ('84', '2', '18', 'screen-background.png', 'image', '1440', '992', '9636', '2016-03-16 15:36:15', '2016-03-16 15:36:15', '2016-03-16 15:36:15', 'efd0ee6c-6ba5-4461-a7e6-9444078905f1'),
 ('85', '2', '18', 'blocks.png', 'image', '661', '532', '364521', '2016-03-16 15:45:57', '2016-03-16 15:45:57', '2016-03-16 15:45:57', '168f3e31-3c36-48a6-8d60-43b68080ab4b'),
 ('87', '2', '18', 'glas-background.png', 'image', '1440', '475', '5717', '2016-03-17 00:19:38', '2016-03-16 15:54:29', '2016-03-17 00:19:43', 'ff666883-45fc-4005-b85e-9c47f796b5ec'),
 ('88', '2', '18', 'glas.png', 'image', '503', '538', '251096', '2016-03-16 15:54:29', '2016-03-16 15:54:30', '2016-03-16 15:54:30', 'c13cdb9a-a050-41b3-bcd1-3bb4e326da65'),
 ('92', '2', '18', 'screen-2.png', 'image', '1146', '657', '456982', '2016-03-16 16:53:18', '2016-03-16 16:53:21', '2016-03-16 16:53:21', 'f24037e8-e3b0-4bac-84ad-4ff9e829ed3a'),
 ('96', '2', '19', 'Screen-Shot-2016-03-01-at-14.56.18_160316_222532.png', 'image', '164', '104', '20162', '2016-03-16 21:25:18', '2016-03-16 21:25:26', '2016-03-16 21:25:32', '1cd1bc00-7e43-42ae-915d-e7acd2827375'),
 ('100', '2', '18', 'devices.png', 'image', '1112', '589', '693598', '2016-03-17 00:25:15', '2016-03-17 00:25:18', '2016-03-17 00:25:18', '2886d0c5-277b-4d7a-8ee0-a7a58a5d255d'),
 ('110', '2', '19', 'lala.png', 'image', '1372', '816', '4486324', '2016-03-18 14:21:42', '2016-03-18 14:21:45', '2016-03-18 14:21:45', 'b6f67913-5ac8-4fb0-8109-769313606c0c'),
 ('112', '2', '2', 'KLM-kraftwerk_BG.png', 'image', '1440', '900', '7169', '2016-03-18 14:23:13', '2016-03-18 14:23:14', '2016-03-18 14:23:14', 'bb60f52f-a246-4bd6-9c25-79bcba9b8827'),
 ('113', '2', '2', 'visual-head.png', 'image', '1363', '1013', '556700', '2016-03-18 14:23:15', '2016-03-18 14:23:15', '2016-03-18 14:23:15', '5868d952-295e-4c57-aed5-bc2279a0d7ae'),
 ('114', '2', '30', 'KLM-kraftwerk_BG.png', 'image', '1440', '900', '7169', '2016-03-18 14:23:45', '2016-03-18 14:23:45', '2016-03-18 14:24:57', 'd589494d-66f4-40c2-9419-1628bd7c137f'),
 ('115', NULL, '21', 'visual-head.png', 'image', '1363', '1013', '556700', '2016-03-18 14:23:46', '2016-03-18 14:23:47', '2016-03-18 14:23:47', 'f10b8636-13b5-43b7-9e3d-42c1d7da3c77'),
 ('116', '2', '30', 'visual-head.png', 'image', '1363', '1013', '556700', '2016-03-18 14:23:56', '2016-03-18 14:23:57', '2016-03-18 14:24:57', '2533917b-1f85-4266-9c90-138d50e1000c'),
 ('120', '2', '30', 'background-image-bg.png', 'image', '1440', '900', '494982', '2016-03-18 14:27:20', '2016-03-18 14:27:21', '2016-03-18 14:27:21', '21b13388-0ecd-4778-a693-096b7c5bd906'),
 ('121', '2', '30', 'background-image-bg2.png', 'image', '1440', '900', '352265', '2016-03-18 14:28:23', '2016-03-18 14:28:24', '2016-03-18 14:28:24', 'e2d68aa4-7235-4df7-8128-88faac600d4f'),
 ('131', '2', '30', 'video-1.png', 'image', '1152', '648', '2991518', '2016-03-18 14:34:39', '2016-03-18 14:34:40', '2016-03-18 14:34:40', '0f0390be-1012-4344-9198-5ce8c8a84339'),
 ('133', '2', '30', 'layover-visual01.png', 'image', '712', '482', '234724', '2016-03-18 14:37:53', '2016-03-18 14:37:53', '2016-03-18 14:37:53', '95136c52-070f-4bcc-92ba-33ec70f6b910'),
 ('135', '2', '30', 'phone-interests.png', 'image', '922', '735', '231744', '2016-03-18 14:49:17', '2016-03-18 14:49:17', '2016-03-18 14:49:17', 'fa131340-dc93-480c-9c58-4f4e380e2cd6'),
 ('138', '2', '30', 'card-bg.png', 'image', '1440', '895', '5164491', '2016-03-18 14:55:26', '2016-03-18 14:55:28', '2016-03-18 14:55:28', 'a04b9975-aaf7-4bbc-9361-0165b5458f9f'),
 ('140', '2', '30', 'card-transparant.png', 'image', '1440', '799', '449243', '2016-03-18 14:57:18', '2016-03-18 14:57:18', '2016-03-18 14:57:18', '2ebb6510-bb5f-4e0e-b7bb-dc1e77c18e5f'),
 ('142', '2', '30', 'cards-transparant2.png', 'image', '1738', '849', '500964', '2016-03-18 14:58:33', '2016-03-18 14:58:34', '2016-03-18 14:58:34', 'a463a08a-9ec8-4156-80b1-c2eba964e7d8'),
 ('144', '2', '30', 'phones3.png', 'image', '703', '703', '161161', '2016-03-18 15:34:34', '2016-03-18 15:34:34', '2016-03-18 15:34:34', '94bacd6b-138d-40da-9e92-6f685f389f04'),
 ('146', '2', '30', 'Posters.png', 'image', '1440', '689', '584153', '2016-03-18 15:44:23', '2016-03-18 15:44:23', '2016-03-18 15:44:23', 'd28c5733-1c9c-4765-847b-6679d21d6455'),
 ('149', '2', '30', 'macoboks.png', 'image', '1324', '705', '386405', '2016-03-18 16:31:23', '2016-03-18 16:31:23', '2016-03-18 16:31:23', '4586f63d-5708-4cee-a550-cedead1baf1e'),
 ('151', '2', '18', 'chocomel-overview.jpg', 'image', '1009', '560', '84251', '2016-03-29 13:10:44', '2016-03-29 13:10:44', '2016-03-29 13:10:44', '6c73bb77-0903-41ab-a55c-51ab9392c5ef'),
 ('153', '2', '31', 'chocomel.png', 'image', '94', '69', '8767', '2016-03-30 15:52:45', '2016-03-30 15:52:45', '2016-03-30 15:52:45', 'b175c327-b8d8-4ab8-b06d-79052b627305'),
 ('154', '2', '31', 'eneco.png', 'image', '111', '48', '6071', '2016-03-30 15:52:45', '2016-03-30 15:52:45', '2016-03-30 15:52:45', '463a037c-f23e-45bb-a3e9-ad708e2418cf'),
 ('155', '2', '31', 'orangina.png', 'image', '136', '27', '11095', '2016-03-30 15:52:45', '2016-03-30 15:52:45', '2016-03-30 15:52:45', 'fe77c1ac-93e9-4920-b530-71566ecc822c'),
 ('156', '2', '31', 'philips@2x.png', 'image', '220', '220', '45346', '2016-03-30 15:52:46', '2016-03-30 15:52:46', '2016-03-30 15:52:46', 'a0d2a7e5-f9b8-427a-b8d9-7d9ec08794e9'),
 ('157', '2', '31', 'volkswagen.png', 'image', '67', '68', '7420', '2016-03-30 15:52:46', '2016-03-30 15:52:46', '2016-03-30 15:52:46', 'a83fb906-5607-4f33-b085-b8fbb734bd4e');



DROP TABLE IF EXISTS `craft_assetfolders`;


--
-- Schema for table `craft_assetfolders`
--
CREATE TABLE `craft_assetfolders` (
  `id` int(11) NOT NULL AUTO_INCREMENT,
  `parentId` int(11) DEFAULT NULL,
  `sourceId` int(11) DEFAULT NULL,
  `name` varchar(255) COLLATE utf8_unicode_ci NOT NULL,
  `path` varchar(255) COLLATE utf8_unicode_ci DEFAULT NULL,
  `dateCreated` datetime NOT NULL,
  `dateUpdated` datetime NOT NULL,
  `uid` char(36) COLLATE utf8_unicode_ci NOT NULL DEFAULT '0',
  PRIMARY KEY (`id`),
  UNIQUE KEY `craft_assetfolders_name_parentId_sourceId_unq_idx` (`name`,`parentId`,`sourceId`),
  KEY `craft_assetfolders_parentId_fk` (`parentId`),
  KEY `craft_assetfolders_sourceId_fk` (`sourceId`)
) ENGINE=InnoDB AUTO_INCREMENT=32 DEFAULT CHARSET=utf8 COLLATE=utf8_unicode_ci;

--
-- Data for table `craft_assetfolders`
--

INSERT INTO `craft_assetfolders` (`id`, `parentId`, `sourceId`, `name`, `path`, `dateCreated`, `dateUpdated`, `uid`) VALUES
 ('1', NULL, '1', 'Video\'s', '', '2016-02-25 14:03:09', '2016-02-25 14:03:09', 'a1517dbf-9fb5-4ff2-9bc7-d440138460c4'),
 ('2', NULL, '2', 'Images', '', '2016-02-25 14:04:54', '2016-02-25 14:04:54', '8575c608-474d-4eeb-8143-61b8a06a3861'),
 ('3', NULL, '3', 'Honours', '', '2016-02-29 09:54:08', '2016-02-29 09:54:08', '0c983bb2-aa4b-491a-8804-c2f375aa382b'),
 ('4', '2', '2', 'passat-500', 'passat-500/', '2016-02-29 10:56:32', '2016-02-29 10:56:32', '7efbf8f4-c6d0-4f3f-8ee2-1bb4925d7fcc'),
 ('5', '2', '2', 'orangina', 'orangina/', '2016-02-29 10:56:46', '2016-02-29 10:56:46', '3a66cefa-8bc2-4463-bba8-9b6eadd2b8c8'),
 ('6', NULL, NULL, 'Temporary source', NULL, '2016-02-29 11:27:02', '2016-02-29 11:27:02', '01fff2f2-e84a-47f9-bea4-ee4062109b38'),
 ('7', '6', NULL, 'user_1', NULL, '2016-02-29 11:27:02', '2016-02-29 11:27:02', '76504120-14bd-4e7f-b5ef-e4e087070be1'),
 ('8', '7', NULL, 'field_7', 'field_7/', '2016-02-29 11:27:02', '2016-02-29 11:27:02', '431e0f0f-f369-49fa-afba-92563ab374c2'),
 ('9', '1', '1', 'orangina', 'orangina/', '2016-02-29 11:43:20', '2016-02-29 11:43:20', '44fe7020-736d-460e-8a8a-c91f96f9b7b5'),
 ('10', '7', NULL, 'field_40', 'field_40/', '2016-03-07 15:04:25', '2016-03-07 15:04:25', '6d479290-ba36-4335-827f-297753534ac1'),
 ('11', '7', NULL, 'field_50', 'field_50/', '2016-03-07 15:04:25', '2016-03-07 15:04:25', '3d1e3d43-415b-4ea0-bbd9-8c269036ef83'),
 ('12', '7', NULL, 'field_11', 'field_11/', '2016-03-07 15:04:26', '2016-03-07 15:04:26', '7a9e894b-82a8-45d7-8eda-3bfb8a95f901'),
 ('13', '7', NULL, 'field_12', 'field_12/', '2016-03-07 15:04:26', '2016-03-07 15:04:26', '4143f70e-9fe5-4d7c-ac4c-66bac15bf644'),
 ('14', '7', NULL, 'field_65', 'field_65/', '2016-03-07 15:04:26', '2016-03-07 15:04:26', 'ccfda04d-3c43-448f-bac7-5257dbdef4bc'),
 ('15', '7', NULL, 'field_14', 'field_14/', '2016-03-07 15:04:26', '2016-03-07 15:04:26', '5b54af10-4c1b-4228-ae97-363bb4c1d6f7'),
 ('16', '7', NULL, 'field_15', 'field_15/', '2016-03-07 15:04:26', '2016-03-07 15:04:26', '80f90547-2891-46f4-9efc-e8adacb9c85d'),
 ('17', '7', NULL, 'field_16', 'field_16/', '2016-03-07 15:04:26', '2016-03-07 15:04:26', '6b71793c-b632-4bb2-b1b3-1449c43010d6'),
 ('18', '2', '2', 'chocomel-brand-portal', 'chocomel-brand-portal/', '2016-03-07 15:09:25', '2016-03-07 15:09:25', '8715de60-afad-4789-bef6-42946c62beba'),
 ('19', '2', '2', 'test-case', 'test-case/', '2016-03-16 12:58:55', '2016-03-16 12:58:55', '7a61aef0-2228-4e4d-8c6e-1e1e61bf5911'),
 ('20', '6', NULL, 'user_109', NULL, '2016-03-18 14:14:38', '2016-03-18 14:14:38', 'e6352ada-e9df-4cde-968a-b48a4c6231ba'),
 ('21', '20', NULL, 'field_40', 'field_40/', '2016-03-18 14:14:38', '2016-03-18 14:14:38', 'ab76eec0-869c-4640-a299-96935e6a392a'),
 ('22', '20', NULL, 'field_50', 'field_50/', '2016-03-18 14:14:38', '2016-03-18 14:14:38', 'bc922a3e-e9cb-4daa-9494-deccf0f3eb42'),
 ('23', '20', NULL, 'field_7', 'field_7/', '2016-03-18 14:14:38', '2016-03-18 14:14:38', '0a56228f-5af9-41bc-b6a0-6831f42868dd'),
 ('24', '20', NULL, 'field_11', 'field_11/', '2016-03-18 14:14:38', '2016-03-18 14:14:38', '1872f017-0e7a-4002-b56a-11979e171b7f'),
 ('25', '20', NULL, 'field_12', 'field_12/', '2016-03-18 14:14:38', '2016-03-18 14:14:38', 'a9947934-fd1e-4a12-9cc6-c06910cd55bb'),
 ('26', '20', NULL, 'field_65', 'field_65/', '2016-03-18 14:14:38', '2016-03-18 14:14:38', 'da81f288-16f5-43f9-b63f-56a307b001ff'),
 ('27', '20', NULL, 'field_14', 'field_14/', '2016-03-18 14:14:38', '2016-03-18 14:14:38', '697e85ff-cefe-4867-94d6-6a79c09c0d0a'),
 ('28', '20', NULL, 'field_15', 'field_15/', '2016-03-18 14:14:38', '2016-03-18 14:14:38', '1aa7d6d9-2cea-4090-a528-34fc86d3b608'),
 ('29', '20', NULL, 'field_16', 'field_16/', '2016-03-18 14:14:38', '2016-03-18 14:14:38', '003d20e1-b4d2-435e-bbe9-1992263a8912'),
 ('30', '2', '2', 'layover-with-a-local', 'layover-with-a-local/', '2016-03-18 14:24:57', '2016-03-18 14:24:57', '059eac49-e4c1-4940-8271-7189505812a6'),
 ('31', '2', '2', 'logos', 'logos/', '2016-03-30 15:51:45', '2016-03-30 15:51:45', '8b964abb-0e30-4b64-91ad-adeb8b595dc2');



DROP TABLE IF EXISTS `craft_assetindexdata`;


--
-- Schema for table `craft_assetindexdata`
--
CREATE TABLE `craft_assetindexdata` (
  `id` int(11) NOT NULL AUTO_INCREMENT,
  `sessionId` varchar(36) COLLATE utf8_unicode_ci NOT NULL DEFAULT '',
  `sourceId` int(10) NOT NULL,
  `offset` int(10) NOT NULL,
  `uri` varchar(255) COLLATE utf8_unicode_ci DEFAULT NULL,
  `size` int(10) DEFAULT NULL,
  `recordId` int(10) DEFAULT NULL,
  `dateCreated` datetime NOT NULL,
  `dateUpdated` datetime NOT NULL,
  `uid` char(36) COLLATE utf8_unicode_ci NOT NULL DEFAULT '0',
  PRIMARY KEY (`id`),
  UNIQUE KEY `craft_assetindexdata_sessionId_sourceId_offset_unq_idx` (`sessionId`,`sourceId`,`offset`),
  KEY `craft_assetindexdata_sourceId_fk` (`sourceId`)
) ENGINE=InnoDB DEFAULT CHARSET=utf8 COLLATE=utf8_unicode_ci;

DROP TABLE IF EXISTS `craft_assetsources`;


--
-- Schema for table `craft_assetsources`
--
CREATE TABLE `craft_assetsources` (
  `id` int(11) NOT NULL AUTO_INCREMENT,
  `name` varchar(255) COLLATE utf8_unicode_ci NOT NULL,
  `handle` varchar(255) COLLATE utf8_unicode_ci NOT NULL,
  `type` varchar(150) COLLATE utf8_unicode_ci NOT NULL,
  `settings` text COLLATE utf8_unicode_ci,
  `sortOrder` smallint(6) unsigned DEFAULT NULL,
  `fieldLayoutId` int(10) DEFAULT NULL,
  `dateCreated` datetime NOT NULL,
  `dateUpdated` datetime NOT NULL,
  `uid` char(36) COLLATE utf8_unicode_ci NOT NULL DEFAULT '0',
  PRIMARY KEY (`id`),
  UNIQUE KEY `craft_assetsources_name_unq_idx` (`name`),
  UNIQUE KEY `craft_assetsources_handle_unq_idx` (`handle`),
  KEY `craft_assetsources_fieldLayoutId_fk` (`fieldLayoutId`)
) ENGINE=InnoDB AUTO_INCREMENT=4 DEFAULT CHARSET=utf8 COLLATE=utf8_unicode_ci;

--
-- Data for table `craft_assetsources`
--

INSERT INTO `craft_assetsources` (`id`, `name`, `handle`, `type`, `settings`, `sortOrder`, `fieldLayoutId`, `dateCreated`, `dateUpdated`, `uid`) VALUES
 ('1', 'Video\'s', 'videos', 'Local', '{\"path\":\"content\\/videos\\/\",\"url\":\"\\/content\\/videos\\/\",\"publicURLs\":true}', '1', '75', '2016-02-25 14:03:09', '2016-03-09 16:42:28', '955a2581-ca22-455a-baf3-699ab7624683'),
 ('2', 'Images', 'images', 'Local', '{\"path\":\"content\\/images\\/\",\"url\":\"\\/content\\/images\\/\",\"publicURLs\":true}', '2', '57', '2016-02-25 14:04:54', '2016-03-09 16:42:28', 'eedfaa64-6031-453d-8990-d94ff7b14792'),
 ('3', 'Honours', 'honours', 'Local', '{\"path\":\"content\\/images\\/honours\\/\",\"url\":\"\\/content\\/images\\/honours\\/\",\"publicURLs\":true}', '3', '94', '2016-02-29 09:54:08', '2016-03-09 16:42:28', 'fccca845-d8c1-42a1-8af4-5ffb28c1704c');



DROP TABLE IF EXISTS `craft_assettransformindex`;


--
-- Schema for table `craft_assettransformindex`
--
CREATE TABLE `craft_assettransformindex` (
  `id` int(11) NOT NULL AUTO_INCREMENT,
  `fileId` int(11) NOT NULL,
  `filename` varchar(255) COLLATE utf8_unicode_ci DEFAULT NULL,
  `format` varchar(255) COLLATE utf8_unicode_ci DEFAULT NULL,
  `location` varchar(255) COLLATE utf8_unicode_ci NOT NULL,
  `sourceId` int(11) DEFAULT NULL,
  `fileExists` tinyint(1) DEFAULT NULL,
  `inProgress` tinyint(1) DEFAULT NULL,
  `dateIndexed` datetime DEFAULT NULL,
  `dateCreated` datetime NOT NULL,
  `dateUpdated` datetime NOT NULL,
  `uid` char(36) COLLATE utf8_unicode_ci NOT NULL DEFAULT '0',
  PRIMARY KEY (`id`),
  KEY `craft_assettransformindex_sourceId_fileId_location_idx` (`sourceId`,`fileId`,`location`)
) ENGINE=InnoDB DEFAULT CHARSET=utf8 COLLATE=utf8_unicode_ci;

DROP TABLE IF EXISTS `craft_assettransforms`;


--
-- Schema for table `craft_assettransforms`
--
CREATE TABLE `craft_assettransforms` (
  `id` int(11) NOT NULL AUTO_INCREMENT,
  `name` varchar(255) COLLATE utf8_unicode_ci NOT NULL,
  `handle` varchar(255) COLLATE utf8_unicode_ci NOT NULL,
  `mode` enum('stretch','fit','crop') COLLATE utf8_unicode_ci NOT NULL DEFAULT 'crop',
  `position` enum('top-left','top-center','top-right','center-left','center-center','center-right','bottom-left','bottom-center','bottom-right') COLLATE utf8_unicode_ci NOT NULL DEFAULT 'center-center',
  `height` int(10) DEFAULT NULL,
  `width` int(10) DEFAULT NULL,
  `format` varchar(255) COLLATE utf8_unicode_ci DEFAULT NULL,
  `quality` int(10) DEFAULT NULL,
  `dimensionChangeTime` datetime DEFAULT NULL,
  `dateCreated` datetime NOT NULL,
  `dateUpdated` datetime NOT NULL,
  `uid` char(36) COLLATE utf8_unicode_ci NOT NULL DEFAULT '0',
  PRIMARY KEY (`id`),
  UNIQUE KEY `craft_assettransforms_name_unq_idx` (`name`),
  UNIQUE KEY `craft_assettransforms_handle_unq_idx` (`handle`)
) ENGINE=InnoDB DEFAULT CHARSET=utf8 COLLATE=utf8_unicode_ci;

DROP TABLE IF EXISTS `craft_categories`;


--
-- Schema for table `craft_categories`
--
CREATE TABLE `craft_categories` (
  `id` int(11) NOT NULL,
  `groupId` int(11) NOT NULL,
  `dateCreated` datetime NOT NULL,
  `dateUpdated` datetime NOT NULL,
  `uid` char(36) COLLATE utf8_unicode_ci NOT NULL DEFAULT '0',
  PRIMARY KEY (`id`),
  KEY `craft_categories_groupId_fk` (`groupId`)
) ENGINE=InnoDB DEFAULT CHARSET=utf8 COLLATE=utf8_unicode_ci;

DROP TABLE IF EXISTS `craft_categorygroups`;


--
-- Schema for table `craft_categorygroups`
--
CREATE TABLE `craft_categorygroups` (
  `id` int(11) NOT NULL AUTO_INCREMENT,
  `structureId` int(11) NOT NULL,
  `fieldLayoutId` int(11) DEFAULT NULL,
  `name` varchar(255) COLLATE utf8_unicode_ci NOT NULL,
  `handle` varchar(255) COLLATE utf8_unicode_ci NOT NULL,
  `hasUrls` tinyint(1) unsigned NOT NULL DEFAULT '1',
  `template` varchar(500) COLLATE utf8_unicode_ci DEFAULT NULL,
  `dateCreated` datetime NOT NULL,
  `dateUpdated` datetime NOT NULL,
  `uid` char(36) COLLATE utf8_unicode_ci NOT NULL DEFAULT '0',
  PRIMARY KEY (`id`),
  UNIQUE KEY `craft_categorygroups_name_unq_idx` (`name`),
  UNIQUE KEY `craft_categorygroups_handle_unq_idx` (`handle`),
  KEY `craft_categorygroups_structureId_fk` (`structureId`),
  KEY `craft_categorygroups_fieldLayoutId_fk` (`fieldLayoutId`)
) ENGINE=InnoDB DEFAULT CHARSET=utf8 COLLATE=utf8_unicode_ci;

DROP TABLE IF EXISTS `craft_categorygroups_i18n`;


--
-- Schema for table `craft_categorygroups_i18n`
--
CREATE TABLE `craft_categorygroups_i18n` (
  `id` int(11) NOT NULL AUTO_INCREMENT,
  `groupId` int(11) NOT NULL,
  `locale` char(12) COLLATE utf8_unicode_ci NOT NULL,
  `urlFormat` text COLLATE utf8_unicode_ci,
  `nestedUrlFormat` text COLLATE utf8_unicode_ci,
  `dateCreated` datetime NOT NULL,
  `dateUpdated` datetime NOT NULL,
  `uid` char(36) COLLATE utf8_unicode_ci NOT NULL DEFAULT '0',
  PRIMARY KEY (`id`),
  UNIQUE KEY `craft_categorygroups_i18n_groupId_locale_unq_idx` (`groupId`,`locale`),
  KEY `craft_categorygroups_i18n_locale_fk` (`locale`)
) ENGINE=InnoDB DEFAULT CHARSET=utf8 COLLATE=utf8_unicode_ci;

DROP TABLE IF EXISTS `craft_content`;


--
-- Schema for table `craft_content`
--
CREATE TABLE `craft_content` (
  `id` int(11) NOT NULL AUTO_INCREMENT,
  `elementId` int(11) NOT NULL,
  `locale` char(12) COLLATE utf8_unicode_ci NOT NULL,
  `title` varchar(255) COLLATE utf8_unicode_ci DEFAULT NULL,
  `field_heading` text COLLATE utf8_unicode_ci,
  `field_client` text COLLATE utf8_unicode_ci,
  `field_projectType` text COLLATE utf8_unicode_ci,
  `field_googleAnalyticsTrackingCode` text COLLATE utf8_unicode_ci,
  `field_headerButton` varchar(20) COLLATE utf8_unicode_ci DEFAULT NULL,
  `field_headerButtonUrl` text COLLATE utf8_unicode_ci,
  `dateCreated` datetime NOT NULL,
  `dateUpdated` datetime NOT NULL,
  `uid` char(36) COLLATE utf8_unicode_ci NOT NULL DEFAULT '0',
  PRIMARY KEY (`id`),
  UNIQUE KEY `craft_content_elementId_locale_unq_idx` (`elementId`,`locale`),
  KEY `craft_content_title_idx` (`title`),
  KEY `craft_content_locale_fk` (`locale`)
) ENGINE=InnoDB AUTO_INCREMENT=97 DEFAULT CHARSET=utf8 COLLATE=utf8_unicode_ci;

--
-- Data for table `craft_content`
--

INSERT INTO `craft_content` (`id`, `elementId`, `locale`, `title`, `field_heading`, `field_client`, `field_projectType`, `field_googleAnalyticsTrackingCode`, `field_headerButton`, `field_headerButtonUrl`, `dateCreated`, `dateUpdated`, `uid`) VALUES
 ('1', '1', 'en_us', NULL, NULL, NULL, NULL, NULL, NULL, NULL, '2016-02-25 11:25:17', '2016-03-18 09:36:53', 'fe67134b-b0d4-4ebd-98e2-19c1e6a71c4d'),
 ('5', '5', 'en_us', 'Homepage', NULL, NULL, NULL, NULL, NULL, NULL, '2016-02-25 13:49:09', '2016-03-18 14:25:30', '746c5466-6f17-4a1d-b373-22d8558b7aa7'),
 ('6', '6', 'en_us', 'About', NULL, NULL, NULL, NULL, NULL, NULL, '2016-02-25 13:49:30', '2016-03-30 16:10:58', '68e6f1e4-3f18-4cde-a90c-7f0f4ab0ef74'),
 ('7', '7', 'en_us', 'Contact', NULL, NULL, NULL, NULL, NULL, NULL, '2016-02-25 13:49:38', '2016-03-07 12:52:00', '71b9574a-7ee9-42d4-b34d-bf9e8a528964'),
 ('9', '10', 'en_us', 'Orangina global website', 'A quirky new online appearance for a soda brand', 'Orangina', 'Responsive Website', NULL, 'Visit Project', 'http://orangina.eu/', '2016-02-25 14:42:24', '2016-03-31 13:17:22', '7dc7b57e-6116-4d87-aa34-f2a203ed3de7'),
 ('10', '11', 'en_us', NULL, NULL, NULL, NULL, 'UA-74942532-1', NULL, NULL, '2016-02-25 14:50:24', '2016-03-25 10:16:55', 'bc74844b-931c-4d98-b786-33713a78d44b'),
 ('14', '18', 'en_us', 'Reel2015', NULL, NULL, NULL, NULL, NULL, NULL, '2016-02-26 13:52:31', '2016-02-26 13:52:54', '68d289f8-82ed-4f17-bd6d-9f51f6a5ab72'),
 ('21', '32', 'en_us', 'FWA', NULL, NULL, NULL, NULL, NULL, NULL, '2016-02-29 09:57:45', '2016-03-16 09:46:54', 'da2da9ab-890a-4fc2-aad6-fe2d4216ab50'),
 ('22', '33', 'en_us', 'Awwwards', NULL, NULL, NULL, NULL, NULL, NULL, '2016-02-29 10:00:49', '2016-02-29 10:01:19', '96426cd5-f5f3-4e60-88d9-b49ad4d7c1f6'),
 ('33', '54', 'en_us', 'Orangina Icons', NULL, NULL, NULL, NULL, NULL, NULL, '2016-02-29 11:46:14', '2016-02-29 12:28:36', '2788055f-a34c-4fb2-b77a-469e488f0a29'),
 ('34', '55', 'en_us', 'Orangina Slide 3', NULL, NULL, NULL, NULL, NULL, NULL, '2016-02-29 12:28:30', '2016-02-29 12:28:30', 'cf93d7b3-9c5d-4d8c-9e30-ddd871a3715d'),
 ('35', '56', 'en_us', 'Orangina Slide 2', NULL, NULL, NULL, NULL, NULL, NULL, '2016-02-29 12:28:30', '2016-02-29 12:28:30', '985aa7b2-bb3f-4323-afd4-b764bc9eccc4'),
 ('36', '57', 'en_us', 'Orangina Slide 1', NULL, NULL, NULL, NULL, NULL, NULL, '2016-02-29 12:28:31', '2016-02-29 12:28:31', 'cd82e32d-42aa-4cbe-8bcf-a0e2c1bf01a4'),
 ('38', '59', 'en_us', 'Orangina Bottles', NULL, NULL, NULL, NULL, NULL, NULL, '2016-02-29 12:28:32', '2016-02-29 12:28:32', '5b143731-d51a-4c32-9373-7c6334208391'),
 ('39', '60', 'en_us', 'Orangina Screen Background', NULL, NULL, NULL, NULL, NULL, NULL, '2016-02-29 12:28:32', '2016-03-16 21:02:22', 'a26d6b52-6c24-4f06-a521-dbffe12c8be9'),
 ('40', '61', 'en_us', 'Orangina Screen', NULL, NULL, NULL, NULL, NULL, NULL, '2016-02-29 12:28:33', '2016-02-29 12:28:33', 'a5feeff5-eb32-474f-8d9f-40e548c054ae'),
 ('41', '62', 'en_us', 'Orangina Header Background', NULL, NULL, NULL, NULL, NULL, NULL, '2016-02-29 13:24:00', '2016-02-29 13:24:00', 'd974ecb4-907b-4c55-8f62-b5c291c3e440'),
 ('43', '64', 'en_us', 'Orangina Video Cover', NULL, NULL, NULL, NULL, NULL, NULL, '2016-03-01 13:46:38', '2016-03-01 13:46:38', '61e82b09-2a76-415a-ac07-22f03773bf22'),
 ('44', '65', 'en_us', 'Orangina Video Background', NULL, NULL, NULL, NULL, NULL, NULL, '2016-03-01 13:50:58', '2016-03-16 21:07:03', 'b901c4a4-9b31-49ae-b101-7a5b1d39d56a'),
 ('45', '66', 'en_us', 'Chocomel brand portal', 'For the love of chocolate', 'Chocomel', 'Mobile Application', NULL, '', '', '2016-03-07 15:04:49', '2016-03-29 13:10:54', '74a321a3-8df3-4b75-847c-32025f352d22'),
 ('46', '67', 'en_us', 'Header Background', NULL, NULL, NULL, NULL, NULL, NULL, '2016-03-07 15:11:29', '2016-03-07 15:11:29', 'bbb8c954-71db-4337-9765-31fdbc391834'),
 ('48', '69', 'en_us', 'Work', NULL, NULL, NULL, NULL, NULL, NULL, '2016-03-07 15:36:18', '2016-03-07 15:36:18', '832008c6-477f-4470-af20-ddb25a083612'),
 ('50', '71', 'en_us', 'Orangina Header Image', NULL, NULL, NULL, NULL, NULL, NULL, '2016-03-15 13:58:36', '2016-03-15 13:58:36', '7420b418-6a65-4a29-b08f-d185edec4513'),
 ('52', '73', 'en_us', 'Header Image', NULL, NULL, NULL, NULL, NULL, NULL, '2016-03-15 13:59:05', '2016-03-15 13:59:05', '7b38dd54-0494-47a9-8fe2-a3c8953cc012'),
 ('53', '74', 'en_us', 'Orangina Slide 5', NULL, NULL, NULL, NULL, NULL, NULL, '2016-03-15 14:46:56', '2016-03-15 14:46:56', 'e9df5ff6-b530-414f-9999-ed457da7d9ea'),
 ('54', '75', 'en_us', 'Orangina Slide 4', NULL, NULL, NULL, NULL, NULL, NULL, '2016-03-15 14:46:57', '2016-03-15 14:46:57', '4cc91646-1ce8-49b1-b751-80034eed8c73'),
 ('56', '77', 'en_us', 'Screen Shot 2016 03 01 At 14 56 18', NULL, NULL, NULL, NULL, NULL, NULL, '2016-03-16 12:58:43', '2016-03-16 12:58:55', 'b1bd31b1-c712-439f-88d0-dcabe33da601'),
 ('58', '79', 'en_us', 'Pak', NULL, NULL, NULL, NULL, NULL, NULL, '2016-03-16 15:27:43', '2016-03-16 15:27:43', 'fec05e72-2a3a-401a-9a17-1619da0899bc'),
 ('59', '82', 'en_us', 'Screen', NULL, NULL, NULL, NULL, NULL, NULL, '2016-03-16 15:32:49', '2016-03-16 15:32:49', '04be0152-12c1-4e0f-8bbd-9ca8c6b98f39'),
 ('60', '84', 'en_us', 'Screen Background', NULL, NULL, NULL, NULL, NULL, NULL, '2016-03-16 15:36:15', '2016-03-16 15:36:15', '9fad7c2a-45fd-4515-9dc4-9790a219c8af'),
 ('61', '85', 'en_us', 'Blocks', NULL, NULL, NULL, NULL, NULL, NULL, '2016-03-16 15:45:57', '2016-03-16 15:45:57', '98ca2f61-4697-4d8f-997f-ac140127f105'),
 ('62', '87', 'en_us', 'Glas Background', NULL, NULL, NULL, NULL, NULL, NULL, '2016-03-16 15:54:29', '2016-03-17 00:19:43', '0edba9ee-f122-461b-88f2-559ed52bf3d0'),
 ('63', '88', 'en_us', 'Glas', NULL, NULL, NULL, NULL, NULL, NULL, '2016-03-16 15:54:30', '2016-03-16 15:54:30', '6f1c03f9-42eb-4930-a35c-21cffc30ebf3'),
 ('64', '92', 'en_us', 'Screen 2', NULL, NULL, NULL, NULL, NULL, NULL, '2016-03-16 16:53:21', '2016-03-16 16:53:21', '84ecf891-3ea8-47d2-8614-ed576a497854'),
 ('67', '96', 'en_us', 'Screen Shot 2016 03 01 At 14 56 18', NULL, NULL, NULL, NULL, NULL, NULL, '2016-03-16 21:25:26', '2016-03-16 21:25:32', '1b821587-7fa8-4b33-8520-f82928018e3b'),
 ('68', '97', 'en_us', 'Test case', 'Test case', 'Test', 'Responsive Website', NULL, 'GOGO', 'http://www.google.com', '2016-03-16 21:25:32', '2016-03-30 15:34:29', 'bde82ca3-fc2a-4599-9f9d-5b4ca498f45c'),
 ('71', '100', 'en_us', 'Devices', NULL, NULL, NULL, NULL, NULL, NULL, '2016-03-17 00:25:18', '2016-03-17 00:25:18', '35b45684-31fc-4b5f-9693-5fbbf15dfdb8'),
 ('72', '109', 'en_us', NULL, NULL, NULL, NULL, NULL, NULL, NULL, '2016-03-18 09:37:31', '2016-03-18 14:16:05', '6c9d4276-629e-4dc9-9dcd-3f8a63fdb7da'),
 ('73', '110', 'en_us', 'Lala', NULL, NULL, NULL, NULL, NULL, NULL, '2016-03-18 14:21:45', '2016-03-18 14:21:45', '3aedf206-e890-4493-90db-888f16ea6207'),
 ('74', '112', 'en_us', 'Klm Kraftwerk Bg', NULL, NULL, NULL, NULL, NULL, NULL, '2016-03-18 14:23:13', '2016-03-18 14:23:13', '1164d7cd-ebb1-4215-947e-36d121a94a4a'),
 ('75', '113', 'en_us', 'Visual Head', NULL, NULL, NULL, NULL, NULL, NULL, '2016-03-18 14:23:15', '2016-03-18 14:23:15', '1cc4e7f1-41e8-45fd-87e2-a42efc4a3bb0'),
 ('76', '114', 'en_us', 'Klm Kraftwerk Bg', NULL, NULL, NULL, NULL, NULL, NULL, '2016-03-18 14:23:45', '2016-03-18 14:24:57', 'b2e3ae2e-0f55-4fd9-bf71-9b235d6a652c'),
 ('77', '115', 'en_us', 'Visual Head', NULL, NULL, NULL, NULL, NULL, NULL, '2016-03-18 14:23:47', '2016-03-18 14:23:47', 'aae20f68-9178-4a6e-9acc-177040c54797'),
 ('78', '116', 'en_us', 'Visual Head', NULL, NULL, NULL, NULL, NULL, NULL, '2016-03-18 14:23:57', '2016-03-18 14:24:57', '0be04ada-fff5-4cce-824d-3e31f9ae8beb'),
 ('79', '117', 'en_us', 'KLM Layover with a Local', 'Turn your transfer into a trip', 'KLM Royal Dutch Airlines', 'Mobile Application', NULL, '', '', '2016-03-18 14:24:57', '2016-03-29 13:14:11', '491207ad-227d-45fa-8e06-ca55ce90e516'),
 ('80', '120', 'en_us', 'Background Image Bg', NULL, NULL, NULL, NULL, NULL, NULL, '2016-03-18 14:27:21', '2016-03-18 14:27:21', '30aa5b99-d50d-44ac-b25a-3a179bb3fccb'),
 ('81', '121', 'en_us', 'Background Image Bg2', NULL, NULL, NULL, NULL, NULL, NULL, '2016-03-18 14:28:24', '2016-03-18 14:28:24', 'db83c617-98c2-4740-98c4-0385a3868eaf'),
 ('82', '131', 'en_us', 'Video 1', NULL, NULL, NULL, NULL, NULL, NULL, '2016-03-18 14:34:40', '2016-03-18 14:34:40', 'e65eb8ba-e0a7-47d3-98e3-e1214d16ab5b'),
 ('83', '133', 'en_us', 'Layover Visual01', NULL, NULL, NULL, NULL, NULL, NULL, '2016-03-18 14:37:53', '2016-03-18 14:37:53', '7f2416c7-53f4-4788-8cb1-96a4a4fb392e'),
 ('84', '135', 'en_us', 'Phone Interests', NULL, NULL, NULL, NULL, NULL, NULL, '2016-03-18 14:49:17', '2016-03-18 14:49:17', '47a90223-09c7-4401-b64e-2291e9f0dbd5'),
 ('85', '138', 'en_us', 'Card Bg', NULL, NULL, NULL, NULL, NULL, NULL, '2016-03-18 14:55:28', '2016-03-18 14:55:28', '1a83e77c-15c8-48b2-89bd-e566848d7a8e'),
 ('86', '140', 'en_us', 'Card Transparant', NULL, NULL, NULL, NULL, NULL, NULL, '2016-03-18 14:57:18', '2016-03-18 14:57:18', '7240d753-550b-4238-8b01-7e20089fd0ab'),
 ('87', '142', 'en_us', 'Cards Transparant2', NULL, NULL, NULL, NULL, NULL, NULL, '2016-03-18 14:58:34', '2016-03-18 14:58:34', '20b62899-53f0-493d-9117-bfb8eb72486d'),
 ('88', '144', 'en_us', 'Phones3', NULL, NULL, NULL, NULL, NULL, NULL, '2016-03-18 15:34:34', '2016-03-18 15:34:34', 'bd070b95-dcff-4527-8f68-1f49382e5df2'),
 ('89', '146', 'en_us', 'Posters', NULL, NULL, NULL, NULL, NULL, NULL, '2016-03-18 15:44:23', '2016-03-18 15:44:23', 'd4326bca-178b-4134-b7ca-73b89f390cee'),
 ('90', '149', 'en_us', 'Macoboks', NULL, NULL, NULL, NULL, NULL, NULL, '2016-03-18 16:31:23', '2016-03-18 16:31:23', '3586da7f-9198-4e1a-b8b7-5b34f7d7d8d6'),
 ('91', '151', 'en_us', 'Chocomel Overview', NULL, NULL, NULL, NULL, NULL, NULL, '2016-03-29 13:10:44', '2016-03-29 13:10:44', '1a07ded1-24d5-4769-b85a-8e1dd750bb6d'),
 ('92', '153', 'en_us', 'Chocomel', NULL, NULL, NULL, NULL, NULL, NULL, '2016-03-30 15:52:45', '2016-03-30 15:52:45', 'c2365e6c-22a7-406a-a5bb-582228136a72'),
 ('93', '154', 'en_us', 'Eneco', NULL, NULL, NULL, NULL, NULL, NULL, '2016-03-30 15:52:45', '2016-03-30 15:52:45', '3b1a9ddf-0622-448b-b0a2-eb29661933ee'),
 ('94', '155', 'en_us', 'Orangina', NULL, NULL, NULL, NULL, NULL, NULL, '2016-03-30 15:52:45', '2016-03-30 15:52:45', '9ce89559-00ca-48a0-a3ca-7098aadbde68'),
 ('95', '156', 'en_us', 'Philips@2X', NULL, NULL, NULL, NULL, NULL, NULL, '2016-03-30 15:52:46', '2016-03-30 15:52:46', 'a2e004a8-99aa-4709-9781-4342ee314497'),
 ('96', '157', 'en_us', 'Volkswagen', NULL, NULL, NULL, NULL, NULL, NULL, '2016-03-30 15:52:46', '2016-03-30 15:52:46', '3af74a58-a419-4b5d-a3cd-b4fb9cc2fef8');



DROP TABLE IF EXISTS `craft_deprecationerrors`;


--
-- Schema for table `craft_deprecationerrors`
--
CREATE TABLE `craft_deprecationerrors` (
  `id` int(11) NOT NULL AUTO_INCREMENT,
  `key` varchar(255) COLLATE utf8_unicode_ci NOT NULL,
  `fingerprint` varchar(255) COLLATE utf8_unicode_ci NOT NULL,
  `lastOccurrence` datetime NOT NULL,
  `file` varchar(255) COLLATE utf8_unicode_ci NOT NULL,
  `line` smallint(6) unsigned NOT NULL,
  `class` varchar(255) COLLATE utf8_unicode_ci DEFAULT NULL,
  `method` varchar(255) COLLATE utf8_unicode_ci DEFAULT NULL,
  `template` varchar(255) COLLATE utf8_unicode_ci DEFAULT NULL,
  `templateLine` smallint(6) unsigned DEFAULT NULL,
  `message` varchar(255) COLLATE utf8_unicode_ci DEFAULT NULL,
  `traces` text COLLATE utf8_unicode_ci,
  `dateCreated` datetime NOT NULL,
  `dateUpdated` datetime NOT NULL,
  `uid` char(36) COLLATE utf8_unicode_ci NOT NULL DEFAULT '0',
  PRIMARY KEY (`id`),
  UNIQUE KEY `craft_deprecationerrors_key_fingerprint_unq_idx` (`key`,`fingerprint`)
) ENGINE=InnoDB DEFAULT CHARSET=utf8 COLLATE=utf8_unicode_ci;

DROP TABLE IF EXISTS `craft_elementindexsettings`;


--
-- Schema for table `craft_elementindexsettings`
--
CREATE TABLE `craft_elementindexsettings` (
  `id` int(11) NOT NULL AUTO_INCREMENT,
  `type` varchar(150) COLLATE utf8_unicode_ci NOT NULL,
  `settings` text COLLATE utf8_unicode_ci,
  `dateCreated` datetime NOT NULL,
  `dateUpdated` datetime NOT NULL,
  `uid` char(36) COLLATE utf8_unicode_ci NOT NULL DEFAULT '0',
  PRIMARY KEY (`id`),
  UNIQUE KEY `craft_elementindexsettings_type_unq_idx` (`type`)
) ENGINE=InnoDB DEFAULT CHARSET=utf8 COLLATE=utf8_unicode_ci;

DROP TABLE IF EXISTS `craft_elements`;


--
-- Schema for table `craft_elements`
--
CREATE TABLE `craft_elements` (
  `id` int(11) NOT NULL AUTO_INCREMENT,
  `type` varchar(150) COLLATE utf8_unicode_ci NOT NULL,
  `enabled` tinyint(1) unsigned NOT NULL DEFAULT '1',
  `archived` tinyint(1) unsigned NOT NULL DEFAULT '0',
  `dateCreated` datetime NOT NULL,
  `dateUpdated` datetime NOT NULL,
  `uid` char(36) COLLATE utf8_unicode_ci NOT NULL DEFAULT '0',
  PRIMARY KEY (`id`),
  KEY `craft_elements_type_idx` (`type`),
  KEY `craft_elements_enabled_idx` (`enabled`),
  KEY `craft_elements_archived_dateCreated_idx` (`archived`,`dateCreated`)
) ENGINE=InnoDB AUTO_INCREMENT=158 DEFAULT CHARSET=utf8 COLLATE=utf8_unicode_ci;

--
-- Data for table `craft_elements`
--

INSERT INTO `craft_elements` (`id`, `type`, `enabled`, `archived`, `dateCreated`, `dateUpdated`, `uid`) VALUES
 ('1', 'User', '1', '0', '2016-02-25 11:25:16', '2016-03-18 09:36:53', '5f69b00d-5925-458c-9c88-ce6d24ffde09'),
 ('5', 'Entry', '1', '0', '2016-02-25 13:49:09', '2016-03-18 14:25:30', '7e3ad9f8-6639-4471-882a-e6c7063df490'),
 ('6', 'Entry', '1', '0', '2016-02-25 13:49:30', '2016-03-30 16:10:58', 'eff01035-65cc-4307-99c9-d92fd4a7edf2'),
 ('7', 'Entry', '1', '0', '2016-02-25 13:49:38', '2016-03-07 12:52:00', '144695b5-f576-4cbb-afbb-87b434b9f581'),
 ('10', 'Entry', '1', '0', '2016-02-25 14:42:24', '2016-03-31 13:17:22', '2db9a673-e419-4cc1-89c0-48ee3f28d9e6'),
 ('11', 'GlobalSet', '1', '0', '2016-02-25 14:50:24', '2016-03-25 10:16:55', '2a0da4b4-ca3a-4178-971b-3a988c5c2dbc'),
 ('12', 'MatrixBlock', '1', '0', '2016-02-26 10:46:08', '2016-03-31 13:17:23', '5f96c0ab-78a6-43d0-9c1d-654cc290d770'),
 ('14', 'MatrixBlock', '1', '0', '2016-02-26 11:34:33', '2016-03-31 13:17:23', '79a6c46f-47e0-4c6f-83c3-3520cbd2656a'),
 ('17', 'MatrixBlock', '1', '0', '2016-02-26 13:29:08', '2016-03-31 13:17:23', '7b6044b2-a1ee-41aa-9948-04f6c3a93965'),
 ('18', 'Asset', '1', '0', '2016-02-26 13:52:31', '2016-02-26 13:52:54', '2ffe0f11-eafb-470b-8297-90d4645fc301'),
 ('19', 'MatrixBlock', '1', '0', '2016-02-26 13:53:26', '2016-03-31 13:17:23', 'ac34440c-ca1a-48de-91d6-c09a64d558cd'),
 ('20', 'MatrixBlock', '1', '0', '2016-02-26 14:02:48', '2016-03-31 13:17:23', '5c7021e0-590d-45c2-9a41-f625da9a66d7'),
 ('22', 'MatrixBlock', '1', '0', '2016-02-26 14:08:10', '2016-03-31 13:17:23', '7ab9be08-deba-443b-b8e3-cbc3c9b0d7ec'),
 ('23', 'MatrixBlock', '1', '0', '2016-02-26 14:13:03', '2016-03-31 13:17:23', '304177fc-8899-45ab-85aa-17afa40f7dec'),
 ('25', 'MatrixBlock', '1', '0', '2016-02-29 09:37:51', '2016-03-31 13:17:23', '7a7c0dc7-1517-4e68-8c6a-e503a323ea19'),
 ('29', 'MatrixBlock', '1', '0', '2016-02-29 09:41:30', '2016-03-31 13:17:23', 'd224c83a-359f-4d00-b71f-4c140b8c57d3'),
 ('30', 'MatrixBlock', '1', '0', '2016-02-29 09:51:11', '2016-03-31 13:17:23', 'f84dd5cd-e54d-409b-95c4-8dfbe0004883'),
 ('32', 'Asset', '1', '0', '2016-02-29 09:57:45', '2016-03-16 09:46:54', '63459fac-7dd9-4a3f-adbe-3ca6a4798fd7'),
 ('33', 'Asset', '1', '0', '2016-02-29 10:00:49', '2016-02-29 10:01:19', '68bd90b1-bd15-423b-8561-38a423053dc2'),
 ('34', 'MatrixBlock', '1', '0', '2016-02-29 10:00:59', '2016-03-31 13:17:23', '6f3f8c03-a8f2-419f-82e8-6da793b6ce35'),
 ('35', 'MatrixBlock', '1', '0', '2016-02-29 10:00:59', '2016-03-31 13:17:23', '553bd274-5556-4132-8ddc-4f50a780b432'),
 ('36', 'MatrixBlock', '1', '0', '2016-02-29 10:03:07', '2016-03-31 13:17:23', 'f7343a2f-adb3-45cd-b6e3-2956ba5962a7'),
 ('37', 'MatrixBlock', '1', '0', '2016-02-29 10:03:07', '2016-03-31 13:17:23', '5a8ec184-c503-405d-a508-2374d6432de9'),
 ('38', 'MatrixBlock', '1', '0', '2016-02-29 10:03:07', '2016-03-31 13:17:23', '8b1bbe1e-4bd8-4554-a971-3569ebca4365'),
 ('39', 'MatrixBlock', '1', '0', '2016-02-29 10:03:07', '2016-03-31 13:17:23', '51457c77-f814-48da-827f-216dec82fd83'),
 ('40', 'MatrixBlock', '1', '0', '2016-02-29 10:03:07', '2016-03-31 13:17:23', '90c909d2-01d9-4c1a-a473-8bf95f86e71d'),
 ('41', 'MatrixBlock', '1', '0', '2016-02-29 10:03:07', '2016-03-31 13:17:23', 'a5da267e-c5c9-4dd0-97ba-08443c52b837'),
 ('54', 'Asset', '1', '0', '2016-02-29 11:46:14', '2016-02-29 12:28:36', '15abd837-b186-4f69-915e-6070690dbbca'),
 ('55', 'Asset', '1', '0', '2016-02-29 12:28:30', '2016-02-29 12:28:30', 'eb070a42-220d-4b73-8d06-8e0c15fa9c42'),
 ('56', 'Asset', '1', '0', '2016-02-29 12:28:30', '2016-02-29 12:28:30', 'b6cb0036-0136-45ac-916b-f122c5cce50b'),
 ('57', 'Asset', '1', '0', '2016-02-29 12:28:31', '2016-02-29 12:28:31', '67d8b21b-2b09-4ae7-bd1b-4a4d3f5a7434'),
 ('59', 'Asset', '1', '0', '2016-02-29 12:28:32', '2016-02-29 12:28:32', 'b0f22cc7-e355-4044-ac54-308fafd34204'),
 ('60', 'Asset', '1', '0', '2016-02-29 12:28:32', '2016-03-16 21:02:22', '359d30d6-1af4-45bf-ad15-8e544c43a6f9'),
 ('61', 'Asset', '1', '0', '2016-02-29 12:28:33', '2016-02-29 12:28:33', '40948f68-8a10-473c-abd6-4975b88917ab'),
 ('62', 'Asset', '1', '0', '2016-02-29 13:24:00', '2016-02-29 13:24:00', '90ee59ab-9c6a-43ac-9317-db582eab615e'),
 ('64', 'Asset', '1', '0', '2016-03-01 13:46:38', '2016-03-01 13:46:38', '6fc02250-190d-4af4-8d4c-8bba015ab6e8'),
 ('65', 'Asset', '1', '0', '2016-03-01 13:50:58', '2016-03-16 21:07:03', '234025a0-b044-486b-b943-1b8beacfbb8e'),
 ('66', 'Entry', '1', '0', '2016-03-07 15:04:49', '2016-03-29 13:10:54', '5f8eafd6-96d7-4f88-86e3-fd8bd2dbfd50'),
 ('67', 'Asset', '1', '0', '2016-03-07 15:11:29', '2016-03-07 15:11:29', '8ae4d806-6f9a-4e75-adce-24170867b601'),
 ('69', 'Entry', '1', '0', '2016-03-07 15:36:18', '2016-03-07 15:36:18', '399597c3-2697-4625-b0b5-d47d0f8fe1bc'),
 ('71', 'Asset', '1', '0', '2016-03-15 13:58:36', '2016-03-15 13:58:36', 'e351a43f-42f3-4682-97e4-1b028a9be9f7'),
 ('73', 'Asset', '1', '0', '2016-03-15 13:59:05', '2016-03-15 13:59:05', 'd70e9b27-ab5a-432f-b083-f393dd1c9ce3'),
 ('74', 'Asset', '1', '0', '2016-03-15 14:46:56', '2016-03-15 14:46:56', 'ef95d601-144b-437f-842f-8a843192a135'),
 ('75', 'Asset', '1', '0', '2016-03-15 14:46:57', '2016-03-15 14:46:57', 'f99f7503-00f8-4f65-8393-ab7ecd9cf5ab'),
 ('77', 'Asset', '1', '0', '2016-03-16 12:58:43', '2016-03-16 12:58:55', 'ed7e7996-4818-4f02-8c7e-8dfb983dd8c6'),
 ('79', 'Asset', '1', '0', '2016-03-16 15:27:43', '2016-03-16 15:27:43', 'f6aa3167-9655-4484-ada2-20fe02c4e02f'),
 ('80', 'MatrixBlock', '1', '0', '2016-03-16 15:28:59', '2016-03-29 13:10:55', 'c5d78936-3718-4d9f-b4e9-8fb68eef5833'),
 ('81', 'MatrixBlock', '1', '0', '2016-03-16 15:28:59', '2016-03-29 13:10:55', 'd1abdead-177b-493d-b381-8afa0e4d4b21'),
 ('82', 'Asset', '1', '0', '2016-03-16 15:32:49', '2016-03-16 15:32:49', '06fcd992-d8f6-4620-b9e0-e6f1641ec7bb'),
 ('83', 'MatrixBlock', '1', '0', '2016-03-16 15:33:25', '2016-03-29 13:10:55', '17f86b69-b045-4335-ac67-ebc52b8d3879'),
 ('84', 'Asset', '1', '0', '2016-03-16 15:36:15', '2016-03-16 15:36:15', '0d565d9e-f5c9-436b-96f9-0b9a0b91a7b8'),
 ('85', 'Asset', '1', '0', '2016-03-16 15:45:57', '2016-03-16 15:45:57', '3c06d74a-61d4-4583-afb4-79283eb76b9b'),
 ('86', 'MatrixBlock', '1', '0', '2016-03-16 15:46:55', '2016-03-29 13:10:55', 'd9ae7dba-19ad-4c63-ad41-a37e23c49c83'),
 ('87', 'Asset', '1', '0', '2016-03-16 15:54:29', '2016-03-17 00:19:43', 'f76f0677-0dc0-4f81-b9b8-705f60c6f165'),
 ('88', 'Asset', '1', '0', '2016-03-16 15:54:30', '2016-03-16 15:54:30', '09001c30-0f19-48ff-84a4-ecb59870e5c5'),
 ('89', 'MatrixBlock', '1', '0', '2016-03-16 15:54:54', '2016-03-29 13:10:55', '46fa9ccf-d970-4605-8cc9-18e576bf5470'),
 ('90', 'MatrixBlock', '1', '0', '2016-03-16 15:54:54', '2016-03-29 13:10:55', '745ca726-1e5d-4f12-91c6-5479ae48b1fd'),
 ('91', 'MatrixBlock', '1', '0', '2016-03-16 16:47:03', '2016-03-29 13:10:55', '79cc0852-8173-4ffc-aa3e-5c6644bde03d'),
 ('92', 'Asset', '1', '0', '2016-03-16 16:53:21', '2016-03-16 16:53:21', '7c211777-0118-41cd-bb6f-b91536319f9b'),
 ('93', 'MatrixBlock', '1', '0', '2016-03-16 16:53:30', '2016-03-29 13:10:55', 'dfc27b68-2dee-49aa-85eb-040c632d9e89'),
 ('96', 'Asset', '1', '0', '2016-03-16 21:25:26', '2016-03-16 21:25:32', 'f59d5f7f-a887-4eaa-8a4c-f7973be58846'),
 ('97', 'Entry', '1', '0', '2016-03-16 21:25:32', '2016-03-30 15:34:29', 'b088d4eb-118f-4fab-95b8-fdb7e8f40a80'),
 ('100', 'Asset', '1', '0', '2016-03-17 00:25:18', '2016-03-17 00:25:18', '3e523ac1-189b-4471-895f-3db2852a6cbc'),
 ('101', 'MatrixBlock', '1', '0', '2016-03-17 00:25:22', '2016-03-29 13:10:55', 'b7856da9-d763-43f6-a5fa-fd673c7a4440'),
 ('102', 'MatrixBlock', '1', '0', '2016-03-17 00:25:22', '2016-03-29 13:10:55', '6d4a7397-d9fa-4b1c-b167-225051fef6a9'),
 ('103', 'MatrixBlock', '1', '0', '2016-03-17 00:27:11', '2016-03-29 13:10:55', '3c3f62fe-8a50-4fb6-b829-e5857a6ba96b'),
 ('104', 'MatrixBlock', '1', '0', '2016-03-17 00:27:11', '2016-03-29 13:10:55', '7f2018ca-e562-4907-b41d-f21ef590a23a'),
 ('105', 'MatrixBlock', '1', '0', '2016-03-17 00:27:11', '2016-03-29 13:10:55', '94cf7bbf-2ab2-42e8-9b5a-8e9518d95deb'),
 ('106', 'MatrixBlock', '1', '0', '2016-03-17 00:27:11', '2016-03-29 13:10:55', 'a766bedc-4601-474e-8844-4964c4802529'),
 ('107', 'MatrixBlock', '1', '0', '2016-03-17 00:27:11', '2016-03-29 13:10:55', '70287ea9-e0a5-4f29-842d-069341b1d2f5'),
 ('108', 'MatrixBlock', '1', '0', '2016-03-17 00:27:11', '2016-03-29 13:10:55', '8cfded17-732e-4888-894c-f98420b412bb'),
 ('109', 'User', '1', '0', '2016-03-18 09:37:31', '2016-03-18 14:16:05', '6a3a8d6a-7775-4a8b-8552-5cb40700c7d8'),
 ('110', 'Asset', '1', '0', '2016-03-18 14:21:45', '2016-03-18 14:21:45', '3a1e6b95-7bda-4084-ba8c-357a9d2234e4'),
 ('111', 'MatrixBlock', '1', '0', '2016-03-18 14:22:49', '2016-03-30 15:34:30', 'e242ca49-89d3-4c6a-98c0-91ed692d6c7e'),
 ('112', 'Asset', '1', '0', '2016-03-18 14:23:13', '2016-03-18 14:23:13', '3e0355da-2e68-413c-a054-91c6bd6884bc'),
 ('113', 'Asset', '1', '0', '2016-03-18 14:23:15', '2016-03-18 14:23:15', '9b429146-ee9b-4f11-8bcc-176d0471005b'),
 ('114', 'Asset', '1', '0', '2016-03-18 14:23:45', '2016-03-18 14:24:57', '4e39983a-45af-4dcc-a66a-1ee735ec850a'),
 ('115', 'Asset', '1', '0', '2016-03-18 14:23:47', '2016-03-18 14:23:47', '2ea59e8f-0bf0-4a30-9fab-977c95b70962'),
 ('116', 'Asset', '1', '0', '2016-03-18 14:23:57', '2016-03-18 14:24:57', '0600f4a9-4d9a-4ff8-9e86-59bbd1c596aa'),
 ('117', 'Entry', '1', '0', '2016-03-18 14:24:57', '2016-03-29 13:14:11', '6952d4c7-2e0e-4df0-aa72-2e69f2e736d6'),
 ('118', 'MatrixBlock', '1', '0', '2016-03-18 14:24:57', '2016-03-29 13:14:11', 'b0da52dc-4ee5-48cf-8393-6792020cb452'),
 ('120', 'Asset', '1', '0', '2016-03-18 14:27:20', '2016-03-18 14:27:20', '4ab5e1d8-a23e-4bd1-b42a-fb8c5cad91b4'),
 ('121', 'Asset', '1', '0', '2016-03-18 14:28:24', '2016-03-18 14:28:24', 'cb2e2aa4-d957-4fe8-8656-da2d6b5a31df'),
 ('122', 'MatrixBlock', '1', '0', '2016-03-18 14:30:35', '2016-03-29 13:14:11', '9a830729-6db7-4884-9a46-107eec6b1ecb'),
 ('123', 'MatrixBlock', '1', '0', '2016-03-18 14:30:35', '2016-03-29 13:14:11', 'fe3bd9ac-e23e-498f-a80f-9d45e9fe2b20'),
 ('124', 'MatrixBlock', '1', '0', '2016-03-18 14:30:35', '2016-03-29 13:14:11', '11904671-1e92-4a19-b60a-da3520318497'),
 ('125', 'MatrixBlock', '1', '0', '2016-03-18 14:30:35', '2016-03-29 13:14:11', '14826031-cbc8-4ec6-a09a-db6d60205b64'),
 ('126', 'MatrixBlock', '1', '0', '2016-03-18 14:31:18', '2016-03-29 13:14:11', 'c1f6d154-9e9a-4ed9-adae-02fe35f212bf'),
 ('127', 'MatrixBlock', '1', '0', '2016-03-18 14:31:18', '2016-03-29 13:14:11', '965f3506-7710-4668-a16d-ac8d286e3454'),
 ('128', 'MatrixBlock', '1', '0', '2016-03-18 14:31:18', '2016-03-29 13:14:11', '1645327c-42ff-4dd5-bb03-8afba7a87787'),
 ('129', 'MatrixBlock', '1', '0', '2016-03-18 14:31:18', '2016-03-29 13:14:11', '8825d68c-3cae-44c2-967e-0131875e1d6d'),
 ('130', 'MatrixBlock', '1', '0', '2016-03-18 14:33:19', '2016-03-29 13:14:11', '0d44c139-93d3-431e-bf63-89b7b6cc3147'),
 ('131', 'Asset', '1', '0', '2016-03-18 14:34:40', '2016-03-18 14:34:40', 'c42cc465-7727-47b8-86bc-6f0c83095d77'),
 ('132', 'MatrixBlock', '1', '0', '2016-03-18 14:35:21', '2016-03-29 13:14:11', '357650f3-c766-4265-98bc-baae32dca09f'),
 ('133', 'Asset', '1', '0', '2016-03-18 14:37:53', '2016-03-18 14:37:53', '2ecb5a33-ae5e-4ce9-bf29-84e772e44a31'),
 ('134', 'MatrixBlock', '1', '0', '2016-03-18 14:38:01', '2016-03-29 13:14:12', '0754d7e5-c0f3-4c6e-b0f0-1ff057b8a77b'),
 ('135', 'Asset', '1', '0', '2016-03-18 14:49:17', '2016-03-18 14:49:17', '3efbcdd8-89a1-41a8-b3e7-21fa2b004c2e'),
 ('136', 'MatrixBlock', '1', '0', '2016-03-18 14:49:53', '2016-03-29 13:14:12', 'c6cb0ed9-e010-4050-b093-f3fb8bbdfdd9'),
 ('137', 'MatrixBlock', '1', '0', '2016-03-18 14:53:28', '2016-03-29 13:14:12', 'fbf1e178-4abf-422a-b28f-c4108b4930f6'),
 ('138', 'Asset', '1', '0', '2016-03-18 14:55:28', '2016-03-18 14:55:28', '660ae77a-b3d8-4910-82bd-4055880985bb');
INSERT INTO `craft_elements` (`id`, `type`, `enabled`, `archived`, `dateCreated`, `dateUpdated`, `uid`) VALUES
 ('140', 'Asset', '1', '0', '2016-03-18 14:57:18', '2016-03-18 14:57:18', '3d7750ea-9262-4189-a596-05654ced533d'),
 ('141', 'MatrixBlock', '1', '0', '2016-03-18 14:57:27', '2016-03-29 13:14:12', 'c5b675ca-1701-4a66-86a9-f249e0fcebe7'),
 ('142', 'Asset', '1', '0', '2016-03-18 14:58:34', '2016-03-18 14:58:34', '7456e8c5-a38c-4eab-85b5-5c6174cf413c'),
 ('143', 'MatrixBlock', '1', '0', '2016-03-18 15:33:27', '2016-03-29 13:14:12', '0b3356cc-ca32-4c00-88b7-de0f170da1a2'),
 ('144', 'Asset', '1', '0', '2016-03-18 15:34:34', '2016-03-18 15:34:34', '8e4c804a-b830-4aed-9845-092aa3245f33'),
 ('145', 'MatrixBlock', '1', '0', '2016-03-18 15:34:41', '2016-03-29 13:14:12', '768a805a-02ed-4b67-a035-6638e63a90b2'),
 ('146', 'Asset', '1', '0', '2016-03-18 15:44:23', '2016-03-18 15:44:23', 'dd9c7be8-1db6-4432-8e01-bb5bfbd1e4c0'),
 ('147', 'MatrixBlock', '1', '0', '2016-03-18 15:44:32', '2016-03-29 13:14:12', '84e30fd2-7346-4f00-901e-e640cb3df368'),
 ('148', 'MatrixBlock', '1', '0', '2016-03-18 15:44:32', '2016-03-29 13:14:12', '639274f0-1389-479d-8070-129840c2ee81'),
 ('149', 'Asset', '1', '0', '2016-03-18 16:31:23', '2016-03-18 16:31:23', '52de612b-1531-4e52-8815-1f96f1183385'),
 ('150', 'MatrixBlock', '1', '0', '2016-03-18 16:31:36', '2016-03-29 13:14:12', '858e47fb-6d92-49ef-a50d-54baafe9604c'),
 ('151', 'Asset', '1', '0', '2016-03-29 13:10:44', '2016-03-29 13:10:44', '1b6131f0-9c32-4ac2-8eef-57f02e94ab2d'),
 ('152', 'MatrixBlock', '1', '0', '2016-03-30 15:34:30', '2016-03-30 15:34:30', '0d11370b-5e10-4a90-a5d6-310837954a81'),
 ('153', 'Asset', '1', '0', '2016-03-30 15:52:45', '2016-03-30 15:52:45', 'ef146234-5131-4007-a000-3981c1070b7a'),
 ('154', 'Asset', '1', '0', '2016-03-30 15:52:45', '2016-03-30 15:52:45', 'ef5edd61-9271-43e4-9c80-662e98defc99'),
 ('155', 'Asset', '1', '0', '2016-03-30 15:52:45', '2016-03-30 15:52:45', 'dc8dbb94-f1eb-46cb-b1b5-2abfac23a8f9'),
 ('156', 'Asset', '1', '0', '2016-03-30 15:52:46', '2016-03-30 15:52:46', 'a3666f01-beb1-4e00-bc92-1a659d03ef11'),
 ('157', 'Asset', '1', '0', '2016-03-30 15:52:46', '2016-03-30 15:52:46', 'd323c93a-c38a-4042-808e-89a83c5414f7');



DROP TABLE IF EXISTS `craft_elements_i18n`;


--
-- Schema for table `craft_elements_i18n`
--
CREATE TABLE `craft_elements_i18n` (
  `id` int(11) NOT NULL AUTO_INCREMENT,
  `elementId` int(11) NOT NULL,
  `locale` char(12) COLLATE utf8_unicode_ci NOT NULL,
  `slug` varchar(255) COLLATE utf8_unicode_ci DEFAULT NULL,
  `uri` varchar(255) COLLATE utf8_unicode_ci DEFAULT NULL,
  `enabled` tinyint(1) unsigned NOT NULL DEFAULT '1',
  `dateCreated` datetime NOT NULL,
  `dateUpdated` datetime NOT NULL,
  `uid` char(36) COLLATE utf8_unicode_ci NOT NULL DEFAULT '0',
  PRIMARY KEY (`id`),
  UNIQUE KEY `craft_elements_i18n_elementId_locale_unq_idx` (`elementId`,`locale`),
  UNIQUE KEY `craft_elements_i18n_uri_locale_unq_idx` (`uri`,`locale`),
  KEY `craft_elements_i18n_slug_locale_idx` (`slug`,`locale`),
  KEY `craft_elements_i18n_enabled_idx` (`enabled`),
  KEY `craft_elements_i18n_locale_fk` (`locale`)
) ENGINE=InnoDB AUTO_INCREMENT=158 DEFAULT CHARSET=utf8 COLLATE=utf8_unicode_ci;

--
-- Data for table `craft_elements_i18n`
--

INSERT INTO `craft_elements_i18n` (`id`, `elementId`, `locale`, `slug`, `uri`, `enabled`, `dateCreated`, `dateUpdated`, `uid`) VALUES
 ('1', '1', 'en_us', '', NULL, '1', '2016-02-25 11:25:17', '2016-03-18 09:36:53', '7d050433-7386-48a6-b99c-1f2de4530d58'),
 ('5', '5', 'en_us', 'homepage', '__home__', '1', '2016-02-25 13:49:09', '2016-03-18 14:25:30', '54c556b6-a9c7-4c82-b414-571d7bdb255f'),
 ('6', '6', 'en_us', 'about', 'about', '1', '2016-02-25 13:49:30', '2016-03-30 16:10:58', '77fed08a-14a6-454f-a009-7ecb9d412e93'),
 ('7', '7', 'en_us', 'contact', 'contact', '1', '2016-02-25 13:49:38', '2016-03-07 12:52:00', '7f1f5810-4d3e-43a5-ae44-438fb9a12621'),
 ('10', '10', 'en_us', 'orangina', 'work/orangina', '1', '2016-02-25 14:42:24', '2016-03-31 13:17:23', '0ba3b896-0d81-411b-ba27-1a711002349f'),
 ('11', '11', 'en_us', '', NULL, '1', '2016-02-25 14:50:24', '2016-03-25 10:16:55', 'cc92bfa1-4c61-4184-a159-5d46dac2b47f'),
 ('12', '12', 'en_us', '', NULL, '1', '2016-02-26 10:46:08', '2016-03-31 13:17:23', 'ad89bc02-5d9f-4d1e-9ebd-9f1f91b5c241'),
 ('14', '14', 'en_us', '', NULL, '1', '2016-02-26 11:34:33', '2016-03-31 13:17:23', '74056f40-47c7-4c7c-9640-49f9cb243605'),
 ('17', '17', 'en_us', '', NULL, '1', '2016-02-26 13:29:08', '2016-03-31 13:17:23', '7d01b2e9-a8d5-4e9e-b1cb-1bb5b6ab380e'),
 ('18', '18', 'en_us', 'reel2015-1', NULL, '1', '2016-02-26 13:52:31', '2016-02-26 13:52:54', '487d9c92-8ae2-4448-9eac-cc737f0e125c'),
 ('19', '19', 'en_us', '', NULL, '1', '2016-02-26 13:53:26', '2016-03-31 13:17:23', 'c5356b28-b687-46ac-8a54-44a580c5b84d'),
 ('20', '20', 'en_us', '', NULL, '1', '2016-02-26 14:02:48', '2016-03-31 13:17:23', 'c761cd52-6e23-4f8f-a18b-64f5990519ef'),
 ('22', '22', 'en_us', '', NULL, '1', '2016-02-26 14:08:10', '2016-03-31 13:17:23', '4e4905fb-b44e-4c6e-8d89-51f0d5f5690c'),
 ('23', '23', 'en_us', '', NULL, '1', '2016-02-26 14:13:03', '2016-03-31 13:17:23', '8ecc7b9e-69a9-4ca7-9d78-db2db27359ee'),
 ('25', '25', 'en_us', '', NULL, '1', '2016-02-29 09:37:51', '2016-03-31 13:17:23', 'be2e8117-d837-4682-90b0-c096162f60cc'),
 ('29', '29', 'en_us', '', NULL, '1', '2016-02-29 09:41:30', '2016-03-31 13:17:23', '7539ae39-09a4-4c6d-9c74-541163f86c2a'),
 ('30', '30', 'en_us', '', NULL, '1', '2016-02-29 09:51:11', '2016-03-31 13:17:23', 'c07f7a3d-c065-4884-a43f-052281ca90c2'),
 ('32', '32', 'en_us', 'logo-fwa', NULL, '1', '2016-02-29 09:57:45', '2016-03-16 09:46:54', '3987d57c-5924-430b-8a18-c92e45c31946'),
 ('33', '33', 'en_us', 'logo-awwwards', NULL, '1', '2016-02-29 10:00:49', '2016-02-29 10:01:19', 'a0252398-c44a-41f8-9e5e-73b625c920b7'),
 ('34', '34', 'en_us', '', NULL, '1', '2016-02-29 10:00:59', '2016-03-31 13:17:23', '1a65b299-db26-4e29-bd61-91f590e31be5'),
 ('35', '35', 'en_us', '', NULL, '1', '2016-02-29 10:00:59', '2016-03-31 13:17:23', '9fe469de-13a3-4a21-9091-e572aa3199a5'),
 ('36', '36', 'en_us', '', NULL, '1', '2016-02-29 10:03:07', '2016-03-31 13:17:23', '3036f21d-ffe5-4447-ac5f-063ece05df0a'),
 ('37', '37', 'en_us', '', NULL, '1', '2016-02-29 10:03:07', '2016-03-31 13:17:23', '08e88361-fde9-4d13-8760-186f7d845b54'),
 ('38', '38', 'en_us', '', NULL, '1', '2016-02-29 10:03:07', '2016-03-31 13:17:23', '1d2f4b1f-3db3-4bfb-a053-fd8bea2f43f9'),
 ('39', '39', 'en_us', '', NULL, '1', '2016-02-29 10:03:07', '2016-03-31 13:17:23', '63bf3cb6-3334-4d39-8835-e48f63f10da6'),
 ('40', '40', 'en_us', '', NULL, '1', '2016-02-29 10:03:07', '2016-03-31 13:17:23', 'c30b5a75-8e8a-4898-ac48-fa770a093ac3'),
 ('41', '41', 'en_us', '', NULL, '1', '2016-02-29 10:03:07', '2016-03-31 13:17:23', 'a9d875ef-b91a-4474-8546-73d65f6d0ce2'),
 ('54', '54', 'en_us', 'orangina-icons', NULL, '1', '2016-02-29 11:46:14', '2016-02-29 12:28:36', '15d3fc8d-d243-41c3-9e36-6b9eceb55b4e'),
 ('55', '55', 'en_us', 'orangina-slide-3', NULL, '1', '2016-02-29 12:28:30', '2016-02-29 12:28:30', '697ad665-9938-4744-99d2-45813b9dd7fd'),
 ('56', '56', 'en_us', 'orangina-slide-2', NULL, '1', '2016-02-29 12:28:30', '2016-02-29 12:28:30', '975b6c2a-1599-4751-bc4a-80b66a458574'),
 ('57', '57', 'en_us', 'orangina-slide-1', NULL, '1', '2016-02-29 12:28:31', '2016-02-29 12:28:31', '845059f8-4cef-4fed-b39a-ec82d7731bb8'),
 ('59', '59', 'en_us', 'orangina-bottles', NULL, '1', '2016-02-29 12:28:32', '2016-02-29 12:28:32', 'cb5dfdb5-fedf-4d2a-a0d3-2d05bb6daba4'),
 ('60', '60', 'en_us', 'orangina-screen-background', NULL, '1', '2016-02-29 12:28:32', '2016-03-16 21:02:22', '9d88e6ac-7b7f-4a17-bdf0-38b297f95a9b'),
 ('61', '61', 'en_us', 'orangina-screen', NULL, '1', '2016-02-29 12:28:33', '2016-02-29 12:28:33', '5cd16626-8631-489a-aa07-6ea2b9edecf0'),
 ('62', '62', 'en_us', 'orangina-header-background', NULL, '1', '2016-02-29 13:24:00', '2016-02-29 13:24:00', 'e81cc01b-cc55-4732-b93d-c70c4b796690'),
 ('64', '64', 'en_us', 'orangina-video-cover', NULL, '1', '2016-03-01 13:46:38', '2016-03-01 13:46:38', '2fb6da8a-07b6-4a24-b5d0-8a11380e5e06'),
 ('65', '65', 'en_us', 'orangina-video-background', NULL, '1', '2016-03-01 13:50:58', '2016-03-16 21:07:03', '7922f5ee-8c9e-4196-b51e-1ee85e351b7a'),
 ('66', '66', 'en_us', 'chocomel-brand-portal', 'work/chocomel-brand-portal', '1', '2016-03-07 15:04:49', '2016-03-29 13:10:55', '90e93722-0d7d-4b3a-b717-0bb03e29c7a0'),
 ('67', '67', 'en_us', 'header-background', NULL, '1', '2016-03-07 15:11:29', '2016-03-07 15:11:29', '38b8f9af-3347-4812-abc3-5cf26e227e26'),
 ('69', '69', 'en_us', 'work', 'work', '1', '2016-03-07 15:36:18', '2016-03-07 15:36:18', 'ee953002-0146-45b9-9a8e-bfa122cc86ed'),
 ('71', '71', 'en_us', 'orangina-header-image', NULL, '1', '2016-03-15 13:58:36', '2016-03-15 13:58:36', 'c1dc0fc5-9579-4213-aeb6-267dad4fc357'),
 ('73', '73', 'en_us', 'header-image', NULL, '1', '2016-03-15 13:59:05', '2016-03-15 13:59:05', 'e364c163-d2bb-4cd7-8984-09d9b459757f'),
 ('74', '74', 'en_us', 'orangina-slide-5', NULL, '1', '2016-03-15 14:46:56', '2016-03-15 14:46:56', '30260118-a084-479d-8373-a08d8f30becb'),
 ('75', '75', 'en_us', 'orangina-slide-4', NULL, '1', '2016-03-15 14:46:57', '2016-03-15 14:46:57', '906af4c5-1955-49f9-ae2b-f70c8bab9f12'),
 ('77', '77', 'en_us', 'screen-shot-2016-03-01-at-14-56-18', NULL, '1', '2016-03-16 12:58:43', '2016-03-16 12:58:55', 'cab748b4-34f7-4187-8549-d824db71f2a2'),
 ('79', '79', 'en_us', 'pak', NULL, '1', '2016-03-16 15:27:43', '2016-03-16 15:27:43', '80151fe2-be44-49c5-bf4e-53bd1de7a363'),
 ('80', '80', 'en_us', '', NULL, '1', '2016-03-16 15:28:59', '2016-03-29 13:10:55', '016a7cd7-5c35-4b3f-9f92-51c06ac59d0c'),
 ('81', '81', 'en_us', '', NULL, '1', '2016-03-16 15:28:59', '2016-03-29 13:10:55', '3d88094b-dc24-49e4-9513-922b54677087'),
 ('82', '82', 'en_us', 'screen', NULL, '1', '2016-03-16 15:32:49', '2016-03-16 15:32:49', '3e87c817-ddd3-46e3-8292-0ce87593e4d9'),
 ('83', '83', 'en_us', '', NULL, '1', '2016-03-16 15:33:25', '2016-03-29 13:10:55', '55864a1b-2542-4ae2-8171-c95c88bdabc9'),
 ('84', '84', 'en_us', 'screen-background', NULL, '1', '2016-03-16 15:36:15', '2016-03-16 15:36:15', 'fc6ce50e-ca4a-4c6e-b49b-8fe9afcf716a'),
 ('85', '85', 'en_us', 'blocks', NULL, '1', '2016-03-16 15:45:57', '2016-03-16 15:45:57', '4585efd5-957e-4adb-8e3d-fbfdb7c5d7e2'),
 ('86', '86', 'en_us', '', NULL, '1', '2016-03-16 15:46:55', '2016-03-29 13:10:55', 'b02a9d1c-0a7e-4cb0-9144-eacbc365f1e3'),
 ('87', '87', 'en_us', 'glas-background', NULL, '1', '2016-03-16 15:54:29', '2016-03-17 00:19:43', '04ed33e0-cefa-4d19-9f39-943c7e72f84b'),
 ('88', '88', 'en_us', 'glas', NULL, '1', '2016-03-16 15:54:30', '2016-03-16 15:54:30', '65132cde-d4b8-49ec-9744-74bb17fa7ca3'),
 ('89', '89', 'en_us', '', NULL, '1', '2016-03-16 15:54:54', '2016-03-29 13:10:55', 'ecb98038-872c-488a-be72-9fb7a639eab4'),
 ('90', '90', 'en_us', '', NULL, '1', '2016-03-16 15:54:54', '2016-03-29 13:10:55', 'daef1972-5f72-421c-abf0-893f0b6f1892'),
 ('91', '91', 'en_us', '', NULL, '1', '2016-03-16 16:47:03', '2016-03-29 13:10:55', '9f1b081e-1d1d-4d02-8107-6148e901f02e'),
 ('92', '92', 'en_us', 'screen-2', NULL, '1', '2016-03-16 16:53:21', '2016-03-16 16:53:21', '6d106a3f-faff-41f3-a9b4-e00c1f38d934'),
 ('93', '93', 'en_us', '', NULL, '1', '2016-03-16 16:53:30', '2016-03-29 13:10:55', 'ea9b4fbc-cb02-44dd-ac65-f0cff23b8507'),
 ('96', '96', 'en_us', 'screen-shot-2016-03-01-at-14-56-18', NULL, '1', '2016-03-16 21:25:26', '2016-03-16 21:25:32', '72b83699-665c-486f-936f-8f4ab94b4e8a'),
 ('97', '97', 'en_us', 'test-case', 'work/test-case', '1', '2016-03-16 21:25:32', '2016-03-30 15:34:30', '95fc3d6a-fd5c-45e4-bc38-2f90cd50bd78'),
 ('100', '100', 'en_us', 'devices', NULL, '1', '2016-03-17 00:25:18', '2016-03-17 00:25:18', 'ce001fc0-ccf9-4978-8116-03f42b11004d'),
 ('101', '101', 'en_us', '', NULL, '1', '2016-03-17 00:25:22', '2016-03-29 13:10:55', '008808b6-2bc6-4bde-8b7c-15efbc535ee0'),
 ('102', '102', 'en_us', '', NULL, '1', '2016-03-17 00:25:22', '2016-03-29 13:10:55', '8608d20e-3898-40a5-8b38-4d6a8638f386'),
 ('103', '103', 'en_us', '', NULL, '1', '2016-03-17 00:27:11', '2016-03-29 13:10:55', '95109a22-ada8-4037-bdff-f6c58111b309'),
 ('104', '104', 'en_us', '', NULL, '1', '2016-03-17 00:27:11', '2016-03-29 13:10:55', '8c81f332-9989-46a6-bec5-1b779cb1aeef'),
 ('105', '105', 'en_us', '', NULL, '1', '2016-03-17 00:27:11', '2016-03-29 13:10:55', 'e7072b0a-d69a-490d-845d-fdf2565d1430'),
 ('106', '106', 'en_us', '', NULL, '1', '2016-03-17 00:27:11', '2016-03-29 13:10:55', 'fa016fbe-ae45-4898-bcbf-e769c0e997c7'),
 ('107', '107', 'en_us', '', NULL, '1', '2016-03-17 00:27:11', '2016-03-29 13:10:55', 'fc048ad6-2715-450b-be2b-dd3ff9128ff3'),
 ('108', '108', 'en_us', '', NULL, '1', '2016-03-17 00:27:11', '2016-03-29 13:10:55', '66322bcd-73a9-439b-8a36-6eaf1e763ae5'),
 ('109', '109', 'en_us', '', NULL, '1', '2016-03-18 09:37:31', '2016-03-18 14:16:05', 'a1b060f6-47dd-46dc-8ccd-11d7bfc76422'),
 ('110', '110', 'en_us', 'lala', NULL, '1', '2016-03-18 14:21:45', '2016-03-18 14:21:45', '43fea607-fef2-4026-94f2-8c1173b4a3e7'),
 ('111', '111', 'en_us', '', NULL, '1', '2016-03-18 14:22:49', '2016-03-30 15:34:30', 'a47be8c7-d5d9-42f6-84ce-ba25c0b1ecd7'),
 ('112', '112', 'en_us', 'klm-kraftwerk-bg', NULL, '1', '2016-03-18 14:23:14', '2016-03-18 14:23:14', '28004069-e71c-4877-8243-0b9a9c447a4c'),
 ('113', '113', 'en_us', 'visual-head', NULL, '1', '2016-03-18 14:23:15', '2016-03-18 14:23:15', '959612f9-808f-4f64-8e21-69aba4c45296'),
 ('114', '114', 'en_us', 'klm-kraftwerk-bg', NULL, '1', '2016-03-18 14:23:45', '2016-03-18 14:24:57', '8c5799b2-c182-427e-91eb-f5f403558cad'),
 ('115', '115', 'en_us', 'visual-head', NULL, '1', '2016-03-18 14:23:47', '2016-03-18 14:23:47', 'f0cbaaf5-bcf4-4f4b-af0a-1fdf25280833'),
 ('116', '116', 'en_us', 'visual-head', NULL, '1', '2016-03-18 14:23:57', '2016-03-18 14:24:57', 'a9abd055-15e4-41b1-b67c-e61917ffb85e'),
 ('117', '117', 'en_us', 'layover-with-a-local', 'work/layover-with-a-local', '1', '2016-03-18 14:24:57', '2016-03-29 13:14:11', '8c4c236c-1507-494b-ad0a-0154ea4f4ab6'),
 ('118', '118', 'en_us', '', NULL, '1', '2016-03-18 14:24:57', '2016-03-29 13:14:11', 'ffd32d9d-a1c6-4269-a156-fce94af9d263'),
 ('120', '120', 'en_us', 'background-image-bg', NULL, '1', '2016-03-18 14:27:21', '2016-03-18 14:27:21', '00d5b5a9-fdad-4328-a0f9-b1be4cf5f85b'),
 ('121', '121', 'en_us', 'background-image-bg2', NULL, '1', '2016-03-18 14:28:24', '2016-03-18 14:28:24', '5b33be0e-9ab9-4431-816d-283c74ab4c9e'),
 ('122', '122', 'en_us', '', NULL, '1', '2016-03-18 14:30:35', '2016-03-29 13:14:11', '5475830d-94cf-403e-8ee2-ee4a1a9ab559'),
 ('123', '123', 'en_us', '', NULL, '1', '2016-03-18 14:30:35', '2016-03-29 13:14:11', '53603d94-00e2-4390-a0e0-aa7ddea17220'),
 ('124', '124', 'en_us', '', NULL, '1', '2016-03-18 14:30:35', '2016-03-29 13:14:11', '63fd979f-85a5-4b52-850c-7b4baa5d58be'),
 ('125', '125', 'en_us', '', NULL, '1', '2016-03-18 14:30:35', '2016-03-29 13:14:11', '822f9974-ca76-499c-921d-93fe0ae174fd'),
 ('126', '126', 'en_us', '', NULL, '1', '2016-03-18 14:31:18', '2016-03-29 13:14:11', '95b8d008-2e6f-4d85-ac7a-df97be9cea46'),
 ('127', '127', 'en_us', '', NULL, '1', '2016-03-18 14:31:18', '2016-03-29 13:14:11', '8afbd6bc-9f86-4968-bf6d-401bc2c87544'),
 ('128', '128', 'en_us', '', NULL, '1', '2016-03-18 14:31:18', '2016-03-29 13:14:11', '70d77c65-c363-408b-8e07-b1bf7bc8b40e'),
 ('129', '129', 'en_us', '', NULL, '1', '2016-03-18 14:31:18', '2016-03-29 13:14:11', '531781b5-293c-4ebd-bf3a-fe26bcc504c4'),
 ('130', '130', 'en_us', '', NULL, '1', '2016-03-18 14:33:19', '2016-03-29 13:14:11', 'e150fbe4-a2b9-4bc5-a41d-0665a12c9705'),
 ('131', '131', 'en_us', 'video-1', NULL, '1', '2016-03-18 14:34:40', '2016-03-18 14:34:40', '05bf95b7-ab5c-40b2-a19a-0a49b1855fdd'),
 ('132', '132', 'en_us', '', NULL, '1', '2016-03-18 14:35:21', '2016-03-29 13:14:11', '081577b5-6f0a-4125-9cc0-3c5fa9c5b18e'),
 ('133', '133', 'en_us', 'layover-visual01', NULL, '1', '2016-03-18 14:37:53', '2016-03-18 14:37:53', '6096bf9f-adbc-4b3d-b649-d3260491981d'),
 ('134', '134', 'en_us', '', NULL, '1', '2016-03-18 14:38:02', '2016-03-29 13:14:12', 'af1733f5-fca3-4600-9f7a-fc8d92b3c5d5'),
 ('135', '135', 'en_us', 'phone-interests', NULL, '1', '2016-03-18 14:49:17', '2016-03-18 14:49:17', '24894cd1-9f10-4fc0-9734-cde469433aef'),
 ('136', '136', 'en_us', '', NULL, '1', '2016-03-18 14:49:53', '2016-03-29 13:14:12', 'b59dfcb8-d0be-42bb-b72c-d5b16fbb1b2b'),
 ('137', '137', 'en_us', '', NULL, '1', '2016-03-18 14:53:28', '2016-03-29 13:14:12', '4a2a9d08-2559-4c80-9c86-58be1fb9ee0d'),
 ('138', '138', 'en_us', 'card-bg', NULL, '1', '2016-03-18 14:55:28', '2016-03-18 14:55:28', 'fb5f944e-ae6e-4ca3-96b2-68fa31bb05d3');
INSERT INTO `craft_elements_i18n` (`id`, `elementId`, `locale`, `slug`, `uri`, `enabled`, `dateCreated`, `dateUpdated`, `uid`) VALUES
 ('140', '140', 'en_us', 'card-transparant', NULL, '1', '2016-03-18 14:57:18', '2016-03-18 14:57:18', '5c123660-5ab2-4243-83aa-1020b4b0fa5d'),
 ('141', '141', 'en_us', '', NULL, '1', '2016-03-18 14:57:27', '2016-03-29 13:14:12', '1dc807f4-94c4-4db7-a072-8723443b6c1f'),
 ('142', '142', 'en_us', 'cards-transparant2', NULL, '1', '2016-03-18 14:58:34', '2016-03-18 14:58:34', '4729c48d-1f0b-498d-8fad-6a837a9a8f99'),
 ('143', '143', 'en_us', '', NULL, '1', '2016-03-18 15:33:27', '2016-03-29 13:14:12', 'cc56d7e7-afe7-4ae6-ad31-eff92138aa3d'),
 ('144', '144', 'en_us', 'phones3', NULL, '1', '2016-03-18 15:34:34', '2016-03-18 15:34:34', '9b0875c8-31c0-4538-a129-7bcb33fb8e35'),
 ('145', '145', 'en_us', '', NULL, '1', '2016-03-18 15:34:41', '2016-03-29 13:14:12', '7b2f13c1-54fe-406f-9354-2a2e201589cc'),
 ('146', '146', 'en_us', 'posters', NULL, '1', '2016-03-18 15:44:23', '2016-03-18 15:44:23', '0eb05cdf-a249-44b1-9c33-0032d5619c1c'),
 ('147', '147', 'en_us', '', NULL, '1', '2016-03-18 15:44:32', '2016-03-29 13:14:12', '348b5184-1718-4954-9f27-6474513498c7'),
 ('148', '148', 'en_us', '', NULL, '1', '2016-03-18 15:44:32', '2016-03-29 13:14:12', '921e9476-19c0-4207-855f-2aa9037900ae'),
 ('149', '149', 'en_us', 'macoboks', NULL, '1', '2016-03-18 16:31:23', '2016-03-18 16:31:23', '6353d29c-c1b7-4c49-b810-6e385c182a56'),
 ('150', '150', 'en_us', '', NULL, '1', '2016-03-18 16:31:36', '2016-03-29 13:14:12', 'c2af112c-8b8a-42da-a079-50e31bd875da'),
 ('151', '151', 'en_us', 'chocomel-overview', NULL, '1', '2016-03-29 13:10:44', '2016-03-29 13:10:44', '7ec071a9-f567-4cfb-a289-f30530ff334e'),
 ('152', '152', 'en_us', '', NULL, '1', '2016-03-30 15:34:30', '2016-03-30 15:34:30', 'ed0dd29b-5828-4e56-92e1-951d408c03ac'),
 ('153', '153', 'en_us', 'chocomel', NULL, '1', '2016-03-30 15:52:45', '2016-03-30 15:52:45', 'abc8d742-988a-4910-bed7-6c2ac2b024c4'),
 ('154', '154', 'en_us', 'eneco', NULL, '1', '2016-03-30 15:52:45', '2016-03-30 15:52:45', 'bc614098-25dd-4cea-8688-05f082bb6e2f'),
 ('155', '155', 'en_us', 'orangina', NULL, '1', '2016-03-30 15:52:45', '2016-03-30 15:52:45', '655354ca-d22e-4b00-897b-354dbbcf4a9e'),
 ('156', '156', 'en_us', 'philips-2x', NULL, '1', '2016-03-30 15:52:46', '2016-03-30 15:52:46', '9ac79faf-919f-4836-a8fb-3beaf3c6ddd0'),
 ('157', '157', 'en_us', 'volkswagen', NULL, '1', '2016-03-30 15:52:46', '2016-03-30 15:52:46', '6dd14018-e8f3-4717-a028-37895259ded4');



DROP TABLE IF EXISTS `craft_emailmessages`;


--
-- Schema for table `craft_emailmessages`
--
CREATE TABLE `craft_emailmessages` (
  `id` int(11) NOT NULL AUTO_INCREMENT,
  `key` char(150) COLLATE utf8_unicode_ci NOT NULL,
  `locale` char(12) COLLATE utf8_unicode_ci NOT NULL,
  `subject` varchar(1000) COLLATE utf8_unicode_ci NOT NULL,
  `body` text COLLATE utf8_unicode_ci NOT NULL,
  `dateCreated` datetime NOT NULL,
  `dateUpdated` datetime NOT NULL,
  `uid` char(36) COLLATE utf8_unicode_ci NOT NULL DEFAULT '0',
  PRIMARY KEY (`id`),
  UNIQUE KEY `craft_emailmessages_key_locale_unq_idx` (`key`,`locale`),
  KEY `craft_emailmessages_locale_fk` (`locale`)
) ENGINE=InnoDB DEFAULT CHARSET=utf8 COLLATE=utf8_unicode_ci;

DROP TABLE IF EXISTS `craft_entries`;


--
-- Schema for table `craft_entries`
--
CREATE TABLE `craft_entries` (
  `id` int(11) NOT NULL,
  `sectionId` int(11) NOT NULL,
  `typeId` int(11) DEFAULT NULL,
  `authorId` int(11) DEFAULT NULL,
  `postDate` datetime DEFAULT NULL,
  `expiryDate` datetime DEFAULT NULL,
  `dateCreated` datetime NOT NULL,
  `dateUpdated` datetime NOT NULL,
  `uid` char(36) COLLATE utf8_unicode_ci NOT NULL DEFAULT '0',
  PRIMARY KEY (`id`),
  KEY `craft_entries_sectionId_idx` (`sectionId`),
  KEY `craft_entries_typeId_idx` (`typeId`),
  KEY `craft_entries_postDate_idx` (`postDate`),
  KEY `craft_entries_expiryDate_idx` (`expiryDate`),
  KEY `craft_entries_authorId_fk` (`authorId`)
) ENGINE=InnoDB DEFAULT CHARSET=utf8 COLLATE=utf8_unicode_ci;

--
-- Data for table `craft_entries`
--

INSERT INTO `craft_entries` (`id`, `sectionId`, `typeId`, `authorId`, `postDate`, `expiryDate`, `dateCreated`, `dateUpdated`, `uid`) VALUES
 ('5', '5', '5', NULL, '2016-03-07 12:52:11', NULL, '2016-02-25 13:49:09', '2016-03-18 14:25:30', 'd82b5182-8faf-43f8-99dd-0a88f1f653ad'),
 ('6', '6', '6', NULL, '2016-03-07 12:52:26', NULL, '2016-02-25 13:49:30', '2016-03-30 16:10:58', 'ef6aff0e-3375-4302-b897-fcd23240ba2c'),
 ('7', '7', '7', NULL, '2016-03-07 12:51:59', NULL, '2016-02-25 13:49:38', '2016-03-07 12:51:59', 'cdafba9e-aafe-4a9f-90d4-787431bee5be'),
 ('10', '3', '3', '1', '2016-02-25 14:42:00', NULL, '2016-02-25 14:42:24', '2016-03-31 13:17:23', 'ac6659b7-25ba-4087-adb2-a6f334ebf210'),
 ('66', '3', '3', '1', '2016-03-07 15:04:00', NULL, '2016-03-07 15:04:49', '2016-03-29 13:10:55', 'fd4814ce-ef20-42fc-99d4-c70e32d7dbd5'),
 ('69', '9', NULL, NULL, '2016-03-07 15:36:18', NULL, '2016-03-07 15:36:18', '2016-03-07 15:36:18', 'b9a807ae-fc1b-4274-9e70-bec12dbd8e98'),
 ('97', '3', '3', '1', '2016-03-16 21:25:00', NULL, '2016-03-16 21:25:32', '2016-03-30 15:34:30', '3decaf39-2fea-4c5e-9e2a-3a4623250552'),
 ('117', '3', '3', '109', '2016-03-18 14:24:00', NULL, '2016-03-18 14:24:57', '2016-03-29 13:14:12', 'edef594c-a3aa-4910-b534-012c3f4de1ef');



DROP TABLE IF EXISTS `craft_entrydrafts`;


--
-- Schema for table `craft_entrydrafts`
--
CREATE TABLE `craft_entrydrafts` (
  `id` int(11) NOT NULL AUTO_INCREMENT,
  `entryId` int(11) NOT NULL,
  `sectionId` int(11) NOT NULL,
  `creatorId` int(11) NOT NULL,
  `locale` char(12) COLLATE utf8_unicode_ci NOT NULL,
  `name` varchar(255) COLLATE utf8_unicode_ci NOT NULL,
  `notes` tinytext COLLATE utf8_unicode_ci,
  `data` mediumtext COLLATE utf8_unicode_ci NOT NULL,
  `dateCreated` datetime NOT NULL,
  `dateUpdated` datetime NOT NULL,
  `uid` char(36) COLLATE utf8_unicode_ci NOT NULL DEFAULT '0',
  PRIMARY KEY (`id`),
  KEY `craft_entrydrafts_entryId_locale_idx` (`entryId`,`locale`),
  KEY `craft_entrydrafts_sectionId_fk` (`sectionId`),
  KEY `craft_entrydrafts_creatorId_fk` (`creatorId`),
  KEY `craft_entrydrafts_locale_fk` (`locale`)
) ENGINE=InnoDB DEFAULT CHARSET=utf8 COLLATE=utf8_unicode_ci;

DROP TABLE IF EXISTS `craft_entrytypes`;


--
-- Schema for table `craft_entrytypes`
--
CREATE TABLE `craft_entrytypes` (
  `id` int(11) NOT NULL AUTO_INCREMENT,
  `sectionId` int(11) NOT NULL,
  `fieldLayoutId` int(11) DEFAULT NULL,
  `name` varchar(255) COLLATE utf8_unicode_ci NOT NULL,
  `handle` varchar(255) COLLATE utf8_unicode_ci NOT NULL,
  `hasTitleField` tinyint(1) unsigned NOT NULL DEFAULT '1',
  `titleLabel` varchar(255) COLLATE utf8_unicode_ci DEFAULT 'Title',
  `titleFormat` varchar(255) COLLATE utf8_unicode_ci DEFAULT NULL,
  `sortOrder` smallint(6) unsigned DEFAULT NULL,
  `dateCreated` datetime NOT NULL,
  `dateUpdated` datetime NOT NULL,
  `uid` char(36) COLLATE utf8_unicode_ci NOT NULL DEFAULT '0',
  PRIMARY KEY (`id`),
  UNIQUE KEY `craft_entrytypes_name_sectionId_unq_idx` (`name`,`sectionId`),
  UNIQUE KEY `craft_entrytypes_handle_sectionId_unq_idx` (`handle`,`sectionId`),
  KEY `craft_entrytypes_sectionId_fk` (`sectionId`),
  KEY `craft_entrytypes_fieldLayoutId_fk` (`fieldLayoutId`)
) ENGINE=InnoDB AUTO_INCREMENT=10 DEFAULT CHARSET=utf8 COLLATE=utf8_unicode_ci;

--
-- Data for table `craft_entrytypes`
--

INSERT INTO `craft_entrytypes` (`id`, `sectionId`, `fieldLayoutId`, `name`, `handle`, `hasTitleField`, `titleLabel`, `titleFormat`, `sortOrder`, `dateCreated`, `dateUpdated`, `uid`) VALUES
 ('3', '3', '293', 'Case', 'case', '1', 'Title', NULL, NULL, '2016-02-25 13:47:27', '2016-03-29 13:08:12', 'cb004f6d-0bc8-4d9e-81aa-64d851a517a2'),
 ('5', '5', '13', 'Homepage', 'homepage', '0', NULL, '{section.name|raw}', NULL, '2016-02-25 13:49:09', '2016-02-25 14:01:29', '95c6d4b6-aa2c-453a-9772-3ab576afd0bc'),
 ('6', '6', '302', 'About', 'about', '0', NULL, '{section.name|raw}', NULL, '2016-02-25 13:49:30', '2016-03-30 15:51:39', '6947e25a-6658-446f-a386-7a2241cc7fd5'),
 ('7', '7', '10', 'Contact', 'contact', '0', NULL, '{section.name|raw}', NULL, '2016-02-25 13:49:38', '2016-02-25 13:49:38', '8ecdf7a1-747f-41b0-aa91-976e47f49c4b'),
 ('9', '9', '228', 'Work', 'work', '0', NULL, '{section.name|raw}', NULL, '2016-03-07 15:36:18', '2016-03-07 15:36:18', '29806935-6328-4153-8c6e-5551f4bca992');



DROP TABLE IF EXISTS `craft_entryversions`;


--
-- Schema for table `craft_entryversions`
--
CREATE TABLE `craft_entryversions` (
  `id` int(11) NOT NULL AUTO_INCREMENT,
  `entryId` int(11) NOT NULL,
  `sectionId` int(11) NOT NULL,
  `creatorId` int(11) DEFAULT NULL,
  `locale` char(12) COLLATE utf8_unicode_ci NOT NULL,
  `num` smallint(6) unsigned NOT NULL,
  `notes` tinytext COLLATE utf8_unicode_ci,
  `data` mediumtext COLLATE utf8_unicode_ci NOT NULL,
  `dateCreated` datetime NOT NULL,
  `dateUpdated` datetime NOT NULL,
  `uid` char(36) COLLATE utf8_unicode_ci NOT NULL DEFAULT '0',
  PRIMARY KEY (`id`),
  KEY `craft_entryversions_entryId_locale_idx` (`entryId`,`locale`),
  KEY `craft_entryversions_sectionId_fk` (`sectionId`),
  KEY `craft_entryversions_creatorId_fk` (`creatorId`),
  KEY `craft_entryversions_locale_fk` (`locale`)
) ENGINE=InnoDB AUTO_INCREMENT=177 DEFAULT CHARSET=utf8 COLLATE=utf8_unicode_ci;

--
-- Data for table `craft_entryversions`
--

INSERT INTO `craft_entryversions` (`id`, `entryId`, `sectionId`, `creatorId`, `locale`, `num`, `notes`, `data`, `dateCreated`, `dateUpdated`, `uid`) VALUES
 ('5', '5', '5', '1', 'en_us', '1', NULL, '{\"typeId\":\"5\",\"authorId\":null,\"title\":\"Homepage\",\"slug\":\"homepage\",\"postDate\":1456408149,\"expiryDate\":null,\"enabled\":1,\"parentId\":null,\"fields\":[]}', '2016-02-25 13:49:09', '2016-02-25 13:49:09', '615f89bc-6956-4658-84f2-ec94edfd5f75'),
 ('6', '6', '6', '1', 'en_us', '1', NULL, '{\"typeId\":\"6\",\"authorId\":null,\"title\":\"About\",\"slug\":\"about\",\"postDate\":1456408170,\"expiryDate\":null,\"enabled\":1,\"parentId\":null,\"fields\":[]}', '2016-02-25 13:49:30', '2016-02-25 13:49:30', '76b53f0d-e235-49ef-b58f-2dab0635a6e7'),
 ('7', '7', '7', '1', 'en_us', '1', NULL, '{\"typeId\":\"7\",\"authorId\":null,\"title\":\"Contact\",\"slug\":\"contact\",\"postDate\":1456408178,\"expiryDate\":null,\"enabled\":1,\"parentId\":null,\"fields\":[]}', '2016-02-25 13:49:38', '2016-02-25 13:49:38', 'b184767b-9b5d-4a20-a817-e96ffbb46b40'),
 ('9', '10', '3', '1', 'en_us', '1', '', '{\"typeId\":null,\"authorId\":\"1\",\"title\":\"Orangina\",\"slug\":\"orangina\",\"postDate\":1456411344,\"expiryDate\":null,\"enabled\":1,\"parentId\":null,\"fields\":{\"3\":\"\",\"41\":\"\",\"31\":\"\",\"40\":\"\",\"39\":\"\",\"36\":\"\",\"43\":\"\",\"42\":\"\",\"34\":\"\"}}', '2016-02-25 14:42:24', '2016-02-25 14:42:24', 'bc9e79f3-9248-460b-a73d-b100bc9c963a'),
 ('10', '5', '5', '1', 'en_us', '2', '', '{\"typeId\":\"5\",\"authorId\":null,\"title\":\"Homepage\",\"slug\":\"homepage\",\"postDate\":1456416420,\"expiryDate\":null,\"enabled\":1,\"parentId\":null,\"fields\":{\"10\":[\"10\"]}}', '2016-02-25 16:08:33', '2016-02-25 16:08:33', 'acb129a4-06d9-4928-9122-881abd3d98fe'),
 ('11', '5', '5', '1', 'en_us', '3', '', '{\"typeId\":\"5\",\"authorId\":null,\"title\":\"Homepage\",\"slug\":\"homepage\",\"postDate\":1456416420,\"expiryDate\":null,\"enabled\":1,\"parentId\":null,\"fields\":{\"10\":[\"10\"]}}', '2016-02-25 16:08:37', '2016-02-25 16:08:37', '97d35edb-89b5-48dc-b7e4-38c14c067a19'),
 ('12', '10', '3', '1', 'en_us', '2', '', '{\"typeId\":\"3\",\"authorId\":\"1\",\"title\":\"Orangina\",\"slug\":\"orangina\",\"postDate\":1456411320,\"expiryDate\":null,\"enabled\":1,\"parentId\":null,\"fields\":{\"3\":\"\",\"41\":\"\",\"31\":\"\",\"40\":\"\",\"39\":\"\",\"36\":\"\",\"43\":\"responsiveWebsite\",\"42\":\"\",\"34\":\"\"}}', '2016-02-25 16:08:55', '2016-02-25 16:08:55', '8724385f-f0fe-49aa-8fc6-75870c5a3863'),
 ('13', '10', '3', '1', 'en_us', '3', '', '{\"typeId\":\"3\",\"authorId\":\"1\",\"title\":\"Orangina global website\",\"slug\":\"orangina\",\"postDate\":1456411320,\"expiryDate\":null,\"enabled\":1,\"parentId\":null,\"fields\":{\"3\":\"\",\"41\":\"Orangina\",\"31\":\"\",\"40\":\"\",\"39\":\"A quirky new online appearance for a soda brand \",\"36\":\"\",\"43\":\"responsiveWebsite\",\"42\":\"\",\"34\":\"\"}}', '2016-02-26 10:45:33', '2016-02-26 10:45:33', '678438f1-bd20-4379-a1b5-a0763b569a43'),
 ('14', '10', '3', '1', 'en_us', '4', '', '{\"typeId\":\"3\",\"authorId\":\"1\",\"title\":\"Orangina global website\",\"slug\":\"orangina\",\"postDate\":1456411320,\"expiryDate\":null,\"enabled\":1,\"parentId\":null,\"fields\":{\"3\":{\"new1\":{\"type\":\"textFullWidth\",\"enabled\":\"1\",\"fields\":{\"body\":\"Orangina refreshed their brand identity Achtung!\\/Kraftwerk wastasked to extend their newbrand identity to a fresh online experience. \",\"backgroundColor\":\"#ffffff\"}}},\"41\":\"Orangina\",\"31\":\"\",\"40\":\"\",\"39\":\"A quirky new online appearance for a soda brand \",\"36\":\"\",\"43\":\"responsiveWebsite\",\"42\":\"\",\"34\":\"\"}}', '2016-02-26 10:46:08', '2016-02-26 10:46:08', 'f5d7099a-f4a8-4d3e-934e-e2908a6aefd8'),
 ('15', '10', '3', '1', 'en_us', '5', '', '{\"typeId\":\"3\",\"authorId\":\"1\",\"title\":\"Orangina global website\",\"slug\":\"orangina\",\"postDate\":1456411320,\"expiryDate\":null,\"enabled\":1,\"parentId\":null,\"fields\":{\"3\":{\"12\":{\"type\":\"textFullWidth\",\"enabled\":\"1\",\"fields\":{\"body\":\"Orangina refreshed their brand identity Achtung!\\/Kraftwerk wastasked to extend their newbrand identity to a fresh online experience. \",\"backgroundColor\":\"#ffffff\"}}},\"41\":\"Orangina\",\"31\":\"\",\"40\":\"\",\"39\":\"A quirky new online appearance for a soda brand \",\"36\":\"\",\"43\":\"responsiveWebsite\",\"42\":\"\",\"34\":\"\"}}', '2016-02-26 10:48:09', '2016-02-26 10:48:09', 'cb9f1d1b-5fae-4d4e-a233-380d460dd378'),
 ('16', '10', '3', '1', 'en_us', '6', '', '{\"typeId\":\"3\",\"authorId\":\"1\",\"title\":\"Orangina global website\",\"slug\":\"orangina\",\"postDate\":1456411320,\"expiryDate\":null,\"enabled\":1,\"parentId\":null,\"fields\":{\"3\":{\"12\":{\"type\":\"textFullWidth\",\"enabled\":\"1\",\"fields\":{\"body\":\"Orangina refreshed their brand identity Achtung!\\/Kraftwerk wastasked to extend their newbrand identity to a fresh online experience. \",\"backgroundColor\":\"#ffffff\"}},\"new1\":{\"type\":\"largeImage\",\"enabled\":\"1\",\"fields\":{\"image\":[\"13\"],\"backgroundImage\":\"\",\"backgroundColor\":\"#000000\"}}},\"41\":\"Orangina\",\"31\":\"\",\"40\":\"\",\"39\":\"A quirky new online appearance for a soda brand \",\"36\":\"\",\"43\":\"responsiveWebsite\",\"42\":\"\",\"34\":\"\"}}', '2016-02-26 11:34:33', '2016-02-26 11:34:33', '5bbd0d0e-b0b7-4927-badb-0491db548617'),
 ('17', '10', '3', '1', 'en_us', '7', '', '{\"typeId\":\"3\",\"authorId\":\"1\",\"title\":\"Orangina global website\",\"slug\":\"orangina\",\"postDate\":1456411320,\"expiryDate\":null,\"enabled\":1,\"parentId\":null,\"fields\":{\"3\":{\"12\":{\"type\":\"textFullWidth\",\"enabled\":\"1\",\"fields\":{\"body\":\"Orangina refreshed their brand identity Achtung!\\/Kraftwerk wastasked to extend their newbrand identity to a fresh online experience. \",\"backgroundColor\":\"#ffffff\"}},\"14\":{\"type\":\"largeImage\",\"enabled\":\"1\",\"fields\":{\"image\":[\"13\"],\"backgroundImage\":\"\",\"backgroundColor\":\"#000000\"}}},\"41\":\"Orangina\",\"31\":\"\",\"40\":\"\",\"39\":\"A quirky new online appearance for a soda brand \",\"36\":\"\",\"43\":\"responsiveWebsite\",\"42\":\"\",\"34\":\"\"}}', '2016-02-26 12:15:20', '2016-02-26 12:15:20', 'd6053f1a-6a70-4ce5-ab4a-85a5c5560199'),
 ('18', '10', '3', '1', 'en_us', '8', '', '{\"typeId\":\"3\",\"authorId\":\"1\",\"title\":\"Orangina global website\",\"slug\":\"orangina\",\"postDate\":1456411320,\"expiryDate\":null,\"enabled\":1,\"parentId\":null,\"fields\":{\"3\":{\"12\":{\"type\":\"textFullWidth\",\"enabled\":\"1\",\"fields\":{\"body\":\"Orangina refreshed their brand identity Achtung!\\/Kraftwerk wastasked to extend their newbrand identity to a fresh online experience. \",\"backgroundColor\":\"#ffffff\"}},\"14\":{\"type\":\"largeImage\",\"enabled\":\"1\",\"fields\":{\"image\":[\"13\"],\"backgroundImage\":\"\",\"backgroundColor\":\"#000000\"}}},\"41\":\"Orangina\",\"31\":\"\",\"40\":\"\",\"39\":\"A quirky new online appearance for a soda brand \",\"36\":\"\",\"43\":\"responsiveWebsite\",\"42\":\"\",\"34\":\"\"}}', '2016-02-26 12:34:45', '2016-02-26 12:34:45', 'dbe7867d-67eb-44e5-8192-30b0b65ec737'),
 ('19', '10', '3', '1', 'en_us', '9', '', '{\"typeId\":\"3\",\"authorId\":\"1\",\"title\":\"Orangina global website\",\"slug\":\"orangina\",\"postDate\":1456411320,\"expiryDate\":null,\"enabled\":1,\"parentId\":null,\"fields\":{\"3\":{\"12\":{\"type\":\"textFullWidth\",\"enabled\":\"1\",\"fields\":{\"body\":\"Orangina refreshed their brand identity Achtung!\\/Kraftwerk wastasked to extend their newbrand identity to a fresh online experience. \",\"backgroundColor\":\"#ffffff\"}},\"14\":{\"type\":\"largeImage\",\"enabled\":\"1\",\"fields\":{\"image\":[\"13\"],\"backgroundImage\":\"\",\"backgroundColor\":\"#000000\"}}},\"41\":\"Orangina\",\"31\":\"\",\"40\":\"\",\"39\":\"A quirky new online appearance for a soda brand \",\"36\":\"\",\"43\":\"responsiveWebsite\",\"42\":\"\",\"34\":\"\"}}', '2016-02-26 12:42:22', '2016-02-26 12:42:22', 'd7fd81a9-de52-4af3-9955-a40fab8a327d'),
 ('20', '10', '3', '1', 'en_us', '10', '', '{\"typeId\":\"3\",\"authorId\":\"1\",\"title\":\"Orangina global website\",\"slug\":\"orangina\",\"postDate\":1456411320,\"expiryDate\":null,\"enabled\":1,\"parentId\":null,\"fields\":{\"3\":{\"12\":{\"type\":\"textFullWidth\",\"enabled\":\"1\",\"fields\":{\"body\":\"Orangina refreshed their brand identity Achtung!\\/Kraftwerk wastasked to extend their newbrand identity to a fresh online experience. \",\"backgroundColor\":\"#ffffff\"}},\"14\":{\"type\":\"largeImage\",\"enabled\":\"1\",\"fields\":{\"image\":[\"13\"],\"backgroundImage\":\"\",\"backgroundColor\":\"#000000\"}}},\"41\":\"Orangina\",\"31\":\"\",\"40\":\"\",\"39\":\"A quirky new online appearance for a soda brand \",\"36\":\"\",\"43\":\"responsiveWebsite\",\"42\":\"\",\"34\":\"\"}}', '2016-02-26 12:43:23', '2016-02-26 12:43:23', '5d6d8168-4460-460f-a328-805c623f402c'),
 ('21', '10', '3', '1', 'en_us', '11', '', '{\"typeId\":\"3\",\"authorId\":\"1\",\"title\":\"Orangina global website\",\"slug\":\"orangina\",\"postDate\":1456411320,\"expiryDate\":null,\"enabled\":1,\"parentId\":null,\"fields\":{\"3\":{\"12\":{\"type\":\"textFullWidth\",\"enabled\":\"1\",\"fields\":{\"body\":\"Orangina refreshed their brand identity Achtung!\\/Kraftwerk wastasked to extend their newbrand identity to a fresh online experience. \",\"backgroundColor\":\"#ffffff\"}},\"14\":{\"type\":\"largeImage\",\"enabled\":\"1\",\"fields\":{\"image\":[\"13\"],\"backgroundImage\":[\"13\"],\"backgroundColor\":\"#000000\"}}},\"41\":\"Orangina\",\"31\":\"\",\"40\":\"\",\"39\":\"A quirky new online appearance for a soda brand \",\"36\":\"\",\"43\":\"responsiveWebsite\",\"42\":\"\",\"34\":\"\"}}', '2016-02-26 12:59:26', '2016-02-26 12:59:26', '936695d7-d176-4d13-9661-aea7455692df'),
 ('22', '10', '3', '1', 'en_us', '12', '', '{\"typeId\":\"3\",\"authorId\":\"1\",\"title\":\"Orangina global website\",\"slug\":\"orangina\",\"postDate\":1456411320,\"expiryDate\":null,\"enabled\":1,\"parentId\":null,\"fields\":{\"3\":{\"12\":{\"type\":\"textFullWidth\",\"enabled\":\"1\",\"fields\":{\"body\":\"Orangina refreshed their brand identity Achtung!\\/Kraftwerk wastasked to extend their newbrand identity to a fresh online experience. \",\"backgroundColor\":\"#ffffff\"}},\"14\":{\"type\":\"largeImage\",\"enabled\":\"1\",\"fields\":{\"image\":[\"13\"],\"backgroundImage\":[\"16\"],\"backgroundColor\":\"#000000\"}}},\"41\":\"Orangina\",\"31\":\"\",\"40\":\"\",\"39\":\"A quirky new online appearance for a soda brand \",\"36\":\"\",\"43\":\"responsiveWebsite\",\"42\":\"\",\"34\":\"\"}}', '2016-02-26 13:20:41', '2016-02-26 13:20:41', 'a84a20cc-9ffa-4c36-aabc-e7cd475a4511'),
 ('23', '10', '3', '1', 'en_us', '13', '', '{\"typeId\":\"3\",\"authorId\":\"1\",\"title\":\"Orangina global website\",\"slug\":\"orangina\",\"postDate\":1456411320,\"expiryDate\":null,\"enabled\":1,\"parentId\":null,\"fields\":{\"3\":{\"12\":{\"type\":\"textFullWidth\",\"enabled\":\"1\",\"fields\":{\"body\":\"Orangina refreshed their brand identity Achtung!\\/Kraftwerk wastasked to extend their newbrand identity to a fresh online experience. \",\"backgroundColor\":\"#ffffff\"}},\"14\":{\"type\":\"largeImage\",\"enabled\":\"1\",\"fields\":{\"image\":[\"13\"],\"backgroundImage\":[\"16\"],\"backgroundColor\":\"#000000\"}},\"new1\":{\"type\":\"textTwoColumns\",\"enabled\":\"1\",\"fields\":{\"heading\":\"Strategy, Concept & UX\",\"intro\":\"The content of the new Orangina website was meantto be kept simple serving a few main purposes.\",\"body\":\"In general there were two main obectives, informing people about the available range of Orangina products and telling them about the history of Orangina as a brand. The homepage would then serve as a hub to these two objectives, as well as to the Orangina social channels.\",\"backgroundColor\":\"#fda519\"}}},\"41\":\"Orangina\",\"31\":\"\",\"40\":\"\",\"39\":\"A quirky new online appearance for a soda brand \",\"36\":\"\",\"43\":\"responsiveWebsite\",\"42\":\"\",\"34\":\"\"}}', '2016-02-26 13:29:08', '2016-02-26 13:29:08', 'b1a17ac7-68ea-4fef-9818-bd29c64083a3'),
 ('24', '10', '3', '1', 'en_us', '14', '', '{\"typeId\":\"3\",\"authorId\":\"1\",\"title\":\"Orangina global website\",\"slug\":\"orangina\",\"postDate\":1456411320,\"expiryDate\":null,\"enabled\":1,\"parentId\":null,\"fields\":{\"3\":{\"12\":{\"type\":\"textFullWidth\",\"enabled\":\"1\",\"fields\":{\"body\":\"Orangina refreshed their brand identity Achtung!\\/Kraftwerk wastasked to extend their newbrand identity to a fresh online experience. \",\"textColor\":\"#000000\",\"backgroundColor\":\"#ffffff\"}},\"14\":{\"type\":\"largeImage\",\"enabled\":\"1\",\"fields\":{\"image\":[\"13\"],\"backgroundImage\":[\"16\"],\"backgroundColor\":\"#000000\"}},\"17\":{\"type\":\"textTwoColumns\",\"enabled\":\"1\",\"fields\":{\"heading\":\"Strategy, Concept & UX\",\"intro\":\"The content of the new Orangina website was meantto be kept simple serving a few main purposes.\",\"body\":\"In general there were two main obectives, informing people about the available range of Orangina products and telling them about the history of Orangina as a brand. The homepage would then serve as a hub to these two objectives, as well as to the Orangina social channels.\",\"textColor\":\"#ffffff\",\"backgroundColor\":\"#fda519\"}}},\"41\":\"Orangina\",\"31\":\"\",\"40\":\"\",\"39\":\"A quirky new online appearance for a soda brand \",\"36\":\"\",\"43\":\"responsiveWebsite\",\"42\":\"\",\"34\":\"\"}}', '2016-02-26 13:39:28', '2016-02-26 13:39:28', 'dfba6fcf-b661-46a9-ad68-e79753b21582'),
 ('25', '10', '3', '1', 'en_us', '15', '', '{\"typeId\":\"3\",\"authorId\":\"1\",\"title\":\"Orangina global website\",\"slug\":\"orangina\",\"postDate\":1456411320,\"expiryDate\":null,\"enabled\":1,\"parentId\":null,\"fields\":{\"3\":{\"12\":{\"type\":\"textFullWidth\",\"enabled\":\"1\",\"fields\":{\"body\":\"Orangina refreshed their brand identity Achtung!\\/Kraftwerk wastasked to extend their newbrand identity to a fresh online experience. \",\"textColor\":\"#000000\",\"backgroundColor\":\"#ffffff\"}},\"14\":{\"type\":\"largeImage\",\"enabled\":\"1\",\"fields\":{\"image\":[\"13\"],\"backgroundImage\":[\"16\"],\"backgroundColor\":\"#000000\"}},\"17\":{\"type\":\"textTwoColumns\",\"enabled\":\"1\",\"fields\":{\"heading\":\"Strategy, Concept & UX\",\"intro\":\"The content of the new Orangina website was meantto be kept simple serving a few main purposes.\",\"body\":\"In general there were two main obectives, informing people about the available range of Orangina products and telling them about the history of Orangina as a brand. The homepage would then serve as a hub to these two objectives, as well as to the Orangina social channels.\",\"textColor\":\"#ffffff\",\"backgroundColor\":\"#fda519\"}},\"new1\":{\"type\":\"video\",\"enabled\":\"1\",\"fields\":{\"coverImage\":\"\",\"video\":[\"18\"],\"backgroundColor\":\"#ffa600\"}}},\"41\":\"Orangina\",\"31\":\"\",\"40\":\"\",\"39\":\"A quirky new online appearance for a soda brand \",\"36\":\"\",\"43\":\"responsiveWebsite\",\"42\":\"\",\"34\":\"\"}}', '2016-02-26 13:53:26', '2016-02-26 13:53:26', '1ea55b9b-64f0-4365-a43d-3d86ed39292e'),
 ('26', '10', '3', '1', 'en_us', '16', '', '{\"typeId\":\"3\",\"authorId\":\"1\",\"title\":\"Orangina global website\",\"slug\":\"orangina\",\"postDate\":1456411320,\"expiryDate\":null,\"enabled\":1,\"parentId\":null,\"fields\":{\"3\":{\"12\":{\"type\":\"textFullWidth\",\"enabled\":\"1\",\"fields\":{\"body\":\"Orangina refreshed their brand identity Achtung!\\/Kraftwerk wastasked to extend their newbrand identity to a fresh online experience. \",\"textColor\":\"#000000\",\"backgroundColor\":\"#ffffff\"}},\"14\":{\"type\":\"largeImage\",\"enabled\":\"1\",\"fields\":{\"image\":[\"13\"],\"backgroundImage\":[\"16\"],\"backgroundColor\":\"#000000\"}},\"17\":{\"type\":\"textTwoColumns\",\"enabled\":\"1\",\"fields\":{\"heading\":\"Strategy, Concept & UX\",\"intro\":\"The content of the new Orangina website was meantto be kept simple serving a few main purposes.\",\"body\":\"In general there were two main obectives, informing people about the available range of Orangina products and telling them about the history of Orangina as a brand. The homepage would then serve as a hub to these two objectives, as well as to the Orangina social channels.\",\"textColor\":\"#ffffff\",\"backgroundColor\":\"#fda519\"}},\"19\":{\"type\":\"video\",\"enabled\":\"1\",\"fields\":{\"coverImage\":\"\",\"video\":[\"18\"],\"backgroundColor\":\"#ffa600\"}},\"new1\":{\"type\":\"textTwoColumns\",\"enabled\":\"1\",\"fields\":{\"heading\":\"Design elements\",\"intro\":\"Colors for the Orangina website were besides the brand\\u2019s Blue and Yellow, based on the labels of the different flavours. \",\"body\":\"\",\"textColor\":\"#000000\",\"backgroundColor\":\"#000000\"}}},\"41\":\"Orangina\",\"31\":\"\",\"40\":\"\",\"39\":\"A quirky new online appearance for a soda brand \",\"36\":\"\",\"43\":\"responsiveWebsite\",\"42\":\"\",\"34\":\"\"}}', '2016-02-26 14:02:48', '2016-02-26 14:02:48', '0fae07e1-60f2-4d35-8da7-a650d405bd62'),
 ('27', '10', '3', '1', 'en_us', '17', '', '{\"typeId\":\"3\",\"authorId\":\"1\",\"title\":\"Orangina global website\",\"slug\":\"orangina\",\"postDate\":1456411320,\"expiryDate\":null,\"enabled\":1,\"parentId\":null,\"fields\":{\"3\":{\"12\":{\"type\":\"textFullWidth\",\"enabled\":\"1\",\"fields\":{\"body\":\"Orangina refreshed their brand identity Achtung!\\/Kraftwerk wastasked to extend their newbrand identity to a fresh online experience. \",\"textColor\":\"#000000\",\"backgroundColor\":\"#ffffff\"}},\"14\":{\"type\":\"largeImage\",\"enabled\":\"1\",\"fields\":{\"image\":[\"13\"],\"backgroundImage\":[\"16\"],\"backgroundColor\":\"#000000\"}},\"17\":{\"type\":\"textTwoColumns\",\"enabled\":\"1\",\"fields\":{\"heading\":\"Strategy, Concept & UX\",\"intro\":\"The content of the new Orangina website was meantto be kept simple serving a few main purposes.\",\"body\":\"In general there were two main obectives, informing people about the available range of Orangina products and telling them about the history of Orangina as a brand. The homepage would then serve as a hub to these two objectives, as well as to the Orangina social channels.\",\"textColor\":\"#ffffff\",\"backgroundColor\":\"#fda519\"}},\"19\":{\"type\":\"video\",\"enabled\":\"1\",\"fields\":{\"coverImage\":\"\",\"video\":[\"18\"],\"backgroundColor\":\"#ffa600\"}},\"20\":{\"type\":\"textTwoColumns\",\"enabled\":\"1\",\"fields\":{\"heading\":\"Design elements\",\"intro\":\"Colors for the Orangina website were besides the brand\\u2019s Blue and Yellow, based on the labels of the different flavours. \",\"body\":\"\",\"textColor\":\"#000000\",\"backgroundColor\":\"#ffffff\"}}},\"41\":\"Orangina\",\"31\":\"\",\"40\":\"\",\"39\":\"A quirky new online appearance for a soda brand \",\"36\":\"\",\"43\":\"responsiveWebsite\",\"42\":\"\",\"34\":\"\"}}', '2016-02-26 14:03:04', '2016-02-26 14:03:04', 'a0aabc5e-5817-4243-a8c8-535b64d63fd3'),
 ('28', '10', '3', '1', 'en_us', '18', '', '{\"typeId\":\"3\",\"authorId\":\"1\",\"title\":\"Orangina global website\",\"slug\":\"orangina\",\"postDate\":1456411320,\"expiryDate\":null,\"enabled\":1,\"parentId\":null,\"fields\":{\"3\":{\"12\":{\"type\":\"textFullWidth\",\"enabled\":\"1\",\"fields\":{\"body\":\"Orangina refreshed their brand identity Achtung!\\/Kraftwerk wastasked to extend their newbrand identity to a fresh online experience. \",\"textColor\":\"#000000\",\"backgroundColor\":\"#ffffff\"}},\"14\":{\"type\":\"largeImage\",\"enabled\":\"1\",\"fields\":{\"image\":[\"13\"],\"backgroundImage\":[\"16\"],\"backgroundColor\":\"#000000\"}},\"17\":{\"type\":\"textTwoColumns\",\"enabled\":\"1\",\"fields\":{\"heading\":\"Strategy, Concept & UX\",\"intro\":\"The content of the new Orangina website was meantto be kept simple serving a few main purposes.\",\"body\":\"In general there were two main obectives, informing people about the available range of Orangina products and telling them about the history of Orangina as a brand. The homepage would then serve as a hub to these two objectives, as well as to the Orangina social channels.\",\"textColor\":\"#ffffff\",\"backgroundColor\":\"#fda519\"}},\"19\":{\"type\":\"video\",\"enabled\":\"1\",\"fields\":{\"coverImage\":\"\",\"video\":[\"18\"],\"backgroundColor\":\"#ffa600\"}},\"20\":{\"type\":\"textTwoColumns\",\"enabled\":\"1\",\"fields\":{\"heading\":\"Design elements\",\"intro\":\"Colors for the Orangina website were besides the brand\\u2019s Blue and Yellow, based on the labels of the different flavours. \",\"body\":\"\",\"textColor\":\"#000000\",\"backgroundColor\":\"#ffffff\"}},\"new1\":{\"type\":\"largeImage\",\"enabled\":\"1\",\"fields\":{\"image\":[\"21\"],\"backgroundImage\":\"\",\"backgroundColor\":\"#ffffff\"}}},\"41\":\"Orangina\",\"31\":\"\",\"40\":\"\",\"39\":\"A quirky new online appearance for a soda brand \",\"36\":\"\",\"43\":\"responsiveWebsite\",\"42\":\"\",\"34\":\"\"}}', '2016-02-26 14:08:10', '2016-02-26 14:08:10', '80c9f5d1-11c6-4009-bc5c-576d102980d2'),
 ('29', '10', '3', '1', 'en_us', '19', '', '{\"typeId\":\"3\",\"authorId\":\"1\",\"title\":\"Orangina global website\",\"slug\":\"orangina\",\"postDate\":1456411320,\"expiryDate\":null,\"enabled\":1,\"parentId\":null,\"fields\":{\"3\":{\"12\":{\"type\":\"textFullWidth\",\"enabled\":\"1\",\"fields\":{\"body\":\"Orangina refreshed their brand identity Achtung!\\/Kraftwerk wastasked to extend their newbrand identity to a fresh online experience. \",\"textColor\":\"#000000\",\"backgroundColor\":\"#ffffff\"}},\"14\":{\"type\":\"largeImage\",\"enabled\":\"1\",\"fields\":{\"image\":[\"13\"],\"backgroundImage\":[\"16\"],\"backgroundColor\":\"#000000\"}},\"17\":{\"type\":\"textTwoColumns\",\"enabled\":\"1\",\"fields\":{\"heading\":\"Strategy, Concept & UX\",\"intro\":\"The content of the new Orangina website was meantto be kept simple serving a few main purposes.\",\"body\":\"In general there were two main obectives, informing people about the available range of Orangina products and telling them about the history of Orangina as a brand. The homepage would then serve as a hub to these two objectives, as well as to the Orangina social channels.\",\"textColor\":\"#ffffff\",\"backgroundColor\":\"#fda519\"}},\"19\":{\"type\":\"video\",\"enabled\":\"1\",\"fields\":{\"coverImage\":\"\",\"video\":[\"18\"],\"backgroundColor\":\"#ffa600\"}},\"20\":{\"type\":\"textTwoColumns\",\"enabled\":\"1\",\"fields\":{\"heading\":\"Design elements\",\"intro\":\"Colors for the Orangina website were besides the brand\\u2019s Blue and Yellow, based on the labels of the different flavours. \",\"body\":\"\",\"textColor\":\"#000000\",\"backgroundColor\":\"#ffffff\"}},\"22\":{\"type\":\"largeImage\",\"enabled\":\"1\",\"fields\":{\"image\":[\"21\"],\"backgroundImage\":\"\",\"backgroundColor\":\"#ffffff\"}},\"new1\":{\"type\":\"textWithImage\",\"enabled\":\"1\",\"fields\":{\"heading\":\"Iconography\",\"intro\":\"To add on the playfull, quirky identity of Orangina, we created an iconset that was used throughout the website.\",\"body\":\"Our hands on mentality can be found throughout the whole process. We bring ideas to life early. We prototype to keep improving along the way. \",\"image\":\"\",\"textColor\":\"#000000\",\"backgroundColor\":\"#ffffff\",\"imagePosition\":\"left\"}}},\"41\":\"Orangina\",\"31\":\"\",\"40\":\"\",\"39\":\"A quirky new online appearance for a soda brand \",\"36\":\"\",\"43\":\"responsiveWebsite\",\"42\":\"\",\"34\":\"\"}}', '2016-02-26 14:13:03', '2016-02-26 14:13:03', '0cfafbdb-97a8-4a5a-8c52-f61abfd37356'),
 ('30', '10', '3', '1', 'en_us', '20', '', '{\"typeId\":\"3\",\"authorId\":\"1\",\"title\":\"Orangina global website\",\"slug\":\"orangina\",\"postDate\":1456411320,\"expiryDate\":null,\"enabled\":1,\"parentId\":null,\"fields\":{\"3\":{\"12\":{\"type\":\"textFullWidth\",\"enabled\":\"1\",\"fields\":{\"body\":\"Orangina refreshed their brand identity Achtung!\\/Kraftwerk wastasked to extend their newbrand identity to a fresh online experience. \",\"textColor\":\"#000000\",\"backgroundColor\":\"#ffffff\"}},\"14\":{\"type\":\"largeImage\",\"enabled\":\"1\",\"fields\":{\"image\":[\"13\"],\"backgroundImage\":[\"16\"],\"backgroundColor\":\"#000000\"}},\"17\":{\"type\":\"textTwoColumns\",\"enabled\":\"1\",\"fields\":{\"heading\":\"Strategy, Concept & UX\",\"intro\":\"The content of the new Orangina website was meantto be kept simple serving a few main purposes.\",\"body\":\"In general there were two main obectives, informing people about the available range of Orangina products and telling them about the history of Orangina as a brand. The homepage would then serve as a hub to these two objectives, as well as to the Orangina social channels.\",\"textColor\":\"#ffffff\",\"backgroundColor\":\"#fda519\"}},\"19\":{\"type\":\"video\",\"enabled\":\"1\",\"fields\":{\"coverImage\":\"\",\"video\":[\"18\"],\"backgroundColor\":\"#ffa600\"}},\"20\":{\"type\":\"textTwoColumns\",\"enabled\":\"1\",\"fields\":{\"heading\":\"Design elements\",\"intro\":\"Colors for the Orangina website were besides the brand\\u2019s Blue and Yellow, based on the labels of the different flavours. \",\"body\":\"\",\"textColor\":\"#000000\",\"backgroundColor\":\"#ffffff\"}},\"22\":{\"type\":\"largeImage\",\"enabled\":\"1\",\"fields\":{\"image\":[\"21\"],\"backgroundImage\":\"\",\"backgroundColor\":\"#ffffff\"}},\"23\":{\"type\":\"textWithImage\",\"enabled\":\"1\",\"fields\":{\"heading\":\"Iconography\",\"intro\":\"To add on the playfull, quirky identity of Orangina, we created an iconset that was used throughout the website.\",\"body\":\"Our hands on mentality can be found throughout the whole process. We bring ideas to life early. We prototype to keep improving along the way. \",\"image\":\"\",\"textColor\":\"#000000\",\"backgroundColor\":\"#ffffff\",\"imagePosition\":\"left\"}}},\"41\":\"Orangina\",\"31\":\"\",\"40\":\"\",\"39\":\"A quirky new online appearance for a soda brand \",\"36\":\"\",\"43\":\"responsiveWebsite\",\"42\":\"\",\"34\":\"\"}}', '2016-02-26 14:14:11', '2016-02-26 14:14:11', '70c599bb-e15b-4926-bb6c-13454c8b5d3a'),
 ('31', '10', '3', '1', 'en_us', '21', '', '{\"typeId\":\"3\",\"authorId\":\"1\",\"title\":\"Orangina global website\",\"slug\":\"orangina\",\"postDate\":1456411320,\"expiryDate\":null,\"enabled\":1,\"parentId\":null,\"fields\":{\"3\":{\"12\":{\"type\":\"textFullWidth\",\"enabled\":\"1\",\"fields\":{\"body\":\"Orangina refreshed their brand identity Achtung!\\/Kraftwerk wastasked to extend their newbrand identity to a fresh online experience. \",\"textColor\":\"#000000\",\"backgroundColor\":\"#ffffff\"}},\"14\":{\"type\":\"largeImage\",\"enabled\":\"1\",\"fields\":{\"image\":[\"13\"],\"backgroundImage\":[\"16\"],\"backgroundColor\":\"#000000\"}},\"17\":{\"type\":\"textTwoColumns\",\"enabled\":\"1\",\"fields\":{\"heading\":\"Strategy, Concept & UX\",\"intro\":\"The content of the new Orangina website was meantto be kept simple serving a few main purposes.\",\"body\":\"In general there were two main obectives, informing people about the available range of Orangina products and telling them about the history of Orangina as a brand. The homepage would then serve as a hub to these two objectives, as well as to the Orangina social channels.\",\"textColor\":\"#ffffff\",\"backgroundColor\":\"#fda519\"}},\"19\":{\"type\":\"video\",\"enabled\":\"1\",\"fields\":{\"coverImage\":\"\",\"video\":[\"18\"],\"backgroundColor\":\"#ffa600\"}},\"20\":{\"type\":\"textTwoColumns\",\"enabled\":\"1\",\"fields\":{\"heading\":\"Design elements\",\"intro\":\"Colors for the Orangina website were besides the brand\\u2019s Blue and Yellow, based on the labels of the different flavours. \",\"body\":\"\",\"textColor\":\"#000000\",\"backgroundColor\":\"#ffffff\"}},\"22\":{\"type\":\"largeImage\",\"enabled\":\"1\",\"fields\":{\"image\":[\"21\"],\"backgroundImage\":\"\",\"backgroundColor\":\"#ffffff\"}},\"23\":{\"type\":\"textWithImage\",\"enabled\":\"1\",\"fields\":{\"heading\":\"Iconography\",\"intro\":\"To add on the playfull, quirky identity of Orangina, we created an iconset that was used throughout the website.\",\"body\":\"Our hands on mentality can be found throughout the whole process. We bring ideas to life early. We prototype to keep improving along the way. \",\"image\":\"\",\"textColor\":\"#000000\",\"backgroundColor\":\"#ffffff\",\"imagePosition\":\"left\"}}},\"41\":\"Orangina\",\"31\":\"\",\"40\":\"\",\"39\":\"A quirky new online appearance for a soda brand \",\"36\":\"\",\"43\":\"responsiveWebsite\",\"42\":\"\",\"34\":\"\"}}', '2016-02-29 09:22:55', '2016-02-29 09:22:55', '42c7d36b-7551-414a-9db0-0ca85bec7aa8'),
 ('32', '10', '3', '1', 'en_us', '22', '', '{\"typeId\":\"3\",\"authorId\":\"1\",\"title\":\"Orangina global website\",\"slug\":\"orangina\",\"postDate\":1456411320,\"expiryDate\":null,\"enabled\":1,\"parentId\":null,\"fields\":{\"3\":{\"12\":{\"type\":\"textFullWidth\",\"enabled\":\"1\",\"fields\":{\"body\":\"Orangina refreshed their brand identity Achtung!\\/Kraftwerk wastasked to extend their newbrand identity to a fresh online experience. \",\"textColor\":\"#000000\",\"backgroundColor\":\"#ffffff\"}},\"14\":{\"type\":\"largeImage\",\"enabled\":\"1\",\"fields\":{\"image\":[\"13\"],\"backgroundImage\":[\"16\"],\"backgroundColor\":\"#000000\"}},\"17\":{\"type\":\"textTwoColumns\",\"enabled\":\"1\",\"fields\":{\"heading\":\"Strategy, Concept & UX\",\"intro\":\"The content of the new Orangina website was meantto be kept simple serving a few main purposes.\",\"body\":\"In general there were two main obectives, informing people about the available range of Orangina products and telling them about the history of Orangina as a brand. The homepage would then serve as a hub to these two objectives, as well as to the Orangina social channels.\",\"textColor\":\"#ffffff\",\"backgroundColor\":\"#fda519\"}},\"19\":{\"type\":\"video\",\"enabled\":\"1\",\"fields\":{\"coverImage\":\"\",\"video\":[\"18\"],\"backgroundColor\":\"#ffa600\"}},\"20\":{\"type\":\"textTwoColumns\",\"enabled\":\"1\",\"fields\":{\"heading\":\"Design elements\",\"intro\":\"Colors for the Orangina website were besides the brand\\u2019s Blue and Yellow, based on the labels of the different flavours. \",\"body\":\"\",\"textColor\":\"#000000\",\"backgroundColor\":\"#ffffff\"}},\"22\":{\"type\":\"largeImage\",\"enabled\":\"1\",\"fields\":{\"image\":[\"21\"],\"backgroundImage\":\"\",\"backgroundColor\":\"#ffffff\"}},\"23\":{\"type\":\"textWithImage\",\"enabled\":\"1\",\"fields\":{\"heading\":\"Iconography\",\"intro\":\"To add on the playfull, quirky identity of Orangina, we created an iconset that was used throughout the website.\",\"body\":\"Our hands on mentality can be found throughout the whole process. We bring ideas to life early. We prototype to keep improving along the way. \",\"image\":[\"24\"],\"textColor\":\"#000000\",\"backgroundColor\":\"#ffffff\",\"imagePosition\":\"left\"}}},\"41\":\"Orangina\",\"31\":\"\",\"40\":\"\",\"39\":\"A quirky new online appearance for a soda brand \",\"36\":\"\",\"43\":\"responsiveWebsite\",\"42\":\"\",\"34\":\"\"}}', '2016-02-29 09:29:05', '2016-02-29 09:29:05', '4207d07c-287c-4e14-9f37-dcff9c0abdb6'),
 ('33', '10', '3', '1', 'en_us', '23', '', '{\"typeId\":\"3\",\"authorId\":\"1\",\"title\":\"Orangina global website\",\"slug\":\"orangina\",\"postDate\":1456411320,\"expiryDate\":null,\"enabled\":1,\"parentId\":null,\"fields\":{\"3\":{\"12\":{\"type\":\"textFullWidth\",\"enabled\":\"1\",\"fields\":{\"body\":\"Orangina refreshed their brand identity Achtung!\\/Kraftwerk wastasked to extend their newbrand identity to a fresh online experience. \",\"textColor\":\"#000000\",\"backgroundColor\":\"#ffffff\"}},\"14\":{\"type\":\"largeImage\",\"enabled\":\"1\",\"fields\":{\"image\":[\"13\"],\"backgroundImage\":[\"16\"],\"backgroundColor\":\"#000000\"}},\"17\":{\"type\":\"textTwoColumns\",\"enabled\":\"1\",\"fields\":{\"heading\":\"Strategy, Concept & UX\",\"intro\":\"The content of the new Orangina website was meantto be kept simple serving a few main purposes.\",\"body\":\"In general there were two main obectives, informing people about the available range of Orangina products and telling them about the history of Orangina as a brand. The homepage would then serve as a hub to these two objectives, as well as to the Orangina social channels.\",\"textColor\":\"#ffffff\",\"backgroundColor\":\"#fda519\"}},\"19\":{\"type\":\"video\",\"enabled\":\"1\",\"fields\":{\"coverImage\":\"\",\"video\":[\"18\"],\"backgroundColor\":\"#ffa600\"}},\"20\":{\"type\":\"textTwoColumns\",\"enabled\":\"1\",\"fields\":{\"heading\":\"Design elements\",\"intro\":\"Colors for the Orangina website were besides the brand\\u2019s Blue and Yellow, based on the labels of the different flavours. \",\"body\":\"\",\"textColor\":\"#000000\",\"backgroundColor\":\"#ffffff\"}},\"22\":{\"type\":\"largeImage\",\"enabled\":\"1\",\"fields\":{\"image\":[\"21\"],\"backgroundImage\":\"\",\"backgroundColor\":\"#ffffff\"}},\"23\":{\"type\":\"textWithImage\",\"enabled\":\"1\",\"fields\":{\"heading\":\"Iconography\",\"intro\":\"To add on the playfull, quirky identity of Orangina, we created an iconset that was used throughout the website.\",\"body\":\"Our hands on mentality can be found throughout the whole process. We bring ideas to life early. We prototype to keep improving along the way. \",\"image\":[\"24\"],\"textColor\":\"#000000\",\"backgroundColor\":\"#ffffff\",\"imagePosition\":\"right\"}}},\"41\":\"Orangina\",\"31\":\"\",\"40\":\"\",\"39\":\"A quirky new online appearance for a soda brand \",\"36\":\"\",\"43\":\"responsiveWebsite\",\"42\":\"\",\"34\":\"\"}}', '2016-02-29 09:29:41', '2016-02-29 09:29:41', '1889cabf-b6c7-4aa9-b613-88e65d5fd685'),
 ('34', '10', '3', '1', 'en_us', '24', '', '{\"typeId\":\"3\",\"authorId\":\"1\",\"title\":\"Orangina global website\",\"slug\":\"orangina\",\"postDate\":1456411320,\"expiryDate\":null,\"enabled\":1,\"parentId\":null,\"fields\":{\"3\":{\"12\":{\"type\":\"textFullWidth\",\"enabled\":\"1\",\"fields\":{\"body\":\"Orangina refreshed their brand identity Achtung!\\/Kraftwerk wastasked to extend their newbrand identity to a fresh online experience. \",\"textColor\":\"#000000\",\"backgroundColor\":\"#ffffff\"}},\"14\":{\"type\":\"largeImage\",\"enabled\":\"1\",\"fields\":{\"image\":[\"13\"],\"backgroundImage\":[\"16\"],\"backgroundColor\":\"#000000\"}},\"17\":{\"type\":\"textTwoColumns\",\"enabled\":\"1\",\"fields\":{\"heading\":\"Strategy, Concept & UX\",\"intro\":\"The content of the new Orangina website was meantto be kept simple serving a few main purposes.\",\"body\":\"In general there were two main obectives, informing people about the available range of Orangina products and telling them about the history of Orangina as a brand. The homepage would then serve as a hub to these two objectives, as well as to the Orangina social channels.\",\"textColor\":\"#ffffff\",\"backgroundColor\":\"#fda519\"}},\"19\":{\"type\":\"video\",\"enabled\":\"1\",\"fields\":{\"coverImage\":\"\",\"video\":[\"18\"],\"backgroundColor\":\"#ffa600\"}},\"20\":{\"type\":\"textTwoColumns\",\"enabled\":\"1\",\"fields\":{\"heading\":\"Design elements\",\"intro\":\"Colors for the Orangina website were besides the brand\\u2019s Blue and Yellow, based on the labels of the different flavours. \",\"body\":\"\",\"textColor\":\"#000000\",\"backgroundColor\":\"#ffffff\"}},\"22\":{\"type\":\"largeImage\",\"enabled\":\"1\",\"fields\":{\"image\":[\"21\"],\"backgroundImage\":\"\",\"backgroundColor\":\"#ffffff\"}},\"23\":{\"type\":\"textWithImage\",\"enabled\":\"1\",\"fields\":{\"heading\":\"Iconography\",\"intro\":\"To add on the playfull, quirky identity of Orangina, we created an iconset that was used throughout the website.\",\"body\":\"Our hands on mentality can be found throughout the whole process. We bring ideas to life early. We prototype to keep improving along the way. \",\"image\":[\"24\"],\"textColor\":\"#000000\",\"backgroundColor\":\"#ffffff\",\"imagePosition\":\"right\"}},\"new1\":{\"type\":\"textTwoColumns\",\"enabled\":\"1\",\"fields\":{\"heading\":\"Final Designs\",\"intro\":\"The content of the new Orangina website was meantto be kept simple serving a few main purposes.\",\"body\":\"In general there were two main obectives, informing people about the available range of Orangina products and telling them about the history of Orangina as a brand. The homepage would then serve as a hub to these two objectives, as well as to the Orangina social channels.\",\"textColor\":\"#ffffff\",\"backgroundColor\":\"#092865\"}}},\"41\":\"Orangina\",\"31\":\"\",\"40\":\"\",\"39\":\"A quirky new online appearance for a soda brand \",\"36\":\"\",\"43\":\"responsiveWebsite\",\"42\":\"\",\"34\":\"\"}}', '2016-02-29 09:37:51', '2016-02-29 09:37:51', '5cb84c78-ab2b-4895-82ad-fb5cde1b8d53'),
 ('35', '10', '3', '1', 'en_us', '25', '', '{\"typeId\":\"3\",\"authorId\":\"1\",\"title\":\"Orangina global website\",\"slug\":\"orangina\",\"postDate\":1456411320,\"expiryDate\":null,\"enabled\":1,\"parentId\":null,\"fields\":{\"3\":{\"12\":{\"type\":\"textFullWidth\",\"enabled\":\"1\",\"fields\":{\"body\":\"Orangina refreshed their brand identity Achtung!\\/Kraftwerk wastasked to extend their newbrand identity to a fresh online experience. \",\"textColor\":\"#000000\",\"backgroundColor\":\"#ffffff\"}},\"14\":{\"type\":\"largeImage\",\"enabled\":\"1\",\"fields\":{\"image\":[\"13\"],\"backgroundImage\":[\"16\"],\"backgroundColor\":\"#000000\"}},\"17\":{\"type\":\"textTwoColumns\",\"enabled\":\"1\",\"fields\":{\"heading\":\"Strategy, Concept & UX\",\"intro\":\"The content of the new Orangina website was meantto be kept simple serving a few main purposes.\",\"body\":\"In general there were two main obectives, informing people about the available range of Orangina products and telling them about the history of Orangina as a brand. The homepage would then serve as a hub to these two objectives, as well as to the Orangina social channels.\",\"textColor\":\"#ffffff\",\"backgroundColor\":\"#fda519\"}},\"19\":{\"type\":\"video\",\"enabled\":\"1\",\"fields\":{\"coverImage\":\"\",\"video\":[\"18\"],\"backgroundColor\":\"#ffa600\"}},\"20\":{\"type\":\"textTwoColumns\",\"enabled\":\"1\",\"fields\":{\"heading\":\"Design elements\",\"intro\":\"Colors for the Orangina website were besides the brand\\u2019s Blue and Yellow, based on the labels of the different flavours. \",\"body\":\"\",\"textColor\":\"#000000\",\"backgroundColor\":\"#ffffff\"}},\"22\":{\"type\":\"largeImage\",\"enabled\":\"1\",\"fields\":{\"image\":[\"21\"],\"backgroundImage\":\"\",\"backgroundColor\":\"#ffffff\"}},\"23\":{\"type\":\"textWithImage\",\"enabled\":\"1\",\"fields\":{\"heading\":\"Iconography\",\"intro\":\"To add on the playfull, quirky identity of Orangina, we created an iconset that was used throughout the website.\",\"body\":\"Our hands on mentality can be found throughout the whole process. We bring ideas to life early. We prototype to keep improving along the way. \",\"image\":[\"24\"],\"textColor\":\"#000000\",\"backgroundColor\":\"#ffffff\",\"imagePosition\":\"right\"}},\"25\":{\"type\":\"textTwoColumns\",\"enabled\":\"1\",\"fields\":{\"heading\":\"Final Designs\",\"intro\":\"The content of the new Orangina website was meantto be kept simple serving a few main purposes.\",\"body\":\"In general there were two main obectives, informing people about the available range of Orangina products and telling them about the history of Orangina as a brand. The homepage would then serve as a hub to these two objectives, as well as to the Orangina social channels.\",\"textColor\":\"#ffffff\",\"backgroundColor\":\"#092865\"}},\"new1\":{\"type\":\"imageGallery\",\"enabled\":\"1\",\"fields\":{\"images\":[\"26\",\"28\",\"27\"],\"backgroundColor\":\"#092865\"}}},\"41\":\"Orangina\",\"31\":\"\",\"40\":\"\",\"39\":\"A quirky new online appearance for a soda brand \",\"36\":\"\",\"43\":\"responsiveWebsite\",\"42\":\"\",\"34\":\"\"}}', '2016-02-29 09:41:30', '2016-02-29 09:41:30', 'a34f0605-507b-47d4-bbd4-9b3811251aee'),
 ('36', '10', '3', '1', 'en_us', '26', '', '{\"typeId\":\"3\",\"authorId\":\"1\",\"title\":\"Orangina global website\",\"slug\":\"orangina\",\"postDate\":1456411320,\"expiryDate\":null,\"enabled\":1,\"parentId\":null,\"fields\":{\"3\":{\"12\":{\"type\":\"textFullWidth\",\"enabled\":\"1\",\"fields\":{\"body\":\"Orangina refreshed their brand identity Achtung!\\/Kraftwerk wastasked to extend their newbrand identity to a fresh online experience. \",\"textColor\":\"#000000\",\"backgroundColor\":\"#ffffff\"}},\"14\":{\"type\":\"largeImage\",\"enabled\":\"1\",\"fields\":{\"image\":[\"13\"],\"backgroundImage\":[\"16\"],\"backgroundColor\":\"#000000\"}},\"17\":{\"type\":\"textTwoColumns\",\"enabled\":\"1\",\"fields\":{\"heading\":\"Strategy, Concept & UX\",\"intro\":\"The content of the new Orangina website was meantto be kept simple serving a few main purposes.\",\"body\":\"In general there were two main obectives, informing people about the available range of Orangina products and telling them about the history of Orangina as a brand. The homepage would then serve as a hub to these two objectives, as well as to the Orangina social channels.\",\"textColor\":\"#ffffff\",\"backgroundColor\":\"#fda519\"}},\"19\":{\"type\":\"video\",\"enabled\":\"1\",\"fields\":{\"coverImage\":\"\",\"video\":[\"18\"],\"backgroundColor\":\"#ffa600\"}},\"20\":{\"type\":\"textTwoColumns\",\"enabled\":\"1\",\"fields\":{\"heading\":\"Design elements\",\"intro\":\"Colors for the Orangina website were besides the brand\\u2019s Blue and Yellow, based on the labels of the different flavours. \",\"body\":\"\",\"textColor\":\"#000000\",\"backgroundColor\":\"#ffffff\"}},\"22\":{\"type\":\"largeImage\",\"enabled\":\"1\",\"fields\":{\"image\":[\"21\"],\"backgroundImage\":\"\",\"backgroundColor\":\"#ffffff\"}},\"23\":{\"type\":\"textWithImage\",\"enabled\":\"1\",\"fields\":{\"heading\":\"Iconography\",\"intro\":\"To add on the playfull, quirky identity of Orangina, we created an iconset that was used throughout the website.\",\"body\":\"Our hands on mentality can be found throughout the whole process. We bring ideas to life early. We prototype to keep improving along the way. \",\"image\":[\"24\"],\"textColor\":\"#000000\",\"backgroundColor\":\"#ffffff\",\"imagePosition\":\"right\"}},\"25\":{\"type\":\"textTwoColumns\",\"enabled\":\"1\",\"fields\":{\"heading\":\"Final Designs\",\"intro\":\"The content of the new Orangina website was meantto be kept simple serving a few main purposes.\",\"body\":\"In general there were two main obectives, informing people about the available range of Orangina products and telling them about the history of Orangina as a brand. The homepage would then serve as a hub to these two objectives, as well as to the Orangina social channels.\",\"textColor\":\"#ffffff\",\"backgroundColor\":\"#092865\"}},\"29\":{\"type\":\"imageGallery\",\"enabled\":\"1\",\"fields\":{\"images\":[\"26\",\"28\",\"27\"],\"backgroundColor\":\"#092865\"}}},\"41\":\"Orangina\",\"31\":\"\",\"40\":\"\",\"39\":\"A quirky new online appearance for a soda brand \",\"36\":{\"new1\":{\"type\":\"honour\",\"enabled\":\"1\",\"fields\":{\"honorName\":\"FWA SOTD\",\"logo\":\"\"},\"collapsed\":\"\"}},\"43\":\"responsiveWebsite\",\"42\":\"\",\"34\":\"\"}}', '2016-02-29 09:51:11', '2016-02-29 09:51:11', 'f9a7375e-2742-402f-9e70-96220b7bb820'),
 ('37', '10', '3', '1', 'en_us', '27', '', '{\"typeId\":\"3\",\"authorId\":\"1\",\"title\":\"Orangina global website\",\"slug\":\"orangina\",\"postDate\":1456411320,\"expiryDate\":null,\"enabled\":1,\"parentId\":null,\"fields\":{\"3\":{\"12\":{\"type\":\"textFullWidth\",\"enabled\":\"1\",\"fields\":{\"body\":\"Orangina refreshed their brand identity Achtung!\\/Kraftwerk wastasked to extend their newbrand identity to a fresh online experience. \",\"textColor\":\"#000000\",\"backgroundColor\":\"#ffffff\"}},\"14\":{\"type\":\"largeImage\",\"enabled\":\"1\",\"fields\":{\"image\":[\"13\"],\"backgroundImage\":[\"16\"],\"backgroundColor\":\"#000000\"}},\"17\":{\"type\":\"textTwoColumns\",\"enabled\":\"1\",\"fields\":{\"heading\":\"Strategy, Concept & UX\",\"intro\":\"The content of the new Orangina website was meantto be kept simple serving a few main purposes.\",\"body\":\"In general there were two main obectives, informing people about the available range of Orangina products and telling them about the history of Orangina as a brand. The homepage would then serve as a hub to these two objectives, as well as to the Orangina social channels.\",\"textColor\":\"#ffffff\",\"backgroundColor\":\"#fda519\"}},\"19\":{\"type\":\"video\",\"enabled\":\"1\",\"fields\":{\"coverImage\":\"\",\"video\":[\"18\"],\"backgroundColor\":\"#ffa600\"}},\"20\":{\"type\":\"textTwoColumns\",\"enabled\":\"1\",\"fields\":{\"heading\":\"Design elements\",\"intro\":\"Colors for the Orangina website were besides the brand\\u2019s Blue and Yellow, based on the labels of the different flavours. \",\"body\":\"\",\"textColor\":\"#000000\",\"backgroundColor\":\"#ffffff\"}},\"22\":{\"type\":\"largeImage\",\"enabled\":\"1\",\"fields\":{\"image\":[\"21\"],\"backgroundImage\":\"\",\"backgroundColor\":\"#ffffff\"}},\"23\":{\"type\":\"textWithImage\",\"enabled\":\"1\",\"fields\":{\"heading\":\"Iconography\",\"intro\":\"To add on the playfull, quirky identity of Orangina, we created an iconset that was used throughout the website.\",\"body\":\"Our hands on mentality can be found throughout the whole process. We bring ideas to life early. We prototype to keep improving along the way. \",\"image\":[\"24\"],\"textColor\":\"#000000\",\"backgroundColor\":\"#ffffff\",\"imagePosition\":\"right\"}},\"25\":{\"type\":\"textTwoColumns\",\"enabled\":\"1\",\"fields\":{\"heading\":\"Final Designs\",\"intro\":\"The content of the new Orangina website was meantto be kept simple serving a few main purposes.\",\"body\":\"In general there were two main obectives, informing people about the available range of Orangina products and telling them about the history of Orangina as a brand. The homepage would then serve as a hub to these two objectives, as well as to the Orangina social channels.\",\"textColor\":\"#ffffff\",\"backgroundColor\":\"#092865\"}},\"29\":{\"type\":\"imageGallery\",\"enabled\":\"1\",\"fields\":{\"images\":[\"26\",\"28\",\"27\"],\"backgroundColor\":\"#092865\"}}},\"41\":\"Orangina\",\"31\":\"\",\"40\":\"\",\"39\":\"A quirky new online appearance for a soda brand \",\"36\":{\"30\":{\"type\":\"honour\",\"enabled\":\"1\",\"fields\":{\"honorName\":\"FWA SOTD\",\"logo\":\"\"}}},\"43\":\"responsiveWebsite\",\"42\":\"\",\"34\":\"\"}}', '2016-02-29 09:51:42', '2016-02-29 09:51:42', 'f081b67b-0cf2-4117-ba21-1438c4fba57e'),
 ('38', '10', '3', '1', 'en_us', '28', '', '{\"typeId\":\"3\",\"authorId\":\"1\",\"title\":\"Orangina global website\",\"slug\":\"orangina\",\"postDate\":1456411320,\"expiryDate\":null,\"enabled\":1,\"parentId\":null,\"fields\":{\"3\":{\"12\":{\"type\":\"textFullWidth\",\"enabled\":\"1\",\"fields\":{\"body\":\"Orangina refreshed their brand identity Achtung!\\/Kraftwerk wastasked to extend their newbrand identity to a fresh online experience. \",\"textColor\":\"#000000\",\"backgroundColor\":\"#ffffff\"}},\"14\":{\"type\":\"largeImage\",\"enabled\":\"1\",\"fields\":{\"image\":[\"13\"],\"backgroundImage\":[\"16\"],\"backgroundColor\":\"#000000\"}},\"17\":{\"type\":\"textTwoColumns\",\"enabled\":\"1\",\"fields\":{\"heading\":\"Strategy, Concept & UX\",\"intro\":\"The content of the new Orangina website was meantto be kept simple serving a few main purposes.\",\"body\":\"In general there were two main obectives, informing people about the available range of Orangina products and telling them about the history of Orangina as a brand. The homepage would then serve as a hub to these two objectives, as well as to the Orangina social channels.\",\"textColor\":\"#ffffff\",\"backgroundColor\":\"#fda519\"}},\"19\":{\"type\":\"video\",\"enabled\":\"1\",\"fields\":{\"coverImage\":\"\",\"video\":[\"18\"],\"backgroundColor\":\"#ffa600\"}},\"20\":{\"type\":\"textTwoColumns\",\"enabled\":\"1\",\"fields\":{\"heading\":\"Design elements\",\"intro\":\"Colors for the Orangina website were besides the brand\\u2019s Blue and Yellow, based on the labels of the different flavours. \",\"body\":\"\",\"textColor\":\"#000000\",\"backgroundColor\":\"#ffffff\"}},\"22\":{\"type\":\"largeImage\",\"enabled\":\"1\",\"fields\":{\"image\":[\"21\"],\"backgroundImage\":\"\",\"backgroundColor\":\"#ffffff\"}},\"23\":{\"type\":\"textWithImage\",\"enabled\":\"1\",\"fields\":{\"heading\":\"Iconography\",\"intro\":\"To add on the playfull, quirky identity of Orangina, we created an iconset that was used throughout the website.\",\"body\":\"Our hands on mentality can be found throughout the whole process. We bring ideas to life early. We prototype to keep improving along the way. \",\"image\":[\"24\"],\"textColor\":\"#000000\",\"backgroundColor\":\"#ffffff\",\"imagePosition\":\"right\"}},\"25\":{\"type\":\"textTwoColumns\",\"enabled\":\"1\",\"fields\":{\"heading\":\"Final Designs\",\"intro\":\"The content of the new Orangina website was meantto be kept simple serving a few main purposes.\",\"body\":\"In general there were two main obectives, informing people about the available range of Orangina products and telling them about the history of Orangina as a brand. The homepage would then serve as a hub to these two objectives, as well as to the Orangina social channels.\",\"textColor\":\"#ffffff\",\"backgroundColor\":\"#092865\"}},\"29\":{\"type\":\"imageGallery\",\"enabled\":\"1\",\"fields\":{\"images\":[\"26\",\"28\",\"27\"],\"backgroundColor\":\"#092865\"}}},\"41\":\"Orangina\",\"31\":\"\",\"40\":\"\",\"39\":\"A quirky new online appearance for a soda brand \",\"36\":{\"30\":{\"type\":\"honour\",\"enabled\":\"1\",\"fields\":{\"honorName\":\"FWA SOTD\",\"logo\":[\"31\"]}}},\"43\":\"responsiveWebsite\",\"42\":\"\",\"34\":\"\"}}', '2016-02-29 09:56:09', '2016-02-29 09:56:09', 'ae5288ae-6ebe-4a91-9ad6-0bf81046f980'),
 ('39', '10', '3', '1', 'en_us', '29', '', '{\"typeId\":\"3\",\"authorId\":\"1\",\"title\":\"Orangina global website\",\"slug\":\"orangina\",\"postDate\":1456411320,\"expiryDate\":null,\"enabled\":1,\"parentId\":null,\"fields\":{\"3\":{\"12\":{\"type\":\"textFullWidth\",\"enabled\":\"1\",\"fields\":{\"body\":\"Orangina refreshed their brand identity Achtung!\\/Kraftwerk wastasked to extend their newbrand identity to a fresh online experience. \",\"textColor\":\"#000000\",\"backgroundColor\":\"#ffffff\"}},\"14\":{\"type\":\"largeImage\",\"enabled\":\"1\",\"fields\":{\"image\":[\"13\"],\"backgroundImage\":[\"16\"],\"backgroundColor\":\"#000000\"}},\"17\":{\"type\":\"textTwoColumns\",\"enabled\":\"1\",\"fields\":{\"heading\":\"Strategy, Concept & UX\",\"intro\":\"The content of the new Orangina website was meantto be kept simple serving a few main purposes.\",\"body\":\"In general there were two main obectives, informing people about the available range of Orangina products and telling them about the history of Orangina as a brand. The homepage would then serve as a hub to these two objectives, as well as to the Orangina social channels.\",\"textColor\":\"#ffffff\",\"backgroundColor\":\"#fda519\"}},\"19\":{\"type\":\"video\",\"enabled\":\"1\",\"fields\":{\"coverImage\":\"\",\"video\":[\"18\"],\"backgroundColor\":\"#ffa600\"}},\"20\":{\"type\":\"textTwoColumns\",\"enabled\":\"1\",\"fields\":{\"heading\":\"Design elements\",\"intro\":\"Colors for the Orangina website were besides the brand\\u2019s Blue and Yellow, based on the labels of the different flavours. \",\"body\":\"\",\"textColor\":\"#000000\",\"backgroundColor\":\"#ffffff\"}},\"22\":{\"type\":\"largeImage\",\"enabled\":\"1\",\"fields\":{\"image\":[\"21\"],\"backgroundImage\":\"\",\"backgroundColor\":\"#ffffff\"}},\"23\":{\"type\":\"textWithImage\",\"enabled\":\"1\",\"fields\":{\"heading\":\"Iconography\",\"intro\":\"To add on the playfull, quirky identity of Orangina, we created an iconset that was used throughout the website.\",\"body\":\"Our hands on mentality can be found throughout the whole process. We bring ideas to life early. We prototype to keep improving along the way. \",\"image\":[\"24\"],\"textColor\":\"#000000\",\"backgroundColor\":\"#ffffff\",\"imagePosition\":\"right\"}},\"25\":{\"type\":\"textTwoColumns\",\"enabled\":\"1\",\"fields\":{\"heading\":\"Final Designs\",\"intro\":\"The content of the new Orangina website was meantto be kept simple serving a few main purposes.\",\"body\":\"In general there were two main obectives, informing people about the available range of Orangina products and telling them about the history of Orangina as a brand. The homepage would then serve as a hub to these two objectives, as well as to the Orangina social channels.\",\"textColor\":\"#ffffff\",\"backgroundColor\":\"#092865\"}},\"29\":{\"type\":\"imageGallery\",\"enabled\":\"1\",\"fields\":{\"images\":[\"26\",\"28\",\"27\"],\"backgroundColor\":\"#092865\"}}},\"41\":\"Orangina\",\"31\":\"\",\"40\":\"\",\"39\":\"A quirky new online appearance for a soda brand \",\"36\":{\"30\":{\"type\":\"honour\",\"enabled\":\"1\",\"fields\":{\"honorName\":\"FWA SOTD\",\"logo\":[\"32\"]}}},\"43\":\"responsiveWebsite\",\"42\":\"\",\"34\":\"\"}}', '2016-02-29 09:58:11', '2016-02-29 09:58:11', 'd222ae8b-1bd7-4c65-bb2a-0b61e281625b'),
 ('40', '10', '3', '1', 'en_us', '30', '', '{\"typeId\":\"3\",\"authorId\":\"1\",\"title\":\"Orangina global website\",\"slug\":\"orangina\",\"postDate\":1456411320,\"expiryDate\":null,\"enabled\":1,\"parentId\":null,\"fields\":{\"3\":{\"12\":{\"type\":\"textFullWidth\",\"enabled\":\"1\",\"fields\":{\"body\":\"Orangina refreshed their brand identity Achtung!\\/Kraftwerk wastasked to extend their newbrand identity to a fresh online experience. \",\"textColor\":\"#000000\",\"backgroundColor\":\"#ffffff\"}},\"14\":{\"type\":\"largeImage\",\"enabled\":\"1\",\"fields\":{\"image\":[\"13\"],\"backgroundImage\":[\"16\"],\"backgroundColor\":\"#000000\"}},\"17\":{\"type\":\"textTwoColumns\",\"enabled\":\"1\",\"fields\":{\"heading\":\"Strategy, Concept & UX\",\"intro\":\"The content of the new Orangina website was meantto be kept simple serving a few main purposes.\",\"body\":\"In general there were two main obectives, informing people about the available range of Orangina products and telling them about the history of Orangina as a brand. The homepage would then serve as a hub to these two objectives, as well as to the Orangina social channels.\",\"textColor\":\"#ffffff\",\"backgroundColor\":\"#fda519\"}},\"19\":{\"type\":\"video\",\"enabled\":\"1\",\"fields\":{\"coverImage\":\"\",\"video\":[\"18\"],\"backgroundColor\":\"#ffa600\"}},\"20\":{\"type\":\"textTwoColumns\",\"enabled\":\"1\",\"fields\":{\"heading\":\"Design elements\",\"intro\":\"Colors for the Orangina website were besides the brand\\u2019s Blue and Yellow, based on the labels of the different flavours. \",\"body\":\"\",\"textColor\":\"#000000\",\"backgroundColor\":\"#ffffff\"}},\"22\":{\"type\":\"largeImage\",\"enabled\":\"1\",\"fields\":{\"image\":[\"21\"],\"backgroundImage\":\"\",\"backgroundColor\":\"#ffffff\"}},\"23\":{\"type\":\"textWithImage\",\"enabled\":\"1\",\"fields\":{\"heading\":\"Iconography\",\"intro\":\"To add on the playfull, quirky identity of Orangina, we created an iconset that was used throughout the website.\",\"body\":\"Our hands on mentality can be found throughout the whole process. We bring ideas to life early. We prototype to keep improving along the way. \",\"image\":[\"24\"],\"textColor\":\"#000000\",\"backgroundColor\":\"#ffffff\",\"imagePosition\":\"right\"}},\"25\":{\"type\":\"textTwoColumns\",\"enabled\":\"1\",\"fields\":{\"heading\":\"Final Designs\",\"intro\":\"The content of the new Orangina website was meantto be kept simple serving a few main purposes.\",\"body\":\"In general there were two main obectives, informing people about the available range of Orangina products and telling them about the history of Orangina as a brand. The homepage would then serve as a hub to these two objectives, as well as to the Orangina social channels.\",\"textColor\":\"#ffffff\",\"backgroundColor\":\"#092865\"}},\"29\":{\"type\":\"imageGallery\",\"enabled\":\"1\",\"fields\":{\"images\":[\"26\",\"28\",\"27\"],\"backgroundColor\":\"#092865\"}}},\"41\":\"Orangina\",\"31\":\"\",\"40\":\"\",\"39\":\"A quirky new online appearance for a soda brand \",\"36\":{\"30\":{\"type\":\"honour\",\"enabled\":\"1\",\"fields\":{\"honorName\":\"FWA SOTD\",\"logo\":[\"32\"]}},\"new1\":{\"type\":\"honour\",\"enabled\":\"1\",\"fields\":{\"honorName\":\"FWA MOTD\",\"logo\":[\"32\"]}},\"new2\":{\"type\":\"honour\",\"enabled\":\"1\",\"fields\":{\"honorName\":\"AWWWARDS SOTD\",\"logo\":[\"33\"]}}},\"43\":\"responsiveWebsite\",\"42\":\"\",\"34\":\"\"}}', '2016-02-29 10:00:59', '2016-02-29 10:00:59', 'd33f5816-eaf8-42b9-bc7c-5e2ff650dc83'),
 ('41', '10', '3', '1', 'en_us', '31', '', '{\"typeId\":\"3\",\"authorId\":\"1\",\"title\":\"Orangina global website\",\"slug\":\"orangina\",\"postDate\":1456411320,\"expiryDate\":null,\"enabled\":1,\"parentId\":null,\"fields\":{\"3\":{\"12\":{\"type\":\"textFullWidth\",\"enabled\":\"1\",\"fields\":{\"body\":\"Orangina refreshed their brand identity Achtung!\\/Kraftwerk wastasked to extend their newbrand identity to a fresh online experience. \",\"textColor\":\"#000000\",\"backgroundColor\":\"#ffffff\"}},\"14\":{\"type\":\"largeImage\",\"enabled\":\"1\",\"fields\":{\"image\":[\"13\"],\"backgroundImage\":[\"16\"],\"backgroundColor\":\"#000000\"}},\"17\":{\"type\":\"textTwoColumns\",\"enabled\":\"1\",\"fields\":{\"heading\":\"Strategy, Concept & UX\",\"intro\":\"The content of the new Orangina website was meantto be kept simple serving a few main purposes.\",\"body\":\"In general there were two main obectives, informing people about the available range of Orangina products and telling them about the history of Orangina as a brand. The homepage would then serve as a hub to these two objectives, as well as to the Orangina social channels.\",\"textColor\":\"#ffffff\",\"backgroundColor\":\"#fda519\"}},\"19\":{\"type\":\"video\",\"enabled\":\"1\",\"fields\":{\"coverImage\":\"\",\"video\":[\"18\"],\"backgroundColor\":\"#ffa600\"}},\"20\":{\"type\":\"textTwoColumns\",\"enabled\":\"1\",\"fields\":{\"heading\":\"Design elements\",\"intro\":\"Colors for the Orangina website were besides the brand\\u2019s Blue and Yellow, based on the labels of the different flavours. \",\"body\":\"\",\"textColor\":\"#000000\",\"backgroundColor\":\"#ffffff\"}},\"22\":{\"type\":\"largeImage\",\"enabled\":\"1\",\"fields\":{\"image\":[\"21\"],\"backgroundImage\":\"\",\"backgroundColor\":\"#ffffff\"}},\"23\":{\"type\":\"textWithImage\",\"enabled\":\"1\",\"fields\":{\"heading\":\"Iconography\",\"intro\":\"To add on the playfull, quirky identity of Orangina, we created an iconset that was used throughout the website.\",\"body\":\"Our hands on mentality can be found throughout the whole process. We bring ideas to life early. We prototype to keep improving along the way. \",\"image\":[\"24\"],\"textColor\":\"#000000\",\"backgroundColor\":\"#ffffff\",\"imagePosition\":\"right\"}},\"25\":{\"type\":\"textTwoColumns\",\"enabled\":\"1\",\"fields\":{\"heading\":\"Final Designs\",\"intro\":\"The content of the new Orangina website was meantto be kept simple serving a few main purposes.\",\"body\":\"In general there were two main obectives, informing people about the available range of Orangina products and telling them about the history of Orangina as a brand. The homepage would then serve as a hub to these two objectives, as well as to the Orangina social channels.\",\"textColor\":\"#ffffff\",\"backgroundColor\":\"#092865\"}},\"29\":{\"type\":\"imageGallery\",\"enabled\":\"1\",\"fields\":{\"images\":[\"26\",\"28\",\"27\"],\"backgroundColor\":\"#092865\"}}},\"41\":\"Orangina\",\"31\":{\"new1\":{\"type\":\"item\",\"enabled\":\"1\",\"fields\":{\"role\":\"Development\",\"contributorName\":\"Inalise B.V.\"}}},\"40\":\"\",\"39\":\"A quirky new online appearance for a soda brand \",\"36\":{\"30\":{\"type\":\"honour\",\"enabled\":\"1\",\"fields\":{\"honorName\":\"FWA SOTD\",\"logo\":[\"32\"]}},\"34\":{\"type\":\"honour\",\"enabled\":\"1\",\"fields\":{\"honorName\":\"FWA MOTD\",\"logo\":[\"32\"]}},\"35\":{\"type\":\"honour\",\"enabled\":\"1\",\"fields\":{\"honorName\":\"Awwwards SOTD\",\"logo\":[\"33\"]}}},\"43\":\"responsiveWebsite\",\"42\":\"\",\"34\":{\"new1\":{\"type\":\"role\",\"enabled\":\"1\",\"fields\":{\"role\":\"Interaction design\"}},\"new2\":{\"type\":\"role\",\"enabled\":\"1\",\"fields\":{\"role\":\"UX Design\"}},\"new3\":{\"type\":\"role\",\"enabled\":\"1\",\"fields\":{\"role\":\"Creative direction\"}},\"new4\":{\"type\":\"role\",\"enabled\":\"1\",\"fields\":{\"role\":\"Concept\"}},\"new5\":{\"type\":\"role\",\"enabled\":\"1\",\"fields\":{\"role\":\"Strategy\"}}}}}', '2016-02-29 10:03:07', '2016-02-29 10:03:07', '6884f669-0764-464a-9a7e-fa514034ad56'),
 ('42', '10', '3', '1', 'en_us', '32', '', '{\"typeId\":\"3\",\"authorId\":\"1\",\"title\":\"Orangina global website\",\"slug\":\"orangina\",\"postDate\":1456411320,\"expiryDate\":null,\"enabled\":1,\"parentId\":null,\"fields\":{\"3\":{\"12\":{\"type\":\"textFullWidth\",\"enabled\":\"1\",\"fields\":{\"body\":\"Orangina refreshed their brand identity Achtung!\\/Kraftwerk wastasked to extend their newbrand identity to a fresh online experience. \",\"textColor\":\"#000000\",\"backgroundColor\":\"#ffffff\"}},\"14\":{\"type\":\"largeImage\",\"enabled\":\"1\",\"fields\":{\"image\":[\"13\"],\"backgroundImage\":[\"16\"],\"backgroundColor\":\"#000000\"}},\"17\":{\"type\":\"textTwoColumns\",\"enabled\":\"1\",\"fields\":{\"heading\":\"Strategy, Concept & UX\",\"intro\":\"The content of the new Orangina website was meantto be kept simple serving a few main purposes.\",\"body\":\"In general there were two main obectives, informing people about the available range of Orangina products and telling them about the history of Orangina as a brand. The homepage would then serve as a hub to these two objectives, as well as to the Orangina social channels.\",\"textColor\":\"#ffffff\",\"backgroundColor\":\"#fda519\"}},\"19\":{\"type\":\"video\",\"enabled\":\"1\",\"fields\":{\"coverImage\":\"\",\"video\":[\"18\"],\"backgroundColor\":\"#ffa600\"}},\"20\":{\"type\":\"textTwoColumns\",\"enabled\":\"1\",\"fields\":{\"heading\":\"Design elements\",\"intro\":\"Colors for the Orangina website were besides the brand\\u2019s Blue and Yellow, based on the labels of the different flavours. \",\"body\":\"\",\"textColor\":\"#000000\",\"backgroundColor\":\"#ffffff\"}},\"22\":{\"type\":\"largeImage\",\"enabled\":\"1\",\"fields\":{\"image\":[\"21\"],\"backgroundImage\":\"\",\"backgroundColor\":\"#ffffff\"}},\"23\":{\"type\":\"textWithImage\",\"enabled\":\"1\",\"fields\":{\"heading\":\"Iconography\",\"intro\":\"To add on the playfull, quirky identity of Orangina, we created an iconset that was used throughout the website.\",\"body\":\"Our hands on mentality can be found throughout the whole process. We bring ideas to life early. We prototype to keep improving along the way. \",\"image\":[\"24\"],\"textColor\":\"#000000\",\"backgroundColor\":\"#ffffff\",\"imagePosition\":\"right\"}},\"25\":{\"type\":\"textTwoColumns\",\"enabled\":\"1\",\"fields\":{\"heading\":\"Final Designs\",\"intro\":\"The content of the new Orangina website was meantto be kept simple serving a few main purposes.\",\"body\":\"In general there were two main obectives, informing people about the available range of Orangina products and telling them about the history of Orangina as a brand. The homepage would then serve as a hub to these two objectives, as well as to the Orangina social channels.\",\"textColor\":\"#ffffff\",\"backgroundColor\":\"#092865\"}},\"29\":{\"type\":\"imageGallery\",\"enabled\":\"1\",\"fields\":{\"images\":[\"26\",\"28\",\"27\"],\"backgroundColor\":\"#092865\"}}},\"41\":\"Orangina\",\"31\":{\"36\":{\"type\":\"item\",\"enabled\":\"1\",\"fields\":{\"role\":\"Development\",\"contributorName\":\"Inalise B.V.\"}}},\"40\":\"\",\"39\":\"A quirky new online appearance for a soda brand \",\"36\":{\"30\":{\"type\":\"honour\",\"enabled\":\"1\",\"fields\":{\"honorName\":\"FWA SOTD\",\"logo\":[\"32\"]}},\"34\":{\"type\":\"honour\",\"enabled\":\"1\",\"fields\":{\"honorName\":\"FWA MOTD\",\"logo\":[\"32\"]}},\"35\":{\"type\":\"honour\",\"enabled\":\"1\",\"fields\":{\"honorName\":\"Awwwards SOTD\",\"logo\":[\"33\"]}}},\"43\":\"responsiveWebsite\",\"42\":\"http:\\/\\/orangina.eu\\/\",\"34\":{\"37\":{\"type\":\"role\",\"enabled\":\"1\",\"fields\":{\"role\":\"Interaction design\"}},\"38\":{\"type\":\"role\",\"enabled\":\"1\",\"fields\":{\"role\":\"UX Design\"}},\"39\":{\"type\":\"role\",\"enabled\":\"1\",\"fields\":{\"role\":\"Creative direction\"}},\"40\":{\"type\":\"role\",\"enabled\":\"1\",\"fields\":{\"role\":\"Concept\"}},\"41\":{\"type\":\"role\",\"enabled\":\"1\",\"fields\":{\"role\":\"Strategy\"}}}}}', '2016-02-29 10:18:44', '2016-02-29 10:18:44', '53f005c0-ab6d-4c72-b139-1c2ae0182282'),
 ('43', '10', '3', '1', 'en_us', '33', '', '{\"typeId\":\"3\",\"authorId\":\"1\",\"title\":\"Orangina global website\",\"slug\":\"orangina\",\"postDate\":1456411320,\"expiryDate\":null,\"enabled\":1,\"parentId\":null,\"fields\":{\"3\":{\"12\":{\"type\":\"textFullWidth\",\"enabled\":\"1\",\"fields\":{\"body\":\"Orangina refreshed their brand identity Achtung!\\/Kraftwerk wastasked to extend their newbrand identity to a fresh online experience. \",\"textColor\":\"#000000\",\"backgroundColor\":\"#ffffff\"}},\"14\":{\"type\":\"largeImage\",\"enabled\":\"1\",\"fields\":{\"image\":[\"13\"],\"backgroundImage\":[\"16\"],\"backgroundColor\":\"#000000\"}},\"17\":{\"type\":\"textTwoColumns\",\"enabled\":\"1\",\"fields\":{\"heading\":\"Strategy, Concept & UX\",\"intro\":\"The content of the new Orangina website was meantto be kept simple serving a few main purposes.\",\"body\":\"In general there were two main obectives, informing people about the available range of Orangina products and telling them about the history of Orangina as a brand. The homepage would then serve as a hub to these two objectives, as well as to the Orangina social channels.\",\"textColor\":\"#ffffff\",\"backgroundColor\":\"#fda519\"}},\"19\":{\"type\":\"video\",\"enabled\":\"1\",\"fields\":{\"coverImage\":\"\",\"video\":[\"18\"],\"backgroundColor\":\"#ffa600\"}},\"20\":{\"type\":\"textTwoColumns\",\"enabled\":\"1\",\"fields\":{\"heading\":\"Design elements\",\"intro\":\"Colors for the Orangina website were besides the brand\\u2019s Blue and Yellow, based on the labels of the different flavours. \",\"body\":\"\",\"textColor\":\"#000000\",\"backgroundColor\":\"#ffffff\"}},\"22\":{\"type\":\"largeImage\",\"enabled\":\"1\",\"fields\":{\"image\":[\"21\"],\"backgroundImage\":\"\",\"backgroundColor\":\"#ffffff\"}},\"23\":{\"type\":\"textWithImage\",\"enabled\":\"1\",\"fields\":{\"heading\":\"Iconography\",\"intro\":\"To add on the playfull, quirky identity of Orangina, we created an iconset that was used throughout the website.\",\"body\":\"Our hands on mentality can be found throughout the whole process. We bring ideas to life early. We prototype to keep improving along the way. \",\"image\":[\"24\"],\"textColor\":\"#000000\",\"backgroundColor\":\"#ffffff\",\"imagePosition\":\"right\"}},\"25\":{\"type\":\"textTwoColumns\",\"enabled\":\"1\",\"fields\":{\"heading\":\"Final Designs\",\"intro\":\"The content of the new Orangina website was meantto be kept simple serving a few main purposes.\",\"body\":\"In general there were two main obectives, informing people about the available range of Orangina products and telling them about the history of Orangina as a brand. The homepage would then serve as a hub to these two objectives, as well as to the Orangina social channels.\",\"textColor\":\"#ffffff\",\"backgroundColor\":\"#092865\"}},\"29\":{\"type\":\"imageGallery\",\"enabled\":\"1\",\"fields\":{\"images\":[\"26\",\"28\",\"27\"],\"backgroundColor\":\"#092865\"}}},\"41\":\"Orangina\",\"31\":{\"36\":{\"type\":\"item\",\"enabled\":\"1\",\"fields\":{\"role\":\"Development\",\"contributorName\":\"Inalise B.V.\"}}},\"40\":\"\",\"39\":\"A quirky new online appearance for a soda brand \",\"36\":{\"30\":{\"type\":\"honour\",\"enabled\":\"1\",\"fields\":{\"honorName\":\"FWA SOTD\",\"logo\":[\"32\"]}},\"34\":{\"type\":\"honour\",\"enabled\":\"1\",\"fields\":{\"honorName\":\"FWA MOTD\",\"logo\":[\"32\"]}},\"35\":{\"type\":\"honour\",\"enabled\":\"1\",\"fields\":{\"honorName\":\"Awwwards SOTD\",\"logo\":[\"33\"]}}},\"43\":\"Responsive Website\",\"42\":\"http:\\/\\/orangina.eu\\/\",\"34\":{\"37\":{\"type\":\"role\",\"enabled\":\"1\",\"fields\":{\"role\":\"Interaction design\"}},\"38\":{\"type\":\"role\",\"enabled\":\"1\",\"fields\":{\"role\":\"UX Design\"}},\"39\":{\"type\":\"role\",\"enabled\":\"1\",\"fields\":{\"role\":\"Creative direction\"}},\"40\":{\"type\":\"role\",\"enabled\":\"1\",\"fields\":{\"role\":\"Concept\"}},\"41\":{\"type\":\"role\",\"enabled\":\"1\",\"fields\":{\"role\":\"Strategy\"}}}}}', '2016-02-29 10:22:17', '2016-02-29 10:22:17', '670e2896-1354-4721-bd47-9102f8fd6b31'),
 ('48', '10', '3', '1', 'en_us', '34', '', '{\"typeId\":\"3\",\"authorId\":\"1\",\"title\":\"Orangina global website\",\"slug\":\"orangina\",\"postDate\":1456411320,\"expiryDate\":null,\"enabled\":1,\"parentId\":null,\"fields\":{\"3\":{\"12\":{\"type\":\"textFullWidth\",\"enabled\":\"1\",\"fields\":{\"body\":\"Orangina refreshed their brand identity Achtung!\\/Kraftwerk wastasked to extend their newbrand identity to a fresh online experience. \",\"textColor\":\"#000000\",\"backgroundColor\":\"#ffffff\"}},\"14\":{\"type\":\"largeImage\",\"enabled\":\"1\",\"fields\":{\"image\":[\"13\"],\"backgroundImage\":[\"16\"],\"backgroundColor\":\"#000000\"}},\"17\":{\"type\":\"textTwoColumns\",\"enabled\":\"1\",\"fields\":{\"heading\":\"Strategy, Concept & UX\",\"intro\":\"The content of the new Orangina website was meantto be kept simple serving a few main purposes.\",\"body\":\"In general there were two main obectives, informing people about the available range of Orangina products and telling them about the history of Orangina as a brand. The homepage would then serve as a hub to these two objectives, as well as to the Orangina social channels.\",\"textColor\":\"#ffffff\",\"backgroundColor\":\"#fda519\"}},\"19\":{\"type\":\"video\",\"enabled\":\"1\",\"fields\":{\"coverImage\":\"\",\"video\":[\"18\"],\"backgroundColor\":\"#ffa600\"}},\"20\":{\"type\":\"textTwoColumns\",\"enabled\":\"1\",\"fields\":{\"heading\":\"Design elements\",\"intro\":\"Colors for the Orangina website were besides the brand\\u2019s Blue and Yellow, based on the labels of the different flavours. \",\"body\":\"\",\"textColor\":\"#000000\",\"backgroundColor\":\"#ffffff\"}},\"22\":{\"type\":\"largeImage\",\"enabled\":\"1\",\"fields\":{\"image\":[\"21\"],\"backgroundImage\":\"\",\"backgroundColor\":\"#ffffff\"}},\"23\":{\"type\":\"textWithImage\",\"enabled\":\"1\",\"fields\":{\"heading\":\"Iconography\",\"intro\":\"To add on the playfull, quirky identity of Orangina, we created an iconset that was used throughout the website.\",\"body\":\"Our hands on mentality can be found throughout the whole process. We bring ideas to life early. We prototype to keep improving along the way. \",\"image\":[\"24\"],\"textColor\":\"#000000\",\"backgroundColor\":\"#ffffff\",\"imagePosition\":\"right\"}},\"25\":{\"type\":\"textTwoColumns\",\"enabled\":\"1\",\"fields\":{\"heading\":\"Final Designs\",\"intro\":\"The content of the new Orangina website was meantto be kept simple serving a few main purposes.\",\"body\":\"In general there were two main obectives, informing people about the available range of Orangina products and telling them about the history of Orangina as a brand. The homepage would then serve as a hub to these two objectives, as well as to the Orangina social channels.\",\"textColor\":\"#ffffff\",\"backgroundColor\":\"#092865\"}},\"29\":{\"type\":\"imageGallery\",\"enabled\":\"1\",\"fields\":{\"images\":[\"26\",\"28\",\"27\"],\"backgroundColor\":\"#092865\"}}},\"41\":\"Orangina\",\"31\":{\"36\":{\"type\":\"item\",\"enabled\":\"1\",\"fields\":{\"role\":\"Development\",\"contributorName\":\"Inalise B.V.\"}}},\"40\":\"\",\"39\":\"A quirky new online appearance for a soda brand\",\"36\":{\"30\":{\"type\":\"honour\",\"enabled\":\"1\",\"fields\":{\"honorName\":\"FWA SOTD\",\"logo\":[\"32\"]}},\"34\":{\"type\":\"honour\",\"enabled\":\"1\",\"fields\":{\"honorName\":\"FWA MOTD\",\"logo\":[\"32\"]}},\"35\":{\"type\":\"honour\",\"enabled\":\"1\",\"fields\":{\"honorName\":\"Awwwards SOTD\",\"logo\":[\"33\"]}}},\"43\":\"Responsive Website\",\"42\":\"http:\\/\\/orangina.eu\\/\",\"34\":{\"37\":{\"type\":\"role\",\"enabled\":\"1\",\"fields\":{\"role\":\"Interaction design\"}},\"38\":{\"type\":\"role\",\"enabled\":\"1\",\"fields\":{\"role\":\"UX Design\"}},\"39\":{\"type\":\"role\",\"enabled\":\"1\",\"fields\":{\"role\":\"Creative direction\"}},\"40\":{\"type\":\"role\",\"enabled\":\"1\",\"fields\":{\"role\":\"Concept\"}},\"41\":{\"type\":\"role\",\"enabled\":\"1\",\"fields\":{\"role\":\"Strategy\"}}}}}', '2016-02-29 11:00:23', '2016-02-29 11:00:23', '6af8e0ca-520e-4daa-836f-884c133439e6'),
 ('49', '10', '3', '1', 'en_us', '35', '', '{\"typeId\":\"3\",\"authorId\":\"1\",\"title\":\"Orangina global website\",\"slug\":\"orangina\",\"postDate\":1456411320,\"expiryDate\":null,\"enabled\":1,\"parentId\":null,\"fields\":{\"3\":{\"12\":{\"type\":\"textFullWidth\",\"enabled\":\"1\",\"fields\":{\"body\":\"Orangina refreshed their brand identity Achtung!\\/Kraftwerk wastasked to extend their newbrand identity to a fresh online experience. \",\"textColor\":\"#000000\",\"backgroundColor\":\"#ffffff\"}},\"14\":{\"type\":\"largeImage\",\"enabled\":\"1\",\"fields\":{\"image\":[\"13\"],\"backgroundImage\":[\"16\"],\"backgroundColor\":\"#000000\"}},\"17\":{\"type\":\"textTwoColumns\",\"enabled\":\"1\",\"fields\":{\"heading\":\"Strategy, Concept & UX\",\"intro\":\"The content of the new Orangina website was meantto be kept simple serving a few main purposes.\",\"body\":\"In general there were two main obectives, informing people about the available range of Orangina products and telling them about the history of Orangina as a brand. The homepage would then serve as a hub to these two objectives, as well as to the Orangina social channels.\",\"textColor\":\"#ffffff\",\"backgroundColor\":\"#fda519\"}},\"19\":{\"type\":\"video\",\"enabled\":\"1\",\"fields\":{\"coverImage\":\"\",\"video\":[\"18\"],\"backgroundColor\":\"#ffa600\"}},\"20\":{\"type\":\"textTwoColumns\",\"enabled\":\"1\",\"fields\":{\"heading\":\"Design elements\",\"intro\":\"Colors for the Orangina website were besides the brand\\u2019s Blue and Yellow, based on the labels of the different flavours. \",\"body\":\"\",\"textColor\":\"#000000\",\"backgroundColor\":\"#ffffff\"}},\"22\":{\"type\":\"largeImage\",\"enabled\":\"1\",\"fields\":{\"image\":[\"21\"],\"backgroundImage\":\"\",\"backgroundColor\":\"#ffffff\"}},\"23\":{\"type\":\"textWithImage\",\"enabled\":\"1\",\"fields\":{\"heading\":\"Iconography\",\"intro\":\"To add on the playfull, quirky identity of Orangina, we created an iconset that was used throughout the website.\",\"body\":\"Our hands on mentality can be found throughout the whole process. We bring ideas to life early. We prototype to keep improving along the way. \",\"image\":[\"24\"],\"textColor\":\"#000000\",\"backgroundColor\":\"#ffffff\",\"imagePosition\":\"right\",\"paddingTop\":\"50\"}},\"25\":{\"type\":\"textTwoColumns\",\"enabled\":\"1\",\"fields\":{\"heading\":\"Final Designs\",\"intro\":\"The content of the new Orangina website was meantto be kept simple serving a few main purposes.\",\"body\":\"In general there were two main obectives, informing people about the available range of Orangina products and telling them about the history of Orangina as a brand. The homepage would then serve as a hub to these two objectives, as well as to the Orangina social channels.\",\"textColor\":\"#ffffff\",\"backgroundColor\":\"#092865\"}},\"29\":{\"type\":\"imageGallery\",\"enabled\":\"1\",\"fields\":{\"images\":[\"26\",\"28\",\"27\"],\"backgroundColor\":\"#092865\"}}},\"41\":\"Orangina\",\"31\":{\"36\":{\"type\":\"item\",\"enabled\":\"1\",\"fields\":{\"role\":\"Development\",\"contributorName\":\"Inalise B.V.\"}}},\"40\":\"\",\"39\":\"A quirky new online appearance for a soda brand\",\"36\":{\"30\":{\"type\":\"honour\",\"enabled\":\"1\",\"fields\":{\"honorName\":\"FWA SOTD\",\"logo\":[\"32\"]}},\"34\":{\"type\":\"honour\",\"enabled\":\"1\",\"fields\":{\"honorName\":\"FWA MOTD\",\"logo\":[\"32\"]}},\"35\":{\"type\":\"honour\",\"enabled\":\"1\",\"fields\":{\"honorName\":\"Awwwards SOTD\",\"logo\":[\"33\"]}}},\"43\":\"Responsive Website\",\"42\":\"http:\\/\\/orangina.eu\\/\",\"34\":{\"37\":{\"type\":\"role\",\"enabled\":\"1\",\"fields\":{\"role\":\"Interaction design\"}},\"38\":{\"type\":\"role\",\"enabled\":\"1\",\"fields\":{\"role\":\"UX Design\"}},\"39\":{\"type\":\"role\",\"enabled\":\"1\",\"fields\":{\"role\":\"Creative direction\"}},\"40\":{\"type\":\"role\",\"enabled\":\"1\",\"fields\":{\"role\":\"Concept\"}},\"41\":{\"type\":\"role\",\"enabled\":\"1\",\"fields\":{\"role\":\"Strategy\"}}}}}', '2016-02-29 11:06:44', '2016-02-29 11:06:44', '04d76975-849c-4546-bdf9-8a57bb4120bd'),
 ('50', '10', '3', '1', 'en_us', '36', '', '{\"typeId\":\"3\",\"authorId\":\"1\",\"title\":\"Orangina global website\",\"slug\":\"orangina\",\"postDate\":1456411320,\"expiryDate\":null,\"enabled\":1,\"parentId\":null,\"fields\":{\"3\":{\"12\":{\"type\":\"textFullWidth\",\"enabled\":\"1\",\"fields\":{\"body\":\"Orangina refreshed their brand identity Achtung!\\/Kraftwerk wastasked to extend their newbrand identity to a fresh online experience. \",\"textColor\":\"#000000\",\"backgroundColor\":\"#ffffff\"}},\"14\":{\"type\":\"largeImage\",\"enabled\":\"1\",\"fields\":{\"image\":[\"52\"],\"backgroundImage\":[\"53\"],\"backgroundColor\":\"#000000\"}},\"17\":{\"type\":\"textTwoColumns\",\"enabled\":\"1\",\"fields\":{\"heading\":\"Strategy, Concept & UX\",\"intro\":\"The content of the new Orangina website was meantto be kept simple serving a few main purposes.\",\"body\":\"In general there were two main obectives, informing people about the available range of Orangina products and telling them about the history of Orangina as a brand. The homepage would then serve as a hub to these two objectives, as well as to the Orangina social channels.\",\"textColor\":\"#ffffff\",\"backgroundColor\":\"#fda519\"}},\"19\":{\"type\":\"video\",\"enabled\":\"1\",\"fields\":{\"coverImage\":\"\",\"video\":[\"18\"],\"backgroundColor\":\"#ffa600\"}},\"20\":{\"type\":\"textTwoColumns\",\"enabled\":\"1\",\"fields\":{\"heading\":\"Design elements\",\"intro\":\"Colors for the Orangina website were besides the brand\\u2019s Blue and Yellow, based on the labels of the different flavours. \",\"body\":\"\",\"textColor\":\"#000000\",\"backgroundColor\":\"#ffffff\"}},\"22\":{\"type\":\"largeImage\",\"enabled\":\"1\",\"fields\":{\"image\":[\"21\"],\"backgroundImage\":\"\",\"backgroundColor\":\"#ffffff\"}},\"23\":{\"type\":\"textWithImage\",\"enabled\":\"1\",\"fields\":{\"heading\":\"Iconography\",\"intro\":\"To add on the playfull, quirky identity of Orangina, we created an iconset that was used throughout the website.\",\"body\":\"Our hands on mentality can be found throughout the whole process. We bring ideas to life early. We prototype to keep improving along the way. \",\"image\":[\"24\"],\"textColor\":\"#000000\",\"backgroundColor\":\"#ffffff\",\"imagePosition\":\"right\",\"paddingTop\":\"50\",\"paddingBottom\":\"0\"}},\"25\":{\"type\":\"textTwoColumns\",\"enabled\":\"1\",\"fields\":{\"heading\":\"Final Designs\",\"intro\":\"The content of the new Orangina website was meantto be kept simple serving a few main purposes.\",\"body\":\"In general there were two main obectives, informing people about the available range of Orangina products and telling them about the history of Orangina as a brand. The homepage would then serve as a hub to these two objectives, as well as to the Orangina social channels.\",\"textColor\":\"#ffffff\",\"backgroundColor\":\"#092865\"}},\"29\":{\"type\":\"imageGallery\",\"enabled\":\"1\",\"fields\":{\"images\":[\"26\",\"28\",\"27\"],\"backgroundColor\":\"#092865\"}}},\"41\":\"Orangina\",\"31\":{\"36\":{\"type\":\"item\",\"enabled\":\"1\",\"fields\":{\"role\":\"Development\",\"contributorName\":\"Inalise B.V.\"}}},\"40\":\"\",\"39\":\"A quirky new online appearance for a soda brand\",\"36\":{\"30\":{\"type\":\"honour\",\"enabled\":\"1\",\"fields\":{\"honorName\":\"FWA SOTD\",\"logo\":[\"32\"]}},\"34\":{\"type\":\"honour\",\"enabled\":\"1\",\"fields\":{\"honorName\":\"FWA MOTD\",\"logo\":[\"32\"]}},\"35\":{\"type\":\"honour\",\"enabled\":\"1\",\"fields\":{\"honorName\":\"Awwwards SOTD\",\"logo\":[\"33\"]}}},\"43\":\"Responsive Website\",\"42\":\"http:\\/\\/orangina.eu\\/\",\"34\":{\"37\":{\"type\":\"role\",\"enabled\":\"1\",\"fields\":{\"role\":\"Interaction design\"}},\"38\":{\"type\":\"role\",\"enabled\":\"1\",\"fields\":{\"role\":\"UX Design\"}},\"39\":{\"type\":\"role\",\"enabled\":\"1\",\"fields\":{\"role\":\"Creative direction\"}},\"40\":{\"type\":\"role\",\"enabled\":\"1\",\"fields\":{\"role\":\"Concept\"}},\"41\":{\"type\":\"role\",\"enabled\":\"1\",\"fields\":{\"role\":\"Strategy\"}}}}}', '2016-02-29 11:44:18', '2016-02-29 11:44:18', '5241f814-a0da-41e8-acd6-05859f6f3189'),
 ('51', '10', '3', '1', 'en_us', '37', '', '{\"typeId\":\"3\",\"authorId\":\"1\",\"title\":\"Orangina global website\",\"slug\":\"orangina\",\"postDate\":1456411320,\"expiryDate\":null,\"enabled\":1,\"parentId\":null,\"fields\":{\"3\":{\"12\":{\"type\":\"textFullWidth\",\"enabled\":\"1\",\"fields\":{\"body\":\"Orangina refreshed their brand identity Achtung!\\/Kraftwerk wastasked to extend their newbrand identity to a fresh online experience. \",\"textColor\":\"#000000\",\"backgroundColor\":\"#ffffff\"}},\"14\":{\"type\":\"largeImage\",\"enabled\":\"1\",\"fields\":{\"image\":[\"61\"],\"backgroundImage\":[\"60\"],\"backgroundColor\":\"#000000\"}},\"17\":{\"type\":\"textTwoColumns\",\"enabled\":\"1\",\"fields\":{\"heading\":\"Strategy, Concept & UX\",\"intro\":\"The content of the new Orangina website was meantto be kept simple serving a few main purposes.\",\"body\":\"In general there were two main obectives, informing people about the available range of Orangina products and telling them about the history of Orangina as a brand. The homepage would then serve as a hub to these two objectives, as well as to the Orangina social channels.\",\"textColor\":\"#ffffff\",\"backgroundColor\":\"#fda519\"}},\"19\":{\"type\":\"video\",\"enabled\":\"1\",\"fields\":{\"coverImage\":\"\",\"video\":[\"18\"],\"backgroundColor\":\"#ffa600\"}},\"20\":{\"type\":\"textTwoColumns\",\"enabled\":\"1\",\"fields\":{\"heading\":\"Design elements\",\"intro\":\"Colors for the Orangina website were besides the brand\\u2019s Blue and Yellow, based on the labels of the different flavours. \",\"body\":\"\",\"textColor\":\"#000000\",\"backgroundColor\":\"#ffffff\"}},\"22\":{\"type\":\"largeImage\",\"enabled\":\"1\",\"fields\":{\"image\":[\"59\"],\"backgroundImage\":\"\",\"backgroundColor\":\"#ffffff\"}},\"23\":{\"type\":\"textWithImage\",\"enabled\":\"1\",\"fields\":{\"heading\":\"Iconography\",\"intro\":\"To add on the playfull, quirky identity of Orangina, we created an iconset that was used throughout the website.\",\"body\":\"Our hands on mentality can be found throughout the whole process. We bring ideas to life early. We prototype to keep improving along the way. \",\"image\":[\"54\"],\"textColor\":\"#000000\",\"backgroundColor\":\"#ffffff\",\"imagePosition\":\"right\",\"paddingTop\":\"50\",\"paddingBottom\":\"0\"}},\"25\":{\"type\":\"textTwoColumns\",\"enabled\":\"1\",\"fields\":{\"heading\":\"Final Designs\",\"intro\":\"The content of the new Orangina website was meantto be kept simple serving a few main purposes.\",\"body\":\"In general there were two main obectives, informing people about the available range of Orangina products and telling them about the history of Orangina as a brand. The homepage would then serve as a hub to these two objectives, as well as to the Orangina social channels.\",\"textColor\":\"#ffffff\",\"backgroundColor\":\"#092865\"}},\"29\":{\"type\":\"imageGallery\",\"enabled\":\"1\",\"fields\":{\"images\":[\"55\",\"57\",\"56\"],\"backgroundColor\":\"#092865\"}}},\"41\":\"Orangina\",\"31\":{\"36\":{\"type\":\"item\",\"enabled\":\"1\",\"fields\":{\"role\":\"Development\",\"contributorName\":\"Inalise B.V.\"}}},\"40\":\"\",\"39\":\"A quirky new online appearance for a soda brand\",\"36\":{\"30\":{\"type\":\"honour\",\"enabled\":\"1\",\"fields\":{\"honorName\":\"FWA SOTD\",\"logo\":[\"32\"]}},\"34\":{\"type\":\"honour\",\"enabled\":\"1\",\"fields\":{\"honorName\":\"FWA MOTD\",\"logo\":[\"32\"]}},\"35\":{\"type\":\"honour\",\"enabled\":\"1\",\"fields\":{\"honorName\":\"Awwwards SOTD\",\"logo\":[\"33\"]}}},\"43\":\"Responsive Website\",\"42\":\"http:\\/\\/orangina.eu\\/\",\"34\":{\"37\":{\"type\":\"role\",\"enabled\":\"1\",\"fields\":{\"role\":\"Interaction design\"}},\"38\":{\"type\":\"role\",\"enabled\":\"1\",\"fields\":{\"role\":\"UX Design\"}},\"39\":{\"type\":\"role\",\"enabled\":\"1\",\"fields\":{\"role\":\"Creative direction\"}},\"40\":{\"type\":\"role\",\"enabled\":\"1\",\"fields\":{\"role\":\"Concept\"}},\"41\":{\"type\":\"role\",\"enabled\":\"1\",\"fields\":{\"role\":\"Strategy\"}}}}}', '2016-02-29 12:29:24', '2016-02-29 12:29:24', '9e0b98a7-4927-4864-b6f8-1d5a530ef471'),
 ('52', '10', '3', '1', 'en_us', '38', '', '{\"typeId\":\"3\",\"authorId\":\"1\",\"title\":\"Orangina global website\",\"slug\":\"orangina\",\"postDate\":1456411320,\"expiryDate\":null,\"enabled\":1,\"parentId\":null,\"fields\":{\"3\":{\"12\":{\"type\":\"textFullWidth\",\"enabled\":\"1\",\"fields\":{\"body\":\"Orangina refreshed their brand identity Achtung!\\/Kraftwerk wastasked to extend their newbrand identity to a fresh online experience. \",\"textColor\":\"#000000\",\"backgroundColor\":\"#ffffff\"}},\"14\":{\"type\":\"largeImage\",\"enabled\":\"1\",\"fields\":{\"image\":[\"61\"],\"backgroundImage\":[\"60\"],\"backgroundColor\":\"#000000\"}},\"17\":{\"type\":\"textTwoColumns\",\"enabled\":\"1\",\"fields\":{\"heading\":\"Strategy, Concept & UX\",\"intro\":\"The content of the new Orangina website was meantto be kept simple serving a few main purposes.\",\"body\":\"In general there were two main obectives, informing people about the available range of Orangina products and telling them about the history of Orangina as a brand. The homepage would then serve as a hub to these two objectives, as well as to the Orangina social channels.\",\"textColor\":\"#ffffff\",\"backgroundColor\":\"#fda519\"}},\"19\":{\"type\":\"video\",\"enabled\":\"1\",\"fields\":{\"coverImage\":\"\",\"video\":[\"18\"],\"backgroundColor\":\"#ffa600\"}},\"20\":{\"type\":\"textTwoColumns\",\"enabled\":\"1\",\"fields\":{\"heading\":\"Design elements\",\"intro\":\"Colors for the Orangina website were besides the brand\\u2019s Blue and Yellow, based on the labels of the different flavours. \",\"body\":\"\",\"textColor\":\"#000000\",\"backgroundColor\":\"#ffffff\"}},\"22\":{\"type\":\"largeImage\",\"enabled\":\"1\",\"fields\":{\"image\":[\"59\"],\"backgroundImage\":\"\",\"backgroundColor\":\"#ffffff\"}},\"23\":{\"type\":\"textWithImage\",\"enabled\":\"1\",\"fields\":{\"heading\":\"Iconography\",\"intro\":\"To add on the playfull, quirky identity of Orangina, we created an iconset that was used throughout the website.\",\"body\":\"Our hands on mentality can be found throughout the whole process. We bring ideas to life early. We prototype to keep improving along the way. \",\"image\":[\"54\"],\"textColor\":\"#000000\",\"backgroundColor\":\"#ffffff\",\"imagePosition\":\"right\",\"paddingTop\":\"50\",\"paddingBottom\":\"0\"}},\"25\":{\"type\":\"textTwoColumns\",\"enabled\":\"1\",\"fields\":{\"heading\":\"Final Designs\",\"intro\":\"The content of the new Orangina website was meantto be kept simple serving a few main purposes.\",\"body\":\"In general there were two main obectives, informing people about the available range of Orangina products and telling them about the history of Orangina as a brand. The homepage would then serve as a hub to these two objectives, as well as to the Orangina social channels.\",\"textColor\":\"#ffffff\",\"backgroundColor\":\"#092865\"}},\"29\":{\"type\":\"imageGallery\",\"enabled\":\"1\",\"fields\":{\"images\":[\"55\",\"57\",\"56\"],\"backgroundColor\":\"#092865\"}}},\"41\":\"Orangina\",\"31\":{\"36\":{\"type\":\"item\",\"enabled\":\"1\",\"fields\":{\"role\":\"Development\",\"contributorName\":\"Inalise B.V.\"}}},\"40\":[\"62\"],\"50\":\"\",\"39\":\"A quirky new online appearance for a soda brand\",\"36\":{\"30\":{\"type\":\"honour\",\"enabled\":\"1\",\"fields\":{\"honorName\":\"FWA SOTD\",\"logo\":[\"32\"]}},\"34\":{\"type\":\"honour\",\"enabled\":\"1\",\"fields\":{\"honorName\":\"FWA MOTD\",\"logo\":[\"32\"]}},\"35\":{\"type\":\"honour\",\"enabled\":\"1\",\"fields\":{\"honorName\":\"Awwwards SOTD\",\"logo\":[\"33\"]}}},\"43\":\"Responsive Website\",\"42\":\"http:\\/\\/orangina.eu\\/\",\"34\":{\"37\":{\"type\":\"role\",\"enabled\":\"1\",\"fields\":{\"role\":\"Interaction design\"}},\"38\":{\"type\":\"role\",\"enabled\":\"1\",\"fields\":{\"role\":\"UX Design\"}},\"39\":{\"type\":\"role\",\"enabled\":\"1\",\"fields\":{\"role\":\"Creative direction\"}},\"40\":{\"type\":\"role\",\"enabled\":\"1\",\"fields\":{\"role\":\"Concept\"}},\"41\":{\"type\":\"role\",\"enabled\":\"1\",\"fields\":{\"role\":\"Strategy\"}}}}}', '2016-02-29 13:24:06', '2016-02-29 13:24:06', '33ea12bc-3cc5-4f93-a947-a4d3a3caf5de'),
 ('53', '10', '3', '1', 'en_us', '39', '', '{\"typeId\":\"3\",\"authorId\":\"1\",\"title\":\"Orangina global website\",\"slug\":\"orangina\",\"postDate\":1456411320,\"expiryDate\":null,\"enabled\":1,\"parentId\":null,\"fields\":{\"3\":{\"12\":{\"type\":\"textFullWidth\",\"enabled\":\"1\",\"fields\":{\"body\":\"Orangina refreshed their brand identity Achtung!\\/Kraftwerk wastasked to extend their newbrand identity to a fresh online experience. \",\"textColor\":\"#000000\",\"backgroundColor\":\"#ffffff\",\"paddingTop\":\"100\",\"paddingBottom\":\"60\"}},\"14\":{\"type\":\"largeImage\",\"enabled\":\"1\",\"fields\":{\"image\":[\"61\"],\"backgroundImage\":[\"60\"],\"backgroundColor\":\"#000000\"}},\"17\":{\"type\":\"textTwoColumns\",\"enabled\":\"1\",\"fields\":{\"heading\":\"Strategy, Concept & UX\",\"intro\":\"The content of the new Orangina website was meantto be kept simple serving a few main purposes.\",\"body\":\"In general there were two main obectives, informing people about the available range of Orangina products and telling them about the history of Orangina as a brand. The homepage would then serve as a hub to these two objectives, as well as to the Orangina social channels.\",\"textColor\":\"#ffffff\",\"backgroundColor\":\"#fda519\"}},\"19\":{\"type\":\"video\",\"enabled\":\"1\",\"fields\":{\"coverImage\":\"\",\"video\":[\"18\"],\"backgroundColor\":\"#ffa600\"}},\"20\":{\"type\":\"textTwoColumns\",\"enabled\":\"1\",\"fields\":{\"heading\":\"Design elements\",\"intro\":\"Colors for the Orangina website were besides the brand\\u2019s Blue and Yellow, based on the labels of the different flavours. \",\"body\":\"\",\"textColor\":\"#000000\",\"backgroundColor\":\"#ffffff\"}},\"22\":{\"type\":\"largeImage\",\"enabled\":\"1\",\"fields\":{\"image\":[\"59\"],\"backgroundImage\":\"\",\"backgroundColor\":\"#ffffff\"}},\"23\":{\"type\":\"textWithImage\",\"enabled\":\"1\",\"fields\":{\"heading\":\"Iconography\",\"intro\":\"To add on the playfull, quirky identity of Orangina, we created an iconset that was used throughout the website.\",\"body\":\"Our hands on mentality can be found throughout the whole process. We bring ideas to life early. We prototype to keep improving along the way. \",\"image\":[\"54\"],\"textColor\":\"#000000\",\"backgroundColor\":\"#ffffff\",\"imagePosition\":\"right\",\"paddingTop\":\"50\",\"paddingBottom\":\"0\"}},\"25\":{\"type\":\"textTwoColumns\",\"enabled\":\"1\",\"fields\":{\"heading\":\"Final Designs\",\"intro\":\"The content of the new Orangina website was meantto be kept simple serving a few main purposes.\",\"body\":\"In general there were two main obectives, informing people about the available range of Orangina products and telling them about the history of Orangina as a brand. The homepage would then serve as a hub to these two objectives, as well as to the Orangina social channels.\",\"textColor\":\"#ffffff\",\"backgroundColor\":\"#092865\"}},\"29\":{\"type\":\"imageGallery\",\"enabled\":\"1\",\"fields\":{\"images\":[\"55\",\"57\",\"56\"],\"backgroundColor\":\"#092865\"}}},\"41\":\"Orangina\",\"31\":{\"36\":{\"type\":\"item\",\"enabled\":\"1\",\"fields\":{\"role\":\"Development\",\"contributorName\":\"Inalise B.V.\"}}},\"40\":[\"62\"],\"50\":\"\",\"39\":\"A quirky new online appearance for a soda brand\",\"36\":{\"30\":{\"type\":\"honour\",\"enabled\":\"1\",\"fields\":{\"honorName\":\"FWA SOTD\",\"logo\":[\"32\"]}},\"34\":{\"type\":\"honour\",\"enabled\":\"1\",\"fields\":{\"honorName\":\"FWA MOTD\",\"logo\":[\"32\"]}},\"35\":{\"type\":\"honour\",\"enabled\":\"1\",\"fields\":{\"honorName\":\"Awwwards SOTD\",\"logo\":[\"33\"]}}},\"43\":\"Responsive Website\",\"42\":\"http:\\/\\/orangina.eu\\/\",\"34\":{\"37\":{\"type\":\"role\",\"enabled\":\"1\",\"fields\":{\"role\":\"Interaction design\"}},\"38\":{\"type\":\"role\",\"enabled\":\"1\",\"fields\":{\"role\":\"UX Design\"}},\"39\":{\"type\":\"role\",\"enabled\":\"1\",\"fields\":{\"role\":\"Creative direction\"}},\"40\":{\"type\":\"role\",\"enabled\":\"1\",\"fields\":{\"role\":\"Concept\"}},\"41\":{\"type\":\"role\",\"enabled\":\"1\",\"fields\":{\"role\":\"Strategy\"}}}}}', '2016-03-01 12:59:29', '2016-03-01 12:59:29', '5665c340-9a82-4975-8985-33b7f578bfb0'),
 ('54', '10', '3', '1', 'en_us', '40', '', '{\"typeId\":\"3\",\"authorId\":\"1\",\"title\":\"Orangina global website\",\"slug\":\"orangina\",\"postDate\":1456411320,\"expiryDate\":null,\"enabled\":1,\"parentId\":null,\"fields\":{\"3\":{\"12\":{\"type\":\"textFullWidth\",\"enabled\":\"1\",\"fields\":{\"body\":\"Orangina refreshed their brand identity Achtung!\\/Kraftwerk wastasked to extend their newbrand identity to a fresh online experience. \",\"textColor\":\"#000000\",\"backgroundColor\":\"#ffffff\",\"paddingTop\":\"100\",\"paddingBottom\":\"60\"}},\"14\":{\"type\":\"largeImage\",\"enabled\":\"1\",\"fields\":{\"image\":[\"61\"],\"backgroundImage\":[\"60\"],\"backgroundColor\":\"#000000\",\"paddingTop\":\"0\",\"paddingBottom\":\"80\"}},\"17\":{\"type\":\"textTwoColumns\",\"enabled\":\"1\",\"fields\":{\"heading\":\"Strategy, Concept & UX\",\"intro\":\"The content of the new Orangina website was meantto be kept simple serving a few main purposes.\",\"body\":\"In general there were two main obectives, informing people about the available range of Orangina products and telling them about the history of Orangina as a brand. The homepage would then serve as a hub to these two objectives, as well as to the Orangina social channels.\",\"textColor\":\"#ffffff\",\"backgroundColor\":\"#fda519\",\"paddingTop\":\"0\",\"paddingBottom\":\"0\"}},\"19\":{\"type\":\"video\",\"enabled\":\"1\",\"fields\":{\"coverImage\":\"\",\"video\":[\"18\"],\"backgroundColor\":\"#ffa600\",\"paddingTop\":\"0\",\"paddingBottom\":\"0\"}},\"20\":{\"type\":\"textTwoColumns\",\"enabled\":\"1\",\"fields\":{\"heading\":\"Design elements\",\"intro\":\"Colors for the Orangina website were besides the brand\\u2019s Blue and Yellow, based on the labels of the different flavours. \",\"body\":\"\",\"textColor\":\"#000000\",\"backgroundColor\":\"#ffffff\",\"paddingTop\":\"0\",\"paddingBottom\":\"0\"}},\"22\":{\"type\":\"largeImage\",\"enabled\":\"1\",\"fields\":{\"image\":[\"59\"],\"backgroundImage\":\"\",\"backgroundColor\":\"#ffffff\",\"paddingTop\":\"0\",\"paddingBottom\":\"0\"}},\"23\":{\"type\":\"textWithImage\",\"enabled\":\"1\",\"fields\":{\"heading\":\"Iconography\",\"intro\":\"To add on the playfull, quirky identity of Orangina, we created an iconset that was used throughout the website.\",\"body\":\"Our hands on mentality can be found throughout the whole process. We bring ideas to life early. We prototype to keep improving along the way. \",\"image\":[\"54\"],\"textColor\":\"#000000\",\"backgroundColor\":\"#ffffff\",\"imagePosition\":\"right\",\"paddingTop\":\"50\",\"paddingBottom\":\"0\"}},\"25\":{\"type\":\"textTwoColumns\",\"enabled\":\"1\",\"fields\":{\"heading\":\"Final Designs\",\"intro\":\"The content of the new Orangina website was meantto be kept simple serving a few main purposes.\",\"body\":\"In general there were two main obectives, informing people about the available range of Orangina products and telling them about the history of Orangina as a brand. The homepage would then serve as a hub to these two objectives, as well as to the Orangina social channels.\",\"textColor\":\"#ffffff\",\"backgroundColor\":\"#092865\",\"paddingTop\":\"0\",\"paddingBottom\":\"0\"}},\"29\":{\"type\":\"imageGallery\",\"enabled\":\"1\",\"fields\":{\"images\":[\"55\",\"57\",\"56\"],\"backgroundColor\":\"#092865\",\"paddingTop\":\"0\",\"paddingBottom\":\"0\"}}},\"41\":\"Orangina\",\"31\":{\"36\":{\"type\":\"item\",\"enabled\":\"1\",\"fields\":{\"role\":\"Development\",\"contributorName\":\"Inalise B.V.\"}}},\"40\":[\"62\"],\"50\":\"\",\"39\":\"A quirky new online appearance for a soda brand\",\"36\":{\"30\":{\"type\":\"honour\",\"enabled\":\"1\",\"fields\":{\"honorName\":\"FWA SOTD\",\"logo\":[\"32\"]}},\"34\":{\"type\":\"honour\",\"enabled\":\"1\",\"fields\":{\"honorName\":\"FWA MOTD\",\"logo\":[\"32\"]}},\"35\":{\"type\":\"honour\",\"enabled\":\"1\",\"fields\":{\"honorName\":\"Awwwards SOTD\",\"logo\":[\"33\"]}}},\"43\":\"Responsive Website\",\"42\":\"http:\\/\\/orangina.eu\\/\",\"34\":{\"37\":{\"type\":\"role\",\"enabled\":\"1\",\"fields\":{\"role\":\"Interaction design\"}},\"38\":{\"type\":\"role\",\"enabled\":\"1\",\"fields\":{\"role\":\"UX Design\"}},\"39\":{\"type\":\"role\",\"enabled\":\"1\",\"fields\":{\"role\":\"Creative direction\"}},\"40\":{\"type\":\"role\",\"enabled\":\"1\",\"fields\":{\"role\":\"Concept\"}},\"41\":{\"type\":\"role\",\"enabled\":\"1\",\"fields\":{\"role\":\"Strategy\"}}}}}', '2016-03-01 13:11:12', '2016-03-01 13:11:12', 'fa5264a3-91b7-4330-a6f7-57f15b889614'),
 ('55', '10', '3', '1', 'en_us', '41', '', '{\"typeId\":\"3\",\"authorId\":\"1\",\"title\":\"Orangina global website\",\"slug\":\"orangina\",\"postDate\":1456411320,\"expiryDate\":null,\"enabled\":1,\"parentId\":null,\"fields\":{\"3\":{\"12\":{\"type\":\"textFullWidth\",\"enabled\":\"1\",\"fields\":{\"body\":\"Orangina refreshed their brand identity Achtung!\\/Kraftwerk wastasked to extend their newbrand identity to a fresh online experience. \",\"textColor\":\"#000000\",\"backgroundColor\":\"#ffffff\",\"paddingTop\":\"100\",\"paddingBottom\":\"60\"}},\"14\":{\"type\":\"largeImage\",\"enabled\":\"1\",\"fields\":{\"image\":[\"61\"],\"backgroundImage\":[\"60\"],\"backgroundColor\":\"#000000\",\"paddingTop\":\"0\",\"paddingBottom\":\"80\"}},\"17\":{\"type\":\"textTwoColumns\",\"enabled\":\"1\",\"fields\":{\"heading\":\"Strategy, Concept & UX\",\"intro\":\"The content of the new Orangina website was meantto be kept simple serving a few main purposes.\",\"body\":\"In general there were two main obectives, informing people about the available range of Orangina products and telling them about the history of Orangina as a brand. The homepage would then serve as a hub to these two objectives, as well as to the Orangina social channels.\",\"textColor\":\"#ffffff\",\"backgroundColor\":\"#ffab18\",\"paddingTop\":\"0\",\"paddingBottom\":\"0\"}},\"19\":{\"type\":\"video\",\"enabled\":\"1\",\"fields\":{\"coverImage\":\"\",\"video\":[\"18\"],\"backgroundColor\":\"#ffa600\",\"paddingTop\":\"0\",\"paddingBottom\":\"0\"}},\"20\":{\"type\":\"textTwoColumns\",\"enabled\":\"1\",\"fields\":{\"heading\":\"Design elements\",\"intro\":\"Colors for the Orangina website were besides the brand\\u2019s Blue and Yellow, based on the labels of the different flavours. \",\"body\":\"\",\"textColor\":\"#000000\",\"backgroundColor\":\"#ffffff\",\"paddingTop\":\"0\",\"paddingBottom\":\"0\"}},\"22\":{\"type\":\"largeImage\",\"enabled\":\"1\",\"fields\":{\"image\":[\"59\"],\"backgroundImage\":\"\",\"backgroundColor\":\"#ffffff\",\"paddingTop\":\"0\",\"paddingBottom\":\"0\"}},\"23\":{\"type\":\"textWithImage\",\"enabled\":\"1\",\"fields\":{\"heading\":\"Iconography\",\"intro\":\"To add on the playfull, quirky identity of Orangina, we created an iconset that was used throughout the website.\",\"body\":\"Our hands on mentality can be found throughout the whole process. We bring ideas to life early. We prototype to keep improving along the way. \",\"image\":[\"54\"],\"textColor\":\"#000000\",\"backgroundColor\":\"#ffffff\",\"imagePosition\":\"right\",\"paddingTop\":\"50\",\"paddingBottom\":\"0\"}},\"25\":{\"type\":\"textTwoColumns\",\"enabled\":\"1\",\"fields\":{\"heading\":\"Final Designs\",\"intro\":\"The content of the new Orangina website was meantto be kept simple serving a few main purposes.\",\"body\":\"In general there were two main obectives, informing people about the available range of Orangina products and telling them about the history of Orangina as a brand. The homepage would then serve as a hub to these two objectives, as well as to the Orangina social channels.\",\"textColor\":\"#ffffff\",\"backgroundColor\":\"#092865\",\"paddingTop\":\"0\",\"paddingBottom\":\"0\"}},\"29\":{\"type\":\"imageGallery\",\"enabled\":\"1\",\"fields\":{\"images\":[\"55\",\"57\",\"56\"],\"backgroundColor\":\"#092865\",\"paddingTop\":\"0\",\"paddingBottom\":\"0\"}}},\"41\":\"Orangina\",\"31\":{\"36\":{\"type\":\"item\",\"enabled\":\"1\",\"fields\":{\"role\":\"Development\",\"contributorName\":\"Inalise B.V.\"}}},\"40\":[\"62\"],\"50\":\"\",\"39\":\"A quirky new online appearance for a soda brand\",\"36\":{\"30\":{\"type\":\"honour\",\"enabled\":\"1\",\"fields\":{\"honorName\":\"FWA SOTD\",\"logo\":[\"32\"]}},\"34\":{\"type\":\"honour\",\"enabled\":\"1\",\"fields\":{\"honorName\":\"FWA MOTD\",\"logo\":[\"32\"]}},\"35\":{\"type\":\"honour\",\"enabled\":\"1\",\"fields\":{\"honorName\":\"Awwwards SOTD\",\"logo\":[\"33\"]}}},\"43\":\"Responsive Website\",\"42\":\"http:\\/\\/orangina.eu\\/\",\"34\":{\"37\":{\"type\":\"role\",\"enabled\":\"1\",\"fields\":{\"role\":\"Interaction design\"}},\"38\":{\"type\":\"role\",\"enabled\":\"1\",\"fields\":{\"role\":\"UX Design\"}},\"39\":{\"type\":\"role\",\"enabled\":\"1\",\"fields\":{\"role\":\"Creative direction\"}},\"40\":{\"type\":\"role\",\"enabled\":\"1\",\"fields\":{\"role\":\"Concept\"}},\"41\":{\"type\":\"role\",\"enabled\":\"1\",\"fields\":{\"role\":\"Strategy\"}}}}}', '2016-03-01 13:36:01', '2016-03-01 13:36:01', '4717d3e8-2fb2-4caf-8317-328b7c0e084d'),
 ('56', '10', '3', '1', 'en_us', '42', '', '{\"typeId\":\"3\",\"authorId\":\"1\",\"title\":\"Orangina global website\",\"slug\":\"orangina\",\"postDate\":1456411320,\"expiryDate\":null,\"enabled\":1,\"parentId\":null,\"fields\":{\"3\":{\"12\":{\"type\":\"textFullWidth\",\"enabled\":\"1\",\"fields\":{\"body\":\"Orangina refreshed their brand identity Achtung!\\/Kraftwerk wastasked to extend their newbrand identity to a fresh online experience. \",\"textColor\":\"#000000\",\"backgroundColor\":\"#ffffff\",\"paddingTop\":\"100\",\"paddingBottom\":\"60\"}},\"14\":{\"type\":\"largeImage\",\"enabled\":\"1\",\"fields\":{\"image\":[\"61\"],\"backgroundImage\":[\"60\"],\"backgroundColor\":\"#000000\",\"paddingTop\":\"0\",\"paddingBottom\":\"80\"}},\"17\":{\"type\":\"textTwoColumns\",\"enabled\":\"1\",\"fields\":{\"heading\":\"Strategy, Concept & UX\",\"intro\":\"The content of the new Orangina website was meantto be kept simple serving a few main purposes.\",\"body\":\"In general there were two main obectives, informing people about the available range of Orangina products and telling them about the history of Orangina as a brand. The homepage would then serve as a hub to these two objectives, as well as to the Orangina social channels.\",\"textColor\":\"#ffffff\",\"backgroundColor\":\"#ffab18\",\"paddingTop\":\"0\",\"paddingBottom\":\"0\"}},\"19\":{\"type\":\"video\",\"enabled\":\"1\",\"fields\":{\"coverImage\":\"\",\"video\":[\"18\"],\"backgroundColor\":\"#ffa600\",\"paddingTop\":\"0\",\"paddingBottom\":\"0\"}},\"20\":{\"type\":\"textTwoColumns\",\"enabled\":\"1\",\"fields\":{\"heading\":\"Design elements\",\"intro\":\"Colors for the Orangina website were besides the brand\\u2019s Blue and Yellow, based on the labels of the different flavours. \",\"body\":\"\",\"textColor\":\"#000000\",\"backgroundColor\":\"#ffffff\",\"paddingTop\":\"0\",\"paddingBottom\":\"0\"}},\"22\":{\"type\":\"largeImage\",\"enabled\":\"1\",\"fields\":{\"image\":[\"59\"],\"backgroundImage\":\"\",\"backgroundColor\":\"#ffffff\",\"paddingTop\":\"0\",\"paddingBottom\":\"0\"}},\"23\":{\"type\":\"textWithImage\",\"enabled\":\"1\",\"fields\":{\"heading\":\"Iconography\",\"intro\":\"To add on the playfull, quirky identity of Orangina, we created an iconset that was used throughout the website.\",\"body\":\"Our hands on mentality can be found throughout the whole process. We bring ideas to life early. We prototype to keep improving along the way. \",\"image\":[\"54\"],\"textColor\":\"#000000\",\"backgroundColor\":\"#ffffff\",\"imagePosition\":\"right\",\"paddingTop\":\"50\",\"paddingBottom\":\"0\"}},\"25\":{\"type\":\"textTwoColumns\",\"enabled\":\"1\",\"fields\":{\"heading\":\"Final Designs\",\"intro\":\"The content of the new Orangina website was meantto be kept simple serving a few main purposes.\",\"body\":\"In general there were two main obectives, informing people about the available range of Orangina products and telling them about the history of Orangina as a brand. The homepage would then serve as a hub to these two objectives, as well as to the Orangina social channels.\",\"textColor\":\"#ffffff\",\"backgroundColor\":\"#092865\",\"paddingTop\":\"0\",\"paddingBottom\":\"0\"}},\"29\":{\"type\":\"imageGallery\",\"enabled\":\"1\",\"fields\":{\"images\":[\"55\",\"57\",\"56\"],\"backgroundColor\":\"#092865\",\"paddingTop\":\"0\",\"paddingBottom\":\"0\"}}},\"41\":\"Orangina\",\"31\":{\"36\":{\"type\":\"item\",\"enabled\":\"1\",\"fields\":{\"role\":\"Development\",\"contributorName\":\"Inalise B.V.\"}}},\"40\":[\"62\"],\"50\":\"\",\"39\":\"A quirky new online appearance for a soda brand\",\"36\":{\"30\":{\"type\":\"honour\",\"enabled\":\"1\",\"fields\":{\"honorName\":\"FWA SOTD\",\"logo\":[\"32\"]}},\"34\":{\"type\":\"honour\",\"enabled\":\"1\",\"fields\":{\"honorName\":\"FWA MOTD\",\"logo\":[\"32\"]}},\"35\":{\"type\":\"honour\",\"enabled\":\"1\",\"fields\":{\"honorName\":\"Awwwards SOTD\",\"logo\":[\"33\"]}}},\"43\":\"Responsive Website\",\"42\":\"http:\\/\\/orangina.eu\\/\",\"34\":{\"37\":{\"type\":\"role\",\"enabled\":\"1\",\"fields\":{\"role\":\"Interaction design\"}},\"38\":{\"type\":\"role\",\"enabled\":\"1\",\"fields\":{\"role\":\"UX Design\"}},\"39\":{\"type\":\"role\",\"enabled\":\"1\",\"fields\":{\"role\":\"Creative direction\"}},\"40\":{\"type\":\"role\",\"enabled\":\"1\",\"fields\":{\"role\":\"Concept\"}},\"41\":{\"type\":\"role\",\"enabled\":\"1\",\"fields\":{\"role\":\"Strategy\"}}}}}', '2016-03-01 13:39:02', '2016-03-01 13:39:02', '9620953b-cbea-405c-96f3-e675af272db5'),
 ('57', '10', '3', '1', 'en_us', '43', '', '{\"typeId\":\"3\",\"authorId\":\"1\",\"title\":\"Orangina global website\",\"slug\":\"orangina\",\"postDate\":1456411320,\"expiryDate\":null,\"enabled\":1,\"parentId\":null,\"fields\":{\"3\":{\"12\":{\"type\":\"textFullWidth\",\"enabled\":\"1\",\"fields\":{\"body\":\"Orangina refreshed their brand identity Achtung!\\/Kraftwerk wastasked to extend their newbrand identity to a fresh online experience. \",\"textColor\":\"#000000\",\"backgroundColor\":\"#ffffff\",\"paddingTop\":\"100\",\"paddingBottom\":\"60\"}},\"14\":{\"type\":\"largeImage\",\"enabled\":\"1\",\"fields\":{\"image\":[\"61\"],\"backgroundImage\":[\"60\"],\"backgroundColor\":\"#000000\",\"paddingTop\":\"0\",\"paddingBottom\":\"80\"}},\"17\":{\"type\":\"textTwoColumns\",\"enabled\":\"1\",\"fields\":{\"heading\":\"Strategy, Concept & UX\",\"intro\":\"The content of the new Orangina website was meantto be kept simple serving a few main purposes.\",\"body\":\"In general there were two main obectives, informing people about the available range of Orangina products and telling them about the history of Orangina as a brand. The homepage would then serve as a hub to these two objectives, as well as to the Orangina social channels.\",\"textColor\":\"#ffffff\",\"backgroundColor\":\"#ffab18\",\"paddingTop\":\"0\",\"paddingBottom\":\"0\"}},\"19\":{\"type\":\"video\",\"enabled\":\"1\",\"fields\":{\"coverImage\":\"\",\"video\":[\"18\"],\"backgroundColor\":\"#ffa600\",\"paddingTop\":\"0\",\"paddingBottom\":\"0\"}},\"20\":{\"type\":\"textTwoColumns\",\"enabled\":\"1\",\"fields\":{\"heading\":\"Design elements\",\"intro\":\"Colors for the Orangina website were besides the brand\\u2019s Blue and Yellow, based on the labels of the different flavours. \",\"body\":\"\",\"textColor\":\"#000000\",\"backgroundColor\":\"#ffffff\",\"paddingTop\":\"0\",\"paddingBottom\":\"0\"}},\"22\":{\"type\":\"largeImage\",\"enabled\":\"1\",\"fields\":{\"image\":[\"59\"],\"backgroundImage\":\"\",\"backgroundColor\":\"#ffffff\",\"paddingTop\":\"0\",\"paddingBottom\":\"0\"}},\"23\":{\"type\":\"textWithImage\",\"enabled\":\"1\",\"fields\":{\"heading\":\"Iconography\",\"intro\":\"To add on the playfull, quirky identity of Orangina, we created an iconset that was used throughout the website.\",\"body\":\"Our hands on mentality can be found throughout the whole process. We bring ideas to life early. We prototype to keep improving along the way. \",\"image\":[\"54\"],\"textColor\":\"#000000\",\"backgroundColor\":\"#ffffff\",\"imagePosition\":\"right\",\"paddingTop\":\"50\",\"paddingBottom\":\"0\"}},\"25\":{\"type\":\"textTwoColumns\",\"enabled\":\"1\",\"fields\":{\"heading\":\"Final Designs\",\"intro\":\"The content of the new Orangina website was meantto be kept simple serving a few main purposes.\",\"body\":\"In general there were two main obectives, informing people about the available range of Orangina products and telling them about the history of Orangina as a brand. The homepage would then serve as a hub to these two objectives, as well as to the Orangina social channels.\",\"textColor\":\"#ffffff\",\"backgroundColor\":\"#092865\",\"paddingTop\":\"0\",\"paddingBottom\":\"0\"}},\"29\":{\"type\":\"imageGallery\",\"enabled\":\"1\",\"fields\":{\"images\":[\"55\",\"57\",\"56\"],\"backgroundColor\":\"#092865\",\"paddingTop\":\"0\",\"paddingBottom\":\"0\"}}},\"41\":\"Orangina\",\"31\":{\"36\":{\"type\":\"item\",\"enabled\":\"1\",\"fields\":{\"role\":\"Development\",\"contributorName\":\"Inalise B.V.\"}}},\"40\":[\"62\"],\"50\":\"\",\"39\":\"A quirky new online appearance for a soda brand\",\"36\":{\"30\":{\"type\":\"honour\",\"enabled\":\"1\",\"fields\":{\"honorName\":\"FWA SOTD\",\"logo\":[\"32\"]}},\"34\":{\"type\":\"honour\",\"enabled\":\"1\",\"fields\":{\"honorName\":\"FWA MOTD\",\"logo\":[\"32\"]}},\"35\":{\"type\":\"honour\",\"enabled\":\"1\",\"fields\":{\"honorName\":\"Awwwards SOTD\",\"logo\":[\"33\"]}}},\"43\":\"Responsive Website\",\"42\":\"http:\\/\\/orangina.eu\\/\",\"34\":{\"37\":{\"type\":\"role\",\"enabled\":\"1\",\"fields\":{\"role\":\"Interaction design\"}},\"38\":{\"type\":\"role\",\"enabled\":\"1\",\"fields\":{\"role\":\"UX Design\"}},\"39\":{\"type\":\"role\",\"enabled\":\"1\",\"fields\":{\"role\":\"Creative direction\"}},\"40\":{\"type\":\"role\",\"enabled\":\"1\",\"fields\":{\"role\":\"Concept\"}},\"41\":{\"type\":\"role\",\"enabled\":\"1\",\"fields\":{\"role\":\"Strategy\"}}}}}', '2016-03-01 13:39:56', '2016-03-01 13:39:56', 'bd04bd49-5037-4352-a7f9-104f232a7d41'),
 ('58', '10', '3', '1', 'en_us', '44', '', '{\"typeId\":\"3\",\"authorId\":\"1\",\"title\":\"Orangina global website\",\"slug\":\"orangina\",\"postDate\":1456411320,\"expiryDate\":null,\"enabled\":1,\"parentId\":null,\"fields\":{\"3\":{\"12\":{\"type\":\"textFullWidth\",\"enabled\":\"1\",\"fields\":{\"body\":\"Orangina refreshed their brand identity Achtung!\\/Kraftwerk wastasked to extend their newbrand identity to a fresh online experience. \",\"textColor\":\"#000000\",\"backgroundColor\":\"#ffffff\"}},\"14\":{\"type\":\"largeImage\",\"enabled\":\"1\",\"fields\":{\"image\":[\"61\"],\"backgroundImage\":[\"60\"],\"backgroundColor\":\"#000000\"}},\"17\":{\"type\":\"textTwoColumns\",\"enabled\":\"1\",\"fields\":{\"heading\":\"Strategy, Concept & UX\",\"intro\":\"The content of the new Orangina website was meantto be kept simple serving a few main purposes.\",\"body\":\"In general there were two main obectives, informing people about the available range of Orangina products and telling them about the history of Orangina as a brand. The homepage would then serve as a hub to these two objectives, as well as to the Orangina social channels.\",\"textColor\":\"#ffffff\",\"backgroundColor\":\"#fda519\"}},\"19\":{\"type\":\"video\",\"enabled\":\"1\",\"fields\":{\"coverImage\":\"\",\"video\":[\"18\"],\"backgroundColor\":\"#ffa600\"}},\"20\":{\"type\":\"textTwoColumns\",\"enabled\":\"1\",\"fields\":{\"heading\":\"Design elements\",\"intro\":\"Colors for the Orangina website were besides the brand\\u2019s Blue and Yellow, based on the labels of the different flavours. \",\"body\":\"\",\"textColor\":\"#d6d4d6\",\"backgroundColor\":\"#ffffff\"}},\"22\":{\"type\":\"largeImage\",\"enabled\":\"1\",\"fields\":{\"image\":[\"59\"],\"backgroundImage\":\"\",\"backgroundColor\":\"#ffffff\"}},\"23\":{\"type\":\"textWithImage\",\"enabled\":\"1\",\"fields\":{\"heading\":\"Iconography\",\"intro\":\"To add on the playfull, quirky identity of Orangina, we created an iconset that was used throughout the website.\",\"body\":\"Our hands on mentality can be found throughout the whole process. We bring ideas to life early. We prototype to keep improving along the way. \",\"image\":[\"54\"],\"textColor\":\"#000000\",\"backgroundColor\":\"#ffffff\",\"imagePosition\":\"right\",\"paddingTop\":\"50\",\"paddingBottom\":\"0\"}},\"25\":{\"type\":\"textTwoColumns\",\"enabled\":\"1\",\"fields\":{\"heading\":\"Final Designs\",\"intro\":\"The content of the new Orangina website was meantto be kept simple serving a few main purposes.\",\"body\":\"In general there were two main obectives, informing people about the available range of Orangina products and telling them about the history of Orangina as a brand. The homepage would then serve as a hub to these two objectives, as well as to the Orangina social channels.\",\"textColor\":\"#ffffff\",\"backgroundColor\":\"#092865\"}},\"29\":{\"type\":\"imageGallery\",\"enabled\":\"1\",\"fields\":{\"images\":[\"55\",\"57\",\"56\"],\"backgroundColor\":\"#092865\"}}},\"41\":\"Orangina\",\"31\":{\"36\":{\"type\":\"item\",\"enabled\":\"1\",\"fields\":{\"role\":\"Development\",\"contributorName\":\"Inalise B.V.\"}}},\"40\":[\"62\"],\"50\":\"\",\"39\":\"A quirky new online appearance for a soda brand\",\"36\":{\"30\":{\"type\":\"honour\",\"enabled\":\"1\",\"fields\":{\"honorName\":\"FWA SOTD\",\"logo\":[\"32\"]}},\"34\":{\"type\":\"honour\",\"enabled\":\"1\",\"fields\":{\"honorName\":\"FWA MOTD\",\"logo\":[\"32\"]}},\"35\":{\"type\":\"honour\",\"enabled\":\"1\",\"fields\":{\"honorName\":\"Awwwards SOTD\",\"logo\":[\"33\"]}}},\"43\":\"Responsive Website\",\"42\":\"http:\\/\\/orangina.eu\\/\",\"34\":{\"37\":{\"type\":\"role\",\"enabled\":\"1\",\"fields\":{\"role\":\"Interaction design\"}},\"38\":{\"type\":\"role\",\"enabled\":\"1\",\"fields\":{\"role\":\"UX Design\"}},\"39\":{\"type\":\"role\",\"enabled\":\"1\",\"fields\":{\"role\":\"Creative direction\"}},\"40\":{\"type\":\"role\",\"enabled\":\"1\",\"fields\":{\"role\":\"Concept\"}},\"41\":{\"type\":\"role\",\"enabled\":\"1\",\"fields\":{\"role\":\"Strategy\"}}}}}', '2016-03-01 13:42:12', '2016-03-01 13:42:12', 'd48e656a-d955-4970-b3ee-e97eebf551f2'),
 ('59', '10', '3', '1', 'en_us', '45', '', '{\"typeId\":\"3\",\"authorId\":\"1\",\"title\":\"Orangina global website\",\"slug\":\"orangina\",\"postDate\":1456411320,\"expiryDate\":null,\"enabled\":1,\"parentId\":null,\"fields\":{\"3\":{\"12\":{\"type\":\"textFullWidth\",\"enabled\":\"1\",\"fields\":{\"body\":\"Orangina refreshed their brand identity Achtung!\\/Kraftwerk wastasked to extend their newbrand identity to a fresh online experience. \",\"textColor\":\"#000000\",\"backgroundColor\":\"#ffffff\",\"paddingTop\":\"100\",\"paddingBottom\":\"60\"}},\"14\":{\"type\":\"largeImage\",\"enabled\":\"1\",\"fields\":{\"image\":[\"61\"],\"backgroundImage\":[\"60\"],\"backgroundColor\":\"#000000\",\"paddingTop\":\"0\",\"paddingBottom\":\"80\"}},\"17\":{\"type\":\"textTwoColumns\",\"enabled\":\"1\",\"fields\":{\"heading\":\"Strategy, Concept & UX\",\"intro\":\"The content of the new Orangina website was meantto be kept simple serving a few main purposes.\",\"body\":\"In general there were two main obectives, informing people about the available range of Orangina products and telling them about the history of Orangina as a brand. The homepage would then serve as a hub to these two objectives, as well as to the Orangina social channels.\",\"textColor\":\"#ffffff\",\"backgroundColor\":\"#fda519\",\"paddingTop\":\"80\",\"paddingBottom\":\"60\"}},\"19\":{\"type\":\"video\",\"enabled\":\"1\",\"fields\":{\"coverImage\":\"\",\"video\":[\"18\"],\"backgroundColor\":\"#ffa600\",\"paddingTop\":\"0\",\"paddingBottom\":\"0\"}},\"20\":{\"type\":\"textTwoColumns\",\"enabled\":\"1\",\"fields\":{\"heading\":\"Design elements\",\"intro\":\"Colors for the Orangina website were besides the brand\\u2019s Blue and Yellow, based on the labels of the different flavours. \",\"body\":\"\",\"textColor\":\"#d6d4d6\",\"backgroundColor\":\"#ffffff\",\"paddingTop\":\"0\",\"paddingBottom\":\"0\"}},\"22\":{\"type\":\"largeImage\",\"enabled\":\"1\",\"fields\":{\"image\":[\"59\"],\"backgroundImage\":\"\",\"backgroundColor\":\"#ffffff\",\"paddingTop\":\"0\",\"paddingBottom\":\"0\"}},\"23\":{\"type\":\"textWithImage\",\"enabled\":\"1\",\"fields\":{\"heading\":\"Iconography\",\"intro\":\"To add on the playfull, quirky identity of Orangina, we created an iconset that was used throughout the website.\",\"body\":\"Our hands on mentality can be found throughout the whole process. We bring ideas to life early. We prototype to keep improving along the way. \",\"image\":[\"54\"],\"textColor\":\"#000000\",\"backgroundColor\":\"#ffffff\",\"imagePosition\":\"right\",\"paddingTop\":\"50\",\"paddingBottom\":\"0\"}},\"25\":{\"type\":\"textTwoColumns\",\"enabled\":\"1\",\"fields\":{\"heading\":\"Final Designs\",\"intro\":\"The content of the new Orangina website was meantto be kept simple serving a few main purposes.\",\"body\":\"In general there were two main obectives, informing people about the available range of Orangina products and telling them about the history of Orangina as a brand. The homepage would then serve as a hub to these two objectives, as well as to the Orangina social channels.\",\"textColor\":\"#ffffff\",\"backgroundColor\":\"#092865\",\"paddingTop\":\"0\",\"paddingBottom\":\"0\"}},\"29\":{\"type\":\"imageGallery\",\"enabled\":\"1\",\"fields\":{\"images\":[\"55\",\"57\",\"56\"],\"backgroundColor\":\"#092865\",\"paddingTop\":\"0\",\"paddingBottom\":\"0\"}}},\"41\":\"Orangina\",\"31\":{\"36\":{\"type\":\"item\",\"enabled\":\"1\",\"fields\":{\"role\":\"Development\",\"contributorName\":\"Inalise B.V.\"}}},\"40\":[\"62\"],\"50\":\"\",\"39\":\"A quirky new online appearance for a soda brand\",\"36\":{\"30\":{\"type\":\"honour\",\"enabled\":\"1\",\"fields\":{\"honorName\":\"FWA SOTD\",\"logo\":[\"32\"]}},\"34\":{\"type\":\"honour\",\"enabled\":\"1\",\"fields\":{\"honorName\":\"FWA MOTD\",\"logo\":[\"32\"]}},\"35\":{\"type\":\"honour\",\"enabled\":\"1\",\"fields\":{\"honorName\":\"Awwwards SOTD\",\"logo\":[\"33\"]}}},\"43\":\"Responsive Website\",\"42\":\"http:\\/\\/orangina.eu\\/\",\"34\":{\"37\":{\"type\":\"role\",\"enabled\":\"1\",\"fields\":{\"role\":\"Interaction design\"}},\"38\":{\"type\":\"role\",\"enabled\":\"1\",\"fields\":{\"role\":\"UX Design\"}},\"39\":{\"type\":\"role\",\"enabled\":\"1\",\"fields\":{\"role\":\"Creative direction\"}},\"40\":{\"type\":\"role\",\"enabled\":\"1\",\"fields\":{\"role\":\"Concept\"}},\"41\":{\"type\":\"role\",\"enabled\":\"1\",\"fields\":{\"role\":\"Strategy\"}}}}}', '2016-03-01 13:42:23', '2016-03-01 13:42:23', '11cb1f1d-4cd6-45dc-9dd8-5cc9c87a767f'),
 ('60', '10', '3', '1', 'en_us', '46', '', '{\"typeId\":\"3\",\"authorId\":\"1\",\"title\":\"Orangina global website\",\"slug\":\"orangina\",\"postDate\":1456411320,\"expiryDate\":null,\"enabled\":1,\"parentId\":null,\"fields\":{\"3\":{\"12\":{\"type\":\"textFullWidth\",\"enabled\":\"1\",\"fields\":{\"body\":\"Orangina refreshed their brand identity Achtung!\\/Kraftwerk wastasked to extend their newbrand identity to a fresh online experience. \",\"textColor\":\"#000000\",\"backgroundColor\":\"#ffffff\",\"paddingTop\":\"100\",\"paddingBottom\":\"60\"}},\"14\":{\"type\":\"largeImage\",\"enabled\":\"1\",\"fields\":{\"image\":[\"61\"],\"backgroundImage\":[\"60\"],\"backgroundColor\":\"#000000\",\"paddingTop\":\"0\",\"paddingBottom\":\"80\"}},\"17\":{\"type\":\"textTwoColumns\",\"enabled\":\"1\",\"fields\":{\"heading\":\"Strategy, Concept & UX\",\"intro\":\"The content of the new Orangina website was meantto be kept simple serving a few main purposes.\",\"body\":\"In general there were two main obectives, informing people about the available range of Orangina products and telling them about the history of Orangina as a brand. The homepage would then serve as a hub to these two objectives, as well as to the Orangina social channels.\",\"textColor\":\"#ffffff\",\"backgroundColor\":\"#fda519\",\"paddingTop\":\"80\",\"paddingBottom\":\"60\"}},\"19\":{\"type\":\"video\",\"enabled\":\"1\",\"fields\":{\"coverImage\":[\"64\"],\"video\":[\"18\"],\"backgroundColor\":\"#ffa600\",\"paddingTop\":\"0\",\"paddingBottom\":\"0\"}},\"20\":{\"type\":\"textTwoColumns\",\"enabled\":\"1\",\"fields\":{\"heading\":\"Design elements\",\"intro\":\"Colors for the Orangina website were besides the brand\\u2019s Blue and Yellow, based on the labels of the different flavours. \",\"body\":\"\",\"textColor\":\"#d6d4d6\",\"backgroundColor\":\"#ffffff\",\"paddingTop\":\"0\",\"paddingBottom\":\"0\"}},\"22\":{\"type\":\"largeImage\",\"enabled\":\"1\",\"fields\":{\"image\":[\"59\"],\"backgroundImage\":\"\",\"backgroundColor\":\"#ffffff\",\"paddingTop\":\"0\",\"paddingBottom\":\"0\"}},\"23\":{\"type\":\"textWithImage\",\"enabled\":\"1\",\"fields\":{\"heading\":\"Iconography\",\"intro\":\"To add on the playfull, quirky identity of Orangina, we created an iconset that was used throughout the website.\",\"body\":\"Our hands on mentality can be found throughout the whole process. We bring ideas to life early. We prototype to keep improving along the way. \",\"image\":[\"54\"],\"textColor\":\"#000000\",\"backgroundColor\":\"#ffffff\",\"imagePosition\":\"right\",\"paddingTop\":\"50\",\"paddingBottom\":\"0\"}},\"25\":{\"type\":\"textTwoColumns\",\"enabled\":\"1\",\"fields\":{\"heading\":\"Final Designs\",\"intro\":\"The content of the new Orangina website was meantto be kept simple serving a few main purposes.\",\"body\":\"In general there were two main obectives, informing people about the available range of Orangina products and telling them about the history of Orangina as a brand. The homepage would then serve as a hub to these two objectives, as well as to the Orangina social channels.\",\"textColor\":\"#ffffff\",\"backgroundColor\":\"#092865\",\"paddingTop\":\"0\",\"paddingBottom\":\"0\"}},\"29\":{\"type\":\"imageGallery\",\"enabled\":\"1\",\"fields\":{\"images\":[\"55\",\"57\",\"56\"],\"backgroundColor\":\"#092865\",\"paddingTop\":\"0\",\"paddingBottom\":\"0\"}}},\"41\":\"Orangina\",\"31\":{\"36\":{\"type\":\"item\",\"enabled\":\"1\",\"fields\":{\"role\":\"Development\",\"contributorName\":\"Inalise B.V.\"}}},\"40\":[\"62\"],\"50\":\"\",\"39\":\"A quirky new online appearance for a soda brand\",\"36\":{\"30\":{\"type\":\"honour\",\"enabled\":\"1\",\"fields\":{\"honorName\":\"FWA SOTD\",\"logo\":[\"32\"]}},\"34\":{\"type\":\"honour\",\"enabled\":\"1\",\"fields\":{\"honorName\":\"FWA MOTD\",\"logo\":[\"32\"]}},\"35\":{\"type\":\"honour\",\"enabled\":\"1\",\"fields\":{\"honorName\":\"Awwwards SOTD\",\"logo\":[\"33\"]}}},\"43\":\"Responsive Website\",\"42\":\"http:\\/\\/orangina.eu\\/\",\"34\":{\"37\":{\"type\":\"role\",\"enabled\":\"1\",\"fields\":{\"role\":\"Interaction design\"}},\"38\":{\"type\":\"role\",\"enabled\":\"1\",\"fields\":{\"role\":\"UX Design\"}},\"39\":{\"type\":\"role\",\"enabled\":\"1\",\"fields\":{\"role\":\"Creative direction\"}},\"40\":{\"type\":\"role\",\"enabled\":\"1\",\"fields\":{\"role\":\"Concept\"}},\"41\":{\"type\":\"role\",\"enabled\":\"1\",\"fields\":{\"role\":\"Strategy\"}}}}}', '2016-03-01 13:46:48', '2016-03-01 13:46:48', '5277abb4-d157-4c7e-bab2-d7ab63ae999f'),
 ('61', '10', '3', '1', 'en_us', '47', '', '{\"typeId\":\"3\",\"authorId\":\"1\",\"title\":\"Orangina global website\",\"slug\":\"orangina\",\"postDate\":1456411320,\"expiryDate\":null,\"enabled\":1,\"parentId\":null,\"fields\":{\"3\":{\"12\":{\"type\":\"textFullWidth\",\"enabled\":\"1\",\"fields\":{\"body\":\"Orangina refreshed their brand identity Achtung!\\/Kraftwerk wastasked to extend their newbrand identity to a fresh online experience. \",\"textColor\":\"#000000\",\"backgroundColor\":\"#ffffff\",\"paddingTop\":\"100\",\"paddingBottom\":\"60\"}},\"14\":{\"type\":\"largeImage\",\"enabled\":\"1\",\"fields\":{\"image\":[\"61\"],\"backgroundImage\":[\"60\"],\"backgroundColor\":\"#000000\",\"paddingTop\":\"0\",\"paddingBottom\":\"80\"}},\"17\":{\"type\":\"textTwoColumns\",\"enabled\":\"1\",\"fields\":{\"heading\":\"Strategy, Concept & UX\",\"intro\":\"The content of the new Orangina website was meantto be kept simple serving a few main purposes.\",\"body\":\"In general there were two main obectives, informing people about the available range of Orangina products and telling them about the history of Orangina as a brand. The homepage would then serve as a hub to these two objectives, as well as to the Orangina social channels.\",\"textColor\":\"#ffffff\",\"backgroundColor\":\"#fda519\",\"paddingTop\":\"80\",\"paddingBottom\":\"60\"}},\"19\":{\"type\":\"video\",\"enabled\":\"1\",\"fields\":{\"coverImage\":[\"64\"],\"video\":[\"18\"],\"backgroundColor\":\"#ffa600\",\"backgroundImage\":[\"65\"],\"paddingTop\":\"0\",\"paddingBottom\":\"0\"}},\"20\":{\"type\":\"textTwoColumns\",\"enabled\":\"1\",\"fields\":{\"heading\":\"Design elements\",\"intro\":\"Colors for the Orangina website were besides the brand\\u2019s Blue and Yellow, based on the labels of the different flavours. \",\"body\":\"\",\"textColor\":\"#d6d4d6\",\"backgroundColor\":\"#ffffff\",\"paddingTop\":\"0\",\"paddingBottom\":\"0\"}},\"22\":{\"type\":\"largeImage\",\"enabled\":\"1\",\"fields\":{\"image\":[\"59\"],\"backgroundImage\":\"\",\"backgroundColor\":\"#ffffff\",\"paddingTop\":\"0\",\"paddingBottom\":\"0\"}},\"23\":{\"type\":\"textWithImage\",\"enabled\":\"1\",\"fields\":{\"heading\":\"Iconography\",\"intro\":\"To add on the playfull, quirky identity of Orangina, we created an iconset that was used throughout the website.\",\"body\":\"Our hands on mentality can be found throughout the whole process. We bring ideas to life early. We prototype to keep improving along the way. \",\"image\":[\"54\"],\"textColor\":\"#000000\",\"backgroundColor\":\"#ffffff\",\"imagePosition\":\"right\",\"paddingTop\":\"50\",\"paddingBottom\":\"0\"}},\"25\":{\"type\":\"textTwoColumns\",\"enabled\":\"1\",\"fields\":{\"heading\":\"Final Designs\",\"intro\":\"The content of the new Orangina website was meantto be kept simple serving a few main purposes.\",\"body\":\"In general there were two main obectives, informing people about the available range of Orangina products and telling them about the history of Orangina as a brand. The homepage would then serve as a hub to these two objectives, as well as to the Orangina social channels.\",\"textColor\":\"#ffffff\",\"backgroundColor\":\"#092865\",\"paddingTop\":\"0\",\"paddingBottom\":\"0\"}},\"29\":{\"type\":\"imageGallery\",\"enabled\":\"1\",\"fields\":{\"images\":[\"55\",\"57\",\"56\"],\"backgroundColor\":\"#092865\",\"paddingTop\":\"0\",\"paddingBottom\":\"0\"}}},\"41\":\"Orangina\",\"31\":{\"36\":{\"type\":\"item\",\"enabled\":\"1\",\"fields\":{\"role\":\"Development\",\"contributorName\":\"Inalise B.V.\"}}},\"40\":[\"62\"],\"50\":\"\",\"39\":\"A quirky new online appearance for a soda brand\",\"36\":{\"30\":{\"type\":\"honour\",\"enabled\":\"1\",\"fields\":{\"honorName\":\"FWA SOTD\",\"logo\":[\"32\"]}},\"34\":{\"type\":\"honour\",\"enabled\":\"1\",\"fields\":{\"honorName\":\"FWA MOTD\",\"logo\":[\"32\"]}},\"35\":{\"type\":\"honour\",\"enabled\":\"1\",\"fields\":{\"honorName\":\"Awwwards SOTD\",\"logo\":[\"33\"]}}},\"43\":\"Responsive Website\",\"42\":\"http:\\/\\/orangina.eu\\/\",\"34\":{\"37\":{\"type\":\"role\",\"enabled\":\"1\",\"fields\":{\"role\":\"Interaction design\"}},\"38\":{\"type\":\"role\",\"enabled\":\"1\",\"fields\":{\"role\":\"UX Design\"}},\"39\":{\"type\":\"role\",\"enabled\":\"1\",\"fields\":{\"role\":\"Creative direction\"}},\"40\":{\"type\":\"role\",\"enabled\":\"1\",\"fields\":{\"role\":\"Concept\"}},\"41\":{\"type\":\"role\",\"enabled\":\"1\",\"fields\":{\"role\":\"Strategy\"}}}}}', '2016-03-01 13:51:08', '2016-03-01 13:51:08', '431fc457-35dc-411a-ad6c-26d6631d70bb'),
 ('62', '10', '3', '1', 'en_us', '48', '', '{\"typeId\":\"3\",\"authorId\":\"1\",\"title\":\"Orangina global website\",\"slug\":\"orangina\",\"postDate\":1456411320,\"expiryDate\":null,\"enabled\":1,\"parentId\":null,\"fields\":{\"3\":{\"12\":{\"type\":\"textFullWidth\",\"enabled\":\"1\",\"fields\":{\"body\":\"Orangina refreshed their brand identity Achtung!\\/Kraftwerk wastasked to extend their newbrand identity to a fresh online experience. \",\"textColor\":\"#000000\",\"backgroundColor\":\"#ffffff\",\"paddingTop\":\"100\",\"paddingBottom\":\"60\"}},\"14\":{\"type\":\"largeImage\",\"enabled\":\"1\",\"fields\":{\"image\":[\"61\"],\"backgroundImage\":[\"60\"],\"backgroundColor\":\"#000000\",\"paddingTop\":\"0\",\"paddingBottom\":\"80\"}},\"17\":{\"type\":\"textTwoColumns\",\"enabled\":\"1\",\"fields\":{\"heading\":\"Strategy, Concept & UX\",\"intro\":\"The content of the new Orangina website was meantto be kept simple serving a few main purposes.\",\"body\":\"In general there were two main obectives, informing people about the available range of Orangina products and telling them about the history of Orangina as a brand. The homepage would then serve as a hub to these two objectives, as well as to the Orangina social channels.\",\"textColor\":\"#ffffff\",\"backgroundColor\":\"#fda519\",\"paddingTop\":\"80\",\"paddingBottom\":\"60\"}},\"19\":{\"type\":\"video\",\"enabled\":\"1\",\"fields\":{\"coverImage\":[\"64\"],\"video\":[\"18\"],\"backgroundColor\":\"#ffa600\",\"backgroundImage\":[\"65\"],\"paddingTop\":\"0\",\"paddingBottom\":\"100\"}},\"20\":{\"type\":\"textTwoColumns\",\"enabled\":\"1\",\"fields\":{\"heading\":\"Design elements\",\"intro\":\"Colors for the Orangina website were besides the brand\\u2019s Blue and Yellow, based on the labels of the different flavours. \",\"body\":\"\",\"textColor\":\"#d6d4d6\",\"backgroundColor\":\"#ffffff\",\"paddingTop\":\"0\",\"paddingBottom\":\"0\"}},\"22\":{\"type\":\"largeImage\",\"enabled\":\"1\",\"fields\":{\"image\":[\"59\"],\"backgroundImage\":\"\",\"backgroundColor\":\"#ffffff\",\"paddingTop\":\"0\",\"paddingBottom\":\"0\"}},\"23\":{\"type\":\"textWithImage\",\"enabled\":\"1\",\"fields\":{\"heading\":\"Iconography\",\"intro\":\"To add on the playfull, quirky identity of Orangina, we created an iconset that was used throughout the website.\",\"body\":\"Our hands on mentality can be found throughout the whole process. We bring ideas to life early. We prototype to keep improving along the way. \",\"image\":[\"54\"],\"textColor\":\"#000000\",\"backgroundColor\":\"#ffffff\",\"imagePosition\":\"right\",\"paddingTop\":\"50\",\"paddingBottom\":\"0\"}},\"25\":{\"type\":\"textTwoColumns\",\"enabled\":\"1\",\"fields\":{\"heading\":\"Final Designs\",\"intro\":\"The content of the new Orangina website was meantto be kept simple serving a few main purposes.\",\"body\":\"In general there were two main obectives, informing people about the available range of Orangina products and telling them about the history of Orangina as a brand. The homepage would then serve as a hub to these two objectives, as well as to the Orangina social channels.\",\"textColor\":\"#ffffff\",\"backgroundColor\":\"#092865\",\"paddingTop\":\"0\",\"paddingBottom\":\"0\"}},\"29\":{\"type\":\"imageGallery\",\"enabled\":\"1\",\"fields\":{\"images\":[\"55\",\"57\",\"56\"],\"backgroundColor\":\"#092865\",\"paddingTop\":\"0\",\"paddingBottom\":\"0\"}}},\"41\":\"Orangina\",\"31\":{\"36\":{\"type\":\"item\",\"enabled\":\"1\",\"fields\":{\"role\":\"Development\",\"contributorName\":\"Inalise B.V.\"}}},\"40\":[\"62\"],\"50\":\"\",\"39\":\"A quirky new online appearance for a soda brand\",\"36\":{\"30\":{\"type\":\"honour\",\"enabled\":\"1\",\"fields\":{\"honorName\":\"FWA SOTD\",\"logo\":[\"32\"]}},\"34\":{\"type\":\"honour\",\"enabled\":\"1\",\"fields\":{\"honorName\":\"FWA MOTD\",\"logo\":[\"32\"]}},\"35\":{\"type\":\"honour\",\"enabled\":\"1\",\"fields\":{\"honorName\":\"Awwwards SOTD\",\"logo\":[\"33\"]}}},\"43\":\"Responsive Website\",\"42\":\"http:\\/\\/orangina.eu\\/\",\"34\":{\"37\":{\"type\":\"role\",\"enabled\":\"1\",\"fields\":{\"role\":\"Interaction design\"}},\"38\":{\"type\":\"role\",\"enabled\":\"1\",\"fields\":{\"role\":\"UX Design\"}},\"39\":{\"type\":\"role\",\"enabled\":\"1\",\"fields\":{\"role\":\"Creative direction\"}},\"40\":{\"type\":\"role\",\"enabled\":\"1\",\"fields\":{\"role\":\"Concept\"}},\"41\":{\"type\":\"role\",\"enabled\":\"1\",\"fields\":{\"role\":\"Strategy\"}}}}}', '2016-03-01 13:53:29', '2016-03-01 13:53:29', '0c07281f-413c-47a0-89cb-aaf8ac57bc0f'),
 ('63', '10', '3', '1', 'en_us', '49', '', '{\"typeId\":\"3\",\"authorId\":\"1\",\"title\":\"Orangina global website\",\"slug\":\"orangina\",\"postDate\":1456411320,\"expiryDate\":null,\"enabled\":1,\"parentId\":null,\"fields\":{\"3\":{\"12\":{\"type\":\"textFullWidth\",\"enabled\":\"1\",\"fields\":{\"body\":\"Orangina refreshed their brand identity Achtung!\\/Kraftwerk wastasked to extend their newbrand identity to a fresh online experience. \",\"textColor\":\"#000000\",\"backgroundColor\":\"#ffffff\",\"paddingTop\":\"100\",\"paddingBottom\":\"60\"}},\"14\":{\"type\":\"largeImage\",\"enabled\":\"1\",\"fields\":{\"image\":[\"61\"],\"backgroundImage\":[\"60\"],\"backgroundColor\":\"#000000\",\"paddingTop\":\"0\",\"paddingBottom\":\"80\"}},\"17\":{\"type\":\"textTwoColumns\",\"enabled\":\"1\",\"fields\":{\"heading\":\"Strategy, Concept & UX\",\"intro\":\"The content of the new Orangina website was meantto be kept simple serving a few main purposes.\",\"body\":\"In general there were two main obectives, informing people about the available range of Orangina products and telling them about the history of Orangina as a brand. The homepage would then serve as a hub to these two objectives, as well as to the Orangina social channels.\",\"textColor\":\"#ffffff\",\"backgroundColor\":\"#fda519\",\"paddingTop\":\"80\",\"paddingBottom\":\"60\"}},\"19\":{\"type\":\"video\",\"enabled\":\"1\",\"fields\":{\"coverImage\":[\"64\"],\"video\":[\"18\"],\"backgroundColor\":\"#ffa600\",\"backgroundImage\":[\"65\"],\"paddingTop\":\"60\",\"paddingBottom\":\"100\"}},\"20\":{\"type\":\"textTwoColumns\",\"enabled\":\"1\",\"fields\":{\"heading\":\"Design elements\",\"intro\":\"Colors for the Orangina website were besides the brand\\u2019s Blue and Yellow, based on the labels of the different flavours. \",\"body\":\"\",\"textColor\":\"#d6d4d6\",\"backgroundColor\":\"#ffffff\",\"paddingTop\":\"0\",\"paddingBottom\":\"0\"}},\"22\":{\"type\":\"largeImage\",\"enabled\":\"1\",\"fields\":{\"image\":[\"59\"],\"backgroundImage\":\"\",\"backgroundColor\":\"#ffffff\",\"paddingTop\":\"0\",\"paddingBottom\":\"0\"}},\"23\":{\"type\":\"textWithImage\",\"enabled\":\"1\",\"fields\":{\"heading\":\"Iconography\",\"intro\":\"To add on the playfull, quirky identity of Orangina, we created an iconset that was used throughout the website.\",\"body\":\"Our hands on mentality can be found throughout the whole process. We bring ideas to life early. We prototype to keep improving along the way. \",\"image\":[\"54\"],\"textColor\":\"#000000\",\"backgroundColor\":\"#ffffff\",\"imagePosition\":\"right\",\"paddingTop\":\"50\",\"paddingBottom\":\"0\"}},\"25\":{\"type\":\"textTwoColumns\",\"enabled\":\"1\",\"fields\":{\"heading\":\"Final Designs\",\"intro\":\"The content of the new Orangina website was meantto be kept simple serving a few main purposes.\",\"body\":\"In general there were two main obectives, informing people about the available range of Orangina products and telling them about the history of Orangina as a brand. The homepage would then serve as a hub to these two objectives, as well as to the Orangina social channels.\",\"textColor\":\"#ffffff\",\"backgroundColor\":\"#092865\",\"paddingTop\":\"0\",\"paddingBottom\":\"0\"}},\"29\":{\"type\":\"imageGallery\",\"enabled\":\"1\",\"fields\":{\"images\":[\"55\",\"57\",\"56\"],\"backgroundColor\":\"#092865\",\"paddingTop\":\"0\",\"paddingBottom\":\"0\"}}},\"41\":\"Orangina\",\"31\":{\"36\":{\"type\":\"item\",\"enabled\":\"1\",\"fields\":{\"role\":\"Development\",\"contributorName\":\"Inalise B.V.\"}}},\"40\":[\"62\"],\"50\":\"\",\"39\":\"A quirky new online appearance for a soda brand\",\"36\":{\"30\":{\"type\":\"honour\",\"enabled\":\"1\",\"fields\":{\"honorName\":\"FWA SOTD\",\"logo\":[\"32\"]}},\"34\":{\"type\":\"honour\",\"enabled\":\"1\",\"fields\":{\"honorName\":\"FWA MOTD\",\"logo\":[\"32\"]}},\"35\":{\"type\":\"honour\",\"enabled\":\"1\",\"fields\":{\"honorName\":\"Awwwards SOTD\",\"logo\":[\"33\"]}}},\"43\":\"Responsive Website\",\"42\":\"http:\\/\\/orangina.eu\\/\",\"34\":{\"37\":{\"type\":\"role\",\"enabled\":\"1\",\"fields\":{\"role\":\"Interaction design\"}},\"38\":{\"type\":\"role\",\"enabled\":\"1\",\"fields\":{\"role\":\"UX Design\"}},\"39\":{\"type\":\"role\",\"enabled\":\"1\",\"fields\":{\"role\":\"Creative direction\"}},\"40\":{\"type\":\"role\",\"enabled\":\"1\",\"fields\":{\"role\":\"Concept\"}},\"41\":{\"type\":\"role\",\"enabled\":\"1\",\"fields\":{\"role\":\"Strategy\"}}}}}', '2016-03-01 13:53:56', '2016-03-01 13:53:56', 'e32fa47a-bb85-4e0c-81c3-f1e852d385f2'),
 ('64', '10', '3', '1', 'en_us', '50', '', '{\"typeId\":\"3\",\"authorId\":\"1\",\"title\":\"Orangina global website\",\"slug\":\"orangina\",\"postDate\":1456411320,\"expiryDate\":null,\"enabled\":1,\"parentId\":null,\"fields\":{\"3\":{\"12\":{\"type\":\"textFullWidth\",\"enabled\":\"1\",\"fields\":{\"body\":\"Orangina refreshed their brand identity Achtung!\\/Kraftwerk wastasked to extend their newbrand identity to a fresh online experience. \",\"textColor\":\"#000000\",\"backgroundColor\":\"#ffffff\",\"paddingTop\":\"100\",\"paddingBottom\":\"60\"}},\"14\":{\"type\":\"largeImage\",\"enabled\":\"1\",\"fields\":{\"image\":[\"61\"],\"backgroundImage\":[\"60\"],\"backgroundColor\":\"#000000\",\"paddingTop\":\"0\",\"paddingBottom\":\"80\"}},\"17\":{\"type\":\"textTwoColumns\",\"enabled\":\"1\",\"fields\":{\"heading\":\"Strategy, Concept & UX\",\"intro\":\"The content of the new Orangina website was meantto be kept simple serving a few main purposes.\",\"body\":\"In general there were two main obectives, informing people about the available range of Orangina products and telling them about the history of Orangina as a brand. The homepage would then serve as a hub to these two objectives, as well as to the Orangina social channels.\",\"textColor\":\"#ffffff\",\"backgroundColor\":\"#fda519\",\"paddingTop\":\"80\",\"paddingBottom\":\"60\"}},\"19\":{\"type\":\"video\",\"enabled\":\"1\",\"fields\":{\"coverImage\":[\"64\"],\"video\":[\"18\"],\"backgroundColor\":\"#ffa600\",\"backgroundImage\":[\"65\"],\"paddingTop\":\"60\",\"paddingBottom\":\"100\"}},\"20\":{\"type\":\"textTwoColumns\",\"enabled\":\"1\",\"fields\":{\"heading\":\"Design elements\",\"intro\":\"Colors for the Orangina website were besides the brand\\u2019s Blue and Yellow, based on the labels of the different flavours. \",\"body\":\"\",\"textColor\":\"#d6d4d6\",\"backgroundColor\":\"#ffffff\",\"paddingTop\":\"0\",\"paddingBottom\":\"0\"}},\"22\":{\"type\":\"largeImage\",\"enabled\":\"1\",\"fields\":{\"image\":[\"59\"],\"backgroundImage\":\"\",\"backgroundColor\":\"#ffffff\",\"paddingTop\":\"0\",\"paddingBottom\":\"0\"}},\"23\":{\"type\":\"textWithImage\",\"enabled\":\"1\",\"fields\":{\"heading\":\"Iconography\",\"intro\":\"To add on the playfull, quirky identity of Orangina, we created an iconset that was used throughout the website.\",\"body\":\"Our hands on mentality can be found throughout the whole process. We bring ideas to life early. We prototype to keep improving along the way. \",\"image\":[\"54\"],\"textColor\":\"#000000\",\"backgroundColor\":\"#ffffff\",\"imagePosition\":\"right\",\"paddingTop\":\"50\",\"paddingBottom\":\"0\"}},\"25\":{\"type\":\"textTwoColumns\",\"enabled\":\"1\",\"fields\":{\"heading\":\"Final Designs\",\"intro\":\"The content of the new Orangina website was meantto be kept simple serving a few main purposes.\",\"body\":\"In general there were two main obectives, informing people about the available range of Orangina products and telling them about the history of Orangina as a brand. The homepage would then serve as a hub to these two objectives, as well as to the Orangina social channels.\",\"textColor\":\"#ffffff\",\"backgroundColor\":\"#092865\",\"paddingTop\":\"0\",\"paddingBottom\":\"0\"}},\"29\":{\"type\":\"imageGallery\",\"enabled\":\"1\",\"fields\":{\"images\":[\"55\",\"57\",\"56\"],\"backgroundColor\":\"#092865\",\"paddingTop\":\"0\",\"paddingBottom\":\"0\"}}},\"41\":\"Orangina\",\"31\":{\"36\":{\"type\":\"item\",\"enabled\":\"1\",\"fields\":{\"role\":\"Development\",\"contributorName\":\"Inalise B.V.\"}}},\"40\":[\"62\"],\"50\":\"\",\"39\":\"A quirky new online appearance for a soda brand\",\"36\":{\"30\":{\"type\":\"honour\",\"enabled\":\"1\",\"fields\":{\"honorName\":\"FWA SOTD\",\"logo\":[\"32\"]}},\"34\":{\"type\":\"honour\",\"enabled\":\"1\",\"fields\":{\"honorName\":\"FWA MOTD\",\"logo\":[\"32\"]}},\"35\":{\"type\":\"honour\",\"enabled\":\"1\",\"fields\":{\"honorName\":\"Awwwards SOTD\",\"logo\":[\"33\"]}}},\"43\":\"Responsive Website\",\"42\":\"http:\\/\\/orangina.eu\\/\",\"34\":{\"37\":{\"type\":\"role\",\"enabled\":\"1\",\"fields\":{\"role\":\"Interaction design\"}},\"38\":{\"type\":\"role\",\"enabled\":\"1\",\"fields\":{\"role\":\"UX Design\"}},\"39\":{\"type\":\"role\",\"enabled\":\"1\",\"fields\":{\"role\":\"Creative direction\"}},\"40\":{\"type\":\"role\",\"enabled\":\"1\",\"fields\":{\"role\":\"Concept\"}},\"41\":{\"type\":\"role\",\"enabled\":\"1\",\"fields\":{\"role\":\"Strategy\"}}}}}', '2016-03-01 13:56:55', '2016-03-01 13:56:55', '7ba0f7ea-41ba-484e-91c0-f6ec8f7bb47e'),
 ('65', '10', '3', '1', 'en_us', '51', '', '{\"typeId\":\"3\",\"authorId\":\"1\",\"title\":\"Orangina global website\",\"slug\":\"orangina\",\"postDate\":1456411320,\"expiryDate\":null,\"enabled\":1,\"parentId\":null,\"fields\":{\"3\":{\"12\":{\"type\":\"textFullWidth\",\"enabled\":\"1\",\"fields\":{\"body\":\"Orangina refreshed their brand identity Achtung!\\/Kraftwerk wastasked to extend their newbrand identity to a fresh online experience. \",\"textColor\":\"#000000\",\"backgroundColor\":\"#ffffff\",\"paddingTop\":\"100\",\"paddingBottom\":\"60\"}},\"14\":{\"type\":\"largeImage\",\"enabled\":\"1\",\"fields\":{\"image\":[\"61\"],\"backgroundImage\":[\"60\"],\"backgroundColor\":\"#000000\",\"paddingTop\":\"0\",\"paddingBottom\":\"80\"}},\"17\":{\"type\":\"textTwoColumns\",\"enabled\":\"1\",\"fields\":{\"heading\":\"Strategy, Concept & UX\",\"intro\":\"The content of the new Orangina website was meantto be kept simple serving a few main purposes.\",\"body\":\"In general there were two main obectives, informing people about the available range of Orangina products and telling them about the history of Orangina as a brand. The homepage would then serve as a hub to these two objectives, as well as to the Orangina social channels.\",\"textColor\":\"#ffffff\",\"backgroundColor\":\"#fdaa31\",\"paddingTop\":\"80\",\"paddingBottom\":\"60\"}},\"19\":{\"type\":\"video\",\"enabled\":\"1\",\"fields\":{\"coverImage\":[\"64\"],\"video\":[\"18\"],\"backgroundColor\":\"#ffa600\",\"backgroundImage\":[\"65\"],\"paddingTop\":\"60\",\"paddingBottom\":\"100\"}},\"20\":{\"type\":\"textTwoColumns\",\"enabled\":\"1\",\"fields\":{\"heading\":\"Design elements\",\"intro\":\"Colors for the Orangina website were besides the brand\\u2019s Blue and Yellow, based on the labels of the different flavours. \",\"body\":\"\",\"textColor\":\"#d6d4d6\",\"backgroundColor\":\"#ffffff\",\"paddingTop\":\"0\",\"paddingBottom\":\"0\"}},\"22\":{\"type\":\"largeImage\",\"enabled\":\"1\",\"fields\":{\"image\":[\"59\"],\"backgroundImage\":\"\",\"backgroundColor\":\"#ffffff\",\"paddingTop\":\"0\",\"paddingBottom\":\"0\"}},\"23\":{\"type\":\"textWithImage\",\"enabled\":\"1\",\"fields\":{\"heading\":\"Iconography\",\"intro\":\"To add on the playfull, quirky identity of Orangina, we created an iconset that was used throughout the website.\",\"body\":\"Our hands on mentality can be found throughout the whole process. We bring ideas to life early. We prototype to keep improving along the way. \",\"image\":[\"54\"],\"textColor\":\"#000000\",\"backgroundColor\":\"#ffffff\",\"imagePosition\":\"right\",\"paddingTop\":\"50\",\"paddingBottom\":\"0\"}},\"25\":{\"type\":\"textTwoColumns\",\"enabled\":\"1\",\"fields\":{\"heading\":\"Final Designs\",\"intro\":\"The content of the new Orangina website was meantto be kept simple serving a few main purposes.\",\"body\":\"In general there were two main obectives, informing people about the available range of Orangina products and telling them about the history of Orangina as a brand. The homepage would then serve as a hub to these two objectives, as well as to the Orangina social channels.\",\"textColor\":\"#ffffff\",\"backgroundColor\":\"#092865\",\"paddingTop\":\"0\",\"paddingBottom\":\"0\"}},\"29\":{\"type\":\"imageGallery\",\"enabled\":\"1\",\"fields\":{\"images\":[\"55\",\"57\",\"56\"],\"backgroundColor\":\"#092865\",\"paddingTop\":\"0\",\"paddingBottom\":\"0\"}}},\"41\":\"Orangina\",\"31\":{\"36\":{\"type\":\"item\",\"enabled\":\"1\",\"fields\":{\"role\":\"Development\",\"contributorName\":\"Inalise B.V.\"}}},\"40\":[\"62\"],\"50\":\"\",\"39\":\"A quirky new online appearance for a soda brand\",\"36\":{\"30\":{\"type\":\"honour\",\"enabled\":\"1\",\"fields\":{\"honorName\":\"FWA SOTD\",\"logo\":[\"32\"]}},\"34\":{\"type\":\"honour\",\"enabled\":\"1\",\"fields\":{\"honorName\":\"FWA MOTD\",\"logo\":[\"32\"]}},\"35\":{\"type\":\"honour\",\"enabled\":\"1\",\"fields\":{\"honorName\":\"Awwwards SOTD\",\"logo\":[\"33\"]}}},\"43\":\"Responsive Website\",\"42\":\"http:\\/\\/orangina.eu\\/\",\"34\":{\"37\":{\"type\":\"role\",\"enabled\":\"1\",\"fields\":{\"role\":\"Interaction design\"}},\"38\":{\"type\":\"role\",\"enabled\":\"1\",\"fields\":{\"role\":\"UX Design\"}},\"39\":{\"type\":\"role\",\"enabled\":\"1\",\"fields\":{\"role\":\"Creative direction\"}},\"40\":{\"type\":\"role\",\"enabled\":\"1\",\"fields\":{\"role\":\"Concept\"}},\"41\":{\"type\":\"role\",\"enabled\":\"1\",\"fields\":{\"role\":\"Strategy\"}}}}}', '2016-03-01 13:57:29', '2016-03-01 13:57:29', '36a895e6-0369-498e-b140-aaeae87ef4d4'),
 ('66', '10', '3', '1', 'en_us', '52', '', '{\"typeId\":\"3\",\"authorId\":\"1\",\"title\":\"Orangina global website\",\"slug\":\"orangina\",\"postDate\":1456411320,\"expiryDate\":null,\"enabled\":1,\"parentId\":null,\"fields\":{\"3\":{\"12\":{\"type\":\"textFullWidth\",\"enabled\":\"1\",\"fields\":{\"body\":\"Orangina refreshed their brand identity Achtung!\\/Kraftwerk wastasked to extend their newbrand identity to a fresh online experience. \",\"textColor\":\"#000000\",\"backgroundColor\":\"#ffffff\",\"paddingTop\":\"100\",\"paddingBottom\":\"60\"}},\"14\":{\"type\":\"largeImage\",\"enabled\":\"1\",\"fields\":{\"image\":[\"61\"],\"backgroundImage\":[\"60\"],\"backgroundColor\":\"#000000\",\"paddingTop\":\"0\",\"paddingBottom\":\"80\"}},\"17\":{\"type\":\"textTwoColumns\",\"enabled\":\"1\",\"fields\":{\"heading\":\"Strategy, Concept & UX\",\"intro\":\"The content of the new Orangina website was meantto be kept simple serving a few main purposes.\",\"body\":\"In general there were two main obectives, informing people about the available range of Orangina products and telling them about the history of Orangina as a brand. The homepage would then serve as a hub to these two objectives, as well as to the Orangina social channels.\",\"textColor\":\"#ffffff\",\"backgroundColor\":\"#fdaa31\",\"paddingTop\":\"80\",\"paddingBottom\":\"60\"}},\"19\":{\"type\":\"video\",\"enabled\":\"1\",\"fields\":{\"coverImage\":[\"64\"],\"video\":[\"18\"],\"backgroundColor\":\"#ffa600\",\"backgroundImage\":[\"65\"],\"paddingTop\":\"60\",\"paddingBottom\":\"100\"}},\"20\":{\"type\":\"textTwoColumns\",\"enabled\":\"1\",\"fields\":{\"heading\":\"Design elements\",\"intro\":\"Colors for the Orangina website were besides the brand\\u2019s Blue and Yellow, based on the labels of the different flavours. \",\"body\":\"\",\"textColor\":\"#000000\",\"backgroundColor\":\"#ffffff\",\"paddingTop\":\"100\",\"paddingBottom\":\"40\"}},\"22\":{\"type\":\"largeImage\",\"enabled\":\"1\",\"fields\":{\"image\":[\"59\"],\"backgroundImage\":\"\",\"backgroundColor\":\"#ffffff\",\"paddingTop\":\"0\",\"paddingBottom\":\"0\"}},\"23\":{\"type\":\"textWithImage\",\"enabled\":\"1\",\"fields\":{\"heading\":\"Iconography\",\"intro\":\"To add on the playfull, quirky identity of Orangina, we created an iconset that was used throughout the website.\",\"body\":\"Our hands on mentality can be found throughout the whole process. We bring ideas to life early. We prototype to keep improving along the way. \",\"image\":[\"54\"],\"textColor\":\"#000000\",\"backgroundColor\":\"#ffffff\",\"imagePosition\":\"right\",\"paddingTop\":\"50\",\"paddingBottom\":\"0\"}},\"25\":{\"type\":\"textTwoColumns\",\"enabled\":\"1\",\"fields\":{\"heading\":\"Final Designs\",\"intro\":\"The content of the new Orangina website was meantto be kept simple serving a few main purposes.\",\"body\":\"In general there were two main obectives, informing people about the available range of Orangina products and telling them about the history of Orangina as a brand. The homepage would then serve as a hub to these two objectives, as well as to the Orangina social channels.\",\"textColor\":\"#ffffff\",\"backgroundColor\":\"#092865\",\"paddingTop\":\"0\",\"paddingBottom\":\"0\"}},\"29\":{\"type\":\"imageGallery\",\"enabled\":\"1\",\"fields\":{\"images\":[\"55\",\"57\",\"56\"],\"backgroundColor\":\"#092865\",\"paddingTop\":\"0\",\"paddingBottom\":\"0\"}}},\"41\":\"Orangina\",\"31\":{\"36\":{\"type\":\"item\",\"enabled\":\"1\",\"fields\":{\"role\":\"Development\",\"contributorName\":\"Inalise B.V.\"}}},\"40\":[\"62\"],\"50\":\"\",\"39\":\"A quirky new online appearance for a soda brand\",\"36\":{\"30\":{\"type\":\"honour\",\"enabled\":\"1\",\"fields\":{\"honorName\":\"FWA SOTD\",\"logo\":[\"32\"]}},\"34\":{\"type\":\"honour\",\"enabled\":\"1\",\"fields\":{\"honorName\":\"FWA MOTD\",\"logo\":[\"32\"]}},\"35\":{\"type\":\"honour\",\"enabled\":\"1\",\"fields\":{\"honorName\":\"Awwwards SOTD\",\"logo\":[\"33\"]}}},\"43\":\"Responsive Website\",\"42\":\"http:\\/\\/orangina.eu\\/\",\"34\":{\"37\":{\"type\":\"role\",\"enabled\":\"1\",\"fields\":{\"role\":\"Interaction design\"}},\"38\":{\"type\":\"role\",\"enabled\":\"1\",\"fields\":{\"role\":\"UX Design\"}},\"39\":{\"type\":\"role\",\"enabled\":\"1\",\"fields\":{\"role\":\"Creative direction\"}},\"40\":{\"type\":\"role\",\"enabled\":\"1\",\"fields\":{\"role\":\"Concept\"}},\"41\":{\"type\":\"role\",\"enabled\":\"1\",\"fields\":{\"role\":\"Strategy\"}}}}}', '2016-03-01 13:59:58', '2016-03-01 13:59:58', '25916ff2-4e13-4a8f-a962-c2efe5359356'),
 ('67', '10', '3', '1', 'en_us', '53', '', '{\"typeId\":\"3\",\"authorId\":\"1\",\"title\":\"Orangina global website\",\"slug\":\"orangina\",\"postDate\":1456411320,\"expiryDate\":null,\"enabled\":1,\"parentId\":null,\"fields\":{\"3\":{\"12\":{\"type\":\"textFullWidth\",\"enabled\":\"1\",\"fields\":{\"body\":\"Orangina refreshed their brand identity Achtung!\\/Kraftwerk wastasked to extend their newbrand identity to a fresh online experience. \",\"textColor\":\"#000000\",\"backgroundColor\":\"#ffffff\",\"paddingTop\":\"100\",\"paddingBottom\":\"60\"}},\"14\":{\"type\":\"largeImage\",\"enabled\":\"1\",\"fields\":{\"image\":[\"61\"],\"backgroundImage\":[\"60\"],\"backgroundColor\":\"#000000\",\"paddingTop\":\"0\",\"paddingBottom\":\"80\"}},\"17\":{\"type\":\"textTwoColumns\",\"enabled\":\"1\",\"fields\":{\"heading\":\"Strategy, Concept & UX\",\"intro\":\"The content of the new Orangina website was meantto be kept simple serving a few main purposes.\",\"body\":\"In general there were two main obectives, informing people about the available range of Orangina products and telling them about the history of Orangina as a brand. The homepage would then serve as a hub to these two objectives, as well as to the Orangina social channels.\",\"textColor\":\"#ffffff\",\"backgroundColor\":\"#fdaa31\",\"paddingTop\":\"80\",\"paddingBottom\":\"60\"}},\"19\":{\"type\":\"video\",\"enabled\":\"1\",\"fields\":{\"coverImage\":[\"64\"],\"video\":[\"18\"],\"backgroundColor\":\"#ffa600\",\"backgroundImage\":[\"65\"],\"paddingTop\":\"60\",\"paddingBottom\":\"100\"}},\"20\":{\"type\":\"textTwoColumns\",\"enabled\":\"1\",\"fields\":{\"heading\":\"Design elements\",\"intro\":\"Colors for the Orangina website were besides the brand\\u2019s Blue and Yellow, based on the labels of the different flavours. \",\"body\":\"\",\"textColor\":\"#000000\",\"backgroundColor\":\"#ffffff\",\"paddingTop\":\"100\",\"paddingBottom\":\"40\"}},\"22\":{\"type\":\"largeImage\",\"enabled\":\"1\",\"fields\":{\"image\":[\"59\"],\"backgroundImage\":\"\",\"backgroundColor\":\"#ffffff\",\"paddingTop\":\"0\",\"paddingBottom\":\"0\"}},\"23\":{\"type\":\"textWithImage\",\"enabled\":\"1\",\"fields\":{\"heading\":\"Iconography\",\"intro\":\"To add on the playfull, quirky identity of Orangina, we created an iconset that was used throughout the website.\",\"body\":\"Our hands on mentality can be found throughout the whole process. We bring ideas to life early. We prototype to keep improving along the way. \",\"image\":[\"54\"],\"textColor\":\"#000000\",\"backgroundColor\":\"#ffffff\",\"imagePosition\":\"right\",\"paddingTop\":\"50\",\"paddingBottom\":\"100\"}},\"25\":{\"type\":\"textTwoColumns\",\"enabled\":\"1\",\"fields\":{\"heading\":\"Final Designs\",\"intro\":\"The content of the new Orangina website was meantto be kept simple serving a few main purposes.\",\"body\":\"In general there were two main obectives, informing people about the available range of Orangina products and telling them about the history of Orangina as a brand. The homepage would then serve as a hub to these two objectives, as well as to the Orangina social channels.\",\"textColor\":\"#ffffff\",\"backgroundColor\":\"#092865\",\"paddingTop\":\"0\",\"paddingBottom\":\"0\"}},\"29\":{\"type\":\"imageGallery\",\"enabled\":\"1\",\"fields\":{\"images\":[\"55\",\"57\",\"56\"],\"backgroundColor\":\"#092865\",\"paddingTop\":\"0\",\"paddingBottom\":\"0\"}}},\"41\":\"Orangina\",\"31\":{\"36\":{\"type\":\"item\",\"enabled\":\"1\",\"fields\":{\"role\":\"Development\",\"contributorName\":\"Inalise B.V.\"}}},\"40\":[\"62\"],\"50\":\"\",\"39\":\"A quirky new online appearance for a soda brand\",\"36\":{\"30\":{\"type\":\"honour\",\"enabled\":\"1\",\"fields\":{\"honorName\":\"FWA SOTD\",\"logo\":[\"32\"]}},\"34\":{\"type\":\"honour\",\"enabled\":\"1\",\"fields\":{\"honorName\":\"FWA MOTD\",\"logo\":[\"32\"]}},\"35\":{\"type\":\"honour\",\"enabled\":\"1\",\"fields\":{\"honorName\":\"Awwwards SOTD\",\"logo\":[\"33\"]}}},\"43\":\"Responsive Website\",\"42\":\"http:\\/\\/orangina.eu\\/\",\"34\":{\"37\":{\"type\":\"role\",\"enabled\":\"1\",\"fields\":{\"role\":\"Interaction design\"}},\"38\":{\"type\":\"role\",\"enabled\":\"1\",\"fields\":{\"role\":\"UX Design\"}},\"39\":{\"type\":\"role\",\"enabled\":\"1\",\"fields\":{\"role\":\"Creative direction\"}},\"40\":{\"type\":\"role\",\"enabled\":\"1\",\"fields\":{\"role\":\"Concept\"}},\"41\":{\"type\":\"role\",\"enabled\":\"1\",\"fields\":{\"role\":\"Strategy\"}}}}}', '2016-03-01 14:15:26', '2016-03-01 14:15:26', '24e74607-033e-4551-ab2d-7a5fa503e2d8'),
 ('68', '10', '3', '1', 'en_us', '54', '', '{\"typeId\":\"3\",\"authorId\":\"1\",\"title\":\"Orangina global website\",\"slug\":\"orangina\",\"postDate\":1456411320,\"expiryDate\":null,\"enabled\":1,\"parentId\":null,\"fields\":{\"3\":{\"12\":{\"type\":\"textFullWidth\",\"enabled\":\"1\",\"fields\":{\"body\":\"Orangina refreshed their brand identity Achtung!\\/Kraftwerk wastasked to extend their newbrand identity to a fresh online experience. \",\"textColor\":\"#000000\",\"backgroundColor\":\"#ffffff\",\"paddingTop\":\"100\",\"paddingBottom\":\"60\"}},\"14\":{\"type\":\"largeImage\",\"enabled\":\"1\",\"fields\":{\"image\":[\"61\"],\"backgroundImage\":[\"60\"],\"backgroundColor\":\"#000000\",\"paddingTop\":\"0\",\"paddingBottom\":\"80\"}},\"17\":{\"type\":\"textTwoColumns\",\"enabled\":\"1\",\"fields\":{\"heading\":\"Strategy, Concept & UX\",\"intro\":\"The content of the new Orangina website was meantto be kept simple serving a few main purposes.\",\"body\":\"In general there were two main obectives, informing people about the available range of Orangina products and telling them about the history of Orangina as a brand. The homepage would then serve as a hub to these two objectives, as well as to the Orangina social channels.\",\"textColor\":\"#ffffff\",\"backgroundColor\":\"#fdaa31\",\"paddingTop\":\"80\",\"paddingBottom\":\"60\"}},\"19\":{\"type\":\"video\",\"enabled\":\"1\",\"fields\":{\"coverImage\":[\"64\"],\"video\":[\"18\"],\"backgroundColor\":\"#ffa600\",\"backgroundImage\":[\"65\"],\"paddingTop\":\"60\",\"paddingBottom\":\"100\"}},\"20\":{\"type\":\"textTwoColumns\",\"enabled\":\"1\",\"fields\":{\"heading\":\"Design elements\",\"intro\":\"Colors for the Orangina website were besides the brand\\u2019s Blue and Yellow, based on the labels of the different flavours. \",\"body\":\"\",\"textColor\":\"#000000\",\"backgroundColor\":\"#ffffff\",\"paddingTop\":\"100\",\"paddingBottom\":\"40\"}},\"22\":{\"type\":\"largeImage\",\"enabled\":\"1\",\"fields\":{\"image\":[\"59\"],\"backgroundImage\":\"\",\"backgroundColor\":\"#ffffff\",\"paddingTop\":\"0\",\"paddingBottom\":\"0\"}},\"23\":{\"type\":\"textWithImage\",\"enabled\":\"1\",\"fields\":{\"heading\":\"Iconography\",\"intro\":\"To add on the playfull, quirky identity of Orangina, we created an iconset that was used throughout the website.\",\"body\":\"Our hands on mentality can be found throughout the whole process. We bring ideas to life early. We prototype to keep improving along the way. \",\"image\":[\"54\"],\"textColor\":\"#000000\",\"backgroundColor\":\"#ffffff\",\"imagePosition\":\"right\",\"paddingTop\":\"50\",\"paddingBottom\":\"100\"}},\"25\":{\"type\":\"textTwoColumns\",\"enabled\":\"1\",\"fields\":{\"heading\":\"Final Designs\",\"intro\":\"The content of the new Orangina website was meantto be kept simple serving a few main purposes.\",\"body\":\"In general there were two main obectives, informing people about the available range of Orangina products and telling them about the history of Orangina as a brand. The homepage would then serve as a hub to these two objectives, as well as to the Orangina social channels.\",\"textColor\":\"#ffffff\",\"backgroundColor\":\"#092865\",\"paddingTop\":\"100\",\"paddingBottom\":\"100\"}},\"29\":{\"type\":\"imageGallery\",\"enabled\":\"1\",\"fields\":{\"images\":[\"55\",\"57\",\"56\"],\"backgroundColor\":\"#092865\",\"paddingTop\":\"0\",\"paddingBottom\":\"0\"}}},\"41\":\"Orangina\",\"31\":{\"36\":{\"type\":\"item\",\"enabled\":\"1\",\"fields\":{\"role\":\"Development\",\"contributorName\":\"Inalise B.V.\"}}},\"40\":[\"62\"],\"50\":\"\",\"39\":\"A quirky new online appearance for a soda brand\",\"36\":{\"30\":{\"type\":\"honour\",\"enabled\":\"1\",\"fields\":{\"honorName\":\"FWA SOTD\",\"logo\":[\"32\"]}},\"34\":{\"type\":\"honour\",\"enabled\":\"1\",\"fields\":{\"honorName\":\"FWA MOTD\",\"logo\":[\"32\"]}},\"35\":{\"type\":\"honour\",\"enabled\":\"1\",\"fields\":{\"honorName\":\"Awwwards SOTD\",\"logo\":[\"33\"]}}},\"43\":\"Responsive Website\",\"42\":\"http:\\/\\/orangina.eu\\/\",\"34\":{\"37\":{\"type\":\"role\",\"enabled\":\"1\",\"fields\":{\"role\":\"Interaction design\"}},\"38\":{\"type\":\"role\",\"enabled\":\"1\",\"fields\":{\"role\":\"UX Design\"}},\"39\":{\"type\":\"role\",\"enabled\":\"1\",\"fields\":{\"role\":\"Creative direction\"}},\"40\":{\"type\":\"role\",\"enabled\":\"1\",\"fields\":{\"role\":\"Concept\"}},\"41\":{\"type\":\"role\",\"enabled\":\"1\",\"fields\":{\"role\":\"Strategy\"}}}}}', '2016-03-01 14:17:13', '2016-03-01 14:17:13', 'f5d83f8a-6cd5-428a-ad99-b0dc2faa2f02'),
 ('69', '10', '3', '1', 'en_us', '55', '', '{\"typeId\":\"3\",\"authorId\":\"1\",\"title\":\"Orangina global website\",\"slug\":\"orangina\",\"postDate\":1456411320,\"expiryDate\":null,\"enabled\":1,\"parentId\":null,\"fields\":{\"3\":{\"12\":{\"type\":\"textFullWidth\",\"enabled\":\"1\",\"fields\":{\"body\":\"Orangina refreshed their brand identity Achtung!\\/Kraftwerk wastasked to extend their newbrand identity to a fresh online experience. \",\"textColor\":\"#000000\",\"backgroundColor\":\"#ffffff\",\"paddingTop\":\"100\",\"paddingBottom\":\"60\"}},\"14\":{\"type\":\"largeImage\",\"enabled\":\"1\",\"fields\":{\"image\":[\"61\"],\"backgroundImage\":[\"60\"],\"backgroundColor\":\"#000000\",\"paddingTop\":\"0\",\"paddingBottom\":\"80\"}},\"17\":{\"type\":\"textTwoColumns\",\"enabled\":\"1\",\"fields\":{\"heading\":\"Strategy, Concept & UX\",\"intro\":\"The content of the new Orangina website was meantto be kept simple serving a few main purposes.\",\"body\":\"In general there were two main obectives, informing people about the available range of Orangina products and telling them about the history of Orangina as a brand. The homepage would then serve as a hub to these two objectives, as well as to the Orangina social channels.\",\"textColor\":\"#ffffff\",\"backgroundColor\":\"#fdaa31\",\"paddingTop\":\"80\",\"paddingBottom\":\"60\"}},\"19\":{\"type\":\"video\",\"enabled\":\"1\",\"fields\":{\"coverImage\":[\"64\"],\"video\":[\"18\"],\"backgroundColor\":\"#ffa600\",\"backgroundImage\":[\"65\"],\"paddingTop\":\"60\",\"paddingBottom\":\"100\"}},\"20\":{\"type\":\"textTwoColumns\",\"enabled\":\"1\",\"fields\":{\"heading\":\"Design elements\",\"intro\":\"Colors for the Orangina website were besides the brand\\u2019s Blue and Yellow, based on the labels of the different flavours. \",\"body\":\"\",\"textColor\":\"#000000\",\"backgroundColor\":\"#ffffff\",\"paddingTop\":\"100\",\"paddingBottom\":\"40\"}},\"22\":{\"type\":\"largeImage\",\"enabled\":\"1\",\"fields\":{\"image\":[\"59\"],\"backgroundImage\":\"\",\"backgroundColor\":\"#ffffff\",\"paddingTop\":\"0\",\"paddingBottom\":\"0\"}},\"23\":{\"type\":\"textWithImage\",\"enabled\":\"1\",\"fields\":{\"heading\":\"Iconography\",\"intro\":\"To add on the playfull, quirky identity of Orangina, we created an iconset that was used throughout the website.\",\"body\":\"Our hands on mentality can be found throughout the whole process. We bring ideas to life early. We prototype to keep improving along the way. \",\"image\":[\"54\"],\"textColor\":\"#000000\",\"backgroundColor\":\"#ffffff\",\"imagePosition\":\"right\",\"paddingTop\":\"50\",\"paddingBottom\":\"100\"}},\"25\":{\"type\":\"textTwoColumns\",\"enabled\":\"1\",\"fields\":{\"heading\":\"Final Designs\",\"intro\":\"The content of the new Orangina website was meantto be kept simple serving a few main purposes.\",\"body\":\"In general there were two main obectives, informing people about the available range of Orangina products and telling them about the history of Orangina as a brand. The homepage would then serve as a hub to these two objectives, as well as to the Orangina social channels.\",\"textColor\":\"#ffffff\",\"backgroundColor\":\"#092865\",\"paddingTop\":\"100\",\"paddingBottom\":\"100\"}},\"29\":{\"type\":\"imageGallery\",\"enabled\":\"1\",\"fields\":{\"images\":[\"55\",\"57\",\"56\"],\"backgroundColor\":\"#092865\",\"paddingTop\":\"0\",\"paddingBottom\":\"80\"}}},\"41\":\"Orangina\",\"31\":{\"36\":{\"type\":\"item\",\"enabled\":\"1\",\"fields\":{\"role\":\"Development\",\"contributorName\":\"Inalise B.V.\"}}},\"40\":[\"62\"],\"50\":\"\",\"39\":\"A quirky new online appearance for a soda brand\",\"36\":{\"30\":{\"type\":\"honour\",\"enabled\":\"1\",\"fields\":{\"honorName\":\"FWA SOTD\",\"logo\":[\"32\"]}},\"34\":{\"type\":\"honour\",\"enabled\":\"1\",\"fields\":{\"honorName\":\"FWA MOTD\",\"logo\":[\"32\"]}},\"35\":{\"type\":\"honour\",\"enabled\":\"1\",\"fields\":{\"honorName\":\"Awwwards SOTD\",\"logo\":[\"33\"]}}},\"43\":\"Responsive Website\",\"42\":\"http:\\/\\/orangina.eu\\/\",\"34\":{\"37\":{\"type\":\"role\",\"enabled\":\"1\",\"fields\":{\"role\":\"Interaction design\"}},\"38\":{\"type\":\"role\",\"enabled\":\"1\",\"fields\":{\"role\":\"UX Design\"}},\"39\":{\"type\":\"role\",\"enabled\":\"1\",\"fields\":{\"role\":\"Creative direction\"}},\"40\":{\"type\":\"role\",\"enabled\":\"1\",\"fields\":{\"role\":\"Concept\"}},\"41\":{\"type\":\"role\",\"enabled\":\"1\",\"fields\":{\"role\":\"Strategy\"}}}}}', '2016-03-01 14:17:52', '2016-03-01 14:17:52', '5e5851be-c0a9-41f9-9c53-f5f84dbec6af'),
 ('70', '10', '3', '1', 'en_us', '56', '', '{\"typeId\":\"3\",\"authorId\":\"1\",\"title\":\"Orangina global website\",\"slug\":\"orangina\",\"postDate\":1456411320,\"expiryDate\":null,\"enabled\":1,\"parentId\":null,\"fields\":{\"3\":{\"12\":{\"type\":\"textFullWidth\",\"enabled\":\"1\",\"fields\":{\"body\":\"Orangina refreshed their brand identity Achtung!\\/Kraftwerk wastasked to extend their newbrand identity to a fresh online experience. \",\"textColor\":\"#000000\",\"backgroundColor\":\"#ffffff\",\"paddingTop\":\"100\",\"paddingBottom\":\"60\"}},\"14\":{\"type\":\"largeImage\",\"enabled\":\"1\",\"fields\":{\"image\":[\"61\"],\"backgroundImage\":[\"60\"],\"backgroundColor\":\"#000000\",\"paddingTop\":\"0\",\"paddingBottom\":\"80\"}},\"17\":{\"type\":\"textTwoColumns\",\"enabled\":\"1\",\"fields\":{\"heading\":\"Strategy, Concept & UX\",\"intro\":\"The content of the new Orangina website was meantto be kept simple serving a few main purposes.\",\"body\":\"In general there were two main obectives, informing people about the available range of Orangina products and telling them about the history of Orangina as a brand. The homepage would then serve as a hub to these two objectives, as well as to the Orangina social channels.\",\"textColor\":\"#ffffff\",\"backgroundColor\":\"#fdaa31\",\"paddingTop\":\"80\",\"paddingBottom\":\"60\"}},\"19\":{\"type\":\"video\",\"enabled\":\"1\",\"fields\":{\"coverImage\":[\"64\"],\"video\":[\"18\"],\"backgroundColor\":\"#ffa600\",\"backgroundImage\":[\"65\"],\"paddingTop\":\"60\",\"paddingBottom\":\"100\"}},\"20\":{\"type\":\"textTwoColumns\",\"enabled\":\"1\",\"fields\":{\"heading\":\"Design elements\",\"intro\":\"Colors for the Orangina website were besides the brand\\u2019s Blue and Yellow, based on the labels of the different flavours. \",\"body\":\"\",\"textColor\":\"#000000\",\"backgroundColor\":\"#ffffff\",\"paddingTop\":\"100\",\"paddingBottom\":\"40\"}},\"22\":{\"type\":\"largeImage\",\"enabled\":\"1\",\"fields\":{\"image\":[\"59\"],\"backgroundImage\":\"\",\"backgroundColor\":\"#ffffff\",\"paddingTop\":\"0\",\"paddingBottom\":\"0\"}},\"23\":{\"type\":\"textWithImage\",\"enabled\":\"1\",\"fields\":{\"heading\":\"Iconography\",\"intro\":\"To add on the playfull, quirky identity of Orangina, we created an iconset that was used throughout the website.\",\"body\":\"Our hands on mentality can be found throughout the whole process. We bring ideas to life early. We prototype to keep improving along the way. \",\"image\":[\"54\"],\"textColor\":\"#000000\",\"backgroundColor\":\"#ffffff\",\"imagePosition\":\"right\",\"paddingTop\":\"50\",\"paddingBottom\":\"100\",\"uiColor\":\"black\"}},\"25\":{\"type\":\"textTwoColumns\",\"enabled\":\"1\",\"fields\":{\"heading\":\"Final Designs\",\"intro\":\"The content of the new Orangina website was meantto be kept simple serving a few main purposes.\",\"body\":\"In general there were two main obectives, informing people about the available range of Orangina products and telling them about the history of Orangina as a brand. The homepage would then serve as a hub to these two objectives, as well as to the Orangina social channels.\",\"textColor\":\"#ffffff\",\"backgroundColor\":\"#092865\",\"paddingTop\":\"100\",\"paddingBottom\":\"100\"}},\"29\":{\"type\":\"imageGallery\",\"enabled\":\"1\",\"fields\":{\"images\":[\"55\",\"57\",\"56\"],\"backgroundColor\":\"#092865\",\"paddingTop\":\"0\",\"paddingBottom\":\"80\"}}},\"41\":\"Orangina\",\"31\":{\"36\":{\"type\":\"item\",\"enabled\":\"1\",\"fields\":{\"role\":\"Development\",\"contributorName\":\"Inalise B.V.\"}}},\"40\":[\"62\"],\"50\":\"\",\"39\":\"A quirky new online appearance for a soda brand\",\"36\":{\"30\":{\"type\":\"honour\",\"enabled\":\"1\",\"fields\":{\"honourName\":\"FWA SOTD\",\"logo\":[\"32\"]}},\"34\":{\"type\":\"honour\",\"enabled\":\"1\",\"fields\":{\"honourName\":\"FWA MOTD\",\"logo\":[\"32\"]}},\"35\":{\"type\":\"honour\",\"enabled\":\"1\",\"fields\":{\"honourName\":\"Awwwards SOTD\",\"logo\":[\"33\"]}}},\"43\":\"Responsive Website\",\"42\":\"http:\\/\\/orangina.eu\\/\",\"34\":{\"37\":{\"type\":\"role\",\"enabled\":\"1\",\"fields\":{\"role\":\"Interaction design\"}},\"38\":{\"type\":\"role\",\"enabled\":\"1\",\"fields\":{\"role\":\"UX Design\"}},\"39\":{\"type\":\"role\",\"enabled\":\"1\",\"fields\":{\"role\":\"Creative direction\"}},\"40\":{\"type\":\"role\",\"enabled\":\"1\",\"fields\":{\"role\":\"Concept\"}},\"41\":{\"type\":\"role\",\"enabled\":\"1\",\"fields\":{\"role\":\"Strategy\"}}}}}', '2016-03-01 16:40:59', '2016-03-01 16:40:59', '9eb27456-aae8-41f3-a9aa-351b3f2b6d6b'),
 ('71', '66', '3', '1', 'en_us', '1', '', '{\"typeId\":null,\"authorId\":\"1\",\"title\":\"Chocomel brand portal\",\"slug\":\"chocomel-brand-portal\",\"postDate\":1457363089,\"expiryDate\":null,\"enabled\":1,\"parentId\":null,\"fields\":{\"3\":\"\",\"41\":\"\",\"31\":\"\",\"40\":\"\",\"50\":\"\",\"39\":\"For the love of chocolate\",\"36\":\"\",\"43\":\"\",\"42\":\"\",\"34\":\"\"}}', '2016-03-07 15:04:49', '2016-03-07 15:04:49', '6bad2aaf-0447-459c-9d1c-726515dce850'),
 ('72', '66', '3', '1', 'en_us', '2', '', '{\"typeId\":\"3\",\"authorId\":\"1\",\"title\":\"Chocomel brand portal\",\"slug\":\"chocomel-brand-portal\",\"postDate\":1457363040,\"expiryDate\":null,\"enabled\":1,\"parentId\":null,\"fields\":{\"3\":\"\",\"41\":\"\",\"31\":\"\",\"40\":[\"67\"],\"50\":\"\",\"39\":\"For the love of chocolate\",\"36\":\"\",\"43\":\"\",\"42\":\"\",\"34\":\"\"}}', '2016-03-07 15:11:34', '2016-03-07 15:11:34', 'f288f9c3-521b-4eeb-a9f4-990e58f95e4b'),
 ('74', '69', '9', '1', 'en_us', '1', NULL, '{\"typeId\":\"9\",\"authorId\":null,\"title\":\"Work\",\"slug\":\"work\",\"postDate\":1457364978,\"expiryDate\":null,\"enabled\":1,\"parentId\":null,\"fields\":[]}', '2016-03-07 15:36:18', '2016-03-07 15:36:18', 'ccf2dd99-784a-4f8b-be99-b6236516d49e'),
 ('75', '10', '3', '1', 'en_us', '57', '', '{\"typeId\":\"3\",\"authorId\":\"1\",\"title\":\"Orangina global website\",\"slug\":\"orangina\",\"postDate\":1456411320,\"expiryDate\":null,\"enabled\":1,\"parentId\":null,\"fields\":{\"3\":{\"12\":{\"type\":\"textFullWidth\",\"enabled\":\"1\",\"fields\":{\"body\":\"Orangina refreshed their brand identity Achtung!\\/Kraftwerk wastasked to extend their newbrand identity to a fresh online experience. \",\"textColor\":\"#000000\",\"backgroundColor\":\"#ffffff\",\"paddingTop\":\"big\",\"paddingBottom\":\"small\",\"uiColor\":\"black\"}},\"14\":{\"type\":\"largeImage\",\"enabled\":\"1\",\"fields\":{\"image\":[\"61\"],\"backgroundImage\":[\"60\"],\"backgroundColor\":\"#000000\",\"paddingTop\":\"none\",\"paddingBottom\":\"big\",\"uiColor\":\"black\"}},\"17\":{\"type\":\"textTwoColumns\",\"enabled\":\"1\",\"fields\":{\"heading\":\"Strategy, Concept & UX\",\"intro\":\"The content of the new Orangina website was meantto be kept simple serving a few main purposes.\",\"body\":\"In general there were two main obectives, informing people about the available range of Orangina products and telling them about the history of Orangina as a brand. The homepage would then serve as a hub to these two objectives, as well as to the Orangina social channels.\",\"textColor\":\"#ffffff\",\"backgroundColor\":\"#fdaa31\",\"paddingTop\":\"none\",\"paddingBottom\":\"none\",\"uiColor\":\"white\"}},\"19\":{\"type\":\"video\",\"enabled\":\"1\",\"fields\":{\"coverImage\":[\"64\"],\"video\":[\"18\"],\"backgroundColor\":\"#ffa600\",\"backgroundImage\":[\"65\"],\"paddingTop\":\"none\",\"paddingBottom\":\"none\",\"uiColor\":\"white\"}},\"20\":{\"type\":\"textTwoColumns\",\"enabled\":\"1\",\"fields\":{\"heading\":\"Design elements\",\"intro\":\"Colors for the Orangina website were besides the brand\\u2019s Blue and Yellow, based on the labels of the different flavours. \",\"body\":\"\",\"textColor\":\"#000000\",\"backgroundColor\":\"#ffffff\",\"paddingTop\":\"none\",\"paddingBottom\":\"none\",\"uiColor\":\"white\"}},\"22\":{\"type\":\"largeImage\",\"enabled\":\"1\",\"fields\":{\"image\":[\"59\"],\"backgroundImage\":\"\",\"backgroundColor\":\"#ffffff\",\"paddingTop\":\"none\",\"paddingBottom\":\"none\",\"uiColor\":\"white\"}},\"23\":{\"type\":\"textWithImage\",\"enabled\":\"1\",\"fields\":{\"heading\":\"Iconography\",\"intro\":\"To add on the playfull, quirky identity of Orangina, we created an iconset that was used throughout the website.\",\"body\":\"Our hands on mentality can be found throughout the whole process. We bring ideas to life early. We prototype to keep improving along the way. \",\"image\":[\"54\"],\"textColor\":\"#000000\",\"backgroundColor\":\"#ffffff\",\"imagePosition\":\"right\",\"paddingTop\":\"none\",\"paddingBottom\":\"none\",\"uiColor\":\"black\"}},\"25\":{\"type\":\"textTwoColumns\",\"enabled\":\"1\",\"fields\":{\"heading\":\"Final Designs\",\"intro\":\"The content of the new Orangina website was meantto be kept simple serving a few main purposes.\",\"body\":\"In general there were two main obectives, informing people about the available range of Orangina products and telling them about the history of Orangina as a brand. The homepage would then serve as a hub to these two objectives, as well as to the Orangina social channels.\",\"textColor\":\"#ffffff\",\"backgroundColor\":\"#092865\",\"paddingTop\":\"none\",\"paddingBottom\":\"none\",\"uiColor\":\"white\"}},\"29\":{\"type\":\"imageGallery\",\"enabled\":\"1\",\"fields\":{\"images\":[\"55\",\"57\",\"56\"],\"backgroundColor\":\"#092865\",\"paddingTop\":\"none\",\"paddingBottom\":\"none\",\"uiColor\":\"white\"}}},\"41\":\"Orangina\",\"31\":{\"36\":{\"type\":\"item\",\"enabled\":\"1\",\"fields\":{\"role\":\"Development\",\"contributorName\":\"Inalise B.V.\"}}},\"40\":[\"62\"],\"50\":\"\",\"39\":\"A quirky new online appearance for a soda brand\",\"36\":{\"30\":{\"type\":\"honour\",\"enabled\":\"1\",\"fields\":{\"honourName\":\"FWA SOTD\",\"logo\":[\"32\"]}},\"34\":{\"type\":\"honour\",\"enabled\":\"1\",\"fields\":{\"honourName\":\"FWA MOTD\",\"logo\":[\"32\"]}},\"35\":{\"type\":\"honour\",\"enabled\":\"1\",\"fields\":{\"honourName\":\"Awwwards SOTD\",\"logo\":[\"33\"]}}},\"43\":\"Responsive Website\",\"42\":\"http:\\/\\/orangina.eu\\/\",\"34\":{\"37\":{\"type\":\"role\",\"enabled\":\"1\",\"fields\":{\"role\":\"Interaction design\"}},\"38\":{\"type\":\"role\",\"enabled\":\"1\",\"fields\":{\"role\":\"UX Design\"}},\"39\":{\"type\":\"role\",\"enabled\":\"1\",\"fields\":{\"role\":\"Creative direction\"}},\"40\":{\"type\":\"role\",\"enabled\":\"1\",\"fields\":{\"role\":\"Concept\"}},\"41\":{\"type\":\"role\",\"enabled\":\"1\",\"fields\":{\"role\":\"Strategy\"}}}}}', '2016-03-15 13:09:51', '2016-03-15 13:09:51', '92b5ebfb-a776-4c38-9194-50a61bd57c34'),
 ('76', '5', '5', '1', 'en_us', '4', '', '{\"typeId\":\"5\",\"authorId\":null,\"title\":\"Homepage\",\"slug\":\"homepage\",\"postDate\":1457355131,\"expiryDate\":null,\"enabled\":1,\"parentId\":null,\"fields\":{\"10\":[\"10\",\"66\"]}}', '2016-03-15 13:54:06', '2016-03-15 13:54:06', '8fca3ca4-5816-4272-9784-c6add4b13e80'),
 ('77', '10', '3', '1', 'en_us', '58', '', '{\"typeId\":\"3\",\"authorId\":\"1\",\"title\":\"Orangina global website\",\"slug\":\"orangina\",\"postDate\":1456411320,\"expiryDate\":null,\"enabled\":1,\"parentId\":null,\"fields\":{\"3\":{\"12\":{\"type\":\"textFullWidth\",\"enabled\":\"1\",\"fields\":{\"body\":\"Orangina refreshed their brand identity Achtung!\\/Kraftwerk wastasked to extend their newbrand identity to a fresh online experience. \",\"textColor\":\"#000000\",\"backgroundColor\":\"#ffffff\",\"paddingTop\":\"big\",\"paddingBottom\":\"small\",\"uiColor\":\"black\"}},\"14\":{\"type\":\"largeImage\",\"enabled\":\"1\",\"fields\":{\"image\":[\"61\"],\"backgroundImage\":[\"60\"],\"backgroundColor\":\"#000000\",\"paddingTop\":\"none\",\"paddingBottom\":\"big\",\"uiColor\":\"black\"}},\"17\":{\"type\":\"textTwoColumns\",\"enabled\":\"1\",\"fields\":{\"heading\":\"Strategy, Concept & UX\",\"intro\":\"The content of the new Orangina website was meantto be kept simple serving a few main purposes.\",\"body\":\"In general there were two main obectives, informing people about the available range of Orangina products and telling them about the history of Orangina as a brand. The homepage would then serve as a hub to these two objectives, as well as to the Orangina social channels.\",\"textColor\":\"#ffffff\",\"backgroundColor\":\"#fdaa31\",\"paddingTop\":\"none\",\"paddingBottom\":\"none\",\"uiColor\":\"white\"}},\"19\":{\"type\":\"video\",\"enabled\":\"1\",\"fields\":{\"coverImage\":[\"64\"],\"video\":[\"18\"],\"backgroundColor\":\"#ffa600\",\"backgroundImage\":[\"65\"],\"paddingTop\":\"none\",\"paddingBottom\":\"none\",\"uiColor\":\"white\"}},\"20\":{\"type\":\"textTwoColumns\",\"enabled\":\"1\",\"fields\":{\"heading\":\"Design elements\",\"intro\":\"Colors for the Orangina website were besides the brand\\u2019s Blue and Yellow, based on the labels of the different flavours. \",\"body\":\"\",\"textColor\":\"#000000\",\"backgroundColor\":\"#ffffff\",\"paddingTop\":\"none\",\"paddingBottom\":\"none\",\"uiColor\":\"white\"}},\"22\":{\"type\":\"largeImage\",\"enabled\":\"1\",\"fields\":{\"image\":[\"59\"],\"backgroundImage\":\"\",\"backgroundColor\":\"#ffffff\",\"paddingTop\":\"none\",\"paddingBottom\":\"none\",\"uiColor\":\"white\"}},\"23\":{\"type\":\"textWithImage\",\"enabled\":\"1\",\"fields\":{\"heading\":\"Iconography\",\"intro\":\"To add on the playfull, quirky identity of Orangina, we created an iconset that was used throughout the website.\",\"body\":\"Our hands on mentality can be found throughout the whole process. We bring ideas to life early. We prototype to keep improving along the way. \",\"image\":[\"54\"],\"textColor\":\"#000000\",\"backgroundColor\":\"#ffffff\",\"imagePosition\":\"right\",\"paddingTop\":\"none\",\"paddingBottom\":\"none\",\"uiColor\":\"black\"}},\"25\":{\"type\":\"textTwoColumns\",\"enabled\":\"1\",\"fields\":{\"heading\":\"Final Designs\",\"intro\":\"The content of the new Orangina website was meantto be kept simple serving a few main purposes.\",\"body\":\"In general there were two main obectives, informing people about the available range of Orangina products and telling them about the history of Orangina as a brand. The homepage would then serve as a hub to these two objectives, as well as to the Orangina social channels.\",\"textColor\":\"#ffffff\",\"backgroundColor\":\"#092865\",\"paddingTop\":\"none\",\"paddingBottom\":\"none\",\"uiColor\":\"white\"}},\"29\":{\"type\":\"imageGallery\",\"enabled\":\"1\",\"fields\":{\"images\":[\"55\",\"57\",\"56\"],\"backgroundColor\":\"#092865\",\"paddingTop\":\"none\",\"paddingBottom\":\"none\",\"uiColor\":\"white\"}}},\"41\":\"Orangina\",\"31\":{\"36\":{\"type\":\"item\",\"enabled\":\"1\",\"fields\":{\"role\":\"Development\",\"contributorName\":\"Inalise B.V.\"}}},\"40\":[\"62\"],\"50\":[\"71\"],\"39\":\"A quirky new online appearance for a soda brand\",\"36\":{\"30\":{\"type\":\"honour\",\"enabled\":\"1\",\"fields\":{\"honourName\":\"FWA SOTD\",\"logo\":[\"32\"]}},\"34\":{\"type\":\"honour\",\"enabled\":\"1\",\"fields\":{\"honourName\":\"FWA MOTD\",\"logo\":[\"32\"]}},\"35\":{\"type\":\"honour\",\"enabled\":\"1\",\"fields\":{\"honourName\":\"Awwwards SOTD\",\"logo\":[\"33\"]}}},\"43\":\"Responsive Website\",\"42\":\"http:\\/\\/orangina.eu\\/\",\"34\":{\"37\":{\"type\":\"role\",\"enabled\":\"1\",\"fields\":{\"role\":\"Interaction design\"}},\"38\":{\"type\":\"role\",\"enabled\":\"1\",\"fields\":{\"role\":\"UX Design\"}},\"39\":{\"type\":\"role\",\"enabled\":\"1\",\"fields\":{\"role\":\"Creative direction\"}},\"40\":{\"type\":\"role\",\"enabled\":\"1\",\"fields\":{\"role\":\"Concept\"}},\"41\":{\"type\":\"role\",\"enabled\":\"1\",\"fields\":{\"role\":\"Strategy\"}}}}}', '2016-03-15 13:58:40', '2016-03-15 13:58:40', '99301713-68a2-41fe-8fda-1e94b01c32a1'),
 ('78', '66', '3', '1', 'en_us', '3', '', '{\"typeId\":\"3\",\"authorId\":\"1\",\"title\":\"Chocomel brand portal\",\"slug\":\"chocomel-brand-portal\",\"postDate\":1457363040,\"expiryDate\":null,\"enabled\":1,\"parentId\":null,\"fields\":{\"3\":\"\",\"41\":\"\",\"31\":\"\",\"40\":[\"67\"],\"50\":[\"73\"],\"39\":\"For the love of chocolate\",\"36\":\"\",\"43\":\"\",\"42\":\"\",\"34\":\"\"}}', '2016-03-15 13:59:09', '2016-03-15 13:59:09', '67381b98-b044-4ee6-8cd5-4ab15fee3c75'),
 ('79', '10', '3', '1', 'en_us', '59', '', '{\"typeId\":\"3\",\"authorId\":\"1\",\"title\":\"Orangina global website\",\"slug\":\"orangina\",\"postDate\":1456411320,\"expiryDate\":null,\"enabled\":1,\"parentId\":null,\"fields\":{\"3\":{\"12\":{\"type\":\"textFullWidth\",\"enabled\":\"1\",\"fields\":{\"body\":\"Orangina refreshed their brand identity Achtung!\\/Kraftwerk wastasked to extend their newbrand identity to a fresh online experience. \",\"textColor\":\"#000000\",\"backgroundColor\":\"#ffffff\",\"paddingTop\":\"big\",\"paddingBottom\":\"small\",\"uiColor\":\"black\"}},\"14\":{\"type\":\"largeImage\",\"enabled\":\"1\",\"fields\":{\"image\":[\"61\"],\"backgroundImage\":[\"60\"],\"backgroundColor\":\"#000000\",\"paddingTop\":\"none\",\"paddingBottom\":\"big\",\"uiColor\":\"black\"}},\"17\":{\"type\":\"textTwoColumns\",\"enabled\":\"1\",\"fields\":{\"heading\":\"Strategy, Concept & UX\",\"intro\":\"The content of the new Orangina website was meantto be kept simple serving a few main purposes.\",\"body\":\"In general there were two main obectives, informing people about the available range of Orangina products and telling them about the history of Orangina as a brand. The homepage would then serve as a hub to these two objectives, as well as to the Orangina social channels.\",\"textColor\":\"#ffffff\",\"backgroundColor\":\"#fdaa31\",\"paddingTop\":\"none\",\"paddingBottom\":\"small\",\"uiColor\":\"white\"}},\"19\":{\"type\":\"video\",\"enabled\":\"1\",\"fields\":{\"coverImage\":[\"64\"],\"video\":[\"18\"],\"backgroundColor\":\"#ffa600\",\"backgroundImage\":[\"65\"],\"paddingTop\":\"none\",\"paddingBottom\":\"none\",\"uiColor\":\"white\"}},\"20\":{\"type\":\"textTwoColumns\",\"enabled\":\"1\",\"fields\":{\"heading\":\"Design elements\",\"intro\":\"Colors for the Orangina website were besides the brand\\u2019s Blue and Yellow, based on the labels of the different flavours. \",\"body\":\"\",\"textColor\":\"#000000\",\"backgroundColor\":\"#ffffff\",\"paddingTop\":\"none\",\"paddingBottom\":\"none\",\"uiColor\":\"white\"}},\"22\":{\"type\":\"largeImage\",\"enabled\":\"1\",\"fields\":{\"image\":[\"59\"],\"backgroundImage\":\"\",\"backgroundColor\":\"#ffffff\",\"paddingTop\":\"none\",\"paddingBottom\":\"none\",\"uiColor\":\"white\"}},\"23\":{\"type\":\"textWithImage\",\"enabled\":\"1\",\"fields\":{\"heading\":\"Iconography\",\"intro\":\"To add on the playfull, quirky identity of Orangina, we created an iconset that was used throughout the website.\",\"body\":\"Our hands on mentality can be found throughout the whole process. We bring ideas to life early. We prototype to keep improving along the way. \",\"image\":[\"54\"],\"textColor\":\"#000000\",\"backgroundColor\":\"#ffffff\",\"imagePosition\":\"right\",\"paddingTop\":\"none\",\"paddingBottom\":\"none\",\"uiColor\":\"black\"}},\"25\":{\"type\":\"textTwoColumns\",\"enabled\":\"1\",\"fields\":{\"heading\":\"Final Designs\",\"intro\":\"The content of the new Orangina website was meantto be kept simple serving a few main purposes.\",\"body\":\"In general there were two main obectives, informing people about the available range of Orangina products and telling them about the history of Orangina as a brand. The homepage would then serve as a hub to these two objectives, as well as to the Orangina social channels.\",\"textColor\":\"#ffffff\",\"backgroundColor\":\"#092865\",\"paddingTop\":\"none\",\"paddingBottom\":\"none\",\"uiColor\":\"white\"}},\"29\":{\"type\":\"imageGallery\",\"enabled\":\"1\",\"fields\":{\"images\":[\"55\",\"57\",\"56\"],\"backgroundColor\":\"#092865\",\"paddingTop\":\"none\",\"paddingBottom\":\"none\",\"uiColor\":\"white\"}}},\"41\":\"Orangina\",\"31\":{\"36\":{\"type\":\"item\",\"enabled\":\"1\",\"fields\":{\"role\":\"Development\",\"contributorName\":\"Inalise B.V.\"}}},\"40\":[\"62\"],\"50\":[\"71\"],\"39\":\"A quirky new online appearance for a soda brand\",\"36\":{\"30\":{\"type\":\"honour\",\"enabled\":\"1\",\"fields\":{\"honourName\":\"FWA SOTD\",\"logo\":[\"32\"]}},\"34\":{\"type\":\"honour\",\"enabled\":\"1\",\"fields\":{\"honourName\":\"FWA MOTD\",\"logo\":[\"32\"]}},\"35\":{\"type\":\"honour\",\"enabled\":\"1\",\"fields\":{\"honourName\":\"Awwwards SOTD\",\"logo\":[\"33\"]}}},\"43\":\"Responsive Website\",\"42\":\"http:\\/\\/orangina.eu\\/\",\"34\":{\"37\":{\"type\":\"role\",\"enabled\":\"1\",\"fields\":{\"role\":\"Interaction design\"}},\"38\":{\"type\":\"role\",\"enabled\":\"1\",\"fields\":{\"role\":\"UX Design\"}},\"39\":{\"type\":\"role\",\"enabled\":\"1\",\"fields\":{\"role\":\"Creative direction\"}},\"40\":{\"type\":\"role\",\"enabled\":\"1\",\"fields\":{\"role\":\"Concept\"}},\"41\":{\"type\":\"role\",\"enabled\":\"1\",\"fields\":{\"role\":\"Strategy\"}}}}}', '2016-03-15 14:03:14', '2016-03-15 14:03:14', '45b78e0c-2996-4446-a03a-bca53790c7a1'),
 ('80', '10', '3', '1', 'en_us', '60', '', '{\"typeId\":\"3\",\"authorId\":\"1\",\"title\":\"Orangina global website\",\"slug\":\"orangina\",\"postDate\":1456411320,\"expiryDate\":null,\"enabled\":1,\"parentId\":null,\"fields\":{\"3\":{\"12\":{\"type\":\"textFullWidth\",\"enabled\":\"1\",\"fields\":{\"body\":\"Orangina refreshed their brand identity Achtung!\\/Kraftwerk wastasked to extend their newbrand identity to a fresh online experience. \",\"textColor\":\"#000000\",\"backgroundColor\":\"#ffffff\",\"paddingTop\":\"big\",\"paddingBottom\":\"small\",\"uiColor\":\"black\"}},\"14\":{\"type\":\"largeImage\",\"enabled\":\"1\",\"fields\":{\"image\":[\"61\"],\"backgroundImage\":[\"60\"],\"backgroundColor\":\"#000000\",\"paddingTop\":\"none\",\"paddingBottom\":\"big\",\"uiColor\":\"black\"}},\"17\":{\"type\":\"textTwoColumns\",\"enabled\":\"1\",\"fields\":{\"heading\":\"Strategy, Concept & UX\",\"intro\":\"The content of the new Orangina website was meantto be kept simple serving a few main purposes.\",\"body\":\"In general there were two main obectives, informing people about the available range of Orangina products and telling them about the history of Orangina as a brand. The homepage would then serve as a hub to these two objectives, as well as to the Orangina social channels.\",\"textColor\":\"#ffffff\",\"backgroundColor\":\"#fdaa31\",\"paddingTop\":\"none\",\"paddingBottom\":\"small\",\"uiColor\":\"white\"}},\"19\":{\"type\":\"video\",\"enabled\":\"1\",\"fields\":{\"coverImage\":[\"64\"],\"video\":[\"18\"],\"backgroundColor\":\"#ffa600\",\"backgroundImage\":[\"65\"],\"paddingTop\":\"none\",\"paddingBottom\":\"big\",\"uiColor\":\"white\"}},\"20\":{\"type\":\"textTwoColumns\",\"enabled\":\"1\",\"fields\":{\"heading\":\"Design elements\",\"intro\":\"Colors for the Orangina website were besides the brand\\u2019s Blue and Yellow, based on the labels of the different flavours. \",\"body\":\"\",\"textColor\":\"#000000\",\"backgroundColor\":\"#ffffff\",\"paddingTop\":\"big\",\"paddingBottom\":\"none\",\"uiColor\":\"white\"}},\"22\":{\"type\":\"largeImage\",\"enabled\":\"1\",\"fields\":{\"image\":[\"59\"],\"backgroundImage\":\"\",\"backgroundColor\":\"#ffffff\",\"paddingTop\":\"none\",\"paddingBottom\":\"none\",\"uiColor\":\"white\"}},\"23\":{\"type\":\"textWithImage\",\"enabled\":\"1\",\"fields\":{\"heading\":\"Iconography\",\"intro\":\"To add on the playfull, quirky identity of Orangina, we created an iconset that was used throughout the website.\",\"body\":\"Our hands on mentality can be found throughout the whole process. We bring ideas to life early. We prototype to keep improving along the way. \",\"image\":[\"54\"],\"textColor\":\"#000000\",\"backgroundColor\":\"#ffffff\",\"imagePosition\":\"right\",\"paddingTop\":\"none\",\"paddingBottom\":\"none\",\"uiColor\":\"black\"}},\"25\":{\"type\":\"textTwoColumns\",\"enabled\":\"1\",\"fields\":{\"heading\":\"Final Designs\",\"intro\":\"The content of the new Orangina website was meantto be kept simple serving a few main purposes.\",\"body\":\"In general there were two main obectives, informing people about the available range of Orangina products and telling them about the history of Orangina as a brand. The homepage would then serve as a hub to these two objectives, as well as to the Orangina social channels.\",\"textColor\":\"#ffffff\",\"backgroundColor\":\"#092865\",\"paddingTop\":\"none\",\"paddingBottom\":\"none\",\"uiColor\":\"white\"}},\"29\":{\"type\":\"imageGallery\",\"enabled\":\"1\",\"fields\":{\"images\":[\"55\",\"57\",\"56\"],\"backgroundColor\":\"#092865\",\"paddingTop\":\"none\",\"paddingBottom\":\"none\",\"uiColor\":\"white\"}}},\"41\":\"Orangina\",\"31\":{\"36\":{\"type\":\"item\",\"enabled\":\"1\",\"fields\":{\"role\":\"Development\",\"contributorName\":\"Inalise B.V.\"}}},\"40\":[\"62\"],\"50\":[\"71\"],\"39\":\"A quirky new online appearance for a soda brand\",\"36\":{\"30\":{\"type\":\"honour\",\"enabled\":\"1\",\"fields\":{\"honourName\":\"FWA SOTD\",\"logo\":[\"32\"]}},\"34\":{\"type\":\"honour\",\"enabled\":\"1\",\"fields\":{\"honourName\":\"FWA MOTD\",\"logo\":[\"32\"]}},\"35\":{\"type\":\"honour\",\"enabled\":\"1\",\"fields\":{\"honourName\":\"Awwwards SOTD\",\"logo\":[\"33\"]}}},\"43\":\"Responsive Website\",\"42\":\"http:\\/\\/orangina.eu\\/\",\"34\":{\"37\":{\"type\":\"role\",\"enabled\":\"1\",\"fields\":{\"role\":\"Interaction design\"}},\"38\":{\"type\":\"role\",\"enabled\":\"1\",\"fields\":{\"role\":\"UX Design\"}},\"39\":{\"type\":\"role\",\"enabled\":\"1\",\"fields\":{\"role\":\"Creative direction\"}},\"40\":{\"type\":\"role\",\"enabled\":\"1\",\"fields\":{\"role\":\"Concept\"}},\"41\":{\"type\":\"role\",\"enabled\":\"1\",\"fields\":{\"role\":\"Strategy\"}}}}}', '2016-03-15 14:04:33', '2016-03-15 14:04:33', '67aeef64-c748-4955-ab13-53d7248d8208'),
 ('81', '10', '3', '1', 'en_us', '61', '', '{\"typeId\":\"3\",\"authorId\":\"1\",\"title\":\"Orangina global website\",\"slug\":\"orangina\",\"postDate\":1456411320,\"expiryDate\":null,\"enabled\":1,\"parentId\":null,\"fields\":{\"3\":{\"12\":{\"type\":\"textFullWidth\",\"enabled\":\"1\",\"fields\":{\"body\":\"Orangina refreshed their brand identity Achtung!\\/Kraftwerk wastasked to extend their newbrand identity to a fresh online experience. \",\"textColor\":\"#000000\",\"backgroundColor\":\"#ffffff\",\"paddingTop\":\"big\",\"paddingBottom\":\"small\",\"uiColor\":\"black\"}},\"14\":{\"type\":\"largeImage\",\"enabled\":\"1\",\"fields\":{\"image\":[\"61\"],\"backgroundImage\":[\"60\"],\"backgroundColor\":\"#000000\",\"paddingTop\":\"none\",\"paddingBottom\":\"big\",\"uiColor\":\"black\"}},\"17\":{\"type\":\"textTwoColumns\",\"enabled\":\"1\",\"fields\":{\"heading\":\"Strategy, Concept & UX\",\"intro\":\"The content of the new Orangina website was meantto be kept simple serving a few main purposes.\",\"body\":\"In general there were two main obectives, informing people about the available range of Orangina products and telling them about the history of Orangina as a brand. The homepage would then serve as a hub to these two objectives, as well as to the Orangina social channels.\",\"textColor\":\"#ffffff\",\"backgroundColor\":\"#fdaa31\",\"paddingTop\":\"none\",\"paddingBottom\":\"small\",\"uiColor\":\"white\"}},\"19\":{\"type\":\"video\",\"enabled\":\"1\",\"fields\":{\"coverImage\":[\"64\"],\"video\":[\"18\"],\"backgroundColor\":\"#ffa600\",\"backgroundImage\":[\"65\"],\"paddingTop\":\"none\",\"paddingBottom\":\"big\",\"uiColor\":\"white\"}},\"20\":{\"type\":\"textTwoColumns\",\"enabled\":\"1\",\"fields\":{\"heading\":\"Design elements\",\"intro\":\"Colors for the Orangina website were besides the brand\\u2019s Blue and Yellow, based on the labels of the different flavours. \",\"body\":\"\",\"textColor\":\"#000000\",\"backgroundColor\":\"#ffffff\",\"paddingTop\":\"big\",\"paddingBottom\":\"none\",\"uiColor\":\"white\"}},\"22\":{\"type\":\"largeImage\",\"enabled\":\"1\",\"fields\":{\"image\":[\"59\"],\"backgroundImage\":\"\",\"backgroundColor\":\"#ffffff\",\"paddingTop\":\"none\",\"paddingBottom\":\"big\",\"uiColor\":\"white\"}},\"23\":{\"type\":\"textWithImage\",\"enabled\":\"1\",\"fields\":{\"heading\":\"Iconography\",\"intro\":\"To add on the playfull, quirky identity of Orangina, we created an iconset that was used throughout the website.\",\"body\":\"Our hands on mentality can be found throughout the whole process. We bring ideas to life early. We prototype to keep improving along the way. \",\"image\":[\"54\"],\"textColor\":\"#000000\",\"backgroundColor\":\"#ffffff\",\"imagePosition\":\"right\",\"paddingTop\":\"small\",\"paddingBottom\":\"none\",\"uiColor\":\"black\"}},\"25\":{\"type\":\"textTwoColumns\",\"enabled\":\"1\",\"fields\":{\"heading\":\"Final Designs\",\"intro\":\"The content of the new Orangina website was meantto be kept simple serving a few main purposes.\",\"body\":\"In general there were two main obectives, informing people about the available range of Orangina products and telling them about the history of Orangina as a brand. The homepage would then serve as a hub to these two objectives, as well as to the Orangina social channels.\",\"textColor\":\"#ffffff\",\"backgroundColor\":\"#092865\",\"paddingTop\":\"none\",\"paddingBottom\":\"none\",\"uiColor\":\"white\"}},\"29\":{\"type\":\"imageGallery\",\"enabled\":\"1\",\"fields\":{\"images\":[\"55\",\"57\",\"56\"],\"backgroundColor\":\"#092865\",\"paddingTop\":\"none\",\"paddingBottom\":\"none\",\"uiColor\":\"white\"}}},\"41\":\"Orangina\",\"31\":{\"36\":{\"type\":\"item\",\"enabled\":\"1\",\"fields\":{\"role\":\"Development\",\"contributorName\":\"Inalise B.V.\"}}},\"40\":[\"62\"],\"50\":[\"71\"],\"39\":\"A quirky new online appearance for a soda brand\",\"36\":{\"30\":{\"type\":\"honour\",\"enabled\":\"1\",\"fields\":{\"honourName\":\"FWA SOTD\",\"logo\":[\"32\"]}},\"34\":{\"type\":\"honour\",\"enabled\":\"1\",\"fields\":{\"honourName\":\"FWA MOTD\",\"logo\":[\"32\"]}},\"35\":{\"type\":\"honour\",\"enabled\":\"1\",\"fields\":{\"honourName\":\"Awwwards SOTD\",\"logo\":[\"33\"]}}},\"43\":\"Responsive Website\",\"42\":\"http:\\/\\/orangina.eu\\/\",\"34\":{\"37\":{\"type\":\"role\",\"enabled\":\"1\",\"fields\":{\"role\":\"Interaction design\"}},\"38\":{\"type\":\"role\",\"enabled\":\"1\",\"fields\":{\"role\":\"UX Design\"}},\"39\":{\"type\":\"role\",\"enabled\":\"1\",\"fields\":{\"role\":\"Creative direction\"}},\"40\":{\"type\":\"role\",\"enabled\":\"1\",\"fields\":{\"role\":\"Concept\"}},\"41\":{\"type\":\"role\",\"enabled\":\"1\",\"fields\":{\"role\":\"Strategy\"}}}}}', '2016-03-15 14:17:54', '2016-03-15 14:17:54', 'bd736802-a4f3-4d78-81b1-3928d77f42ea'),
 ('82', '10', '3', '1', 'en_us', '62', '', '{\"typeId\":\"3\",\"authorId\":\"1\",\"title\":\"Orangina global website\",\"slug\":\"orangina\",\"postDate\":1456411320,\"expiryDate\":null,\"enabled\":1,\"parentId\":null,\"fields\":{\"3\":{\"12\":{\"type\":\"textFullWidth\",\"enabled\":\"1\",\"fields\":{\"body\":\"Orangina refreshed their brand identity Achtung!\\/Kraftwerk wastasked to extend their newbrand identity to a fresh online experience. \",\"textColor\":\"#000000\",\"backgroundColor\":\"#ffffff\",\"paddingTop\":\"big\",\"paddingBottom\":\"small\",\"uiColor\":\"black\"}},\"14\":{\"type\":\"largeImage\",\"enabled\":\"1\",\"fields\":{\"image\":[\"61\"],\"backgroundImage\":[\"60\"],\"backgroundColor\":\"#000000\",\"paddingTop\":\"none\",\"paddingBottom\":\"big\",\"uiColor\":\"black\"}},\"17\":{\"type\":\"textTwoColumns\",\"enabled\":\"1\",\"fields\":{\"heading\":\"Strategy, Concept & UX\",\"intro\":\"The content of the new Orangina website was meantto be kept simple serving a few main purposes.\",\"body\":\"In general there were two main obectives, informing people about the available range of Orangina products and telling them about the history of Orangina as a brand. The homepage would then serve as a hub to these two objectives, as well as to the Orangina social channels.\",\"textColor\":\"#ffffff\",\"backgroundColor\":\"#fdaa31\",\"paddingTop\":\"none\",\"paddingBottom\":\"small\",\"uiColor\":\"black\"}},\"19\":{\"type\":\"video\",\"enabled\":\"1\",\"fields\":{\"coverImage\":[\"64\"],\"video\":[\"18\"],\"backgroundColor\":\"#ffa600\",\"backgroundImage\":[\"65\"],\"paddingTop\":\"none\",\"paddingBottom\":\"big\",\"uiColor\":\"black\"}},\"20\":{\"type\":\"textTwoColumns\",\"enabled\":\"1\",\"fields\":{\"heading\":\"Design elements\",\"intro\":\"Colors for the Orangina website were besides the brand\\u2019s Blue and Yellow, based on the labels of the different flavours. \",\"body\":\"\",\"textColor\":\"#000000\",\"backgroundColor\":\"#ffffff\",\"paddingTop\":\"big\",\"paddingBottom\":\"none\",\"uiColor\":\"white\"}},\"22\":{\"type\":\"largeImage\",\"enabled\":\"1\",\"fields\":{\"image\":[\"59\"],\"backgroundImage\":\"\",\"backgroundColor\":\"#ffffff\",\"paddingTop\":\"none\",\"paddingBottom\":\"big\",\"uiColor\":\"white\"}},\"23\":{\"type\":\"textWithImage\",\"enabled\":\"1\",\"fields\":{\"heading\":\"Iconography\",\"intro\":\"To add on the playfull, quirky identity of Orangina, we created an iconset that was used throughout the website.\",\"body\":\"Our hands on mentality can be found throughout the whole process. We bring ideas to life early. We prototype to keep improving along the way. \",\"image\":[\"54\"],\"textColor\":\"#000000\",\"backgroundColor\":\"#ffffff\",\"imagePosition\":\"right\",\"paddingTop\":\"small\",\"paddingBottom\":\"none\",\"uiColor\":\"black\"}},\"25\":{\"type\":\"textTwoColumns\",\"enabled\":\"1\",\"fields\":{\"heading\":\"Final Designs\",\"intro\":\"The content of the new Orangina website was meantto be kept simple serving a few main purposes.\",\"body\":\"In general there were two main obectives, informing people about the available range of Orangina products and telling them about the history of Orangina as a brand. The homepage would then serve as a hub to these two objectives, as well as to the Orangina social channels.\",\"textColor\":\"#ffffff\",\"backgroundColor\":\"#092865\",\"paddingTop\":\"none\",\"paddingBottom\":\"none\",\"uiColor\":\"white\"}},\"29\":{\"type\":\"imageGallery\",\"enabled\":\"1\",\"fields\":{\"images\":[\"55\",\"57\",\"56\"],\"backgroundColor\":\"#092865\",\"paddingTop\":\"none\",\"paddingBottom\":\"none\",\"uiColor\":\"white\"}}},\"41\":\"Orangina\",\"31\":{\"36\":{\"type\":\"item\",\"enabled\":\"1\",\"fields\":{\"role\":\"Development\",\"contributorName\":\"Inalise B.V.\"}}},\"40\":[\"62\"],\"50\":[\"71\"],\"39\":\"A quirky new online appearance for a soda brand\",\"36\":{\"30\":{\"type\":\"honour\",\"enabled\":\"1\",\"fields\":{\"honourName\":\"FWA SOTD\",\"logo\":[\"32\"]}},\"34\":{\"type\":\"honour\",\"enabled\":\"1\",\"fields\":{\"honourName\":\"FWA MOTD\",\"logo\":[\"32\"]}},\"35\":{\"type\":\"honour\",\"enabled\":\"1\",\"fields\":{\"honourName\":\"Awwwards SOTD\",\"logo\":[\"33\"]}}},\"43\":\"Responsive Website\",\"42\":\"http:\\/\\/orangina.eu\\/\",\"34\":{\"37\":{\"type\":\"role\",\"enabled\":\"1\",\"fields\":{\"role\":\"Interaction design\"}},\"38\":{\"type\":\"role\",\"enabled\":\"1\",\"fields\":{\"role\":\"UX Design\"}},\"39\":{\"type\":\"role\",\"enabled\":\"1\",\"fields\":{\"role\":\"Creative direction\"}},\"40\":{\"type\":\"role\",\"enabled\":\"1\",\"fields\":{\"role\":\"Concept\"}},\"41\":{\"type\":\"role\",\"enabled\":\"1\",\"fields\":{\"role\":\"Strategy\"}}}}}', '2016-03-15 14:18:24', '2016-03-15 14:18:24', '62e919ff-0c57-43ad-b07e-a6feb9142fa4'),
 ('83', '10', '3', '1', 'en_us', '63', '', '{\"typeId\":\"3\",\"authorId\":\"1\",\"title\":\"Orangina global website\",\"slug\":\"orangina\",\"postDate\":1456411320,\"expiryDate\":null,\"enabled\":1,\"parentId\":null,\"fields\":{\"3\":{\"12\":{\"type\":\"textFullWidth\",\"enabled\":\"1\",\"fields\":{\"body\":\"Orangina refreshed their brand identity Achtung!\\/Kraftwerk wastasked to extend their newbrand identity to a fresh online experience. \",\"textColor\":\"#000000\",\"backgroundColor\":\"#ffffff\",\"paddingTop\":\"big\",\"paddingBottom\":\"small\",\"uiColor\":\"black\"}},\"14\":{\"type\":\"largeImage\",\"enabled\":\"1\",\"fields\":{\"image\":[\"61\"],\"backgroundImage\":[\"60\"],\"backgroundColor\":\"#000000\",\"paddingTop\":\"none\",\"paddingBottom\":\"big\",\"uiColor\":\"black\"}},\"17\":{\"type\":\"textTwoColumns\",\"enabled\":\"1\",\"fields\":{\"heading\":\"Strategy, Concept & UX\",\"intro\":\"The content of the new Orangina website was meantto be kept simple serving a few main purposes.\",\"body\":\"In general there were two main obectives, informing people about the available range of Orangina products and telling them about the history of Orangina as a brand. The homepage would then serve as a hub to these two objectives, as well as to the Orangina social channels.\",\"textColor\":\"#ffffff\",\"backgroundColor\":\"#fdaa31\",\"paddingTop\":\"none\",\"paddingBottom\":\"small\",\"uiColor\":\"black\"}},\"19\":{\"type\":\"video\",\"enabled\":\"1\",\"fields\":{\"coverImage\":[\"64\"],\"video\":[\"18\"],\"backgroundColor\":\"#ffa600\",\"backgroundImage\":[\"65\"],\"paddingTop\":\"none\",\"paddingBottom\":\"big\",\"uiColor\":\"black\"}},\"20\":{\"type\":\"textTwoColumns\",\"enabled\":\"1\",\"fields\":{\"heading\":\"Design elements\",\"intro\":\"Colors for the Orangina website were besides the brand\\u2019s Blue and Yellow, based on the labels of the different flavours. \",\"body\":\"\",\"textColor\":\"#000000\",\"backgroundColor\":\"#ffffff\",\"paddingTop\":\"big\",\"paddingBottom\":\"none\",\"uiColor\":\"black\"}},\"22\":{\"type\":\"largeImage\",\"enabled\":\"1\",\"fields\":{\"image\":[\"59\"],\"backgroundImage\":\"\",\"backgroundColor\":\"#ffffff\",\"paddingTop\":\"none\",\"paddingBottom\":\"big\",\"uiColor\":\"black\"}},\"23\":{\"type\":\"textWithImage\",\"enabled\":\"1\",\"fields\":{\"heading\":\"Iconography\",\"intro\":\"To add on the playfull, quirky identity of Orangina, we created an iconset that was used throughout the website.\",\"body\":\"Our hands on mentality can be found throughout the whole process. We bring ideas to life early. We prototype to keep improving along the way. \",\"image\":[\"54\"],\"textColor\":\"#000000\",\"backgroundColor\":\"#ffffff\",\"imagePosition\":\"right\",\"paddingTop\":\"small\",\"paddingBottom\":\"none\",\"uiColor\":\"black\"}},\"25\":{\"type\":\"textTwoColumns\",\"enabled\":\"1\",\"fields\":{\"heading\":\"Final Designs\",\"intro\":\"The content of the new Orangina website was meantto be kept simple serving a few main purposes.\",\"body\":\"In general there were two main obectives, informing people about the available range of Orangina products and telling them about the history of Orangina as a brand. The homepage would then serve as a hub to these two objectives, as well as to the Orangina social channels.\",\"textColor\":\"#ffffff\",\"backgroundColor\":\"#092865\",\"paddingTop\":\"none\",\"paddingBottom\":\"none\",\"uiColor\":\"white\"}},\"29\":{\"type\":\"imageGallery\",\"enabled\":\"1\",\"fields\":{\"images\":[\"55\",\"57\",\"56\"],\"backgroundColor\":\"#092865\",\"paddingTop\":\"none\",\"paddingBottom\":\"none\",\"uiColor\":\"white\"}}},\"41\":\"Orangina\",\"31\":{\"36\":{\"type\":\"item\",\"enabled\":\"1\",\"fields\":{\"role\":\"Development\",\"contributorName\":\"Inalise B.V.\"}}},\"40\":[\"62\"],\"50\":[\"71\"],\"39\":\"A quirky new online appearance for a soda brand\",\"36\":{\"30\":{\"type\":\"honour\",\"enabled\":\"1\",\"fields\":{\"honourName\":\"FWA SOTD\",\"logo\":[\"32\"]}},\"34\":{\"type\":\"honour\",\"enabled\":\"1\",\"fields\":{\"honourName\":\"FWA MOTD\",\"logo\":[\"32\"]}},\"35\":{\"type\":\"honour\",\"enabled\":\"1\",\"fields\":{\"honourName\":\"Awwwards SOTD\",\"logo\":[\"33\"]}}},\"43\":\"Responsive Website\",\"42\":\"http:\\/\\/orangina.eu\\/\",\"34\":{\"37\":{\"type\":\"role\",\"enabled\":\"1\",\"fields\":{\"role\":\"Interaction design\"}},\"38\":{\"type\":\"role\",\"enabled\":\"1\",\"fields\":{\"role\":\"UX Design\"}},\"39\":{\"type\":\"role\",\"enabled\":\"1\",\"fields\":{\"role\":\"Creative direction\"}},\"40\":{\"type\":\"role\",\"enabled\":\"1\",\"fields\":{\"role\":\"Concept\"}},\"41\":{\"type\":\"role\",\"enabled\":\"1\",\"fields\":{\"role\":\"Strategy\"}}}}}', '2016-03-15 14:18:55', '2016-03-15 14:18:55', 'd83370f9-7222-47ee-8531-6b96e1072e44'),
 ('84', '10', '3', '1', 'en_us', '64', '', '{\"typeId\":\"3\",\"authorId\":\"1\",\"title\":\"Orangina global website\",\"slug\":\"orangina\",\"postDate\":1456411320,\"expiryDate\":null,\"enabled\":1,\"parentId\":null,\"fields\":{\"3\":{\"12\":{\"type\":\"textFullWidth\",\"enabled\":\"1\",\"fields\":{\"body\":\"Orangina refreshed their brand identity Achtung!\\/Kraftwerk wastasked to extend their newbrand identity to a fresh online experience. \",\"textColor\":\"#000000\",\"backgroundColor\":\"#ffffff\",\"paddingTop\":\"big\",\"paddingBottom\":\"small\",\"uiColor\":\"black\"}},\"14\":{\"type\":\"largeImage\",\"enabled\":\"1\",\"fields\":{\"image\":[\"61\"],\"backgroundImage\":[\"60\"],\"backgroundColor\":\"#000000\",\"paddingTop\":\"none\",\"paddingBottom\":\"big\",\"uiColor\":\"black\"}},\"17\":{\"type\":\"textTwoColumns\",\"enabled\":\"1\",\"fields\":{\"heading\":\"Strategy, Concept & UX\",\"intro\":\"The content of the new Orangina website was meantto be kept simple serving a few main purposes.\",\"body\":\"In general there were two main obectives, informing people about the available range of Orangina products and telling them about the history of Orangina as a brand. The homepage would then serve as a hub to these two objectives, as well as to the Orangina social channels.\",\"textColor\":\"#ffffff\",\"backgroundColor\":\"#fdaa31\",\"paddingTop\":\"none\",\"paddingBottom\":\"small\",\"uiColor\":\"black\"}},\"19\":{\"type\":\"video\",\"enabled\":\"1\",\"fields\":{\"coverImage\":[\"64\"],\"video\":[\"18\"],\"backgroundColor\":\"#ffa600\",\"backgroundImage\":[\"65\"],\"paddingTop\":\"none\",\"paddingBottom\":\"big\",\"uiColor\":\"black\"}},\"20\":{\"type\":\"textTwoColumns\",\"enabled\":\"1\",\"fields\":{\"heading\":\"Design elements\",\"intro\":\"Colors for the Orangina website were besides the brand\\u2019s Blue and Yellow, based on the labels of the different flavours. \",\"body\":\"\",\"textColor\":\"#000000\",\"backgroundColor\":\"#ffffff\",\"paddingTop\":\"big\",\"paddingBottom\":\"none\",\"uiColor\":\"black\"}},\"22\":{\"type\":\"largeImage\",\"enabled\":\"1\",\"fields\":{\"image\":[\"59\"],\"backgroundImage\":\"\",\"backgroundColor\":\"#ffffff\",\"paddingTop\":\"none\",\"paddingBottom\":\"small\",\"uiColor\":\"black\"}},\"23\":{\"type\":\"textWithImage\",\"enabled\":\"1\",\"fields\":{\"heading\":\"Iconography\",\"intro\":\"To add on the playfull, quirky identity of Orangina, we created an iconset that was used throughout the website.\",\"body\":\"Our hands on mentality can be found throughout the whole process. We bring ideas to life early. We prototype to keep improving along the way. \",\"image\":[\"54\"],\"textColor\":\"#000000\",\"backgroundColor\":\"#ffffff\",\"imagePosition\":\"right\",\"paddingTop\":\"small\",\"paddingBottom\":\"none\",\"uiColor\":\"black\"}},\"25\":{\"type\":\"textTwoColumns\",\"enabled\":\"1\",\"fields\":{\"heading\":\"Final Designs\",\"intro\":\"The content of the new Orangina website was meantto be kept simple serving a few main purposes.\",\"body\":\"In general there were two main obectives, informing people about the available range of Orangina products and telling them about the history of Orangina as a brand. The homepage would then serve as a hub to these two objectives, as well as to the Orangina social channels.\",\"textColor\":\"#ffffff\",\"backgroundColor\":\"#092865\",\"paddingTop\":\"none\",\"paddingBottom\":\"none\",\"uiColor\":\"white\"}},\"29\":{\"type\":\"imageGallery\",\"enabled\":\"1\",\"fields\":{\"images\":[\"55\",\"57\",\"56\"],\"backgroundColor\":\"#092865\",\"paddingTop\":\"none\",\"paddingBottom\":\"none\",\"uiColor\":\"white\"}}},\"41\":\"Orangina\",\"31\":{\"36\":{\"type\":\"item\",\"enabled\":\"1\",\"fields\":{\"role\":\"Development\",\"contributorName\":\"Inalise B.V.\"}}},\"40\":[\"62\"],\"50\":[\"71\"],\"39\":\"A quirky new online appearance for a soda brand\",\"36\":{\"30\":{\"type\":\"honour\",\"enabled\":\"1\",\"fields\":{\"honourName\":\"FWA SOTD\",\"logo\":[\"32\"]}},\"34\":{\"type\":\"honour\",\"enabled\":\"1\",\"fields\":{\"honourName\":\"FWA MOTD\",\"logo\":[\"32\"]}},\"35\":{\"type\":\"honour\",\"enabled\":\"1\",\"fields\":{\"honourName\":\"Awwwards SOTD\",\"logo\":[\"33\"]}}},\"43\":\"Responsive Website\",\"42\":\"http:\\/\\/orangina.eu\\/\",\"34\":{\"37\":{\"type\":\"role\",\"enabled\":\"1\",\"fields\":{\"role\":\"Interaction design\"}},\"38\":{\"type\":\"role\",\"enabled\":\"1\",\"fields\":{\"role\":\"UX Design\"}},\"39\":{\"type\":\"role\",\"enabled\":\"1\",\"fields\":{\"role\":\"Creative direction\"}},\"40\":{\"type\":\"role\",\"enabled\":\"1\",\"fields\":{\"role\":\"Concept\"}},\"41\":{\"type\":\"role\",\"enabled\":\"1\",\"fields\":{\"role\":\"Strategy\"}}}}}', '2016-03-15 14:19:30', '2016-03-15 14:19:30', '5827e74d-5278-41c1-aac2-ea3675046a5b'),
 ('85', '10', '3', '1', 'en_us', '65', '', '{\"typeId\":\"3\",\"authorId\":\"1\",\"title\":\"Orangina global website\",\"slug\":\"orangina\",\"postDate\":1456411320,\"expiryDate\":null,\"enabled\":1,\"parentId\":null,\"fields\":{\"3\":{\"12\":{\"type\":\"textFullWidth\",\"enabled\":\"1\",\"fields\":{\"body\":\"Orangina refreshed their brand identity Achtung!\\/Kraftwerk wastasked to extend their newbrand identity to a fresh online experience. \",\"textColor\":\"#000000\",\"backgroundColor\":\"#ffffff\",\"paddingTop\":\"big\",\"paddingBottom\":\"small\",\"uiColor\":\"black\"}},\"14\":{\"type\":\"largeImage\",\"enabled\":\"1\",\"fields\":{\"image\":[\"61\"],\"backgroundImage\":[\"60\"],\"backgroundColor\":\"#000000\",\"paddingTop\":\"none\",\"paddingBottom\":\"big\",\"uiColor\":\"black\"}},\"17\":{\"type\":\"textTwoColumns\",\"enabled\":\"1\",\"fields\":{\"heading\":\"Strategy, Concept & UX\",\"intro\":\"The content of the new Orangina website was meantto be kept simple serving a few main purposes.\",\"body\":\"In general there were two main obectives, informing people about the available range of Orangina products and telling them about the history of Orangina as a brand. The homepage would then serve as a hub to these two objectives, as well as to the Orangina social channels.\",\"textColor\":\"#ffffff\",\"backgroundColor\":\"#fdaa31\",\"paddingTop\":\"none\",\"paddingBottom\":\"small\",\"uiColor\":\"black\"}},\"19\":{\"type\":\"video\",\"enabled\":\"1\",\"fields\":{\"coverImage\":[\"64\"],\"video\":[\"18\"],\"backgroundColor\":\"#ffa600\",\"backgroundImage\":[\"65\"],\"paddingTop\":\"none\",\"paddingBottom\":\"big\",\"uiColor\":\"black\"}},\"20\":{\"type\":\"textTwoColumns\",\"enabled\":\"1\",\"fields\":{\"heading\":\"Design elements\",\"intro\":\"Colors for the Orangina website were besides the brand\\u2019s Blue and Yellow, based on the labels of the different flavours. \",\"body\":\"\",\"textColor\":\"#000000\",\"backgroundColor\":\"#ffffff\",\"paddingTop\":\"big\",\"paddingBottom\":\"none\",\"uiColor\":\"black\"}},\"22\":{\"type\":\"largeImage\",\"enabled\":\"1\",\"fields\":{\"image\":[\"59\"],\"backgroundImage\":\"\",\"backgroundColor\":\"#ffffff\",\"paddingTop\":\"none\",\"paddingBottom\":\"small\",\"uiColor\":\"black\"}},\"23\":{\"type\":\"textWithImage\",\"enabled\":\"1\",\"fields\":{\"heading\":\"Iconography\",\"intro\":\"To add on the playfull, quirky identity of Orangina, we created an iconset that was used throughout the website.\",\"body\":\"Our hands on mentality can be found throughout the whole process. We bring ideas to life early. We prototype to keep improving along the way. \",\"image\":[\"54\"],\"textColor\":\"#000000\",\"backgroundColor\":\"#ffffff\",\"imagePosition\":\"right\",\"paddingTop\":\"small\",\"paddingBottom\":\"big\",\"uiColor\":\"black\"}},\"25\":{\"type\":\"textTwoColumns\",\"enabled\":\"1\",\"fields\":{\"heading\":\"Final Designs\",\"intro\":\"The content of the new Orangina website was meantto be kept simple serving a few main purposes.\",\"body\":\"In general there were two main obectives, informing people about the available range of Orangina products and telling them about the history of Orangina as a brand. The homepage would then serve as a hub to these two objectives, as well as to the Orangina social channels.\",\"textColor\":\"#ffffff\",\"backgroundColor\":\"#092865\",\"paddingTop\":\"none\",\"paddingBottom\":\"none\",\"uiColor\":\"white\"}},\"29\":{\"type\":\"imageGallery\",\"enabled\":\"1\",\"fields\":{\"images\":[\"55\",\"57\",\"56\"],\"backgroundColor\":\"#092865\",\"paddingTop\":\"none\",\"paddingBottom\":\"none\",\"uiColor\":\"white\"}}},\"41\":\"Orangina\",\"31\":{\"36\":{\"type\":\"item\",\"enabled\":\"1\",\"fields\":{\"role\":\"Development\",\"contributorName\":\"Inalise B.V.\"}}},\"40\":[\"62\"],\"50\":[\"71\"],\"39\":\"A quirky new online appearance for a soda brand\",\"36\":{\"30\":{\"type\":\"honour\",\"enabled\":\"1\",\"fields\":{\"honourName\":\"FWA SOTD\",\"logo\":[\"32\"]}},\"34\":{\"type\":\"honour\",\"enabled\":\"1\",\"fields\":{\"honourName\":\"FWA MOTD\",\"logo\":[\"32\"]}},\"35\":{\"type\":\"honour\",\"enabled\":\"1\",\"fields\":{\"honourName\":\"Awwwards SOTD\",\"logo\":[\"33\"]}}},\"43\":\"Responsive Website\",\"42\":\"http:\\/\\/orangina.eu\\/\",\"34\":{\"37\":{\"type\":\"role\",\"enabled\":\"1\",\"fields\":{\"role\":\"Interaction design\"}},\"38\":{\"type\":\"role\",\"enabled\":\"1\",\"fields\":{\"role\":\"UX Design\"}},\"39\":{\"type\":\"role\",\"enabled\":\"1\",\"fields\":{\"role\":\"Creative direction\"}},\"40\":{\"type\":\"role\",\"enabled\":\"1\",\"fields\":{\"role\":\"Concept\"}},\"41\":{\"type\":\"role\",\"enabled\":\"1\",\"fields\":{\"role\":\"Strategy\"}}}}}', '2016-03-15 14:20:50', '2016-03-15 14:20:50', '8bbad9a0-1ffd-4202-a187-42fa07e1cef4'),
 ('86', '10', '3', '1', 'en_us', '66', '', '{\"typeId\":\"3\",\"authorId\":\"1\",\"title\":\"Orangina global website\",\"slug\":\"orangina\",\"postDate\":1456411320,\"expiryDate\":null,\"enabled\":1,\"parentId\":null,\"fields\":{\"3\":{\"12\":{\"type\":\"textFullWidth\",\"enabled\":\"1\",\"fields\":{\"body\":\"Orangina refreshed their brand identity Achtung!\\/Kraftwerk wastasked to extend their newbrand identity to a fresh online experience. \",\"textColor\":\"#000000\",\"backgroundColor\":\"#ffffff\",\"paddingTop\":\"big\",\"paddingBottom\":\"small\",\"uiColor\":\"black\"}},\"14\":{\"type\":\"largeImage\",\"enabled\":\"1\",\"fields\":{\"image\":[\"61\"],\"backgroundImage\":[\"60\"],\"backgroundColor\":\"#000000\",\"paddingTop\":\"none\",\"paddingBottom\":\"big\",\"uiColor\":\"black\"}},\"17\":{\"type\":\"textTwoColumns\",\"enabled\":\"1\",\"fields\":{\"heading\":\"Strategy, Concept & UX\",\"intro\":\"The content of the new Orangina website was meantto be kept simple serving a few main purposes.\",\"body\":\"In general there were two main obectives, informing people about the available range of Orangina products and telling them about the history of Orangina as a brand. The homepage would then serve as a hub to these two objectives, as well as to the Orangina social channels.\",\"textColor\":\"#ffffff\",\"backgroundColor\":\"#fdaa31\",\"paddingTop\":\"none\",\"paddingBottom\":\"small\",\"uiColor\":\"black\"}},\"19\":{\"type\":\"video\",\"enabled\":\"1\",\"fields\":{\"coverImage\":[\"64\"],\"video\":[\"18\"],\"backgroundColor\":\"#ffa600\",\"backgroundImage\":[\"65\"],\"paddingTop\":\"none\",\"paddingBottom\":\"big\",\"uiColor\":\"black\"}},\"20\":{\"type\":\"textTwoColumns\",\"enabled\":\"1\",\"fields\":{\"heading\":\"Design elements\",\"intro\":\"Colors for the Orangina website were besides the brand\\u2019s Blue and Yellow, based on the labels of the different flavours. \",\"body\":\"\",\"textColor\":\"#000000\",\"backgroundColor\":\"#ffffff\",\"paddingTop\":\"big\",\"paddingBottom\":\"none\",\"uiColor\":\"black\"}},\"22\":{\"type\":\"largeImage\",\"enabled\":\"1\",\"fields\":{\"image\":[\"59\"],\"backgroundImage\":\"\",\"backgroundColor\":\"#ffffff\",\"paddingTop\":\"none\",\"paddingBottom\":\"small\",\"uiColor\":\"black\"}},\"23\":{\"type\":\"textWithImage\",\"enabled\":\"1\",\"fields\":{\"heading\":\"Iconography\",\"intro\":\"To add on the playfull, quirky identity of Orangina, we created an iconset that was used throughout the website.\",\"body\":\"Our hands on mentality can be found throughout the whole process. We bring ideas to life early. We prototype to keep improving along the way. \",\"image\":[\"54\"],\"textColor\":\"#000000\",\"backgroundColor\":\"#ffffff\",\"imagePosition\":\"right\",\"paddingTop\":\"small\",\"paddingBottom\":\"big\",\"uiColor\":\"black\"}},\"25\":{\"type\":\"textTwoColumns\",\"enabled\":\"1\",\"fields\":{\"heading\":\"Final Designs\",\"intro\":\"The content of the new Orangina website was meantto be kept simple serving a few main purposes.\",\"body\":\"In general there were two main obectives, informing people about the available range of Orangina products and telling them about the history of Orangina as a brand. The homepage would then serve as a hub to these two objectives, as well as to the Orangina social channels.\",\"textColor\":\"#ffffff\",\"backgroundColor\":\"#092865\",\"paddingTop\":\"big\",\"paddingBottom\":\"none\",\"uiColor\":\"white\"}},\"29\":{\"type\":\"imageGallery\",\"enabled\":\"1\",\"fields\":{\"images\":[\"55\",\"57\",\"56\"],\"backgroundColor\":\"#092865\",\"paddingTop\":\"none\",\"paddingBottom\":\"none\",\"uiColor\":\"white\"}}},\"41\":\"Orangina\",\"31\":{\"36\":{\"type\":\"item\",\"enabled\":\"1\",\"fields\":{\"role\":\"Development\",\"contributorName\":\"Inalise B.V.\"}}},\"40\":[\"62\"],\"50\":[\"71\"],\"39\":\"A quirky new online appearance for a soda brand\",\"36\":{\"30\":{\"type\":\"honour\",\"enabled\":\"1\",\"fields\":{\"honourName\":\"FWA SOTD\",\"logo\":[\"32\"]}},\"34\":{\"type\":\"honour\",\"enabled\":\"1\",\"fields\":{\"honourName\":\"FWA MOTD\",\"logo\":[\"32\"]}},\"35\":{\"type\":\"honour\",\"enabled\":\"1\",\"fields\":{\"honourName\":\"Awwwards SOTD\",\"logo\":[\"33\"]}}},\"43\":\"Responsive Website\",\"42\":\"http:\\/\\/orangina.eu\\/\",\"34\":{\"37\":{\"type\":\"role\",\"enabled\":\"1\",\"fields\":{\"role\":\"Interaction design\"}},\"38\":{\"type\":\"role\",\"enabled\":\"1\",\"fields\":{\"role\":\"UX Design\"}},\"39\":{\"type\":\"role\",\"enabled\":\"1\",\"fields\":{\"role\":\"Creative direction\"}},\"40\":{\"type\":\"role\",\"enabled\":\"1\",\"fields\":{\"role\":\"Concept\"}},\"41\":{\"type\":\"role\",\"enabled\":\"1\",\"fields\":{\"role\":\"Strategy\"}}}}}', '2016-03-15 14:29:44', '2016-03-15 14:29:44', 'c44bd0a1-c0ee-4f6d-bfc0-d658c9c51560'),
 ('87', '10', '3', '1', 'en_us', '67', '', '{\"typeId\":\"3\",\"authorId\":\"1\",\"title\":\"Orangina global website\",\"slug\":\"orangina\",\"postDate\":1456411320,\"expiryDate\":null,\"enabled\":1,\"parentId\":null,\"fields\":{\"3\":{\"12\":{\"type\":\"textFullWidth\",\"enabled\":\"1\",\"fields\":{\"body\":\"Orangina refreshed their brand identity Achtung!\\/Kraftwerk wastasked to extend their newbrand identity to a fresh online experience. \",\"textColor\":\"#000000\",\"backgroundColor\":\"#ffffff\",\"paddingTop\":\"big\",\"paddingBottom\":\"small\",\"uiColor\":\"black\"}},\"14\":{\"type\":\"largeImage\",\"enabled\":\"1\",\"fields\":{\"image\":[\"61\"],\"backgroundImage\":[\"60\"],\"backgroundColor\":\"#000000\",\"paddingTop\":\"none\",\"paddingBottom\":\"big\",\"uiColor\":\"black\"}},\"17\":{\"type\":\"textTwoColumns\",\"enabled\":\"1\",\"fields\":{\"heading\":\"Strategy, Concept & UX\",\"intro\":\"The content of the new Orangina website was meantto be kept simple serving a few main purposes.\",\"body\":\"In general there were two main obectives, informing people about the available range of Orangina products and telling them about the history of Orangina as a brand. The homepage would then serve as a hub to these two objectives, as well as to the Orangina social channels.\",\"textColor\":\"#ffffff\",\"backgroundColor\":\"#fdaa31\",\"paddingTop\":\"none\",\"paddingBottom\":\"small\",\"uiColor\":\"black\"}},\"19\":{\"type\":\"video\",\"enabled\":\"1\",\"fields\":{\"coverImage\":[\"64\"],\"video\":[\"18\"],\"backgroundColor\":\"#ffa600\",\"backgroundImage\":[\"65\"],\"paddingTop\":\"none\",\"paddingBottom\":\"big\",\"uiColor\":\"black\"}},\"20\":{\"type\":\"textTwoColumns\",\"enabled\":\"1\",\"fields\":{\"heading\":\"Design elements\",\"intro\":\"Colors for the Orangina website were besides the brand\\u2019s Blue and Yellow, based on the labels of the different flavours. \",\"body\":\"\",\"textColor\":\"#000000\",\"backgroundColor\":\"#ffffff\",\"paddingTop\":\"big\",\"paddingBottom\":\"none\",\"uiColor\":\"black\"}},\"22\":{\"type\":\"largeImage\",\"enabled\":\"1\",\"fields\":{\"image\":[\"59\"],\"backgroundImage\":\"\",\"backgroundColor\":\"#ffffff\",\"paddingTop\":\"none\",\"paddingBottom\":\"small\",\"uiColor\":\"black\"}},\"23\":{\"type\":\"textWithImage\",\"enabled\":\"1\",\"fields\":{\"heading\":\"Iconography\",\"intro\":\"To add on the playfull, quirky identity of Orangina, we created an iconset that was used throughout the website.\",\"body\":\"Our hands on mentality can be found throughout the whole process. We bring ideas to life early. We prototype to keep improving along the way. \",\"image\":[\"54\"],\"textColor\":\"#000000\",\"backgroundColor\":\"#ffffff\",\"imagePosition\":\"right\",\"paddingTop\":\"small\",\"paddingBottom\":\"big\",\"uiColor\":\"black\"}},\"25\":{\"type\":\"textTwoColumns\",\"enabled\":\"1\",\"fields\":{\"heading\":\"Final Designs\",\"intro\":\"The content of the new Orangina website was meantto be kept simple serving a few main purposes.\",\"body\":\"In general there were two main obectives, informing people about the available range of Orangina products and telling them about the history of Orangina as a brand. The homepage would then serve as a hub to these two objectives, as well as to the Orangina social channels.\",\"textColor\":\"#ffffff\",\"backgroundColor\":\"#092865\",\"paddingTop\":\"big\",\"paddingBottom\":\"none\",\"uiColor\":\"white\"}},\"29\":{\"type\":\"imageGallery\",\"enabled\":\"1\",\"fields\":{\"images\":[\"55\",\"57\",\"56\",\"64\"],\"backgroundColor\":\"#092865\",\"paddingTop\":\"none\",\"paddingBottom\":\"none\",\"uiColor\":\"white\"}}},\"41\":\"Orangina\",\"31\":{\"36\":{\"type\":\"item\",\"enabled\":\"1\",\"fields\":{\"role\":\"Development\",\"contributorName\":\"Inalise B.V.\"}}},\"40\":[\"62\"],\"50\":[\"71\"],\"39\":\"A quirky new online appearance for a soda brand\",\"36\":{\"30\":{\"type\":\"honour\",\"enabled\":\"1\",\"fields\":{\"honourName\":\"FWA SOTD\",\"logo\":[\"32\"]}},\"34\":{\"type\":\"honour\",\"enabled\":\"1\",\"fields\":{\"honourName\":\"FWA MOTD\",\"logo\":[\"32\"]}},\"35\":{\"type\":\"honour\",\"enabled\":\"1\",\"fields\":{\"honourName\":\"Awwwards SOTD\",\"logo\":[\"33\"]}}},\"43\":\"Responsive Website\",\"42\":\"http:\\/\\/orangina.eu\\/\",\"34\":{\"37\":{\"type\":\"role\",\"enabled\":\"1\",\"fields\":{\"role\":\"Interaction design\"}},\"38\":{\"type\":\"role\",\"enabled\":\"1\",\"fields\":{\"role\":\"UX Design\"}},\"39\":{\"type\":\"role\",\"enabled\":\"1\",\"fields\":{\"role\":\"Creative direction\"}},\"40\":{\"type\":\"role\",\"enabled\":\"1\",\"fields\":{\"role\":\"Concept\"}},\"41\":{\"type\":\"role\",\"enabled\":\"1\",\"fields\":{\"role\":\"Strategy\"}}}}}', '2016-03-15 14:46:13', '2016-03-15 14:46:13', '6b561fd3-8e0a-46f6-ab1e-6353dd01a9b8'),
 ('88', '10', '3', '1', 'en_us', '68', '', '{\"typeId\":\"3\",\"authorId\":\"1\",\"title\":\"Orangina global website\",\"slug\":\"orangina\",\"postDate\":1456411320,\"expiryDate\":null,\"enabled\":1,\"parentId\":null,\"fields\":{\"3\":{\"12\":{\"type\":\"textFullWidth\",\"enabled\":\"1\",\"fields\":{\"body\":\"Orangina refreshed their brand identity Achtung!\\/Kraftwerk wastasked to extend their newbrand identity to a fresh online experience. \",\"textColor\":\"#000000\",\"backgroundColor\":\"#ffffff\",\"paddingTop\":\"big\",\"paddingBottom\":\"small\",\"uiColor\":\"black\"}},\"14\":{\"type\":\"largeImage\",\"enabled\":\"1\",\"fields\":{\"image\":[\"61\"],\"backgroundImage\":[\"60\"],\"backgroundColor\":\"#000000\",\"paddingTop\":\"none\",\"paddingBottom\":\"big\",\"uiColor\":\"black\"}},\"17\":{\"type\":\"textTwoColumns\",\"enabled\":\"1\",\"fields\":{\"heading\":\"Strategy, Concept & UX\",\"intro\":\"The content of the new Orangina website was meantto be kept simple serving a few main purposes.\",\"body\":\"In general there were two main obectives, informing people about the available range of Orangina products and telling them about the history of Orangina as a brand. The homepage would then serve as a hub to these two objectives, as well as to the Orangina social channels.\",\"textColor\":\"#ffffff\",\"backgroundColor\":\"#fdaa31\",\"paddingTop\":\"none\",\"paddingBottom\":\"small\",\"uiColor\":\"black\"}},\"19\":{\"type\":\"video\",\"enabled\":\"1\",\"fields\":{\"coverImage\":[\"64\"],\"video\":[\"18\"],\"backgroundColor\":\"#ffa600\",\"backgroundImage\":[\"65\"],\"paddingTop\":\"none\",\"paddingBottom\":\"big\",\"uiColor\":\"black\"}},\"20\":{\"type\":\"textTwoColumns\",\"enabled\":\"1\",\"fields\":{\"heading\":\"Design elements\",\"intro\":\"Colors for the Orangina website were besides the brand\\u2019s Blue and Yellow, based on the labels of the different flavours. \",\"body\":\"\",\"textColor\":\"#000000\",\"backgroundColor\":\"#ffffff\",\"paddingTop\":\"big\",\"paddingBottom\":\"none\",\"uiColor\":\"black\"}},\"22\":{\"type\":\"largeImage\",\"enabled\":\"1\",\"fields\":{\"image\":[\"59\"],\"backgroundImage\":\"\",\"backgroundColor\":\"#ffffff\",\"paddingTop\":\"none\",\"paddingBottom\":\"small\",\"uiColor\":\"black\"}},\"23\":{\"type\":\"textWithImage\",\"enabled\":\"1\",\"fields\":{\"heading\":\"Iconography\",\"intro\":\"To add on the playfull, quirky identity of Orangina, we created an iconset that was used throughout the website.\",\"body\":\"Our hands on mentality can be found throughout the whole process. We bring ideas to life early. We prototype to keep improving along the way. \",\"image\":[\"54\"],\"textColor\":\"#000000\",\"backgroundColor\":\"#ffffff\",\"imagePosition\":\"right\",\"paddingTop\":\"small\",\"paddingBottom\":\"big\",\"uiColor\":\"black\"}},\"25\":{\"type\":\"textTwoColumns\",\"enabled\":\"1\",\"fields\":{\"heading\":\"Final Designs\",\"intro\":\"The content of the new Orangina website was meantto be kept simple serving a few main purposes.\",\"body\":\"In general there were two main obectives, informing people about the available range of Orangina products and telling them about the history of Orangina as a brand. The homepage would then serve as a hub to these two objectives, as well as to the Orangina social channels.\",\"textColor\":\"#ffffff\",\"backgroundColor\":\"#092865\",\"paddingTop\":\"big\",\"paddingBottom\":\"none\",\"uiColor\":\"white\"}},\"29\":{\"type\":\"imageGallery\",\"enabled\":\"1\",\"fields\":{\"images\":[\"55\",\"57\",\"56\",\"75\",\"74\"],\"backgroundColor\":\"#092865\",\"paddingTop\":\"none\",\"paddingBottom\":\"none\",\"uiColor\":\"white\"}}},\"41\":\"Orangina\",\"31\":{\"36\":{\"type\":\"item\",\"enabled\":\"1\",\"fields\":{\"role\":\"Development\",\"contributorName\":\"Inalise B.V.\"}}},\"40\":[\"62\"],\"50\":[\"71\"],\"39\":\"A quirky new online appearance for a soda brand\",\"36\":{\"30\":{\"type\":\"honour\",\"enabled\":\"1\",\"fields\":{\"honourName\":\"FWA SOTD\",\"logo\":[\"32\"]}},\"34\":{\"type\":\"honour\",\"enabled\":\"1\",\"fields\":{\"honourName\":\"FWA MOTD\",\"logo\":[\"32\"]}},\"35\":{\"type\":\"honour\",\"enabled\":\"1\",\"fields\":{\"honourName\":\"Awwwards SOTD\",\"logo\":[\"33\"]}}},\"43\":\"Responsive Website\",\"42\":\"http:\\/\\/orangina.eu\\/\",\"34\":{\"37\":{\"type\":\"role\",\"enabled\":\"1\",\"fields\":{\"role\":\"Interaction design\"}},\"38\":{\"type\":\"role\",\"enabled\":\"1\",\"fields\":{\"role\":\"UX Design\"}},\"39\":{\"type\":\"role\",\"enabled\":\"1\",\"fields\":{\"role\":\"Creative direction\"}},\"40\":{\"type\":\"role\",\"enabled\":\"1\",\"fields\":{\"role\":\"Concept\"}},\"41\":{\"type\":\"role\",\"enabled\":\"1\",\"fields\":{\"role\":\"Strategy\"}}}}}', '2016-03-15 14:47:02', '2016-03-15 14:47:02', '80fcd135-ba29-4bcf-83b0-cb16dd99358d'),
 ('89', '10', '3', '1', 'en_us', '69', '', '{\"typeId\":\"3\",\"authorId\":\"1\",\"title\":\"Orangina global website\",\"slug\":\"orangina\",\"postDate\":1456411320,\"expiryDate\":null,\"enabled\":1,\"parentId\":null,\"fields\":{\"3\":{\"12\":{\"type\":\"textFullWidth\",\"enabled\":\"1\",\"fields\":{\"body\":\"Orangina refreshed their brand identity Achtung!\\/Kraftwerk wastasked to extend their newbrand identity to a fresh online experience. \",\"textColor\":\"#000000\",\"backgroundColor\":\"#ffffff\",\"paddingTop\":\"big\",\"paddingBottom\":\"small\",\"uiColor\":\"black\"}},\"14\":{\"type\":\"largeImage\",\"enabled\":\"1\",\"fields\":{\"image\":[\"61\"],\"backgroundImage\":[\"60\"],\"backgroundColor\":\"#000000\",\"paddingTop\":\"none\",\"paddingBottom\":\"big\",\"uiColor\":\"black\"}},\"17\":{\"type\":\"textTwoColumns\",\"enabled\":\"1\",\"fields\":{\"heading\":\"Strategy, Concept & UX\",\"intro\":\"The content of the new Orangina website was meantto be kept simple serving a few main purposes.\",\"body\":\"In general there were two main obectives, informing people about the available range of Orangina products and telling them about the history of Orangina as a brand. The homepage would then serve as a hub to these two objectives, as well as to the Orangina social channels.\",\"textColor\":\"#ffffff\",\"backgroundColor\":\"#fdaa31\",\"paddingTop\":\"none\",\"paddingBottom\":\"small\",\"uiColor\":\"black\"}},\"19\":{\"type\":\"video\",\"enabled\":\"1\",\"fields\":{\"coverImage\":[\"64\"],\"video\":[\"18\"],\"backgroundColor\":\"#ffa600\",\"backgroundImage\":[\"65\"],\"paddingTop\":\"none\",\"paddingBottom\":\"big\",\"uiColor\":\"black\"}},\"20\":{\"type\":\"textTwoColumns\",\"enabled\":\"1\",\"fields\":{\"heading\":\"Design elements\",\"intro\":\"Colors for the Orangina website were besides the brand\\u2019s Blue and Yellow, based on the labels of the different flavours. \",\"body\":\"\",\"textColor\":\"#000000\",\"backgroundColor\":\"#ffffff\",\"paddingTop\":\"big\",\"paddingBottom\":\"none\",\"uiColor\":\"black\"}},\"22\":{\"type\":\"largeImage\",\"enabled\":\"1\",\"fields\":{\"image\":[\"59\"],\"backgroundImage\":\"\",\"backgroundColor\":\"#ffffff\",\"paddingTop\":\"none\",\"paddingBottom\":\"small\",\"uiColor\":\"black\"}},\"23\":{\"type\":\"textWithImage\",\"enabled\":\"1\",\"fields\":{\"heading\":\"Iconography\",\"intro\":\"To add on the playfull, quirky identity of Orangina, we created an iconset that was used throughout the website.\",\"body\":\"Our hands on mentality can be found throughout the whole process. We bring ideas to life early. We prototype to keep improving along the way. \",\"image\":[\"54\"],\"textColor\":\"#000000\",\"backgroundColor\":\"#ffffff\",\"imagePosition\":\"right\",\"paddingTop\":\"small\",\"paddingBottom\":\"big\",\"uiColor\":\"black\"}},\"25\":{\"type\":\"textTwoColumns\",\"enabled\":\"1\",\"fields\":{\"heading\":\"Final Designs\",\"intro\":\"The content of the new Orangina website was meantto be kept simple serving a few main purposes.\",\"body\":\"In general there were two main obectives, informing people about the available range of Orangina products and telling them about the history of Orangina as a brand. The homepage would then serve as a hub to these two objectives, as well as to the Orangina social channels.\",\"textColor\":\"#ffffff\",\"backgroundColor\":\"#092865\",\"paddingTop\":\"big\",\"paddingBottom\":\"none\",\"uiColor\":\"white\"}},\"29\":{\"type\":\"imageGallery\",\"enabled\":\"1\",\"fields\":{\"images\":[\"57\",\"56\",\"55\",\"75\",\"74\"],\"backgroundColor\":\"#092865\",\"paddingTop\":\"none\",\"paddingBottom\":\"none\",\"uiColor\":\"white\"}}},\"41\":\"Orangina\",\"31\":{\"36\":{\"type\":\"item\",\"enabled\":\"1\",\"fields\":{\"role\":\"Development\",\"contributorName\":\"Inalise B.V.\"}}},\"40\":[\"62\"],\"50\":[\"71\"],\"39\":\"A quirky new online appearance for a soda brand\",\"36\":{\"30\":{\"type\":\"honour\",\"enabled\":\"1\",\"fields\":{\"honourName\":\"FWA SOTD\",\"logo\":[\"32\"]}},\"34\":{\"type\":\"honour\",\"enabled\":\"1\",\"fields\":{\"honourName\":\"FWA MOTD\",\"logo\":[\"32\"]}},\"35\":{\"type\":\"honour\",\"enabled\":\"1\",\"fields\":{\"honourName\":\"Awwwards SOTD\",\"logo\":[\"33\"]}}},\"43\":\"Responsive Website\",\"42\":\"http:\\/\\/orangina.eu\\/\",\"34\":{\"37\":{\"type\":\"role\",\"enabled\":\"1\",\"fields\":{\"role\":\"Interaction design\"}},\"38\":{\"type\":\"role\",\"enabled\":\"1\",\"fields\":{\"role\":\"UX Design\"}},\"39\":{\"type\":\"role\",\"enabled\":\"1\",\"fields\":{\"role\":\"Creative direction\"}},\"40\":{\"type\":\"role\",\"enabled\":\"1\",\"fields\":{\"role\":\"Concept\"}},\"41\":{\"type\":\"role\",\"enabled\":\"1\",\"fields\":{\"role\":\"Strategy\"}}}}}', '2016-03-15 14:47:14', '2016-03-15 14:47:14', 'e61b00a0-ec4e-46f3-af9c-01004757b17d'),
 ('90', '66', '3', '1', 'en_us', '4', '', '{\"typeId\":\"3\",\"authorId\":\"1\",\"title\":\"Chocomel brand portal\",\"slug\":\"chocomel-brand-portal\",\"postDate\":1457363040,\"expiryDate\":null,\"enabled\":1,\"parentId\":null,\"fields\":{\"3\":\"\",\"41\":\"Chocomel\",\"31\":\"\",\"40\":[\"67\"],\"50\":[\"73\"],\"39\":\"For the love of chocolate\",\"36\":\"\",\"43\":\"Responsive Website\",\"42\":\"\",\"34\":\"\"}}', '2016-03-16 12:43:45', '2016-03-16 12:43:45', '9c4b7e63-9bcb-4d12-9fba-50435c740ea2'),
 ('92', '5', '5', '1', 'en_us', '5', '', '{\"typeId\":\"5\",\"authorId\":null,\"title\":\"Homepage\",\"slug\":\"homepage\",\"postDate\":1457355131,\"expiryDate\":null,\"enabled\":1,\"parentId\":null,\"fields\":{\"10\":[\"10\",\"66\",\"78\"]}}', '2016-03-16 14:28:38', '2016-03-16 14:28:38', 'd4c1f8e9-3d3d-46ca-9d16-118901c7664c'),
 ('93', '66', '3', '1', 'en_us', '5', '', '{\"typeId\":\"3\",\"authorId\":\"1\",\"title\":\"Chocomel brand portal\",\"slug\":\"chocomel-brand-portal\",\"postDate\":1457363040,\"expiryDate\":null,\"enabled\":1,\"parentId\":null,\"fields\":{\"3\":{\"new1\":{\"type\":\"textFullWidth\",\"enabled\":\"1\",\"fields\":{\"body\":\"A website that let\\u2019s fans share their love for Chocomel, seamlessly integrated with a delicious product showcase.\",\"textColor\":\"#000000\",\"backgroundColor\":\"#000000\",\"paddingTop\":\"big\",\"paddingBottom\":\"none\",\"uiColor\":\"black\"}},\"new2\":{\"type\":\"textWithImage\",\"enabled\":\"1\",\"fields\":{\"heading\":\"Designing for a love brand\",\"intro\":\"When we were asked to design the brand portal for Chocomel we knew it was about chocolate love. A lot of loyal fans have a healthy obsession for this tasty chocolate drink.\",\"body\":\"\",\"image\":[\"79\"],\"textColor\":\"#ffffff\",\"backgroundColor\":\"#391f10\",\"imagePosition\":\"right\",\"paddingTop\":\"big\",\"paddingBottom\":\"big\",\"uiColor\":\"white\"}}},\"41\":\"Chocomel\",\"31\":\"\",\"40\":[\"67\"],\"50\":[\"73\"],\"39\":\"For the love of chocolate\",\"36\":\"\",\"43\":\"Mobile Application\",\"42\":\"\",\"34\":\"\"}}', '2016-03-16 15:28:59', '2016-03-16 15:28:59', 'a39f90fc-5f89-4e2f-9875-336244a6818c'),
 ('94', '66', '3', '1', 'en_us', '6', '', '{\"typeId\":\"3\",\"authorId\":\"1\",\"title\":\"Chocomel brand portal\",\"slug\":\"chocomel-brand-portal\",\"postDate\":1457363040,\"expiryDate\":null,\"enabled\":1,\"parentId\":null,\"fields\":{\"3\":{\"80\":{\"type\":\"textFullWidth\",\"enabled\":\"1\",\"fields\":{\"body\":\"A website that let\\u2019s fans share their love for Chocomel, seamlessly integrated with a delicious product showcase.\",\"textColor\":\"#000000\",\"backgroundColor\":\"#000000\",\"paddingTop\":\"big\",\"paddingBottom\":\"none\",\"uiColor\":\"black\"}},\"81\":{\"type\":\"textWithImage\",\"enabled\":\"1\",\"fields\":{\"heading\":\"Designing for a love brand\",\"intro\":\"When we were asked to design the brand portal for Chocomel we knew it was about chocolate love. A lot of loyal fans have a healthy obsession for this tasty chocolate drink.\",\"body\":\"Chocomel wanted to position themselves as an A-brand bevarage along with the common soft drinks. Their previous image was more cozy and soft. The new image on the otherhand was to be more fashionable and exclusive.\",\"image\":[\"79\"],\"textColor\":\"#ffffff\",\"backgroundColor\":\"#391f10\",\"imagePosition\":\"right\",\"paddingTop\":\"big\",\"paddingBottom\":\"big\",\"uiColor\":\"white\"}}},\"41\":\"Chocomel\",\"31\":\"\",\"40\":[\"67\"],\"50\":[\"73\"],\"39\":\"For the love of chocolate\",\"36\":\"\",\"43\":\"Mobile Application\",\"42\":\"\",\"34\":\"\"}}', '2016-03-16 15:29:43', '2016-03-16 15:29:43', 'b0addf28-e097-4299-9385-4ecbb2c5c1a7'),
 ('95', '66', '3', '1', 'en_us', '7', '', '{\"typeId\":\"3\",\"authorId\":\"1\",\"title\":\"Chocomel brand portal\",\"slug\":\"chocomel-brand-portal\",\"postDate\":1457363040,\"expiryDate\":null,\"enabled\":1,\"parentId\":null,\"fields\":{\"3\":{\"80\":{\"type\":\"textFullWidth\",\"enabled\":\"1\",\"fields\":{\"body\":\"A website that let\\u2019s fans share their love for Chocomel, seamlessly integrated with a delicious product showcase.\",\"textColor\":\"#000000\",\"backgroundColor\":\"#ffffff\",\"paddingTop\":\"big\",\"paddingBottom\":\"none\",\"uiColor\":\"black\"}},\"81\":{\"type\":\"textWithImage\",\"enabled\":\"1\",\"fields\":{\"heading\":\"Designing for a love brand\",\"intro\":\"When we were asked to design the brand portal for Chocomel we knew it was about chocolate love. A lot of loyal fans have a healthy obsession for this tasty chocolate drink.\",\"body\":\"Chocomel wanted to position themselves as an A-brand bevarage along with the common soft drinks. Their previous image was more cozy and soft. The new image on the otherhand was to be more fashionable and exclusive.\",\"image\":[\"79\"],\"textColor\":\"#ffffff\",\"backgroundColor\":\"#391f10\",\"imagePosition\":\"right\",\"paddingTop\":\"big\",\"paddingBottom\":\"big\",\"uiColor\":\"white\"}}},\"41\":\"Chocomel\",\"31\":\"\",\"40\":[\"67\"],\"50\":[\"73\"],\"39\":\"For the love of chocolate\",\"36\":\"\",\"43\":\"Mobile Application\",\"42\":\"\",\"34\":\"\"}}', '2016-03-16 15:30:38', '2016-03-16 15:30:38', 'a667d75c-665e-477a-98f5-8125a6f31565'),
 ('96', '66', '3', '1', 'en_us', '8', '', '{\"typeId\":\"3\",\"authorId\":\"1\",\"title\":\"Chocomel brand portal\",\"slug\":\"chocomel-brand-portal\",\"postDate\":1457363040,\"expiryDate\":null,\"enabled\":1,\"parentId\":null,\"fields\":{\"3\":{\"80\":{\"type\":\"textFullWidth\",\"enabled\":\"1\",\"fields\":{\"body\":\"A website that let\\u2019s fans share their love for Chocomel, seamlessly integrated with a delicious product showcase.\",\"textColor\":\"#000000\",\"backgroundColor\":\"#ffffff\",\"paddingTop\":\"big\",\"paddingBottom\":\"big\",\"uiColor\":\"black\"}},\"81\":{\"type\":\"textWithImage\",\"enabled\":\"1\",\"fields\":{\"heading\":\"Designing for a love brand\",\"intro\":\"When we were asked to design the brand portal for Chocomel we knew it was about chocolate love. A lot of loyal fans have a healthy obsession for this tasty chocolate drink.\",\"body\":\"Chocomel wanted to position themselves as an A-brand bevarage along with the common soft drinks. Their previous image was more cozy and soft. The new image on the otherhand was to be more fashionable and exclusive.\",\"image\":[\"79\"],\"textColor\":\"#ffffff\",\"backgroundColor\":\"#391f10\",\"imagePosition\":\"right\",\"paddingTop\":\"big\",\"paddingBottom\":\"big\",\"uiColor\":\"white\"}}},\"41\":\"Chocomel\",\"31\":\"\",\"40\":[\"67\"],\"50\":[\"73\"],\"39\":\"For the love of chocolate\",\"36\":\"\",\"43\":\"Mobile Application\",\"42\":\"\",\"34\":\"\"}}', '2016-03-16 15:31:03', '2016-03-16 15:31:03', '4a9e876d-12f4-4726-9baf-bce957553f94'),
 ('97', '66', '3', '1', 'en_us', '9', '', '{\"typeId\":\"3\",\"authorId\":\"1\",\"title\":\"Chocomel brand portal\",\"slug\":\"chocomel-brand-portal\",\"postDate\":1457363040,\"expiryDate\":null,\"enabled\":1,\"parentId\":null,\"fields\":{\"3\":{\"80\":{\"type\":\"textFullWidth\",\"enabled\":\"1\",\"fields\":{\"body\":\"A website that let\\u2019s fans share their love for Chocomel, seamlessly integrated with a delicious product showcase.\",\"textColor\":\"#000000\",\"backgroundColor\":\"#ffffff\",\"paddingTop\":\"big\",\"paddingBottom\":\"big\",\"uiColor\":\"black\"}},\"81\":{\"type\":\"textWithImage\",\"enabled\":\"1\",\"fields\":{\"heading\":\"Designing for a love brand\",\"intro\":\"When we were asked to design the brand portal for Chocomel we knew it was about chocolate love. A lot of loyal fans have a healthy obsession for this tasty chocolate drink.\",\"body\":\"Chocomel wanted to position themselves as an A-brand bevarage along with the common soft drinks. Their previous image was more cozy and soft. The new image on the otherhand was to be more fashionable and exclusive.\",\"image\":[\"79\"],\"textColor\":\"#ffffff\",\"backgroundColor\":\"#391f10\",\"imagePosition\":\"right\",\"paddingTop\":\"big\",\"paddingBottom\":\"big\",\"uiColor\":\"white\"}},\"new1\":{\"type\":\"largeImage\",\"enabled\":\"1\",\"fields\":{\"image\":[\"82\"],\"backgroundImage\":\"\",\"backgroundColor\":\"#ffffff\",\"paddingTop\":\"big\",\"paddingBottom\":\"big\",\"uiColor\":\"black\"}}},\"41\":\"Chocomel\",\"31\":\"\",\"40\":[\"67\"],\"50\":[\"73\"],\"39\":\"For the love of chocolate\",\"36\":\"\",\"43\":\"Mobile Application\",\"42\":\"\",\"34\":\"\"}}', '2016-03-16 15:33:25', '2016-03-16 15:33:25', 'b4063395-4b16-4e9e-b57d-9c8a648a9913'),
 ('98', '66', '3', '1', 'en_us', '10', '', '{\"typeId\":\"3\",\"authorId\":\"1\",\"title\":\"Chocomel brand portal\",\"slug\":\"chocomel-brand-portal\",\"postDate\":1457363040,\"expiryDate\":null,\"enabled\":1,\"parentId\":null,\"fields\":{\"3\":{\"80\":{\"type\":\"textFullWidth\",\"enabled\":\"1\",\"fields\":{\"body\":\"A website that let\\u2019s fans share their love for Chocomel, seamlessly integrated with a delicious product showcase.\",\"textColor\":\"#000000\",\"backgroundColor\":\"#ffffff\",\"paddingTop\":\"big\",\"paddingBottom\":\"big\",\"uiColor\":\"black\"}},\"81\":{\"type\":\"textWithImage\",\"enabled\":\"1\",\"fields\":{\"heading\":\"Designing for a love brand\",\"intro\":\"When we were asked to design the brand portal for Chocomel we knew it was about chocolate love. A lot of loyal fans have a healthy obsession for this tasty chocolate drink.\",\"body\":\"Chocomel wanted to position themselves as an A-brand bevarage along with the common soft drinks. Their previous image was more cozy and soft. The new image on the otherhand was to be more fashionable and exclusive.\",\"image\":[\"79\"],\"textColor\":\"#ffffff\",\"backgroundColor\":\"#391f10\",\"imagePosition\":\"right\",\"paddingTop\":\"big\",\"paddingBottom\":\"big\",\"uiColor\":\"white\"}},\"83\":{\"type\":\"largeImage\",\"enabled\":\"1\",\"fields\":{\"image\":[\"82\"],\"backgroundImage\":[\"84\"],\"backgroundColor\":\"#ffffff\",\"paddingTop\":\"big\",\"paddingBottom\":\"big\",\"uiColor\":\"black\"}}},\"41\":\"Chocomel\",\"31\":\"\",\"40\":[\"67\"],\"50\":[\"73\"],\"39\":\"For the love of chocolate\",\"36\":\"\",\"43\":\"Mobile Application\",\"42\":\"\",\"34\":\"\"}}', '2016-03-16 15:36:19', '2016-03-16 15:36:19', 'f74e9b6d-62b2-4ac1-b1d1-04b66e76461f'),
 ('99', '66', '3', '1', 'en_us', '11', '', '{\"typeId\":\"3\",\"authorId\":\"1\",\"title\":\"Chocomel brand portal\",\"slug\":\"chocomel-brand-portal\",\"postDate\":1457363040,\"expiryDate\":null,\"enabled\":1,\"parentId\":null,\"fields\":{\"3\":{\"80\":{\"type\":\"textFullWidth\",\"enabled\":\"1\",\"fields\":{\"body\":\"A website that let\\u2019s fans share their love for Chocomel, seamlessly integrated with a delicious product showcase.\",\"textColor\":\"#000000\",\"backgroundColor\":\"#ffffff\",\"paddingTop\":\"big\",\"paddingBottom\":\"big\",\"uiColor\":\"black\"}},\"81\":{\"type\":\"textWithImage\",\"enabled\":\"1\",\"fields\":{\"heading\":\"Designing for a love brand\",\"intro\":\"When we were asked to design the brand portal for Chocomel we knew it was about chocolate love. A lot of loyal fans have a healthy obsession for this tasty chocolate drink.\",\"body\":\"Chocomel wanted to position themselves as an A-brand bevarage along with the common soft drinks. Their previous image was more cozy and soft. The new image on the otherhand was to be more fashionable and exclusive.\",\"image\":[\"79\"],\"textColor\":\"#ffffff\",\"backgroundColor\":\"#391f10\",\"imagePosition\":\"right\",\"paddingTop\":\"big\",\"paddingBottom\":\"big\",\"uiColor\":\"white\"}},\"83\":{\"type\":\"largeImage\",\"enabled\":\"1\",\"fields\":{\"image\":[\"82\"],\"backgroundImage\":[\"84\"],\"backgroundColor\":\"#ffffff\",\"paddingTop\":\"big\",\"paddingBottom\":\"big\",\"uiColor\":\"black\"}},\"new1\":{\"type\":\"textWithImage\",\"enabled\":\"1\",\"fields\":{\"heading\":\"The voice of chocomel lovers\",\"intro\":\"Instead of Chocomel telling visitors how great Chocomel really is, we engaged the already big group of fans and let them speak for the brand.\",\"body\":\"In a mix of owned and shared content, the homepage is build up from quotes on twitter, fanphoto\\u2019s on instagram and video\\u2019s on youtube.\",\"image\":[\"85\"],\"textColor\":\"#391f10\",\"backgroundColor\":\"#f0e9e4\",\"imagePosition\":\"left\",\"paddingTop\":\"none\",\"paddingBottom\":\"big\",\"uiColor\":\"black\"}}},\"41\":\"Chocomel\",\"31\":\"\",\"40\":[\"67\"],\"50\":[\"73\"],\"39\":\"For the love of chocolate\",\"36\":\"\",\"43\":\"Mobile Application\",\"42\":\"\",\"34\":\"\"}}', '2016-03-16 15:46:55', '2016-03-16 15:46:55', '545407ae-e7bf-4d8a-a2c4-5775b62d27ff'),
 ('100', '66', '3', '1', 'en_us', '12', '', '{\"typeId\":\"3\",\"authorId\":\"1\",\"title\":\"Chocomel brand portal\",\"slug\":\"chocomel-brand-portal\",\"postDate\":1457363040,\"expiryDate\":null,\"enabled\":1,\"parentId\":null,\"fields\":{\"3\":{\"80\":{\"type\":\"textFullWidth\",\"enabled\":\"1\",\"fields\":{\"body\":\"A website that let\\u2019s fans share their love for Chocomel, seamlessly integrated with a delicious product showcase.\",\"textColor\":\"#000000\",\"backgroundColor\":\"#ffffff\",\"paddingTop\":\"big\",\"paddingBottom\":\"big\",\"uiColor\":\"black\"}},\"81\":{\"type\":\"textWithImage\",\"enabled\":\"1\",\"fields\":{\"heading\":\"Designing for a love brand\",\"intro\":\"When we were asked to design the brand portal for Chocomel we knew it was about chocolate love. A lot of loyal fans have a healthy obsession for this tasty chocolate drink.\",\"body\":\"Chocomel wanted to position themselves as an A-brand bevarage along with the common soft drinks. Their previous image was more cozy and soft. The new image on the otherhand was to be more fashionable and exclusive.\",\"image\":[\"79\"],\"textColor\":\"#ffffff\",\"backgroundColor\":\"#391f10\",\"imagePosition\":\"right\",\"paddingTop\":\"big\",\"paddingBottom\":\"big\",\"uiColor\":\"white\"}},\"83\":{\"type\":\"largeImage\",\"enabled\":\"1\",\"fields\":{\"image\":[\"82\"],\"backgroundImage\":[\"84\"],\"backgroundColor\":\"#ffffff\",\"paddingTop\":\"big\",\"paddingBottom\":\"big\",\"uiColor\":\"black\"}},\"86\":{\"type\":\"textWithImage\",\"enabled\":\"1\",\"fields\":{\"heading\":\"The voice of chocomel lovers\",\"intro\":\"Instead of Chocomel telling visitors how great Chocomel really is, we engaged the already big group of fans and let them speak for the brand.\",\"body\":\"In a mix of owned and shared content, the homepage is build up from quotes on twitter, fanphoto\\u2019s on instagram and video\\u2019s on youtube.\",\"image\":[\"85\"],\"textColor\":\"#391f10\",\"backgroundColor\":\"#f0e9e4\",\"imagePosition\":\"left\",\"paddingTop\":\"none\",\"paddingBottom\":\"big\",\"uiColor\":\"black\"}},\"new1\":{\"type\":\"textTwoColumns\",\"enabled\":\"1\",\"fields\":{\"heading\":\"Enjoying your Chocomel hot or cold?\",\"intro\":\"Winter or summer, Chocomel can be consumed\\r\\nboth hot and cold. \",\"body\":\"Depending on the season, we present the hero product in a warm mug or a cold glass. Since there is an ever lasting discussion on how Chocomel should be consumed, we gave users the option to switch.\",\"textColor\":\"#ffffff\",\"backgroundColor\":\"#3f2012\",\"paddingTop\":\"big\",\"paddingBottom\":\"small\",\"uiColor\":\"white\"}},\"new2\":{\"type\":\"largeImage\",\"enabled\":\"1\",\"fields\":{\"image\":[\"88\"],\"backgroundImage\":[\"87\"],\"backgroundColor\":\"#000000\",\"paddingTop\":\"none\",\"paddingBottom\":\"big\",\"uiColor\":\"white\"}}},\"41\":\"Chocomel\",\"31\":\"\",\"40\":[\"67\"],\"50\":[\"73\"],\"39\":\"For the love of chocolate\",\"36\":\"\",\"43\":\"Mobile Application\",\"42\":\"\",\"34\":\"\"}}', '2016-03-16 15:54:54', '2016-03-16 15:54:54', '3314db89-d328-48af-b022-1192b4b5c04a'),
 ('101', '66', '3', '1', 'en_us', '13', '', '{\"typeId\":\"3\",\"authorId\":\"1\",\"title\":\"Chocomel brand portal\",\"slug\":\"chocomel-brand-portal\",\"postDate\":1457363040,\"expiryDate\":null,\"enabled\":1,\"parentId\":null,\"fields\":{\"3\":{\"80\":{\"type\":\"textFullWidth\",\"enabled\":\"1\",\"fields\":{\"body\":\"A website that let\\u2019s fans share their love for Chocomel, seamlessly integrated with a delicious product showcase.\",\"textColor\":\"#000000\",\"backgroundColor\":\"#ffffff\",\"paddingTop\":\"big\",\"paddingBottom\":\"big\",\"uiColor\":\"black\"}},\"81\":{\"type\":\"textWithImage\",\"enabled\":\"1\",\"fields\":{\"heading\":\"Designing for a love brand\",\"intro\":\"When we were asked to design the brand portal for Chocomel we knew it was about chocolate love. A lot of loyal fans have a healthy obsession for this tasty chocolate drink.\",\"body\":\"Chocomel wanted to position themselves as an A-brand bevarage along with the common soft drinks. Their previous image was more cozy and soft. The new image on the otherhand was to be more fashionable and exclusive.\",\"image\":[\"79\"],\"textColor\":\"#ffffff\",\"backgroundColor\":\"#391f10\",\"imagePosition\":\"right\",\"paddingTop\":\"big\",\"paddingBottom\":\"big\",\"uiColor\":\"white\"}},\"83\":{\"type\":\"largeImage\",\"enabled\":\"1\",\"fields\":{\"image\":[\"82\"],\"backgroundImage\":[\"84\"],\"backgroundColor\":\"#ffffff\",\"paddingTop\":\"big\",\"paddingBottom\":\"big\",\"uiColor\":\"black\"}},\"86\":{\"type\":\"textWithImage\",\"enabled\":\"1\",\"fields\":{\"heading\":\"The voice of chocomel lovers\",\"intro\":\"Instead of Chocomel telling visitors how great Chocomel really is, we engaged the already big group of fans and let them speak for the brand.\",\"body\":\"In a mix of owned and shared content, the homepage is build up from quotes on twitter, fanphoto\\u2019s on instagram and video\\u2019s on youtube.\",\"image\":[\"85\"],\"textColor\":\"#391f10\",\"backgroundColor\":\"#f0e9e4\",\"imagePosition\":\"left\",\"paddingTop\":\"none\",\"paddingBottom\":\"big\",\"uiColor\":\"black\"}},\"89\":{\"type\":\"textTwoColumns\",\"enabled\":\"1\",\"fields\":{\"heading\":\"Enjoying your Chocomel hot or cold?\",\"intro\":\"Winter or summer, Chocomel can be consumed\\r\\nboth hot and cold. \",\"body\":\"Depending on the season, we present the hero product in a warm mug or a cold glass. Since there is an ever lasting discussion on how Chocomel should be consumed, we gave users the option to switch.\",\"textColor\":\"#ffffff\",\"backgroundColor\":\"#3f2012\",\"paddingTop\":\"big\",\"paddingBottom\":\"small\",\"uiColor\":\"white\"}},\"90\":{\"type\":\"largeImage\",\"enabled\":\"1\",\"fields\":{\"image\":[\"88\"],\"backgroundImage\":[\"87\"],\"backgroundColor\":\"#000000\",\"paddingTop\":\"none\",\"paddingBottom\":\"big\",\"uiColor\":\"white\"}},\"new1\":{\"type\":\"textTwoColumns\",\"enabled\":\"1\",\"fields\":{\"heading\":\"Life sized photography\",\"intro\":\"When it comes to the product, we let the iconic photography speak.\",\"body\":\"In a colorful design, we showed visitors life size photography of the iconic Chocomel pack paired with a hot mug or a cool glass. The product pages has all the key information visitors want to know about their drink: nutritional information, ingredi\\u00ebnts, pack sizes and tell about the durable chocolate that is used in the drink.\",\"textColor\":\"#000000\",\"backgroundColor\":\"#ffffff\",\"paddingTop\":\"big\",\"paddingBottom\":\"big\",\"uiColor\":\"black\"}}},\"41\":\"Chocomel\",\"31\":\"\",\"40\":[\"67\"],\"50\":[\"73\"],\"39\":\"For the love of chocolate\",\"36\":\"\",\"43\":\"Mobile Application\",\"42\":\"\",\"34\":\"\"}}', '2016-03-16 16:47:03', '2016-03-16 16:47:03', 'a2647f3a-6b6a-43f5-a0d3-8a2dfd89367f'),
 ('102', '66', '3', '1', 'en_us', '14', '', '{\"typeId\":\"3\",\"authorId\":\"1\",\"title\":\"Chocomel brand portal\",\"slug\":\"chocomel-brand-portal\",\"postDate\":1457363040,\"expiryDate\":null,\"enabled\":1,\"parentId\":null,\"fields\":{\"3\":{\"80\":{\"type\":\"textFullWidth\",\"enabled\":\"1\",\"fields\":{\"body\":\"A website that let\\u2019s fans share their love for Chocomel, seamlessly integrated with a delicious product showcase.\",\"textColor\":\"#000000\",\"backgroundColor\":\"#ffffff\",\"paddingTop\":\"big\",\"paddingBottom\":\"big\",\"uiColor\":\"black\"}},\"81\":{\"type\":\"textWithImage\",\"enabled\":\"1\",\"fields\":{\"heading\":\"Designing for a love brand\",\"intro\":\"When we were asked to design the brand portal for Chocomel we knew it was about chocolate love. A lot of loyal fans have a healthy obsession for this tasty chocolate drink.\",\"body\":\"Chocomel wanted to position themselves as an A-brand bevarage along with the common soft drinks. Their previous image was more cozy and soft. The new image on the otherhand was to be more fashionable and exclusive.\",\"image\":[\"79\"],\"textColor\":\"#ffffff\",\"backgroundColor\":\"#391f10\",\"imagePosition\":\"right\",\"paddingTop\":\"big\",\"paddingBottom\":\"big\",\"uiColor\":\"white\"}},\"83\":{\"type\":\"largeImage\",\"enabled\":\"1\",\"fields\":{\"image\":[\"82\"],\"backgroundImage\":[\"84\"],\"backgroundColor\":\"#ffffff\",\"paddingTop\":\"big\",\"paddingBottom\":\"big\",\"uiColor\":\"black\"}},\"86\":{\"type\":\"textWithImage\",\"enabled\":\"1\",\"fields\":{\"heading\":\"The voice of chocomel lovers\",\"intro\":\"Instead of Chocomel telling visitors how great Chocomel really is, we engaged the already big group of fans and let them speak for the brand.\",\"body\":\"In a mix of owned and shared content, the homepage is build up from quotes on twitter, fanphoto\\u2019s on instagram and video\\u2019s on youtube.\",\"image\":[\"85\"],\"textColor\":\"#391f10\",\"backgroundColor\":\"#f0e9e4\",\"imagePosition\":\"left\",\"paddingTop\":\"none\",\"paddingBottom\":\"big\",\"uiColor\":\"black\"}},\"89\":{\"type\":\"textTwoColumns\",\"enabled\":\"1\",\"fields\":{\"heading\":\"Enjoying your Chocomel hot or cold?\",\"intro\":\"Winter or summer, Chocomel can be consumed\\r\\nboth hot and cold. \",\"body\":\"Depending on the season, we present the hero product in a warm mug or a cold glass. Since there is an ever lasting discussion on how Chocomel should be consumed, we gave users the option to switch.\",\"textColor\":\"#ffffff\",\"backgroundColor\":\"#3f2012\",\"paddingTop\":\"big\",\"paddingBottom\":\"small\",\"uiColor\":\"white\"}},\"90\":{\"type\":\"largeImage\",\"enabled\":\"1\",\"fields\":{\"image\":[\"88\"],\"backgroundImage\":[\"87\"],\"backgroundColor\":\"#000000\",\"paddingTop\":\"none\",\"paddingBottom\":\"big\",\"uiColor\":\"white\"}},\"91\":{\"type\":\"textTwoColumns\",\"enabled\":\"1\",\"fields\":{\"heading\":\"Life sized photography\",\"intro\":\"When it comes to the product, we let the iconic photography speak.\",\"body\":\"In a colorful design, we showed visitors life size photography of the iconic Chocomel pack paired with a hot mug or a cool glass. The product pages has all the key information visitors want to know about their drink: nutritional information, ingredi\\u00ebnts, pack sizes and tell about the durable chocolate that is used in the drink.\",\"textColor\":\"#000000\",\"backgroundColor\":\"#ffffff\",\"paddingTop\":\"big\",\"paddingBottom\":\"big\",\"uiColor\":\"black\"}},\"new1\":{\"type\":\"largeImage\",\"enabled\":\"1\",\"fields\":{\"image\":[\"92\"],\"backgroundImage\":\"\",\"backgroundColor\":\"#000000\",\"paddingTop\":\"none\",\"paddingBottom\":\"none\",\"uiColor\":\"black\"}}},\"41\":\"Chocomel\",\"31\":\"\",\"40\":[\"67\"],\"50\":[\"73\"],\"39\":\"For the love of chocolate\",\"36\":\"\",\"43\":\"Mobile Application\",\"42\":\"\",\"34\":\"\"}}', '2016-03-16 16:53:30', '2016-03-16 16:53:30', '23ebbf48-e762-4252-9eea-a18c12502e8d'),
 ('103', '66', '3', '1', 'en_us', '15', '', '{\"typeId\":\"3\",\"authorId\":\"1\",\"title\":\"Chocomel brand portal\",\"slug\":\"chocomel-brand-portal\",\"postDate\":1457363040,\"expiryDate\":null,\"enabled\":1,\"parentId\":null,\"fields\":{\"3\":{\"80\":{\"type\":\"textFullWidth\",\"enabled\":\"1\",\"fields\":{\"body\":\"A website that let\\u2019s fans share their love for Chocomel, seamlessly integrated with a delicious product showcase.\",\"textColor\":\"#000000\",\"backgroundColor\":\"#ffffff\",\"paddingTop\":\"big\",\"paddingBottom\":\"big\",\"uiColor\":\"black\"}},\"81\":{\"type\":\"textWithImage\",\"enabled\":\"1\",\"fields\":{\"heading\":\"Designing for a love brand\",\"intro\":\"When we were asked to design the brand portal for Chocomel we knew it was about chocolate love. A lot of loyal fans have a healthy obsession for this tasty chocolate drink.\",\"body\":\"Chocomel wanted to position themselves as an A-brand bevarage along with the common soft drinks. Their previous image was more cozy and soft. The new image on the otherhand was to be more fashionable and exclusive.\",\"image\":[\"79\"],\"textColor\":\"#ffffff\",\"backgroundColor\":\"#391f10\",\"imagePosition\":\"right\",\"paddingTop\":\"big\",\"paddingBottom\":\"big\",\"uiColor\":\"white\"}},\"83\":{\"type\":\"largeImage\",\"enabled\":\"1\",\"fields\":{\"image\":[\"82\"],\"backgroundImage\":[\"84\"],\"backgroundColor\":\"#ffffff\",\"paddingTop\":\"big\",\"paddingBottom\":\"big\",\"uiColor\":\"black\"}},\"86\":{\"type\":\"textWithImage\",\"enabled\":\"1\",\"fields\":{\"heading\":\"The voice of chocomel lovers\",\"intro\":\"Instead of Chocomel telling visitors how great Chocomel really is, we engaged the already big group of fans and let them speak for the brand.\",\"body\":\"In a mix of owned and shared content, the homepage is build up from quotes on twitter, fanphoto\\u2019s on instagram and video\\u2019s on youtube.\",\"image\":[\"85\"],\"textColor\":\"#391f10\",\"backgroundColor\":\"#f0e9e4\",\"imagePosition\":\"left\",\"paddingTop\":\"none\",\"paddingBottom\":\"big\",\"uiColor\":\"black\"}},\"89\":{\"type\":\"textTwoColumns\",\"enabled\":\"1\",\"fields\":{\"heading\":\"Enjoying your Chocomel hot or cold?\",\"intro\":\"Winter or summer, Chocomel can be consumed\\r\\nboth hot and cold. \",\"body\":\"Depending on the season, we present the hero product in a warm mug or a cold glass. Since there is an ever lasting discussion on how Chocomel should be consumed, we gave users the option to switch.\",\"textColor\":\"#ffffff\",\"backgroundColor\":\"#3f2012\",\"paddingTop\":\"big\",\"paddingBottom\":\"small\",\"uiColor\":\"white\"}},\"90\":{\"type\":\"largeImage\",\"enabled\":\"1\",\"fields\":{\"image\":[\"88\"],\"backgroundImage\":[\"87\"],\"backgroundColor\":\"#000000\",\"paddingTop\":\"none\",\"paddingBottom\":\"big\",\"uiColor\":\"white\"}},\"91\":{\"type\":\"textTwoColumns\",\"enabled\":\"1\",\"fields\":{\"heading\":\"Life sized photography\",\"intro\":\"When it comes to the product, we let the iconic photography speak.\",\"body\":\"In a colorful design, we showed visitors life size photography of the iconic Chocomel pack paired with a hot mug or a cool glass. The product pages has all the key information visitors want to know about their drink: nutritional information, ingredi\\u00ebnts, pack sizes and tell about the durable chocolate that is used in the drink.\",\"textColor\":\"#000000\",\"backgroundColor\":\"#ffffff\",\"paddingTop\":\"big\",\"paddingBottom\":\"big\",\"uiColor\":\"black\"}},\"93\":{\"type\":\"largeImage\",\"enabled\":\"1\",\"fields\":{\"image\":[\"92\"],\"backgroundImage\":\"\",\"backgroundColor\":\"#ffffff\",\"paddingTop\":\"none\",\"paddingBottom\":\"big\",\"uiColor\":\"black\"}}},\"41\":\"Chocomel\",\"31\":\"\",\"40\":[\"67\"],\"50\":[\"73\"],\"39\":\"For the love of chocolate\",\"36\":\"\",\"43\":\"Mobile Application\",\"42\":\"\",\"34\":\"\"}}', '2016-03-16 16:54:12', '2016-03-16 16:54:12', '84830a40-5a0f-4e65-9108-3310e28e7b11'),
 ('104', '10', '3', '1', 'en_us', '70', '', '{\"typeId\":\"3\",\"authorId\":\"1\",\"title\":\"Orangina global website\",\"slug\":\"orangina\",\"postDate\":1456411320,\"expiryDate\":null,\"enabled\":1,\"parentId\":null,\"fields\":{\"3\":{\"12\":{\"type\":\"textFullWidth\",\"enabled\":\"1\",\"fields\":{\"body\":\"Orangina refreshed their brand identity Achtung!\\/Kraftwerk wastasked to extend their newbrand identity to a fresh online experience. \",\"textColor\":\"#000000\",\"backgroundColor\":\"#ffffff\",\"paddingTop\":\"big\",\"paddingBottom\":\"small\",\"uiColor\":\"black\"}},\"14\":{\"type\":\"largeImage\",\"enabled\":\"1\",\"fields\":{\"image\":[\"61\"],\"backgroundImage\":[\"60\"],\"backgroundColor\":\"#000000\",\"paddingTop\":\"none\",\"paddingBottom\":\"big\",\"uiColor\":\"black\"}},\"17\":{\"type\":\"textTwoColumns\",\"enabled\":\"1\",\"fields\":{\"heading\":\"Strategy, Concept & UX\",\"intro\":\"The content of the new Orangina website was meantto be kept simple serving a few main purposes.\",\"body\":\"In general there were two main obectives, informing people about the available range of Orangina products and telling them about the history of Orangina as a brand. The homepage would then serve as a hub to these two objectives, as well as to the Orangina social channels.\",\"textColor\":\"#ffffff\",\"backgroundColor\":\"#ffab18\",\"paddingTop\":\"none\",\"paddingBottom\":\"small\",\"uiColor\":\"black\"}},\"19\":{\"type\":\"video\",\"enabled\":\"1\",\"fields\":{\"coverImage\":[\"64\"],\"video\":[\"18\"],\"backgroundColor\":\"#ffa600\",\"backgroundImage\":[\"65\"],\"paddingTop\":\"none\",\"paddingBottom\":\"big\",\"uiColor\":\"black\"}},\"20\":{\"type\":\"textTwoColumns\",\"enabled\":\"1\",\"fields\":{\"heading\":\"Design elements\",\"intro\":\"Colors for the Orangina website were besides the brand\\u2019s Blue and Yellow, based on the labels of the different flavours. \",\"body\":\"\",\"textColor\":\"#000000\",\"backgroundColor\":\"#ffffff\",\"paddingTop\":\"big\",\"paddingBottom\":\"none\",\"uiColor\":\"black\"}},\"22\":{\"type\":\"largeImage\",\"enabled\":\"1\",\"fields\":{\"image\":[\"59\"],\"backgroundImage\":\"\",\"backgroundColor\":\"#ffffff\",\"paddingTop\":\"none\",\"paddingBottom\":\"small\",\"uiColor\":\"black\"}},\"23\":{\"type\":\"textWithImage\",\"enabled\":\"1\",\"fields\":{\"heading\":\"Iconography\",\"intro\":\"To add on the playfull, quirky identity of Orangina, we created an iconset that was used throughout the website.\",\"body\":\"Our hands on mentality can be found throughout the whole process. We bring ideas to life early. We prototype to keep improving along the way. \",\"image\":[\"54\"],\"textColor\":\"#000000\",\"backgroundColor\":\"#ffffff\",\"imagePosition\":\"right\",\"paddingTop\":\"small\",\"paddingBottom\":\"big\",\"uiColor\":\"black\"}},\"25\":{\"type\":\"textTwoColumns\",\"enabled\":\"1\",\"fields\":{\"heading\":\"Final Designs\",\"intro\":\"The content of the new Orangina website was meantto be kept simple serving a few main purposes.\",\"body\":\"In general there were two main obectives, informing people about the available range of Orangina products and telling them about the history of Orangina as a brand. The homepage would then serve as a hub to these two objectives, as well as to the Orangina social channels.\",\"textColor\":\"#ffffff\",\"backgroundColor\":\"#092865\",\"paddingTop\":\"big\",\"paddingBottom\":\"none\",\"uiColor\":\"white\"}},\"29\":{\"type\":\"imageGallery\",\"enabled\":\"1\",\"fields\":{\"images\":[\"57\",\"56\",\"55\",\"75\",\"74\"],\"backgroundColor\":\"#092865\",\"paddingTop\":\"none\",\"paddingBottom\":\"none\",\"uiColor\":\"white\"}}},\"41\":\"Orangina\",\"31\":{\"36\":{\"type\":\"item\",\"enabled\":\"1\",\"fields\":{\"role\":\"Development\",\"contributorName\":\"Inalise B.V.\"}}},\"40\":[\"62\"],\"50\":[\"71\"],\"39\":\"A quirky new online appearance for a soda brand\",\"36\":{\"30\":{\"type\":\"honour\",\"enabled\":\"1\",\"fields\":{\"honourName\":\"FWA SOTD\",\"logo\":[\"32\"]}},\"34\":{\"type\":\"honour\",\"enabled\":\"1\",\"fields\":{\"honourName\":\"FWA MOTD\",\"logo\":[\"32\"]}},\"35\":{\"type\":\"honour\",\"enabled\":\"1\",\"fields\":{\"honourName\":\"Awwwards SOTD\",\"logo\":[\"33\"]}}},\"43\":\"Responsive Website\",\"42\":\"http:\\/\\/orangina.eu\\/\",\"34\":{\"37\":{\"type\":\"role\",\"enabled\":\"1\",\"fields\":{\"role\":\"Interaction design\"}},\"38\":{\"type\":\"role\",\"enabled\":\"1\",\"fields\":{\"role\":\"UX Design\"}},\"39\":{\"type\":\"role\",\"enabled\":\"1\",\"fields\":{\"role\":\"Creative direction\"}},\"40\":{\"type\":\"role\",\"enabled\":\"1\",\"fields\":{\"role\":\"Concept\"}},\"41\":{\"type\":\"role\",\"enabled\":\"1\",\"fields\":{\"role\":\"Strategy\"}}}}}', '2016-03-16 21:02:34', '2016-03-16 21:02:34', '8846f276-b532-4e2c-b1ce-d6d12656eacc'),
 ('105', '10', '3', '1', 'en_us', '71', '', '{\"typeId\":\"3\",\"authorId\":\"1\",\"title\":\"Orangina global website\",\"slug\":\"orangina\",\"postDate\":1456411320,\"expiryDate\":null,\"enabled\":1,\"parentId\":null,\"fields\":{\"3\":{\"12\":{\"type\":\"textFullWidth\",\"enabled\":\"1\",\"fields\":{\"body\":\"Orangina refreshed their brand identity Achtung!\\/Kraftwerk wastasked to extend their newbrand identity to a fresh online experience. \",\"textColor\":\"#000000\",\"backgroundColor\":\"#ffffff\",\"paddingTop\":\"big\",\"paddingBottom\":\"small\",\"uiColor\":\"black\"}},\"14\":{\"type\":\"largeImage\",\"enabled\":\"1\",\"fields\":{\"image\":[\"61\"],\"backgroundImage\":[\"60\"],\"backgroundColor\":\"#000000\",\"paddingTop\":\"none\",\"paddingBottom\":\"big\",\"uiColor\":\"black\"}},\"17\":{\"type\":\"textTwoColumns\",\"enabled\":\"1\",\"fields\":{\"heading\":\"Strategy, Concept & UX\",\"intro\":\"The content of the new Orangina website was meantto be kept simple serving a few main purposes.\",\"body\":\"In general there were two main obectives, informing people about the available range of Orangina products and telling them about the history of Orangina as a brand. The homepage would then serve as a hub to these two objectives, as well as to the Orangina social channels.\",\"textColor\":\"#ffffff\",\"backgroundColor\":\"#ffab18\",\"paddingTop\":\"none\",\"paddingBottom\":\"small\",\"uiColor\":\"black\"}},\"19\":{\"type\":\"video\",\"enabled\":\"1\",\"fields\":{\"coverImage\":[\"64\"],\"video\":[\"18\"],\"backgroundColor\":\"#ffa600\",\"backgroundImage\":[\"65\"],\"paddingTop\":\"none\",\"paddingBottom\":\"big\",\"uiColor\":\"black\"}},\"20\":{\"type\":\"textTwoColumns\",\"enabled\":\"1\",\"fields\":{\"heading\":\"Design elements\",\"intro\":\"Colors for the Orangina website were besides the brand\\u2019s Blue and Yellow, based on the labels of the different flavours. \",\"body\":\"\",\"textColor\":\"#000000\",\"backgroundColor\":\"#ffffff\",\"paddingTop\":\"big\",\"paddingBottom\":\"none\",\"uiColor\":\"black\"}},\"22\":{\"type\":\"largeImage\",\"enabled\":\"1\",\"fields\":{\"image\":[\"59\"],\"backgroundImage\":\"\",\"backgroundColor\":\"#ffffff\",\"paddingTop\":\"none\",\"paddingBottom\":\"small\",\"uiColor\":\"black\"}},\"23\":{\"type\":\"textWithImage\",\"enabled\":\"1\",\"fields\":{\"heading\":\"Iconography\",\"intro\":\"To add on the playfull, quirky identity of Orangina, we created an iconset that was used throughout the website.\",\"body\":\"Our hands on mentality can be found throughout the whole process. We bring ideas to life early. We prototype to keep improving along the way. \",\"image\":[\"54\"],\"textColor\":\"#000000\",\"backgroundColor\":\"#ffffff\",\"imagePosition\":\"right\",\"paddingTop\":\"small\",\"paddingBottom\":\"big\",\"uiColor\":\"black\"}},\"25\":{\"type\":\"textTwoColumns\",\"enabled\":\"1\",\"fields\":{\"heading\":\"Final Designs\",\"intro\":\"The content of the new Orangina website was meantto be kept simple serving a few main purposes.\",\"body\":\"In general there were two main obectives, informing people about the available range of Orangina products and telling them about the history of Orangina as a brand. The homepage would then serve as a hub to these two objectives, as well as to the Orangina social channels.\",\"textColor\":\"#ffffff\",\"backgroundColor\":\"#092865\",\"paddingTop\":\"big\",\"paddingBottom\":\"none\",\"uiColor\":\"white\"}},\"29\":{\"type\":\"imageGallery\",\"enabled\":\"1\",\"fields\":{\"images\":[\"57\",\"56\",\"55\",\"75\",\"74\"],\"backgroundColor\":\"#092865\",\"paddingTop\":\"none\",\"paddingBottom\":\"none\",\"uiColor\":\"white\"}}},\"41\":\"Orangina\",\"31\":{\"36\":{\"type\":\"item\",\"enabled\":\"1\",\"fields\":{\"role\":\"Development\",\"contributorName\":\"Inalise B.V.\"}}},\"40\":[\"62\"],\"50\":[\"71\"],\"39\":\"A quirky new online appearance for a soda brand\",\"36\":{\"30\":{\"type\":\"honour\",\"enabled\":\"1\",\"fields\":{\"honourName\":\"FWA SOTD\",\"logo\":[\"32\"]}},\"34\":{\"type\":\"honour\",\"enabled\":\"1\",\"fields\":{\"honourName\":\"FWA MOTD\",\"logo\":[\"32\"]}},\"35\":{\"type\":\"honour\",\"enabled\":\"1\",\"fields\":{\"honourName\":\"Awwwards SOTD\",\"logo\":[\"33\"]}}},\"43\":\"Responsive Website\",\"42\":\"http:\\/\\/orangina.eu\\/\",\"34\":{\"37\":{\"type\":\"role\",\"enabled\":\"1\",\"fields\":{\"role\":\"Interaction design\"}},\"38\":{\"type\":\"role\",\"enabled\":\"1\",\"fields\":{\"role\":\"UX Design\"}},\"39\":{\"type\":\"role\",\"enabled\":\"1\",\"fields\":{\"role\":\"Creative direction\"}},\"40\":{\"type\":\"role\",\"enabled\":\"1\",\"fields\":{\"role\":\"Concept\"}},\"41\":{\"type\":\"role\",\"enabled\":\"1\",\"fields\":{\"role\":\"Strategy\"}}}}}', '2016-03-16 21:03:19', '2016-03-16 21:03:19', 'a0161d86-57b2-4df9-9ff2-54731626632f'),
 ('106', '10', '3', '1', 'en_us', '72', '', '{\"typeId\":\"3\",\"authorId\":\"1\",\"title\":\"Orangina global website\",\"slug\":\"orangina\",\"postDate\":1456411320,\"expiryDate\":null,\"enabled\":1,\"parentId\":null,\"fields\":{\"3\":{\"12\":{\"type\":\"textFullWidth\",\"enabled\":\"1\",\"fields\":{\"body\":\"Orangina refreshed their brand identity Achtung!\\/Kraftwerk wastasked to extend their newbrand identity to a fresh online experience. \",\"textColor\":\"#000000\",\"backgroundColor\":\"#ffffff\",\"paddingTop\":\"big\",\"paddingBottom\":\"small\",\"uiColor\":\"black\"}},\"14\":{\"type\":\"largeImage\",\"enabled\":\"1\",\"fields\":{\"image\":[\"61\"],\"backgroundImage\":[\"60\"],\"backgroundColor\":\"#000000\",\"paddingTop\":\"none\",\"paddingBottom\":\"big\",\"uiColor\":\"black\"}},\"17\":{\"type\":\"textTwoColumns\",\"enabled\":\"1\",\"fields\":{\"heading\":\"Strategy, Concept & UX\",\"intro\":\"The content of the new Orangina website was meantto be kept simple serving a few main purposes.\",\"body\":\"In general there were two main obectives, informing people about the available range of Orangina products and telling them about the history of Orangina as a brand. The homepage would then serve as a hub to these two objectives, as well as to the Orangina social channels.\",\"textColor\":\"#ffffff\",\"backgroundColor\":\"#ffab18\",\"paddingTop\":\"none\",\"paddingBottom\":\"small\",\"uiColor\":\"black\"}},\"19\":{\"type\":\"video\",\"enabled\":\"1\",\"fields\":{\"coverImage\":[\"64\"],\"video\":[\"18\"],\"backgroundColor\":\"#ffa600\",\"backgroundImage\":[\"65\"],\"paddingTop\":\"none\",\"paddingBottom\":\"big\",\"uiColor\":\"black\"}},\"20\":{\"type\":\"textTwoColumns\",\"enabled\":\"1\",\"fields\":{\"heading\":\"Design elements\",\"intro\":\"Colors for the Orangina website were besides the brand\\u2019s Blue and Yellow, based on the labels of the different flavours. \",\"body\":\"\",\"textColor\":\"#000000\",\"backgroundColor\":\"#ffffff\",\"paddingTop\":\"big\",\"paddingBottom\":\"none\",\"uiColor\":\"black\"}},\"22\":{\"type\":\"largeImage\",\"enabled\":\"1\",\"fields\":{\"image\":[\"59\"],\"backgroundImage\":\"\",\"backgroundColor\":\"#ffffff\",\"paddingTop\":\"none\",\"paddingBottom\":\"small\",\"uiColor\":\"black\"}},\"23\":{\"type\":\"textWithImage\",\"enabled\":\"1\",\"fields\":{\"heading\":\"Iconography\",\"intro\":\"To add on the playfull, quirky identity of Orangina, we created an iconset that was used throughout the website.\",\"body\":\"Our hands on mentality can be found throughout the whole process. We bring ideas to life early. We prototype to keep improving along the way. \",\"image\":[\"54\"],\"textColor\":\"#000000\",\"backgroundColor\":\"#ffffff\",\"imagePosition\":\"right\",\"paddingTop\":\"small\",\"paddingBottom\":\"big\",\"uiColor\":\"black\"}},\"25\":{\"type\":\"textTwoColumns\",\"enabled\":\"1\",\"fields\":{\"heading\":\"Final Designs\",\"intro\":\"The content of the new Orangina website was meantto be kept simple serving a few main purposes.\",\"body\":\"In general there were two main obectives, informing people about the available range of Orangina products and telling them about the history of Orangina as a brand. The homepage would then serve as a hub to these two objectives, as well as to the Orangina social channels.\",\"textColor\":\"#ffffff\",\"backgroundColor\":\"#092865\",\"paddingTop\":\"big\",\"paddingBottom\":\"none\",\"uiColor\":\"white\"}},\"29\":{\"type\":\"imageGallery\",\"enabled\":\"1\",\"fields\":{\"images\":[\"57\",\"56\",\"55\",\"75\",\"74\"],\"backgroundColor\":\"#092865\",\"paddingTop\":\"none\",\"paddingBottom\":\"none\",\"uiColor\":\"white\"}}},\"41\":\"Orangina\",\"31\":{\"36\":{\"type\":\"item\",\"enabled\":\"1\",\"fields\":{\"role\":\"Development\",\"contributorName\":\"Inalise B.V.\"}}},\"40\":[\"62\"],\"50\":[\"71\"],\"39\":\"A quirky new online appearance for a soda brand\",\"36\":{\"30\":{\"type\":\"honour\",\"enabled\":\"1\",\"fields\":{\"honourName\":\"FWA SOTD\",\"logo\":[\"32\"]}},\"34\":{\"type\":\"honour\",\"enabled\":\"1\",\"fields\":{\"honourName\":\"FWA MOTD\",\"logo\":[\"32\"]}},\"35\":{\"type\":\"honour\",\"enabled\":\"1\",\"fields\":{\"honourName\":\"Awwwards SOTD\",\"logo\":[\"33\"]}}},\"43\":\"Responsive Website\",\"42\":\"http:\\/\\/orangina.eu\\/\",\"34\":{\"37\":{\"type\":\"role\",\"enabled\":\"1\",\"fields\":{\"role\":\"Interaction design\"}},\"38\":{\"type\":\"role\",\"enabled\":\"1\",\"fields\":{\"role\":\"UX Design\"}},\"39\":{\"type\":\"role\",\"enabled\":\"1\",\"fields\":{\"role\":\"Creative direction\"}},\"40\":{\"type\":\"role\",\"enabled\":\"1\",\"fields\":{\"role\":\"Concept\"}},\"41\":{\"type\":\"role\",\"enabled\":\"1\",\"fields\":{\"role\":\"Strategy\"}}}}}', '2016-03-16 21:04:23', '2016-03-16 21:04:23', '81d07498-ed74-4bac-b047-353362056316'),
 ('107', '10', '3', '1', 'en_us', '73', '', '{\"typeId\":\"3\",\"authorId\":\"1\",\"title\":\"Orangina global website\",\"slug\":\"orangina\",\"postDate\":1456411320,\"expiryDate\":null,\"enabled\":1,\"parentId\":null,\"fields\":{\"3\":{\"12\":{\"type\":\"textFullWidth\",\"enabled\":\"1\",\"fields\":{\"body\":\"Orangina refreshed their brand identity Achtung!\\/Kraftwerk wastasked to extend their newbrand identity to a fresh online experience. \",\"textColor\":\"#000000\",\"backgroundColor\":\"#ffffff\",\"paddingTop\":\"big\",\"paddingBottom\":\"small\",\"uiColor\":\"black\"}},\"14\":{\"type\":\"largeImage\",\"enabled\":\"1\",\"fields\":{\"image\":[\"61\"],\"backgroundImage\":[\"60\"],\"backgroundColor\":\"#000000\",\"paddingTop\":\"none\",\"paddingBottom\":\"big\",\"uiColor\":\"black\"}},\"17\":{\"type\":\"textTwoColumns\",\"enabled\":\"1\",\"fields\":{\"heading\":\"Strategy, Concept & UX\",\"intro\":\"The content of the new Orangina website was meantto be kept simple serving a few main purposes.\",\"body\":\"In general there were two main obectives, informing people about the available range of Orangina products and telling them about the history of Orangina as a brand. The homepage would then serve as a hub to these two objectives, as well as to the Orangina social channels.\",\"textColor\":\"#ffffff\",\"backgroundColor\":\"#fdaa31\",\"paddingTop\":\"none\",\"paddingBottom\":\"small\",\"uiColor\":\"black\"}},\"19\":{\"type\":\"video\",\"enabled\":\"1\",\"fields\":{\"coverImage\":[\"64\"],\"video\":[\"18\"],\"backgroundColor\":\"#ffa600\",\"backgroundImage\":[\"65\"],\"paddingTop\":\"none\",\"paddingBottom\":\"big\",\"uiColor\":\"black\"}},\"20\":{\"type\":\"textTwoColumns\",\"enabled\":\"1\",\"fields\":{\"heading\":\"Design elements\",\"intro\":\"Colors for the Orangina website were besides the brand\\u2019s Blue and Yellow, based on the labels of the different flavours. \",\"body\":\"\",\"textColor\":\"#000000\",\"backgroundColor\":\"#ffffff\",\"paddingTop\":\"big\",\"paddingBottom\":\"none\",\"uiColor\":\"black\"}},\"22\":{\"type\":\"largeImage\",\"enabled\":\"1\",\"fields\":{\"image\":[\"59\"],\"backgroundImage\":\"\",\"backgroundColor\":\"#ffffff\",\"paddingTop\":\"none\",\"paddingBottom\":\"small\",\"uiColor\":\"black\"}},\"23\":{\"type\":\"textWithImage\",\"enabled\":\"1\",\"fields\":{\"heading\":\"Iconography\",\"intro\":\"To add on the playfull, quirky identity of Orangina, we created an iconset that was used throughout the website.\",\"body\":\"Our hands on mentality can be found throughout the whole process. We bring ideas to life early. We prototype to keep improving along the way. \",\"image\":[\"54\"],\"textColor\":\"#000000\",\"backgroundColor\":\"#ffffff\",\"imagePosition\":\"right\",\"paddingTop\":\"small\",\"paddingBottom\":\"big\",\"uiColor\":\"black\"}},\"25\":{\"type\":\"textTwoColumns\",\"enabled\":\"1\",\"fields\":{\"heading\":\"Final Designs\",\"intro\":\"The content of the new Orangina website was meantto be kept simple serving a few main purposes.\",\"body\":\"In general there were two main obectives, informing people about the available range of Orangina products and telling them about the history of Orangina as a brand. The homepage would then serve as a hub to these two objectives, as well as to the Orangina social channels.\",\"textColor\":\"#ffffff\",\"backgroundColor\":\"#092865\",\"paddingTop\":\"big\",\"paddingBottom\":\"none\",\"uiColor\":\"white\"}},\"29\":{\"type\":\"imageGallery\",\"enabled\":\"1\",\"fields\":{\"images\":[\"57\",\"56\",\"55\",\"75\",\"74\"],\"backgroundColor\":\"#092865\",\"paddingTop\":\"none\",\"paddingBottom\":\"none\",\"uiColor\":\"white\"}}},\"41\":\"Orangina\",\"31\":{\"36\":{\"type\":\"item\",\"enabled\":\"1\",\"fields\":{\"role\":\"Development\",\"contributorName\":\"Inalise B.V.\"}}},\"40\":[\"62\"],\"50\":[\"71\"],\"39\":\"A quirky new online appearance for a soda brand\",\"36\":{\"30\":{\"type\":\"honour\",\"enabled\":\"1\",\"fields\":{\"honourName\":\"FWA SOTD\",\"logo\":[\"32\"]}},\"34\":{\"type\":\"honour\",\"enabled\":\"1\",\"fields\":{\"honourName\":\"FWA MOTD\",\"logo\":[\"32\"]}},\"35\":{\"type\":\"honour\",\"enabled\":\"1\",\"fields\":{\"honourName\":\"Awwwards SOTD\",\"logo\":[\"33\"]}}},\"43\":\"Responsive Website\",\"42\":\"http:\\/\\/orangina.eu\\/\",\"34\":{\"37\":{\"type\":\"role\",\"enabled\":\"1\",\"fields\":{\"role\":\"Interaction design\"}},\"38\":{\"type\":\"role\",\"enabled\":\"1\",\"fields\":{\"role\":\"UX Design\"}},\"39\":{\"type\":\"role\",\"enabled\":\"1\",\"fields\":{\"role\":\"Creative direction\"}},\"40\":{\"type\":\"role\",\"enabled\":\"1\",\"fields\":{\"role\":\"Concept\"}},\"41\":{\"type\":\"role\",\"enabled\":\"1\",\"fields\":{\"role\":\"Strategy\"}}}}}', '2016-03-16 21:04:56', '2016-03-16 21:04:56', 'f8e0ba53-3df7-41b1-9bbf-3594daccd82c'),
 ('108', '10', '3', '1', 'en_us', '74', '', '{\"typeId\":\"3\",\"authorId\":\"1\",\"title\":\"Orangina global website\",\"slug\":\"orangina\",\"postDate\":1456411320,\"expiryDate\":null,\"enabled\":1,\"parentId\":null,\"fields\":{\"3\":{\"12\":{\"type\":\"textFullWidth\",\"enabled\":\"1\",\"fields\":{\"body\":\"Orangina refreshed their brand identity Achtung!\\/Kraftwerk wastasked to extend their newbrand identity to a fresh online experience. \",\"textColor\":\"#000000\",\"backgroundColor\":\"#ffffff\",\"paddingTop\":\"big\",\"paddingBottom\":\"small\",\"uiColor\":\"black\"}},\"14\":{\"type\":\"largeImage\",\"enabled\":\"1\",\"fields\":{\"image\":[\"61\"],\"backgroundImage\":[\"60\"],\"backgroundColor\":\"#000000\",\"paddingTop\":\"none\",\"paddingBottom\":\"big\",\"uiColor\":\"black\"}},\"17\":{\"type\":\"textTwoColumns\",\"enabled\":\"1\",\"fields\":{\"heading\":\"Strategy, Concept & UX\",\"intro\":\"The content of the new Orangina website was meantto be kept simple serving a few main purposes.\",\"body\":\"In general there were two main obectives, informing people about the available range of Orangina products and telling them about the history of Orangina as a brand. The homepage would then serve as a hub to these two objectives, as well as to the Orangina social channels.\",\"textColor\":\"#ffffff\",\"backgroundColor\":\"#fdaa31\",\"paddingTop\":\"none\",\"paddingBottom\":\"small\",\"uiColor\":\"black\"}},\"19\":{\"type\":\"video\",\"enabled\":\"1\",\"fields\":{\"coverImage\":[\"64\"],\"video\":[\"18\"],\"backgroundColor\":\"#ffa600\",\"backgroundImage\":[\"65\"],\"paddingTop\":\"none\",\"paddingBottom\":\"big\",\"uiColor\":\"black\"}},\"20\":{\"type\":\"textTwoColumns\",\"enabled\":\"1\",\"fields\":{\"heading\":\"Design elements\",\"intro\":\"Colors for the Orangina website were besides the brand\\u2019s Blue and Yellow, based on the labels of the different flavours. \",\"body\":\"\",\"textColor\":\"#000000\",\"backgroundColor\":\"#ffffff\",\"paddingTop\":\"big\",\"paddingBottom\":\"none\",\"uiColor\":\"black\"}},\"22\":{\"type\":\"largeImage\",\"enabled\":\"1\",\"fields\":{\"image\":[\"59\"],\"backgroundImage\":\"\",\"backgroundColor\":\"#ffffff\",\"paddingTop\":\"none\",\"paddingBottom\":\"small\",\"uiColor\":\"black\"}},\"23\":{\"type\":\"textWithImage\",\"enabled\":\"1\",\"fields\":{\"heading\":\"Iconography\",\"intro\":\"To add on the playfull, quirky identity of Orangina, we created an iconset that was used throughout the website.\",\"body\":\"Our hands on mentality can be found throughout the whole process. We bring ideas to life early. We prototype to keep improving along the way. \",\"image\":[\"54\"],\"textColor\":\"#000000\",\"backgroundColor\":\"#ffffff\",\"imagePosition\":\"right\",\"paddingTop\":\"small\",\"paddingBottom\":\"big\",\"uiColor\":\"black\"}},\"25\":{\"type\":\"textTwoColumns\",\"enabled\":\"1\",\"fields\":{\"heading\":\"Final Designs\",\"intro\":\"The content of the new Orangina website was meantto be kept simple serving a few main purposes.\",\"body\":\"In general there were two main obectives, informing people about the available range of Orangina products and telling them about the history of Orangina as a brand. The homepage would then serve as a hub to these two objectives, as well as to the Orangina social channels.\",\"textColor\":\"#ffffff\",\"backgroundColor\":\"#092865\",\"paddingTop\":\"big\",\"paddingBottom\":\"none\",\"uiColor\":\"white\"}},\"29\":{\"type\":\"imageGallery\",\"enabled\":\"1\",\"fields\":{\"images\":[\"57\",\"56\",\"55\",\"75\",\"74\"],\"backgroundColor\":\"#092865\",\"paddingTop\":\"none\",\"paddingBottom\":\"none\",\"uiColor\":\"white\"}}},\"41\":\"Orangina\",\"31\":{\"36\":{\"type\":\"item\",\"enabled\":\"1\",\"fields\":{\"role\":\"Development\",\"contributorName\":\"Inalise B.V.\"}}},\"40\":[\"62\"],\"50\":[\"71\"],\"39\":\"A quirky new online appearance for a soda brand\",\"36\":{\"30\":{\"type\":\"honour\",\"enabled\":\"1\",\"fields\":{\"honourName\":\"FWA SOTD\",\"logo\":[\"32\"]}},\"34\":{\"type\":\"honour\",\"enabled\":\"1\",\"fields\":{\"honourName\":\"FWA MOTD\",\"logo\":[\"32\"]}},\"35\":{\"type\":\"honour\",\"enabled\":\"1\",\"fields\":{\"honourName\":\"Awwwards SOTD\",\"logo\":[\"33\"]}}},\"43\":\"Responsive Website\",\"42\":\"http:\\/\\/orangina.eu\\/\",\"34\":{\"37\":{\"type\":\"role\",\"enabled\":\"1\",\"fields\":{\"role\":\"Interaction design\"}},\"38\":{\"type\":\"role\",\"enabled\":\"1\",\"fields\":{\"role\":\"UX Design\"}},\"39\":{\"type\":\"role\",\"enabled\":\"1\",\"fields\":{\"role\":\"Creative direction\"}},\"40\":{\"type\":\"role\",\"enabled\":\"1\",\"fields\":{\"role\":\"Concept\"}},\"41\":{\"type\":\"role\",\"enabled\":\"1\",\"fields\":{\"role\":\"Strategy\"}}}}}', '2016-03-16 21:07:08', '2016-03-16 21:07:08', '3fe4dec0-48c1-4a30-8ea4-19b8d9075f46'),
 ('109', '97', '3', '1', 'en_us', '1', '', '{\"typeId\":null,\"authorId\":\"1\",\"title\":\"Test case\",\"slug\":\"test-case\",\"postDate\":1458163532,\"expiryDate\":null,\"enabled\":1,\"parentId\":null,\"fields\":{\"3\":\"\",\"41\":\"\",\"31\":\"\",\"40\":[\"96\"],\"50\":\"\",\"39\":\"Test case\",\"36\":\"\",\"43\":\"\",\"42\":\"\",\"34\":\"\"}}', '2016-03-16 21:25:32', '2016-03-16 21:25:32', '66a3f9fb-4fad-4cae-bc8c-86441c706a79'),
 ('110', '5', '5', '1', 'en_us', '6', '', '{\"typeId\":\"5\",\"authorId\":null,\"title\":\"Homepage\",\"slug\":\"homepage\",\"postDate\":1457355131,\"expiryDate\":null,\"enabled\":1,\"parentId\":null,\"fields\":{\"10\":[\"10\",\"66\",\"97\"]}}', '2016-03-16 21:25:48', '2016-03-16 21:25:48', 'afe7c76b-cc41-4597-97a6-0355c27b21b3'),
 ('111', '97', '3', '1', 'en_us', '2', '', '{\"typeId\":\"3\",\"authorId\":\"1\",\"title\":\"Test case\",\"slug\":\"test-case\",\"postDate\":1458163500,\"expiryDate\":null,\"enabled\":1,\"parentId\":null,\"fields\":{\"3\":\"\",\"41\":\"Test\",\"31\":\"\",\"40\":[\"96\"],\"50\":\"\",\"39\":\"Test case\",\"36\":\"\",\"43\":\"\",\"42\":\"\",\"34\":\"\"}}', '2016-03-16 21:39:52', '2016-03-16 21:39:52', 'ad058caf-7ac5-4639-9322-b2bd8a4a4974');
INSERT INTO `craft_entryversions` (`id`, `entryId`, `sectionId`, `creatorId`, `locale`, `num`, `notes`, `data`, `dateCreated`, `dateUpdated`, `uid`) VALUES
 ('112', '66', '3', '1', 'en_us', '16', '', '{\"typeId\":\"3\",\"authorId\":\"1\",\"title\":\"Chocomel brand portal\",\"slug\":\"chocomel-brand-portal\",\"postDate\":1457363040,\"expiryDate\":null,\"enabled\":1,\"parentId\":null,\"fields\":{\"3\":{\"80\":{\"type\":\"textFullWidth\",\"enabled\":\"1\",\"fields\":{\"body\":\"A website that let\\u2019s fans share their love for Chocomel, seamlessly integrated with a delicious product showcase.\",\"textColor\":\"#000000\",\"backgroundColor\":\"#ffffff\",\"paddingTop\":\"big\",\"paddingBottom\":\"big\",\"uiColor\":\"black\"}},\"81\":{\"type\":\"textWithImage\",\"enabled\":\"1\",\"fields\":{\"heading\":\"Designing for a love brand\",\"intro\":\"When we were asked to design the brand portal for Chocomel we knew it was about chocolate love. A lot of loyal fans have a healthy obsession for this tasty chocolate drink.\",\"body\":\"Chocomel wanted to position themselves as an A-brand bevarage along with the common soft drinks. Their previous image was more cozy and soft. The new image on the otherhand was to be more fashionable and exclusive.\",\"image\":[\"79\"],\"textColor\":\"#ffffff\",\"backgroundColor\":\"#391f10\",\"imagePosition\":\"right\",\"paddingTop\":\"big\",\"paddingBottom\":\"big\",\"uiColor\":\"white\"}},\"83\":{\"type\":\"largeImage\",\"enabled\":\"1\",\"fields\":{\"image\":[\"82\"],\"backgroundImage\":[\"84\"],\"backgroundColor\":\"#ffffff\",\"paddingTop\":\"big\",\"paddingBottom\":\"big\",\"uiColor\":\"black\"}},\"86\":{\"type\":\"textWithImage\",\"enabled\":\"1\",\"fields\":{\"heading\":\"The voice of chocomel lovers\",\"intro\":\"Instead of Chocomel telling visitors how great Chocomel really is, we engaged the already big group of fans and let them speak for the brand.\",\"body\":\"In a mix of owned and shared content, the homepage is build up from quotes on twitter, fanphoto\\u2019s on instagram and video\\u2019s on youtube.\",\"image\":[\"85\"],\"textColor\":\"#391f10\",\"backgroundColor\":\"#f0e9e4\",\"imagePosition\":\"left\",\"paddingTop\":\"none\",\"paddingBottom\":\"big\",\"uiColor\":\"black\"}},\"89\":{\"type\":\"textTwoColumns\",\"enabled\":\"1\",\"fields\":{\"heading\":\"Enjoying your Chocomel hot or cold?\",\"intro\":\"Winter or summer, Chocomel can be consumed\\r\\nboth hot and cold. \",\"body\":\"Depending on the season, we present the hero product in a warm mug or a cold glass. Since there is an ever lasting discussion on how Chocomel should be consumed, we gave users the option to switch.\",\"textColor\":\"#ffffff\",\"backgroundColor\":\"#3f2012\",\"paddingTop\":\"big\",\"paddingBottom\":\"small\",\"uiColor\":\"white\"}},\"90\":{\"type\":\"largeImage\",\"enabled\":\"1\",\"fields\":{\"image\":[\"88\"],\"backgroundImage\":[\"87\"],\"backgroundColor\":\"#000000\",\"paddingTop\":\"none\",\"paddingBottom\":\"big\",\"uiColor\":\"white\"}},\"91\":{\"type\":\"textTwoColumns\",\"enabled\":\"1\",\"fields\":{\"heading\":\"Life sized photography\",\"intro\":\"When it comes to the product, we let the iconic photography speak.\",\"body\":\"In a colorful design, we showed visitors life size photography of the iconic Chocomel pack paired with a hot mug or a cool glass. The product pages has all the key information visitors want to know about their drink: nutritional information, ingredi\\u00ebnts, pack sizes and tell about the durable chocolate that is used in the drink.\",\"textColor\":\"#000000\",\"backgroundColor\":\"#ffffff\",\"paddingTop\":\"big\",\"paddingBottom\":\"big\",\"uiColor\":\"black\"}},\"93\":{\"type\":\"largeImage\",\"enabled\":\"1\",\"fields\":{\"image\":[\"92\"],\"backgroundImage\":\"\",\"backgroundColor\":\"#ffffff\",\"paddingTop\":\"none\",\"paddingBottom\":\"big\",\"uiColor\":\"black\"}}},\"41\":\"Chocomel\",\"31\":\"\",\"40\":[\"67\"],\"50\":[\"73\"],\"39\":\"For the love of chocolate\",\"36\":\"\",\"43\":\"Mobile Application\",\"42\":\"\",\"34\":\"\"}}', '2016-03-17 00:17:40', '2016-03-17 00:17:40', 'c0ac93a4-4de7-4d36-8d4a-4c461cb549e8'),
 ('113', '66', '3', '1', 'en_us', '17', '', '{\"typeId\":\"3\",\"authorId\":\"1\",\"title\":\"Chocomel brand portal\",\"slug\":\"chocomel-brand-portal\",\"postDate\":1457363040,\"expiryDate\":null,\"enabled\":1,\"parentId\":null,\"fields\":{\"3\":{\"80\":{\"type\":\"textFullWidth\",\"enabled\":\"1\",\"fields\":{\"body\":\"A website that let\\u2019s fans share their love for Chocomel, seamlessly integrated with a delicious product showcase.\",\"textColor\":\"#000000\",\"backgroundColor\":\"#ffffff\",\"paddingTop\":\"big\",\"paddingBottom\":\"big\",\"uiColor\":\"black\"}},\"81\":{\"type\":\"textWithImage\",\"enabled\":\"1\",\"fields\":{\"heading\":\"Designing for a love brand\",\"intro\":\"When we were asked to design the brand portal for Chocomel we knew it was about chocolate love. A lot of loyal fans have a healthy obsession for this tasty chocolate drink.\",\"body\":\"Chocomel wanted to position themselves as an A-brand bevarage along with the common soft drinks. Their previous image was more cozy and soft. The new image on the otherhand was to be more fashionable and exclusive.\",\"image\":[\"79\"],\"textColor\":\"#ffffff\",\"backgroundColor\":\"#391f12\",\"imagePosition\":\"right\",\"paddingTop\":\"big\",\"paddingBottom\":\"big\",\"uiColor\":\"white\"}},\"83\":{\"type\":\"largeImage\",\"enabled\":\"1\",\"fields\":{\"image\":[\"82\"],\"backgroundImage\":[\"84\"],\"backgroundColor\":\"#ffffff\",\"paddingTop\":\"big\",\"paddingBottom\":\"big\",\"uiColor\":\"black\"}},\"86\":{\"type\":\"textWithImage\",\"enabled\":\"1\",\"fields\":{\"heading\":\"The voice of chocomel lovers\",\"intro\":\"Instead of Chocomel telling visitors how great Chocomel really is, we engaged the already big group of fans and let them speak for the brand.\",\"body\":\"In a mix of owned and shared content, the homepage is build up from quotes on twitter, fanphoto\\u2019s on instagram and video\\u2019s on youtube.\",\"image\":[\"85\"],\"textColor\":\"#391f10\",\"backgroundColor\":\"#f0e9e4\",\"imagePosition\":\"left\",\"paddingTop\":\"none\",\"paddingBottom\":\"big\",\"uiColor\":\"black\"}},\"89\":{\"type\":\"textTwoColumns\",\"enabled\":\"1\",\"fields\":{\"heading\":\"Enjoying your Chocomel hot or cold?\",\"intro\":\"Winter or summer, Chocomel can be consumed\\r\\nboth hot and cold. \",\"body\":\"Depending on the season, we present the hero product in a warm mug or a cold glass. Since there is an ever lasting discussion on how Chocomel should be consumed, we gave users the option to switch.\",\"textColor\":\"#ffffff\",\"backgroundColor\":\"#391f12\",\"paddingTop\":\"big\",\"paddingBottom\":\"small\",\"uiColor\":\"white\"}},\"90\":{\"type\":\"largeImage\",\"enabled\":\"1\",\"fields\":{\"image\":[\"88\"],\"backgroundImage\":[\"87\"],\"backgroundColor\":\"#000000\",\"paddingTop\":\"none\",\"paddingBottom\":\"big\",\"uiColor\":\"white\"}},\"91\":{\"type\":\"textTwoColumns\",\"enabled\":\"1\",\"fields\":{\"heading\":\"Life sized photography\",\"intro\":\"When it comes to the product, we let the iconic photography speak.\",\"body\":\"In a colorful design, we showed visitors life size photography of the iconic Chocomel pack paired with a hot mug or a cool glass. The product pages has all the key information visitors want to know about their drink: nutritional information, ingredi\\u00ebnts, pack sizes and tell about the durable chocolate that is used in the drink.\",\"textColor\":\"#000000\",\"backgroundColor\":\"#ffffff\",\"paddingTop\":\"big\",\"paddingBottom\":\"big\",\"uiColor\":\"black\"}},\"93\":{\"type\":\"largeImage\",\"enabled\":\"1\",\"fields\":{\"image\":[\"92\"],\"backgroundImage\":\"\",\"backgroundColor\":\"#ffffff\",\"paddingTop\":\"none\",\"paddingBottom\":\"big\",\"uiColor\":\"black\"}}},\"41\":\"Chocomel\",\"31\":\"\",\"40\":[\"67\"],\"50\":[\"73\"],\"39\":\"For the love of chocolate\",\"36\":\"\",\"43\":\"Mobile Application\",\"42\":\"\",\"34\":\"\"}}', '2016-03-17 00:18:37', '2016-03-17 00:18:37', 'be3292ca-4db5-40d6-9d50-2f3219259d4c'),
 ('114', '66', '3', '1', 'en_us', '18', '', '{\"typeId\":\"3\",\"authorId\":\"1\",\"title\":\"Chocomel brand portal\",\"slug\":\"chocomel-brand-portal\",\"postDate\":1457363040,\"expiryDate\":null,\"enabled\":1,\"parentId\":null,\"fields\":{\"3\":{\"80\":{\"type\":\"textFullWidth\",\"enabled\":\"1\",\"fields\":{\"body\":\"A website that let\\u2019s fans share their love for Chocomel, seamlessly integrated with a delicious product showcase.\",\"textColor\":\"#000000\",\"backgroundColor\":\"#ffffff\",\"paddingTop\":\"big\",\"paddingBottom\":\"big\",\"uiColor\":\"black\"}},\"81\":{\"type\":\"textWithImage\",\"enabled\":\"1\",\"fields\":{\"heading\":\"Designing for a love brand\",\"intro\":\"When we were asked to design the brand portal for Chocomel we knew it was about chocolate love. A lot of loyal fans have a healthy obsession for this tasty chocolate drink.\",\"body\":\"Chocomel wanted to position themselves as an A-brand bevarage along with the common soft drinks. Their previous image was more cozy and soft. The new image on the otherhand was to be more fashionable and exclusive.\",\"image\":[\"79\"],\"textColor\":\"#ffffff\",\"backgroundColor\":\"#391f12\",\"imagePosition\":\"right\",\"paddingTop\":\"big\",\"paddingBottom\":\"big\",\"uiColor\":\"white\"}},\"83\":{\"type\":\"largeImage\",\"enabled\":\"1\",\"fields\":{\"image\":[\"82\"],\"backgroundImage\":[\"84\"],\"backgroundColor\":\"#ffffff\",\"paddingTop\":\"big\",\"paddingBottom\":\"big\",\"uiColor\":\"black\"}},\"86\":{\"type\":\"textWithImage\",\"enabled\":\"1\",\"fields\":{\"heading\":\"The voice of chocomel lovers\",\"intro\":\"Instead of Chocomel telling visitors how great Chocomel really is, we engaged the already big group of fans and let them speak for the brand.\",\"body\":\"In a mix of owned and shared content, the homepage is build up from quotes on twitter, fanphoto\\u2019s on instagram and video\\u2019s on youtube.\",\"image\":[\"85\"],\"textColor\":\"#391f10\",\"backgroundColor\":\"#f0e9e4\",\"imagePosition\":\"left\",\"paddingTop\":\"none\",\"paddingBottom\":\"big\",\"uiColor\":\"black\"}},\"89\":{\"type\":\"textTwoColumns\",\"enabled\":\"1\",\"fields\":{\"heading\":\"Enjoying your Chocomel hot or cold?\",\"intro\":\"Winter or summer, Chocomel can be consumed\\r\\nboth hot and cold. \",\"body\":\"Depending on the season, we present the hero product in a warm mug or a cold glass. Since there is an ever lasting discussion on how Chocomel should be consumed, we gave users the option to switch.\",\"textColor\":\"#ffffff\",\"backgroundColor\":\"#391f12\",\"paddingTop\":\"big\",\"paddingBottom\":\"small\",\"uiColor\":\"white\"}},\"90\":{\"type\":\"largeImage\",\"enabled\":\"1\",\"fields\":{\"image\":[\"88\"],\"backgroundImage\":[\"87\"],\"backgroundColor\":\"#000000\",\"paddingTop\":\"none\",\"paddingBottom\":\"big\",\"uiColor\":\"white\"}},\"91\":{\"type\":\"textTwoColumns\",\"enabled\":\"1\",\"fields\":{\"heading\":\"Life sized photography\",\"intro\":\"When it comes to the product, we let the iconic photography speak.\",\"body\":\"In a colorful design, we showed visitors life size photography of the iconic Chocomel pack paired with a hot mug or a cool glass. The product pages has all the key information visitors want to know about their drink: nutritional information, ingredi\\u00ebnts, pack sizes and tell about the durable chocolate that is used in the drink.\",\"textColor\":\"#000000\",\"backgroundColor\":\"#ffffff\",\"paddingTop\":\"big\",\"paddingBottom\":\"small\",\"uiColor\":\"black\"}},\"93\":{\"type\":\"largeImage\",\"enabled\":\"1\",\"fields\":{\"image\":[\"92\"],\"backgroundImage\":\"\",\"backgroundColor\":\"#ffffff\",\"paddingTop\":\"small\",\"paddingBottom\":\"big\",\"uiColor\":\"black\"}}},\"41\":\"Chocomel\",\"31\":\"\",\"40\":[\"67\"],\"50\":[\"73\"],\"39\":\"For the love of chocolate\",\"36\":\"\",\"43\":\"Mobile Application\",\"42\":\"\",\"34\":\"\"}}', '2016-03-17 00:21:09', '2016-03-17 00:21:09', '4e8c0102-af5a-45b9-ab4f-9d76dcbd5106'),
 ('115', '66', '3', '1', 'en_us', '19', '', '{\"typeId\":\"3\",\"authorId\":\"1\",\"title\":\"Chocomel brand portal\",\"slug\":\"chocomel-brand-portal\",\"postDate\":1457363040,\"expiryDate\":null,\"enabled\":1,\"parentId\":null,\"fields\":{\"3\":{\"80\":{\"type\":\"textFullWidth\",\"enabled\":\"1\",\"fields\":{\"body\":\"A website that let\\u2019s fans share their love for Chocomel, seamlessly integrated with a delicious product showcase.\",\"textColor\":\"#000000\",\"backgroundColor\":\"#ffffff\",\"paddingTop\":\"big\",\"paddingBottom\":\"big\",\"uiColor\":\"black\"}},\"81\":{\"type\":\"textWithImage\",\"enabled\":\"1\",\"fields\":{\"heading\":\"Designing for a love brand\",\"intro\":\"When we were asked to design the brand portal for Chocomel we knew it was about chocolate love. A lot of loyal fans have a healthy obsession for this tasty chocolate drink.\",\"body\":\"Chocomel wanted to position themselves as an A-brand bevarage along with the common soft drinks. Their previous image was more cozy and soft. The new image on the otherhand was to be more fashionable and exclusive.\",\"image\":[\"79\"],\"textColor\":\"#ffffff\",\"backgroundColor\":\"#391f12\",\"imagePosition\":\"right\",\"paddingTop\":\"big\",\"paddingBottom\":\"big\",\"uiColor\":\"white\"}},\"83\":{\"type\":\"largeImage\",\"enabled\":\"1\",\"fields\":{\"image\":[\"82\"],\"backgroundImage\":[\"84\"],\"backgroundColor\":\"#ffffff\",\"paddingTop\":\"big\",\"paddingBottom\":\"big\",\"uiColor\":\"black\"}},\"86\":{\"type\":\"textWithImage\",\"enabled\":\"1\",\"fields\":{\"heading\":\"The voice of chocomel lovers\",\"intro\":\"Instead of Chocomel telling visitors how great Chocomel really is, we engaged the already big group of fans and let them speak for the brand.\",\"body\":\"In a mix of owned and shared content, the homepage is build up from quotes on twitter, fanphoto\\u2019s on instagram and video\\u2019s on youtube.\",\"image\":[\"85\"],\"textColor\":\"#391f10\",\"backgroundColor\":\"#f0e9e4\",\"imagePosition\":\"left\",\"paddingTop\":\"none\",\"paddingBottom\":\"big\",\"uiColor\":\"black\"}},\"89\":{\"type\":\"textTwoColumns\",\"enabled\":\"1\",\"fields\":{\"heading\":\"Enjoying your Chocomel hot or cold?\",\"intro\":\"Winter or summer, Chocomel can be consumed\\r\\nboth hot and cold. \",\"body\":\"Depending on the season, we present the hero product in a warm mug or a cold glass. Since there is an ever lasting discussion on how Chocomel should be consumed, we gave users the option to switch.\",\"textColor\":\"#ffffff\",\"backgroundColor\":\"#391f12\",\"paddingTop\":\"big\",\"paddingBottom\":\"small\",\"uiColor\":\"white\"}},\"90\":{\"type\":\"largeImage\",\"enabled\":\"1\",\"fields\":{\"image\":[\"88\"],\"backgroundImage\":[\"87\"],\"backgroundColor\":\"#000000\",\"paddingTop\":\"none\",\"paddingBottom\":\"small\",\"uiColor\":\"white\"}},\"91\":{\"type\":\"textTwoColumns\",\"enabled\":\"1\",\"fields\":{\"heading\":\"Life sized photography\",\"intro\":\"When it comes to the product, we let the iconic photography speak.\",\"body\":\"In a colorful design, we showed visitors life size photography of the iconic Chocomel pack paired with a hot mug or a cool glass. The product pages has all the key information visitors want to know about their drink: nutritional information, ingredi\\u00ebnts, pack sizes and tell about the durable chocolate that is used in the drink.\",\"textColor\":\"#000000\",\"backgroundColor\":\"#ffffff\",\"paddingTop\":\"small\",\"paddingBottom\":\"small\",\"uiColor\":\"black\"}},\"93\":{\"type\":\"largeImage\",\"enabled\":\"1\",\"fields\":{\"image\":[\"92\"],\"backgroundImage\":\"\",\"backgroundColor\":\"#ffffff\",\"paddingTop\":\"small\",\"paddingBottom\":\"big\",\"uiColor\":\"black\"}}},\"41\":\"Chocomel\",\"31\":\"\",\"40\":[\"67\"],\"50\":[\"73\"],\"39\":\"For the love of chocolate\",\"36\":\"\",\"43\":\"Mobile Application\",\"42\":\"\",\"34\":\"\"}}', '2016-03-17 00:21:54', '2016-03-17 00:21:54', '8148a939-32f7-46a3-9cd7-310a164d2360'),
 ('116', '66', '3', '1', 'en_us', '20', '', '{\"typeId\":\"3\",\"authorId\":\"1\",\"title\":\"Chocomel brand portal\",\"slug\":\"chocomel-brand-portal\",\"postDate\":1457363040,\"expiryDate\":null,\"enabled\":1,\"parentId\":null,\"fields\":{\"3\":{\"80\":{\"type\":\"textFullWidth\",\"enabled\":\"1\",\"fields\":{\"body\":\"A website that let\\u2019s fans share their love for Chocomel, seamlessly integrated with a delicious product showcase.\",\"textColor\":\"#000000\",\"backgroundColor\":\"#ffffff\",\"paddingTop\":\"big\",\"paddingBottom\":\"big\",\"uiColor\":\"black\"}},\"81\":{\"type\":\"textWithImage\",\"enabled\":\"1\",\"fields\":{\"heading\":\"Designing for a love brand\",\"intro\":\"When we were asked to design the brand portal for Chocomel we knew it was about chocolate love. A lot of loyal fans have a healthy obsession for this tasty chocolate drink.\",\"body\":\"Chocomel wanted to position themselves as an A-brand bevarage along with the common soft drinks. Their previous image was more cozy and soft. The new image on the otherhand was to be more fashionable and exclusive.\",\"image\":[\"79\"],\"textColor\":\"#ffffff\",\"backgroundColor\":\"#391f12\",\"imagePosition\":\"right\",\"paddingTop\":\"big\",\"paddingBottom\":\"big\",\"uiColor\":\"white\"}},\"83\":{\"type\":\"largeImage\",\"enabled\":\"1\",\"fields\":{\"image\":[\"82\"],\"backgroundImage\":[\"84\"],\"backgroundColor\":\"#ffffff\",\"paddingTop\":\"big\",\"paddingBottom\":\"big\",\"uiColor\":\"black\"}},\"86\":{\"type\":\"textWithImage\",\"enabled\":\"1\",\"fields\":{\"heading\":\"The voice of chocomel lovers\",\"intro\":\"Instead of Chocomel telling visitors how great Chocomel really is, we engaged the already big group of fans and let them speak for the brand.\",\"body\":\"In a mix of owned and shared content, the homepage is build up from quotes on twitter, fanphoto\\u2019s on instagram and video\\u2019s on youtube.\",\"image\":[\"85\"],\"textColor\":\"#391f10\",\"backgroundColor\":\"#f0e9e4\",\"imagePosition\":\"left\",\"paddingTop\":\"none\",\"paddingBottom\":\"big\",\"uiColor\":\"black\"}},\"89\":{\"type\":\"textTwoColumns\",\"enabled\":\"1\",\"fields\":{\"heading\":\"Enjoying your Chocomel hot or cold?\",\"intro\":\"Winter or summer, Chocomel can be consumed\\r\\nboth hot and cold. \",\"body\":\"Depending on the season, we present the hero product in a warm mug or a cold glass. Since there is an ever lasting discussion on how Chocomel should be consumed, we gave users the option to switch.\",\"textColor\":\"#ffffff\",\"backgroundColor\":\"#391f12\",\"paddingTop\":\"big\",\"paddingBottom\":\"small\",\"uiColor\":\"white\"}},\"90\":{\"type\":\"largeImage\",\"enabled\":\"1\",\"fields\":{\"image\":[\"88\"],\"backgroundImage\":[\"87\"],\"backgroundColor\":\"#000000\",\"paddingTop\":\"none\",\"paddingBottom\":\"small\",\"uiColor\":\"white\"}},\"91\":{\"type\":\"textTwoColumns\",\"enabled\":\"1\",\"fields\":{\"heading\":\"Life sized photography\",\"intro\":\"When it comes to the product, we let the iconic photography speak.\",\"body\":\"In a colorful design, we showed visitors life size photography of the iconic Chocomel pack paired with a hot mug or a cool glass. The product pages has all the key information visitors want to know about their drink: nutritional information, ingredi\\u00ebnts, pack sizes and tell about the durable chocolate that is used in the drink.\",\"textColor\":\"#000000\",\"backgroundColor\":\"#ffffff\",\"paddingTop\":\"small\",\"paddingBottom\":\"small\",\"uiColor\":\"black\"}},\"93\":{\"type\":\"largeImage\",\"enabled\":\"1\",\"fields\":{\"image\":[\"92\"],\"backgroundImage\":\"\",\"backgroundColor\":\"#ffffff\",\"paddingTop\":\"small\",\"paddingBottom\":\"big\",\"uiColor\":\"black\"}},\"new1\":{\"type\":\"textTwoColumns\",\"enabled\":\"1\",\"fields\":{\"heading\":\"A site that looks sharp  accross every screen\",\"intro\":\"The grid view helps when scaling the website, by defining the number of horizontal columns the site looks great across all devices and screens. \",\"body\":\"Massive screens gets a 5 column grid while small screens like phone get a modified 2 columns grid. \",\"textColor\":\"#3b1f10\",\"backgroundColor\":\"#f0e9e4\",\"paddingTop\":\"big\",\"paddingBottom\":\"small\",\"uiColor\":\"black\"}},\"new3\":{\"type\":\"largeImage\",\"enabled\":\"1\",\"fields\":{\"image\":[\"100\"],\"backgroundImage\":\"\",\"backgroundColor\":\"#f0e9e4\",\"paddingTop\":\"small\",\"paddingBottom\":\"big\",\"uiColor\":\"black\"}}},\"41\":\"Chocomel\",\"31\":\"\",\"40\":[\"67\"],\"50\":[\"73\"],\"39\":\"For the love of chocolate\",\"36\":\"\",\"43\":\"Mobile Application\",\"42\":\"\",\"34\":\"\"}}', '2016-03-17 00:25:22', '2016-03-17 00:25:22', 'fc1dce89-6af3-458a-b7f3-a78049bf9bec'),
 ('117', '66', '3', '1', 'en_us', '21', '', '{\"typeId\":\"3\",\"authorId\":\"1\",\"title\":\"Chocomel brand portal\",\"slug\":\"chocomel-brand-portal\",\"postDate\":1457363040,\"expiryDate\":null,\"enabled\":1,\"parentId\":null,\"fields\":{\"3\":{\"80\":{\"type\":\"textFullWidth\",\"enabled\":\"1\",\"fields\":{\"body\":\"A website that let\\u2019s fans share their love for Chocomel, seamlessly integrated with a delicious product showcase.\",\"textColor\":\"#000000\",\"backgroundColor\":\"#ffffff\",\"paddingTop\":\"big\",\"paddingBottom\":\"big\",\"uiColor\":\"black\"}},\"81\":{\"type\":\"textWithImage\",\"enabled\":\"1\",\"fields\":{\"heading\":\"Designing for a love brand\",\"intro\":\"When we were asked to design the brand portal for Chocomel we knew it was about chocolate love. A lot of loyal fans have a healthy obsession for this tasty chocolate drink.\",\"body\":\"Chocomel wanted to position themselves as an A-brand bevarage along with the common soft drinks. Their previous image was more cozy and soft. The new image on the otherhand was to be more fashionable and exclusive.\",\"image\":[\"79\"],\"textColor\":\"#ffffff\",\"backgroundColor\":\"#391f12\",\"imagePosition\":\"right\",\"paddingTop\":\"big\",\"paddingBottom\":\"big\",\"uiColor\":\"white\"}},\"83\":{\"type\":\"largeImage\",\"enabled\":\"1\",\"fields\":{\"image\":[\"82\"],\"backgroundImage\":[\"84\"],\"backgroundColor\":\"#ffffff\",\"paddingTop\":\"big\",\"paddingBottom\":\"big\",\"uiColor\":\"black\"}},\"86\":{\"type\":\"textWithImage\",\"enabled\":\"1\",\"fields\":{\"heading\":\"The voice of chocomel lovers\",\"intro\":\"Instead of Chocomel telling visitors how great Chocomel really is, we engaged the already big group of fans and let them speak for the brand.\",\"body\":\"In a mix of owned and shared content, the homepage is build up from quotes on twitter, fanphoto\\u2019s on instagram and video\\u2019s on youtube.\",\"image\":[\"85\"],\"textColor\":\"#391f10\",\"backgroundColor\":\"#f0e9e4\",\"imagePosition\":\"left\",\"paddingTop\":\"none\",\"paddingBottom\":\"big\",\"uiColor\":\"black\"}},\"89\":{\"type\":\"textTwoColumns\",\"enabled\":\"1\",\"fields\":{\"heading\":\"Enjoying your Chocomel hot or cold?\",\"intro\":\"Winter or summer, Chocomel can be consumed\\r\\nboth hot and cold. \",\"body\":\"Depending on the season, we present the hero product in a warm mug or a cold glass. Since there is an ever lasting discussion on how Chocomel should be consumed, we gave users the option to switch.\",\"textColor\":\"#ffffff\",\"backgroundColor\":\"#391f12\",\"paddingTop\":\"big\",\"paddingBottom\":\"small\",\"uiColor\":\"white\"}},\"90\":{\"type\":\"largeImage\",\"enabled\":\"1\",\"fields\":{\"image\":[\"88\"],\"backgroundImage\":[\"87\"],\"backgroundColor\":\"#000000\",\"paddingTop\":\"none\",\"paddingBottom\":\"small\",\"uiColor\":\"white\"}},\"91\":{\"type\":\"textTwoColumns\",\"enabled\":\"1\",\"fields\":{\"heading\":\"Life sized photography\",\"intro\":\"When it comes to the product, we let the iconic photography speak.\",\"body\":\"In a colorful design, we showed visitors life size photography of the iconic Chocomel pack paired with a hot mug or a cool glass. The product pages has all the key information visitors want to know about their drink: nutritional information, ingredi\\u00ebnts, pack sizes and tell about the durable chocolate that is used in the drink.\",\"textColor\":\"#000000\",\"backgroundColor\":\"#ffffff\",\"paddingTop\":\"small\",\"paddingBottom\":\"small\",\"uiColor\":\"black\"}},\"93\":{\"type\":\"largeImage\",\"enabled\":\"1\",\"fields\":{\"image\":[\"92\"],\"backgroundImage\":\"\",\"backgroundColor\":\"#ffffff\",\"paddingTop\":\"small\",\"paddingBottom\":\"big\",\"uiColor\":\"black\"}},\"101\":{\"type\":\"textTwoColumns\",\"enabled\":\"1\",\"fields\":{\"heading\":\"A site that looks sharp  accross every screen\",\"intro\":\"The grid view helps when scaling the website, by defining the number of horizontal columns the site looks great across all devices and screens. \",\"body\":\"Massive screens gets a 5 column grid while small screens like phone get a modified 2 columns grid. \",\"textColor\":\"#3b1f10\",\"backgroundColor\":\"#f0e9e4\",\"paddingTop\":\"big\",\"paddingBottom\":\"small\",\"uiColor\":\"black\"}},\"102\":{\"type\":\"largeImage\",\"enabled\":\"1\",\"fields\":{\"image\":[\"100\"],\"backgroundImage\":\"\",\"backgroundColor\":\"#f0e9e4\",\"paddingTop\":\"small\",\"paddingBottom\":\"big\",\"uiColor\":\"black\"}}},\"41\":\"Chocomel\",\"31\":{\"new1\":{\"type\":\"item\",\"enabled\":\"1\",\"fields\":{\"role\":\"Development\",\"contributorName\":\"eFocus\"}}},\"40\":[\"67\"],\"50\":[\"73\"],\"39\":\"For the love of chocolate\",\"36\":\"\",\"43\":\"Mobile Application\",\"42\":\"\",\"34\":{\"new1\":{\"type\":\"role\",\"enabled\":\"1\",\"fields\":{\"role\":\"Interaction design\"}},\"new2\":{\"type\":\"role\",\"enabled\":\"1\",\"fields\":{\"role\":\"UX Design\"}},\"new3\":{\"type\":\"role\",\"enabled\":\"1\",\"fields\":{\"role\":\"Creative direction\"}},\"new4\":{\"type\":\"role\",\"enabled\":\"1\",\"fields\":{\"role\":\"Concept\"}},\"new5\":{\"type\":\"role\",\"enabled\":\"1\",\"fields\":{\"role\":\"Strategy\"}}}}}', '2016-03-17 00:27:11', '2016-03-17 00:27:11', 'c4fdcb2c-2333-481f-85a8-75aea75b56e8'),
 ('118', '97', '3', '109', 'en_us', '3', '', '{\"typeId\":\"3\",\"authorId\":\"1\",\"title\":\"Test case\",\"slug\":\"test-case\",\"postDate\":1458163500,\"expiryDate\":null,\"enabled\":1,\"parentId\":null,\"fields\":{\"3\":{\"new2\":{\"type\":\"largeImage\",\"enabled\":\"1\",\"fields\":{\"image\":[\"110\"],\"backgroundImage\":\"\",\"backgroundColor\":\"#000000\",\"paddingTop\":\"none\",\"paddingBottom\":\"none\",\"uiColor\":\"white\"}}},\"41\":\"Test\",\"31\":\"\",\"40\":[\"96\"],\"50\":\"\",\"39\":\"Test case\",\"36\":\"\",\"43\":\"\",\"42\":\"\",\"34\":\"\"}}', '2016-03-18 14:22:49', '2016-03-18 14:22:49', '54104223-4f68-4756-99f7-ab96c6aae4a0'),
 ('119', '117', '3', '109', 'en_us', '1', '', '{\"typeId\":null,\"authorId\":\"109\",\"title\":\"Layover with a Local\",\"slug\":\"layover-with-a-local\",\"postDate\":1458311097,\"expiryDate\":null,\"enabled\":1,\"parentId\":null,\"fields\":{\"3\":\"\",\"41\":\"KLM\",\"31\":{\"new1\":{\"type\":\"item\",\"enabled\":\"1\",\"fields\":{\"role\":\"Development\",\"contributorName\":\"Superhero Cheesecake\"}}},\"40\":[\"114\"],\"50\":[\"116\"],\"39\":\"Turn your transfer into a trip with KLM\",\"36\":{\"new1\":{\"type\":\"honour\",\"enabled\":\"1\",\"fields\":{\"honourName\":\"FWA Award of the year\",\"logo\":[\"32\"]}}},\"43\":\"Mobile Application\",\"42\":\"http:\\/\\/klm.com\\/layover\",\"34\":\"\"}}', '2016-03-18 14:24:57', '2016-03-18 14:24:57', '20572f15-3b0c-4719-a509-cc82d84f24ff'),
 ('120', '5', '5', '109', 'en_us', '7', '', '{\"typeId\":\"5\",\"authorId\":null,\"title\":\"Homepage\",\"slug\":\"homepage\",\"postDate\":1457355131,\"expiryDate\":null,\"enabled\":1,\"parentId\":null,\"fields\":{\"10\":[\"10\",\"66\",\"97\",\"117\"]}}', '2016-03-18 14:25:30', '2016-03-18 14:25:30', 'a598ab8a-531d-4b68-8e96-580ed7ffad6f'),
 ('121', '117', '3', '109', 'en_us', '2', '', '{\"typeId\":\"3\",\"authorId\":\"109\",\"title\":\"Layover with a Local\",\"slug\":\"layover-with-a-local\",\"postDate\":1458311040,\"expiryDate\":null,\"enabled\":1,\"parentId\":null,\"fields\":{\"3\":\"\",\"41\":\"KLM\",\"31\":{\"118\":{\"type\":\"item\",\"enabled\":\"1\",\"fields\":{\"role\":\"Development\",\"contributorName\":\"Superhero Cheesecake\"}}},\"40\":[\"120\"],\"50\":\"\",\"39\":\"Turn your transfer into a trip with KLM\",\"36\":{\"119\":{\"type\":\"honour\",\"enabled\":\"1\",\"fields\":{\"honourName\":\"FWA Award of the year\",\"logo\":[\"32\"]}}},\"43\":\"Mobile Application\",\"42\":\"http:\\/\\/klm.com\\/layover\",\"34\":\"\"}}', '2016-03-18 14:27:37', '2016-03-18 14:27:37', '09a4b6c9-35f6-4096-9dc3-f612978d66c1'),
 ('122', '117', '3', '109', 'en_us', '3', '', '{\"typeId\":\"3\",\"authorId\":\"109\",\"title\":\"Layover with a Local\",\"slug\":\"layover-with-a-local\",\"postDate\":1458311040,\"expiryDate\":null,\"enabled\":1,\"parentId\":null,\"fields\":{\"3\":\"\",\"41\":\"KLM\",\"31\":{\"118\":{\"type\":\"item\",\"enabled\":\"1\",\"fields\":{\"role\":\"Development\",\"contributorName\":\"Superhero Cheesecake\"}}},\"40\":[\"121\"],\"50\":\"\",\"39\":\"Turn your transfer into a trip with KLM\",\"36\":{\"119\":{\"type\":\"honour\",\"enabled\":\"1\",\"fields\":{\"honourName\":\"FWA Award of the year\",\"logo\":[\"32\"]}}},\"43\":\"Mobile Application\",\"42\":\"http:\\/\\/klm.com\\/layover\",\"34\":\"\"}}', '2016-03-18 14:28:26', '2016-03-18 14:28:26', '9f054530-cf21-4af5-a67d-cf6dc3184ddf'),
 ('123', '117', '3', '109', 'en_us', '4', '', '{\"typeId\":\"3\",\"authorId\":\"109\",\"title\":\"Layover with a Local\",\"slug\":\"layover-with-a-local\",\"postDate\":1458311040,\"expiryDate\":null,\"enabled\":1,\"parentId\":null,\"fields\":{\"3\":\"\",\"41\":\"KLM\",\"31\":{\"118\":{\"type\":\"item\",\"enabled\":\"1\",\"fields\":{\"role\":\"Development\",\"contributorName\":\"Superhero Cheesecake\"}}},\"40\":[\"121\"],\"50\":\"\",\"39\":\"Turn your\\r\\ntransfer into \\r\\na trip\",\"36\":{\"119\":{\"type\":\"honour\",\"enabled\":\"1\",\"fields\":{\"honourName\":\"FWA Award of the year\",\"logo\":[\"32\"]}}},\"43\":\"Mobile Application\",\"42\":\"http:\\/\\/klm.com\\/layover\",\"34\":\"\"}}', '2016-03-18 14:29:03', '2016-03-18 14:29:03', '6f9bf579-e57d-4620-a2d9-8f15a14d663f'),
 ('124', '117', '3', '109', 'en_us', '5', '', '{\"typeId\":\"3\",\"authorId\":\"109\",\"title\":\"KLM Layover with a Local\",\"slug\":\"layover-with-a-local\",\"postDate\":1458311040,\"expiryDate\":null,\"enabled\":1,\"parentId\":null,\"fields\":{\"3\":\"\",\"41\":\"KLM\",\"31\":{\"118\":{\"type\":\"item\",\"enabled\":\"1\",\"fields\":{\"role\":\"Development\",\"contributorName\":\"Superhero Cheesecake\"}}},\"40\":[\"121\"],\"50\":\"\",\"39\":\"Turn your\\r\\ntransfer into \\r\\na trip\",\"36\":{\"119\":{\"type\":\"honour\",\"enabled\":\"1\",\"fields\":{\"honourName\":\"FWA Award of the year\",\"logo\":[\"32\"]}}},\"43\":\"Mobile Application\",\"42\":\"http:\\/\\/klm.com\\/layover\",\"34\":\"\"}}', '2016-03-18 14:29:21', '2016-03-18 14:29:21', 'f644fc1c-88fe-40ba-a774-adb2a298206a'),
 ('125', '117', '3', '109', 'en_us', '6', '', '{\"typeId\":\"3\",\"authorId\":\"109\",\"title\":\"KLM Layover with a Local\",\"slug\":\"layover-with-a-local\",\"postDate\":1458311040,\"expiryDate\":null,\"enabled\":1,\"parentId\":null,\"fields\":{\"3\":\"\",\"41\":\"KLM\",\"31\":{\"118\":{\"type\":\"item\",\"enabled\":\"1\",\"fields\":{\"role\":\"Development\",\"contributorName\":\"Superhero Cheesecake\"}}},\"40\":[\"121\"],\"50\":\"\",\"39\":\"Turn your\\r\\ntransfer into \\r\\na trip\",\"36\":{\"119\":{\"type\":\"honour\",\"enabled\":\"1\",\"fields\":{\"honourName\":\"FWA Award of the year\",\"logo\":[\"32\"]}}},\"43\":\"Mobile Application\",\"42\":\"http:\\/\\/klm.com\\/layover\",\"34\":{\"new1\":{\"type\":\"role\",\"enabled\":\"1\",\"fields\":{\"role\":\"Art direction\"}},\"new2\":{\"type\":\"role\",\"enabled\":\"1\",\"fields\":{\"role\":\"UI design\"}},\"new3\":{\"type\":\"role\",\"enabled\":\"1\",\"fields\":{\"role\":\"Concept development\"}},\"new4\":{\"type\":\"role\",\"enabled\":\"1\",\"fields\":{\"role\":\"Service design\"}}}}}', '2016-03-18 14:30:35', '2016-03-18 14:30:35', 'fe2a971b-d8e5-4096-9f46-eba0a9454a32'),
 ('126', '117', '3', '109', 'en_us', '7', '', '{\"typeId\":\"3\",\"authorId\":\"109\",\"title\":\"KLM Layover with a Local\",\"slug\":\"layover-with-a-local\",\"postDate\":1458311040,\"expiryDate\":null,\"enabled\":1,\"parentId\":null,\"fields\":{\"3\":\"\",\"41\":\"KLM\",\"31\":{\"118\":{\"type\":\"item\",\"enabled\":\"1\",\"fields\":{\"role\":\"Development\",\"contributorName\":\"Superhero Cheesecake\"}}},\"40\":[\"121\"],\"50\":\"\",\"39\":\"Turn your\\r\\ntransfer into \\r\\na trip\",\"36\":{\"119\":{\"type\":\"honour\",\"enabled\":\"1\",\"fields\":{\"honourName\":\"FWA Award of the year\",\"logo\":[\"32\"]}}},\"43\":\"Mobile Application\",\"42\":\"http:\\/\\/klm.com\\/layover\",\"34\":{\"122\":{\"type\":\"role\",\"enabled\":\"1\",\"fields\":{\"role\":\"Art direction\"}},\"123\":{\"type\":\"role\",\"enabled\":\"1\",\"fields\":{\"role\":\"UI design\"}},\"124\":{\"type\":\"role\",\"enabled\":\"1\",\"fields\":{\"role\":\"Concept development\"}},\"125\":{\"type\":\"role\",\"enabled\":\"1\",\"fields\":{\"role\":\"Service design\"}},\"new1\":{\"type\":\"role\",\"enabled\":\"1\",\"fields\":{\"role\":\"Character design\"}},\"new2\":{\"type\":\"role\",\"enabled\":\"1\",\"fields\":{\"role\":\"Animation\"}},\"new3\":{\"type\":\"role\",\"enabled\":\"1\",\"fields\":{\"role\":\"UX design\"}},\"new4\":{\"type\":\"role\",\"enabled\":\"1\",\"fields\":{\"role\":\"Strategy\"}}}}}', '2016-03-18 14:31:18', '2016-03-18 14:31:18', 'a5d16be9-c06f-4196-9633-349884058ebe'),
 ('127', '117', '3', '109', 'en_us', '8', '', '{\"typeId\":\"3\",\"authorId\":\"109\",\"title\":\"KLM Layover with a Local\",\"slug\":\"layover-with-a-local\",\"postDate\":1458311040,\"expiryDate\":null,\"enabled\":1,\"parentId\":null,\"fields\":{\"3\":\"\",\"41\":\"KLM Royal Dutch Airlines\",\"31\":{\"118\":{\"type\":\"item\",\"enabled\":\"1\",\"fields\":{\"role\":\"Development\",\"contributorName\":\"Superhero Cheesecake\"}}},\"40\":[\"121\"],\"50\":\"\",\"39\":\"Turn your transfer into a trip\",\"36\":{\"119\":{\"type\":\"honour\",\"enabled\":\"1\",\"fields\":{\"honourName\":\"FWA Award of the year\",\"logo\":[\"32\"]}}},\"43\":\"Mobile Application\",\"42\":\"http:\\/\\/klm.com\\/layover\",\"34\":{\"122\":{\"type\":\"role\",\"enabled\":\"1\",\"fields\":{\"role\":\"Art direction\"}},\"123\":{\"type\":\"role\",\"enabled\":\"1\",\"fields\":{\"role\":\"UI design\"}},\"124\":{\"type\":\"role\",\"enabled\":\"1\",\"fields\":{\"role\":\"Concept development\"}},\"125\":{\"type\":\"role\",\"enabled\":\"1\",\"fields\":{\"role\":\"Service design\"}},\"126\":{\"type\":\"role\",\"enabled\":\"1\",\"fields\":{\"role\":\"Character design\"}},\"127\":{\"type\":\"role\",\"enabled\":\"1\",\"fields\":{\"role\":\"Animation\"}},\"128\":{\"type\":\"role\",\"enabled\":\"1\",\"fields\":{\"role\":\"UX design\"}},\"129\":{\"type\":\"role\",\"enabled\":\"1\",\"fields\":{\"role\":\"Strategy\"}}}}}', '2016-03-18 14:32:19', '2016-03-18 14:32:19', '7ce6957b-5ee8-4ea4-981b-51b89f92e120'),
 ('128', '117', '3', '109', 'en_us', '9', '', '{\"typeId\":\"3\",\"authorId\":\"109\",\"title\":\"KLM Layover with a Local\",\"slug\":\"layover-with-a-local\",\"postDate\":1458311040,\"expiryDate\":null,\"enabled\":1,\"parentId\":null,\"fields\":{\"3\":\"\",\"41\":\"KLM Royal Dutch Airlines\",\"31\":{\"118\":{\"type\":\"item\",\"enabled\":\"1\",\"fields\":{\"role\":\"Development\",\"contributorName\":\"Superhero Cheesecake\"}}},\"40\":[\"121\"],\"50\":\"\",\"39\":\"Turn your transfer into a trip\",\"36\":{\"119\":{\"type\":\"honour\",\"enabled\":\"1\",\"fields\":{\"honourName\":\"\",\"logo\":\"\"}}},\"43\":\"Mobile Application\",\"42\":\"http:\\/\\/klm.com\\/layover\",\"34\":{\"122\":{\"type\":\"role\",\"enabled\":\"1\",\"fields\":{\"role\":\"Art direction\"}},\"123\":{\"type\":\"role\",\"enabled\":\"1\",\"fields\":{\"role\":\"UI design\"}},\"124\":{\"type\":\"role\",\"enabled\":\"1\",\"fields\":{\"role\":\"Concept development\"}},\"125\":{\"type\":\"role\",\"enabled\":\"1\",\"fields\":{\"role\":\"Service design\"}},\"126\":{\"type\":\"role\",\"enabled\":\"1\",\"fields\":{\"role\":\"Character design\"}},\"127\":{\"type\":\"role\",\"enabled\":\"1\",\"fields\":{\"role\":\"Animation\"}},\"128\":{\"type\":\"role\",\"enabled\":\"1\",\"fields\":{\"role\":\"UX design\"}},\"129\":{\"type\":\"role\",\"enabled\":\"1\",\"fields\":{\"role\":\"Strategy\"}}}}}', '2016-03-18 14:32:45', '2016-03-18 14:32:45', '74a94496-44ca-4968-9260-c476b99669db'),
 ('129', '117', '3', '109', 'en_us', '10', '', '{\"typeId\":\"3\",\"authorId\":\"109\",\"title\":\"KLM Layover with a Local\",\"slug\":\"layover-with-a-local\",\"postDate\":1458311040,\"expiryDate\":null,\"enabled\":1,\"parentId\":null,\"fields\":{\"3\":{\"new1\":{\"type\":\"textFullWidth\",\"enabled\":\"1\",\"fields\":{\"body\":\"Layover with a Local offers KLM travelers with a stop of 6 hours or more at Amsterdam Schiphol Airport the opportunity to turn this transfer into a trip. \",\"textColor\":\"#000000\",\"backgroundColor\":\"#ffffff\",\"paddingTop\":\"small\",\"paddingBottom\":\"none\",\"uiColor\":\"black\"}}},\"41\":\"KLM Royal Dutch Airlines\",\"31\":{\"118\":{\"type\":\"item\",\"enabled\":\"1\",\"fields\":{\"role\":\"Development\",\"contributorName\":\"Superhero Cheesecake\"}}},\"40\":[\"121\"],\"50\":\"\",\"39\":\"Turn your transfer into a trip\",\"36\":{\"119\":{\"type\":\"honour\",\"enabled\":\"1\",\"fields\":{\"honourName\":\"\",\"logo\":\"\"}}},\"43\":\"Mobile Application\",\"42\":\"http:\\/\\/klm.com\\/layover\",\"34\":{\"122\":{\"type\":\"role\",\"enabled\":\"1\",\"fields\":{\"role\":\"Art direction\"}},\"123\":{\"type\":\"role\",\"enabled\":\"1\",\"fields\":{\"role\":\"UI design\"}},\"124\":{\"type\":\"role\",\"enabled\":\"1\",\"fields\":{\"role\":\"Concept development\"}},\"125\":{\"type\":\"role\",\"enabled\":\"1\",\"fields\":{\"role\":\"Service design\"}},\"126\":{\"type\":\"role\",\"enabled\":\"1\",\"fields\":{\"role\":\"Character design\"}},\"127\":{\"type\":\"role\",\"enabled\":\"1\",\"fields\":{\"role\":\"Animation\"}},\"128\":{\"type\":\"role\",\"enabled\":\"1\",\"fields\":{\"role\":\"UX design\"}},\"129\":{\"type\":\"role\",\"enabled\":\"1\",\"fields\":{\"role\":\"Strategy\"}}}}}', '2016-03-18 14:33:19', '2016-03-18 14:33:19', '66b63d9a-3860-4e9f-99bd-0240ff5024fb'),
 ('130', '117', '3', '109', 'en_us', '11', '', '{\"typeId\":\"3\",\"authorId\":\"109\",\"title\":\"KLM Layover with a Local\",\"slug\":\"layover-with-a-local\",\"postDate\":1458311040,\"expiryDate\":null,\"enabled\":1,\"parentId\":null,\"fields\":{\"3\":{\"130\":{\"type\":\"textFullWidth\",\"enabled\":\"1\",\"fields\":{\"body\":\"Layover with a Local offers KLM travelers with a stop of 6 hours or more at Amsterdam Schiphol Airport the opportunity to turn this transfer into a trip. \",\"textColor\":\"#000000\",\"backgroundColor\":\"#ffffff\",\"paddingTop\":\"big\",\"paddingBottom\":\"big\",\"uiColor\":\"black\"}}},\"41\":\"KLM Royal Dutch Airlines\",\"31\":{\"118\":{\"type\":\"item\",\"enabled\":\"1\",\"fields\":{\"role\":\"Development\",\"contributorName\":\"Superhero Cheesecake\"}}},\"40\":[\"121\"],\"50\":\"\",\"39\":\"Turn your transfer into a trip\",\"36\":{\"119\":{\"type\":\"honour\",\"enabled\":\"1\",\"fields\":{\"honourName\":\"\",\"logo\":\"\"}}},\"43\":\"Mobile Application\",\"42\":\"http:\\/\\/klm.com\\/layover\",\"34\":{\"122\":{\"type\":\"role\",\"enabled\":\"1\",\"fields\":{\"role\":\"Art direction\"}},\"123\":{\"type\":\"role\",\"enabled\":\"1\",\"fields\":{\"role\":\"UI design\"}},\"124\":{\"type\":\"role\",\"enabled\":\"1\",\"fields\":{\"role\":\"Concept development\"}},\"125\":{\"type\":\"role\",\"enabled\":\"1\",\"fields\":{\"role\":\"Service design\"}},\"126\":{\"type\":\"role\",\"enabled\":\"1\",\"fields\":{\"role\":\"Character design\"}},\"127\":{\"type\":\"role\",\"enabled\":\"1\",\"fields\":{\"role\":\"Animation\"}},\"128\":{\"type\":\"role\",\"enabled\":\"1\",\"fields\":{\"role\":\"UX design\"}},\"129\":{\"type\":\"role\",\"enabled\":\"1\",\"fields\":{\"role\":\"Strategy\"}}}}}', '2016-03-18 14:33:40', '2016-03-18 14:33:40', '3a39479d-7e2e-4b4e-a439-7e3c306699c7'),
 ('131', '117', '3', '109', 'en_us', '12', '', '{\"typeId\":\"3\",\"authorId\":\"109\",\"title\":\"KLM Layover with a Local\",\"slug\":\"layover-with-a-local\",\"postDate\":1458311040,\"expiryDate\":null,\"enabled\":1,\"parentId\":null,\"fields\":{\"3\":{\"130\":{\"type\":\"textFullWidth\",\"enabled\":\"1\",\"fields\":{\"body\":\"Layover with a Local offers KLM travelers with a stop of 6 hours or more at Amsterdam Schiphol Airport the opportunity to turn this transfer into a trip. \",\"textColor\":\"#000000\",\"backgroundColor\":\"#ffffff\",\"paddingTop\":\"big\",\"paddingBottom\":\"big\",\"uiColor\":\"black\"}},\"new1\":{\"type\":\"video\",\"enabled\":\"1\",\"fields\":{\"coverImage\":[\"131\"],\"video\":[\"18\"],\"backgroundColor\":\"#ffffff\",\"backgroundImage\":\"\",\"paddingTop\":\"small\",\"paddingBottom\":\"small\",\"uiColor\":\"black\"}}},\"41\":\"KLM Royal Dutch Airlines\",\"31\":{\"118\":{\"type\":\"item\",\"enabled\":\"1\",\"fields\":{\"role\":\"Development\",\"contributorName\":\"Superhero Cheesecake\"}}},\"40\":[\"121\"],\"50\":\"\",\"39\":\"Turn your transfer into a trip\",\"36\":{\"119\":{\"type\":\"honour\",\"enabled\":\"1\",\"fields\":{\"honourName\":\"\",\"logo\":\"\"}}},\"43\":\"Mobile Application\",\"42\":\"http:\\/\\/klm.com\\/layover\",\"34\":{\"122\":{\"type\":\"role\",\"enabled\":\"1\",\"fields\":{\"role\":\"Art direction\"}},\"123\":{\"type\":\"role\",\"enabled\":\"1\",\"fields\":{\"role\":\"UI design\"}},\"124\":{\"type\":\"role\",\"enabled\":\"1\",\"fields\":{\"role\":\"Concept development\"}},\"125\":{\"type\":\"role\",\"enabled\":\"1\",\"fields\":{\"role\":\"Service design\"}},\"126\":{\"type\":\"role\",\"enabled\":\"1\",\"fields\":{\"role\":\"Character design\"}},\"127\":{\"type\":\"role\",\"enabled\":\"1\",\"fields\":{\"role\":\"Animation\"}},\"128\":{\"type\":\"role\",\"enabled\":\"1\",\"fields\":{\"role\":\"UX design\"}},\"129\":{\"type\":\"role\",\"enabled\":\"1\",\"fields\":{\"role\":\"Strategy\"}}}}}', '2016-03-18 14:35:21', '2016-03-18 14:35:21', 'd4edde71-2eb1-4373-9a37-96f811d6b4e8'),
 ('132', '117', '3', '109', 'en_us', '13', '', '{\"typeId\":\"3\",\"authorId\":\"109\",\"title\":\"KLM Layover with a Local\",\"slug\":\"layover-with-a-local\",\"postDate\":1458311040,\"expiryDate\":null,\"enabled\":1,\"parentId\":null,\"fields\":{\"3\":{\"130\":{\"type\":\"textFullWidth\",\"enabled\":\"1\",\"fields\":{\"body\":\"Layover with a Local offers KLM travelers with a stop of 6 hours or more at Amsterdam Schiphol Airport the opportunity to turn this transfer into a trip. \",\"textColor\":\"#000000\",\"backgroundColor\":\"#ffffff\",\"paddingTop\":\"big\",\"paddingBottom\":\"big\",\"uiColor\":\"black\"}},\"132\":{\"type\":\"video\",\"enabled\":\"1\",\"fields\":{\"coverImage\":[\"131\"],\"video\":[\"18\"],\"backgroundColor\":\"#ffffff\",\"backgroundImage\":\"\",\"paddingTop\":\"none\",\"paddingBottom\":\"small\",\"uiColor\":\"black\"}}},\"41\":\"KLM Royal Dutch Airlines\",\"31\":{\"118\":{\"type\":\"item\",\"enabled\":\"1\",\"fields\":{\"role\":\"Development\",\"contributorName\":\"Superhero Cheesecake\"}}},\"40\":[\"121\"],\"50\":\"\",\"39\":\"Turn your transfer into a trip\",\"36\":{\"119\":{\"type\":\"honour\",\"enabled\":\"1\",\"fields\":{\"honourName\":\"\",\"logo\":\"\"}}},\"43\":\"Mobile Application\",\"42\":\"http:\\/\\/klm.com\\/layover\",\"34\":{\"122\":{\"type\":\"role\",\"enabled\":\"1\",\"fields\":{\"role\":\"Art direction\"}},\"123\":{\"type\":\"role\",\"enabled\":\"1\",\"fields\":{\"role\":\"UI design\"}},\"124\":{\"type\":\"role\",\"enabled\":\"1\",\"fields\":{\"role\":\"Concept development\"}},\"125\":{\"type\":\"role\",\"enabled\":\"1\",\"fields\":{\"role\":\"Service design\"}},\"126\":{\"type\":\"role\",\"enabled\":\"1\",\"fields\":{\"role\":\"Character design\"}},\"127\":{\"type\":\"role\",\"enabled\":\"1\",\"fields\":{\"role\":\"Animation\"}},\"128\":{\"type\":\"role\",\"enabled\":\"1\",\"fields\":{\"role\":\"UX design\"}},\"129\":{\"type\":\"role\",\"enabled\":\"1\",\"fields\":{\"role\":\"Strategy\"}}}}}', '2016-03-18 14:35:41', '2016-03-18 14:35:41', '5a3deece-ab0b-45dd-a585-49ccaddb0b4a'),
 ('133', '117', '3', '109', 'en_us', '14', '', '{\"typeId\":\"3\",\"authorId\":\"109\",\"title\":\"KLM Layover with a Local\",\"slug\":\"layover-with-a-local\",\"postDate\":1458311040,\"expiryDate\":null,\"enabled\":1,\"parentId\":null,\"fields\":{\"3\":{\"130\":{\"type\":\"textFullWidth\",\"enabled\":\"1\",\"fields\":{\"body\":\"Layover with a Local offers KLM travelers with a stop of 6 hours or more at Amsterdam Schiphol Airport the opportunity to turn this transfer into a trip. \",\"textColor\":\"#000000\",\"backgroundColor\":\"#ffffff\",\"paddingTop\":\"big\",\"paddingBottom\":\"big\",\"uiColor\":\"black\"}},\"132\":{\"type\":\"video\",\"enabled\":\"1\",\"fields\":{\"coverImage\":[\"131\"],\"video\":[\"18\"],\"backgroundColor\":\"#ffffff\",\"backgroundImage\":\"\",\"paddingTop\":\"none\",\"paddingBottom\":\"small\",\"uiColor\":\"black\"}},\"new2\":{\"type\":\"textWithImage\",\"enabled\":\"1\",\"fields\":{\"heading\":\"70% of travelers have a layover in Amsterdam\",\"intro\":\"With Amsterdam Central Station just 15 minutes away, why not make use of it? Adventure is just around the corner. \",\"body\":\"By connecting travelers to locals we turn waiting time into wander time, and for KLM it\\u2019s just another way to take you somewhere.\",\"image\":[\"133\"],\"textColor\":\"#000000\",\"backgroundColor\":\"#ffffff\",\"imagePosition\":\"right\",\"paddingTop\":\"big\",\"paddingBottom\":\"small\",\"uiColor\":\"white\"}}},\"41\":\"KLM Royal Dutch Airlines\",\"31\":{\"118\":{\"type\":\"item\",\"enabled\":\"1\",\"fields\":{\"role\":\"Development\",\"contributorName\":\"Superhero Cheesecake\"}}},\"40\":[\"121\"],\"50\":\"\",\"39\":\"Turn your transfer into a trip\",\"36\":{\"119\":{\"type\":\"honour\",\"enabled\":\"1\",\"fields\":{\"honourName\":\"\",\"logo\":\"\"}}},\"43\":\"Mobile Application\",\"42\":\"http:\\/\\/klm.com\\/layover\",\"34\":{\"122\":{\"type\":\"role\",\"enabled\":\"1\",\"fields\":{\"role\":\"Art direction\"}},\"123\":{\"type\":\"role\",\"enabled\":\"1\",\"fields\":{\"role\":\"UI design\"}},\"124\":{\"type\":\"role\",\"enabled\":\"1\",\"fields\":{\"role\":\"Concept development\"}},\"125\":{\"type\":\"role\",\"enabled\":\"1\",\"fields\":{\"role\":\"Service design\"}},\"126\":{\"type\":\"role\",\"enabled\":\"1\",\"fields\":{\"role\":\"Character design\"}},\"127\":{\"type\":\"role\",\"enabled\":\"1\",\"fields\":{\"role\":\"Animation\"}},\"128\":{\"type\":\"role\",\"enabled\":\"1\",\"fields\":{\"role\":\"UX design\"}},\"129\":{\"type\":\"role\",\"enabled\":\"1\",\"fields\":{\"role\":\"Strategy\"}}}}}', '2016-03-18 14:38:02', '2016-03-18 14:38:02', '2e6e7b20-95d7-4c2e-b45c-213ffb03e92f'),
 ('134', '117', '3', '109', 'en_us', '15', '', '{\"typeId\":\"3\",\"authorId\":\"109\",\"title\":\"KLM Layover with a Local\",\"slug\":\"layover-with-a-local\",\"postDate\":1458311040,\"expiryDate\":null,\"enabled\":1,\"parentId\":null,\"fields\":{\"3\":{\"130\":{\"type\":\"textFullWidth\",\"enabled\":\"1\",\"fields\":{\"body\":\"Layover with a Local offers KLM travelers with a stop of 6 hours or more at Amsterdam Schiphol Airport the opportunity to turn this transfer into a trip. \",\"textColor\":\"#000000\",\"backgroundColor\":\"#ffffff\",\"paddingTop\":\"big\",\"paddingBottom\":\"big\",\"uiColor\":\"black\"}},\"132\":{\"type\":\"video\",\"enabled\":\"1\",\"fields\":{\"coverImage\":[\"131\"],\"video\":[\"18\"],\"backgroundColor\":\"#ffffff\",\"backgroundImage\":\"\",\"paddingTop\":\"none\",\"paddingBottom\":\"small\",\"uiColor\":\"black\"}},\"134\":{\"type\":\"textWithImage\",\"enabled\":\"1\",\"fields\":{\"heading\":\"70% of travelers have a layover in Amsterdam\",\"intro\":\"With Amsterdam Central Station just 15 minutes away, why not make use of it? Adventure is just around the corner. \",\"body\":\"By connecting travelers to locals we turn waiting time into wander time, and for KLM it\\u2019s just another way to take you somewhere.\",\"image\":[\"133\"],\"textColor\":\"#000000\",\"backgroundColor\":\"#ffffff\",\"imagePosition\":\"left\",\"paddingTop\":\"big\",\"paddingBottom\":\"small\",\"uiColor\":\"white\"}}},\"41\":\"KLM Royal Dutch Airlines\",\"31\":{\"118\":{\"type\":\"item\",\"enabled\":\"1\",\"fields\":{\"role\":\"Development\",\"contributorName\":\"Superhero Cheesecake\"}}},\"40\":[\"121\"],\"50\":\"\",\"39\":\"Turn your transfer into a trip\",\"36\":{\"119\":{\"type\":\"honour\",\"enabled\":\"1\",\"fields\":{\"honourName\":\"\",\"logo\":\"\"}}},\"43\":\"Mobile Application\",\"42\":\"http:\\/\\/klm.com\\/layover\",\"34\":{\"122\":{\"type\":\"role\",\"enabled\":\"1\",\"fields\":{\"role\":\"Art direction\"}},\"123\":{\"type\":\"role\",\"enabled\":\"1\",\"fields\":{\"role\":\"UI design\"}},\"124\":{\"type\":\"role\",\"enabled\":\"1\",\"fields\":{\"role\":\"Concept development\"}},\"125\":{\"type\":\"role\",\"enabled\":\"1\",\"fields\":{\"role\":\"Service design\"}},\"126\":{\"type\":\"role\",\"enabled\":\"1\",\"fields\":{\"role\":\"Character design\"}},\"127\":{\"type\":\"role\",\"enabled\":\"1\",\"fields\":{\"role\":\"Animation\"}},\"128\":{\"type\":\"role\",\"enabled\":\"1\",\"fields\":{\"role\":\"UX design\"}},\"129\":{\"type\":\"role\",\"enabled\":\"1\",\"fields\":{\"role\":\"Strategy\"}}}}}', '2016-03-18 14:38:22', '2016-03-18 14:38:22', '94c00b23-a5cd-4de7-8c67-6d03a5c1ff0a'),
 ('135', '117', '3', '109', 'en_us', '16', '', '{\"typeId\":\"3\",\"authorId\":\"109\",\"title\":\"KLM Layover with a Local\",\"slug\":\"layover-with-a-local\",\"postDate\":1458311040,\"expiryDate\":null,\"enabled\":1,\"parentId\":null,\"fields\":{\"3\":{\"130\":{\"type\":\"textFullWidth\",\"enabled\":\"1\",\"fields\":{\"body\":\"Layover with a Local offers KLM travelers with a stop of 6 hours or more at Amsterdam Schiphol Airport the opportunity to turn this transfer into a trip. \",\"textColor\":\"#000000\",\"backgroundColor\":\"#ffffff\",\"paddingTop\":\"big\",\"paddingBottom\":\"big\",\"uiColor\":\"black\"}},\"132\":{\"type\":\"video\",\"enabled\":\"1\",\"fields\":{\"coverImage\":[\"131\"],\"video\":[\"18\"],\"backgroundColor\":\"#ffffff\",\"backgroundImage\":\"\",\"paddingTop\":\"none\",\"paddingBottom\":\"small\",\"uiColor\":\"black\"}},\"134\":{\"type\":\"textWithImage\",\"enabled\":\"1\",\"fields\":{\"heading\":\"70% of travelers have a layover in Amsterdam\",\"intro\":\"With Amsterdam Central Station just 15 minutes away, why not make use of it? Adventure is just around the corner. \",\"body\":\"By connecting travelers to locals we turn waiting time into wander time, and for KLM it\\u2019s just another way to take you somewhere.\",\"image\":[\"133\"],\"textColor\":\"#000000\",\"backgroundColor\":\"#ffffff\",\"imagePosition\":\"left\",\"paddingTop\":\"big\",\"paddingBottom\":\"small\",\"uiColor\":\"white\"}},\"new3\":{\"type\":\"textWithImage\",\"enabled\":\"1\",\"fields\":{\"heading\":\"Intelligent matchmaking based on interests\",\"intro\":\"The element of matching up passengers with locals through a social profile can give hesitation. \",\"body\":\"Therefore, the app uses intelligent matchmaking based on interests, shared languages and availability. Once the traveler requests a meetup, we select 3 locals and notify them with a push notification. \",\"image\":[\"135\"],\"textColor\":\"#000000\",\"backgroundColor\":\"#ffffff\",\"imagePosition\":\"right\",\"paddingTop\":\"none\",\"paddingBottom\":\"none\",\"uiColor\":\"black\"}}},\"41\":\"KLM Royal Dutch Airlines\",\"31\":{\"118\":{\"type\":\"item\",\"enabled\":\"1\",\"fields\":{\"role\":\"Development\",\"contributorName\":\"Superhero Cheesecake\"}}},\"40\":[\"121\"],\"50\":\"\",\"39\":\"Turn your transfer into a trip\",\"36\":{\"119\":{\"type\":\"honour\",\"enabled\":\"1\",\"fields\":{\"honourName\":\"\",\"logo\":\"\"}}},\"43\":\"Mobile Application\",\"42\":\"http:\\/\\/klm.com\\/layover\",\"34\":{\"122\":{\"type\":\"role\",\"enabled\":\"1\",\"fields\":{\"role\":\"Art direction\"}},\"123\":{\"type\":\"role\",\"enabled\":\"1\",\"fields\":{\"role\":\"UI design\"}},\"124\":{\"type\":\"role\",\"enabled\":\"1\",\"fields\":{\"role\":\"Concept development\"}},\"125\":{\"type\":\"role\",\"enabled\":\"1\",\"fields\":{\"role\":\"Service design\"}},\"126\":{\"type\":\"role\",\"enabled\":\"1\",\"fields\":{\"role\":\"Character design\"}},\"127\":{\"type\":\"role\",\"enabled\":\"1\",\"fields\":{\"role\":\"Animation\"}},\"128\":{\"type\":\"role\",\"enabled\":\"1\",\"fields\":{\"role\":\"UX design\"}},\"129\":{\"type\":\"role\",\"enabled\":\"1\",\"fields\":{\"role\":\"Strategy\"}}}}}', '2016-03-18 14:49:53', '2016-03-18 14:49:53', '59173afe-70ca-4e0b-9e01-49e3a4a26c2c'),
 ('136', '117', '3', '109', 'en_us', '17', '', '{\"typeId\":\"3\",\"authorId\":\"109\",\"title\":\"KLM Layover with a Local\",\"slug\":\"layover-with-a-local\",\"postDate\":1458311040,\"expiryDate\":null,\"enabled\":1,\"parentId\":null,\"fields\":{\"3\":{\"130\":{\"type\":\"textFullWidth\",\"enabled\":\"1\",\"fields\":{\"body\":\"Layover with a Local offers KLM travelers with a stop of 6 hours or more at Amsterdam Schiphol Airport the opportunity to turn this transfer into a trip. \",\"textColor\":\"#000000\",\"backgroundColor\":\"#ffffff\",\"paddingTop\":\"big\",\"paddingBottom\":\"big\",\"uiColor\":\"black\"}},\"132\":{\"type\":\"video\",\"enabled\":\"1\",\"fields\":{\"coverImage\":[\"131\"],\"video\":[\"18\"],\"backgroundColor\":\"#ffffff\",\"backgroundImage\":\"\",\"paddingTop\":\"none\",\"paddingBottom\":\"small\",\"uiColor\":\"black\"}},\"134\":{\"type\":\"textWithImage\",\"enabled\":\"1\",\"fields\":{\"heading\":\"70% of travelers have a layover in Amsterdam\",\"intro\":\"With Amsterdam Central Station just 15 minutes away, why not make use of it? Adventure is just around the corner. \",\"body\":\"By connecting travelers to locals we turn waiting time into wander time, and for KLM it\\u2019s just another way to take you somewhere.\",\"image\":[\"133\"],\"textColor\":\"#000000\",\"backgroundColor\":\"#ffffff\",\"imagePosition\":\"left\",\"paddingTop\":\"big\",\"paddingBottom\":\"small\",\"uiColor\":\"white\"}},\"136\":{\"type\":\"textWithImage\",\"enabled\":\"1\",\"fields\":{\"heading\":\"Intelligent matchmaking based on interests\",\"intro\":\"The element of matching up passengers with locals through a social profile can give hesitation. \",\"body\":\"Therefore, the app uses intelligent matchmaking based on interests, shared languages and availability. Once the traveler requests a meetup, we select 3 locals and notify them with a push notification. \",\"image\":[\"135\"],\"textColor\":\"#000000\",\"backgroundColor\":\"#ffffff\",\"imagePosition\":\"right\",\"paddingTop\":\"big\",\"paddingBottom\":\"big\",\"uiColor\":\"black\"}}},\"41\":\"KLM Royal Dutch Airlines\",\"31\":{\"118\":{\"type\":\"item\",\"enabled\":\"1\",\"fields\":{\"role\":\"Development\",\"contributorName\":\"Superhero Cheesecake\"}}},\"40\":[\"121\"],\"50\":\"\",\"39\":\"Turn your transfer into a trip\",\"36\":{\"119\":{\"type\":\"honour\",\"enabled\":\"1\",\"fields\":{\"honourName\":\"\",\"logo\":\"\"}}},\"43\":\"Mobile Application\",\"42\":\"http:\\/\\/klm.com\\/layover\",\"34\":{\"122\":{\"type\":\"role\",\"enabled\":\"1\",\"fields\":{\"role\":\"Art direction\"}},\"123\":{\"type\":\"role\",\"enabled\":\"1\",\"fields\":{\"role\":\"UI design\"}},\"124\":{\"type\":\"role\",\"enabled\":\"1\",\"fields\":{\"role\":\"Concept development\"}},\"125\":{\"type\":\"role\",\"enabled\":\"1\",\"fields\":{\"role\":\"Service design\"}},\"126\":{\"type\":\"role\",\"enabled\":\"1\",\"fields\":{\"role\":\"Character design\"}},\"127\":{\"type\":\"role\",\"enabled\":\"1\",\"fields\":{\"role\":\"Animation\"}},\"128\":{\"type\":\"role\",\"enabled\":\"1\",\"fields\":{\"role\":\"UX design\"}},\"129\":{\"type\":\"role\",\"enabled\":\"1\",\"fields\":{\"role\":\"Strategy\"}}}}}', '2016-03-18 14:50:16', '2016-03-18 14:50:16', '702b5d0e-09c3-423a-ac3e-e41127d1f70e'),
 ('137', '117', '3', '109', 'en_us', '18', '', '{\"typeId\":\"3\",\"authorId\":\"109\",\"title\":\"KLM Layover with a Local\",\"slug\":\"layover-with-a-local\",\"postDate\":1458311040,\"expiryDate\":null,\"enabled\":1,\"parentId\":null,\"fields\":{\"3\":{\"130\":{\"type\":\"textFullWidth\",\"enabled\":\"1\",\"fields\":{\"body\":\"Layover with a Local offers KLM travelers with a stop of 6 hours or more at Amsterdam Schiphol Airport the opportunity to turn this transfer into a trip. \",\"textColor\":\"#000000\",\"backgroundColor\":\"#ffffff\",\"paddingTop\":\"big\",\"paddingBottom\":\"big\",\"uiColor\":\"black\"}},\"132\":{\"type\":\"video\",\"enabled\":\"1\",\"fields\":{\"coverImage\":[\"131\"],\"video\":[\"18\"],\"backgroundColor\":\"#ffffff\",\"backgroundImage\":\"\",\"paddingTop\":\"none\",\"paddingBottom\":\"small\",\"uiColor\":\"black\"}},\"134\":{\"type\":\"textWithImage\",\"enabled\":\"1\",\"fields\":{\"heading\":\"70% of travelers have a layover in Amsterdam\",\"intro\":\"With Amsterdam Central Station just 15 minutes away, why not make use of it? Adventure is just around the corner. \",\"body\":\"By connecting travelers to locals we turn waiting time into wander time, and for KLM it\\u2019s just another way to take you somewhere.\",\"image\":[\"133\"],\"textColor\":\"#000000\",\"backgroundColor\":\"#ffffff\",\"imagePosition\":\"left\",\"paddingTop\":\"big\",\"paddingBottom\":\"small\",\"uiColor\":\"white\"}},\"136\":{\"type\":\"textWithImage\",\"enabled\":\"1\",\"fields\":{\"heading\":\"Intelligent matchmaking based on interests\",\"intro\":\"The element of matching up passengers with locals through a social profile can give hesitation. \",\"body\":\"Therefore, the app uses intelligent matchmaking based on interests, shared languages and availability. Once the traveler requests a meetup, we select 3 locals and notify them with a push notification. \",\"image\":[\"135\"],\"textColor\":\"#000000\",\"backgroundColor\":\"#ffffff\",\"imagePosition\":\"right\",\"paddingTop\":\"big\",\"paddingBottom\":\"big\",\"uiColor\":\"black\"}},\"new1\":{\"type\":\"textTwoColumns\",\"enabled\":\"1\",\"fields\":{\"heading\":\"A personal layover guide for travelers\",\"intro\":\"Leaving the airport during a layover is potentially stressful. That\\u2019s why we created a personal layover guide that gives the traveler step-by-step directions.\",\"body\":\"The layover guide is made up from dynamic cards that offer relevant actions at the appropiate times. Real-time notifications ensure that the traveler returns to the airport in time.\",\"textColor\":\"#ffffff\",\"backgroundColor\":\"#00a1de\",\"paddingTop\":\"big\",\"paddingBottom\":\"none\",\"uiColor\":\"white\"}}},\"41\":\"KLM Royal Dutch Airlines\",\"31\":{\"118\":{\"type\":\"item\",\"enabled\":\"1\",\"fields\":{\"role\":\"Development\",\"contributorName\":\"Superhero Cheesecake\"}}},\"40\":[\"121\"],\"50\":\"\",\"39\":\"Turn your transfer into a trip\",\"36\":{\"119\":{\"type\":\"honour\",\"enabled\":\"1\",\"fields\":{\"honourName\":\"\",\"logo\":\"\"}}},\"43\":\"Mobile Application\",\"42\":\"http:\\/\\/klm.com\\/layover\",\"34\":{\"122\":{\"type\":\"role\",\"enabled\":\"1\",\"fields\":{\"role\":\"Art direction\"}},\"123\":{\"type\":\"role\",\"enabled\":\"1\",\"fields\":{\"role\":\"UI design\"}},\"124\":{\"type\":\"role\",\"enabled\":\"1\",\"fields\":{\"role\":\"Concept development\"}},\"125\":{\"type\":\"role\",\"enabled\":\"1\",\"fields\":{\"role\":\"Service design\"}},\"126\":{\"type\":\"role\",\"enabled\":\"1\",\"fields\":{\"role\":\"Character design\"}},\"127\":{\"type\":\"role\",\"enabled\":\"1\",\"fields\":{\"role\":\"Animation\"}},\"128\":{\"type\":\"role\",\"enabled\":\"1\",\"fields\":{\"role\":\"UX design\"}},\"129\":{\"type\":\"role\",\"enabled\":\"1\",\"fields\":{\"role\":\"Strategy\"}}}}}', '2016-03-18 14:53:28', '2016-03-18 14:53:28', 'e9a910f7-9e2d-4f59-abb2-efb89a68070c'),
 ('138', '117', '3', '109', 'en_us', '19', '', '{\"typeId\":\"3\",\"authorId\":\"109\",\"title\":\"KLM Layover with a Local\",\"slug\":\"layover-with-a-local\",\"postDate\":1458311040,\"expiryDate\":null,\"enabled\":1,\"parentId\":null,\"fields\":{\"3\":{\"130\":{\"type\":\"textFullWidth\",\"enabled\":\"1\",\"fields\":{\"body\":\"Layover with a Local offers KLM travelers with a stop of 6 hours or more at Amsterdam Schiphol Airport the opportunity to turn this transfer into a trip. \",\"textColor\":\"#000000\",\"backgroundColor\":\"#ffffff\",\"paddingTop\":\"big\",\"paddingBottom\":\"big\",\"uiColor\":\"black\"}},\"132\":{\"type\":\"video\",\"enabled\":\"1\",\"fields\":{\"coverImage\":[\"131\"],\"video\":[\"18\"],\"backgroundColor\":\"#ffffff\",\"backgroundImage\":\"\",\"paddingTop\":\"none\",\"paddingBottom\":\"small\",\"uiColor\":\"black\"}},\"134\":{\"type\":\"textWithImage\",\"enabled\":\"1\",\"fields\":{\"heading\":\"70% of travelers have a layover in Amsterdam\",\"intro\":\"With Amsterdam Central Station just 15 minutes away, why not make use of it? Adventure is just around the corner. \",\"body\":\"By connecting travelers to locals we turn waiting time into wander time, and for KLM it\\u2019s just another way to take you somewhere.\",\"image\":[\"133\"],\"textColor\":\"#000000\",\"backgroundColor\":\"#ffffff\",\"imagePosition\":\"left\",\"paddingTop\":\"big\",\"paddingBottom\":\"small\",\"uiColor\":\"white\"}},\"136\":{\"type\":\"textWithImage\",\"enabled\":\"1\",\"fields\":{\"heading\":\"Intelligent matchmaking based on interests\",\"intro\":\"The element of matching up passengers with locals through a social profile can give hesitation. \",\"body\":\"Therefore, the app uses intelligent matchmaking based on interests, shared languages and availability. Once the traveler requests a meetup, we select 3 locals and notify them with a push notification. \",\"image\":[\"135\"],\"textColor\":\"#000000\",\"backgroundColor\":\"#ffffff\",\"imagePosition\":\"right\",\"paddingTop\":\"big\",\"paddingBottom\":\"big\",\"uiColor\":\"black\"}},\"137\":{\"type\":\"textTwoColumns\",\"enabled\":\"1\",\"fields\":{\"heading\":\"A personal layover guide for travelers\",\"intro\":\"Leaving the airport during a layover is potentially stressful. That\\u2019s why we created a personal layover guide that gives the traveler step-by-step directions.\",\"body\":\"The layover guide is made up from dynamic cards that offer relevant actions at the appropiate times. Real-time notifications ensure that the traveler returns to the airport in time.\",\"textColor\":\"#ffffff\",\"backgroundColor\":\"#00a1de\",\"paddingTop\":\"big\",\"paddingBottom\":\"big\",\"uiColor\":\"white\"}}},\"41\":\"KLM Royal Dutch Airlines\",\"31\":{\"118\":{\"type\":\"item\",\"enabled\":\"1\",\"fields\":{\"role\":\"Development\",\"contributorName\":\"Superhero Cheesecake\"}}},\"40\":[\"121\"],\"50\":\"\",\"39\":\"Turn your transfer into a trip\",\"36\":{\"119\":{\"type\":\"honour\",\"enabled\":\"1\",\"fields\":{\"honourName\":\"\",\"logo\":\"\"}}},\"43\":\"Mobile Application\",\"42\":\"http:\\/\\/klm.com\\/layover\",\"34\":{\"122\":{\"type\":\"role\",\"enabled\":\"1\",\"fields\":{\"role\":\"Art direction\"}},\"123\":{\"type\":\"role\",\"enabled\":\"1\",\"fields\":{\"role\":\"UI design\"}},\"124\":{\"type\":\"role\",\"enabled\":\"1\",\"fields\":{\"role\":\"Concept development\"}},\"125\":{\"type\":\"role\",\"enabled\":\"1\",\"fields\":{\"role\":\"Service design\"}},\"126\":{\"type\":\"role\",\"enabled\":\"1\",\"fields\":{\"role\":\"Character design\"}},\"127\":{\"type\":\"role\",\"enabled\":\"1\",\"fields\":{\"role\":\"Animation\"}},\"128\":{\"type\":\"role\",\"enabled\":\"1\",\"fields\":{\"role\":\"UX design\"}},\"129\":{\"type\":\"role\",\"enabled\":\"1\",\"fields\":{\"role\":\"Strategy\"}}}}}', '2016-03-18 14:53:53', '2016-03-18 14:53:53', 'ed878fe1-8725-4091-a96b-4511aa744cf5'),
 ('139', '117', '3', '109', 'en_us', '20', '', '{\"typeId\":\"3\",\"authorId\":\"109\",\"title\":\"KLM Layover with a Local\",\"slug\":\"layover-with-a-local\",\"postDate\":1458311040,\"expiryDate\":null,\"enabled\":1,\"parentId\":null,\"fields\":{\"3\":{\"130\":{\"type\":\"textFullWidth\",\"enabled\":\"1\",\"fields\":{\"body\":\"Layover with a Local offers KLM travelers with a stop of 6 hours or more at Amsterdam Schiphol Airport the opportunity to turn this transfer into a trip. \",\"textColor\":\"#000000\",\"backgroundColor\":\"#ffffff\",\"paddingTop\":\"big\",\"paddingBottom\":\"big\",\"uiColor\":\"black\"}},\"132\":{\"type\":\"video\",\"enabled\":\"1\",\"fields\":{\"coverImage\":[\"131\"],\"video\":[\"18\"],\"backgroundColor\":\"#ffffff\",\"backgroundImage\":\"\",\"paddingTop\":\"none\",\"paddingBottom\":\"small\",\"uiColor\":\"black\"}},\"134\":{\"type\":\"textWithImage\",\"enabled\":\"1\",\"fields\":{\"heading\":\"70% of travelers have a layover in Amsterdam\",\"intro\":\"With Amsterdam Central Station just 15 minutes away, why not make use of it? Adventure is just around the corner. \",\"body\":\"By connecting travelers to locals we turn waiting time into wander time, and for KLM it\\u2019s just another way to take you somewhere.\",\"image\":[\"133\"],\"textColor\":\"#000000\",\"backgroundColor\":\"#ffffff\",\"imagePosition\":\"left\",\"paddingTop\":\"big\",\"paddingBottom\":\"small\",\"uiColor\":\"white\"}},\"136\":{\"type\":\"textWithImage\",\"enabled\":\"1\",\"fields\":{\"heading\":\"Intelligent matchmaking based on interests\",\"intro\":\"The element of matching up passengers with locals through a social profile can give hesitation. \",\"body\":\"Therefore, the app uses intelligent matchmaking based on interests, shared languages and availability. Once the traveler requests a meetup, we select 3 locals and notify them with a push notification. \",\"image\":[\"135\"],\"textColor\":\"#000000\",\"backgroundColor\":\"#ffffff\",\"imagePosition\":\"right\",\"paddingTop\":\"big\",\"paddingBottom\":\"big\",\"uiColor\":\"black\"}},\"137\":{\"type\":\"textTwoColumns\",\"enabled\":\"1\",\"fields\":{\"heading\":\"A personal layover guide for travelers\",\"intro\":\"Leaving the airport during a layover is potentially stressful. That\\u2019s why we created a personal layover guide that gives the traveler step-by-step directions.\",\"body\":\"The layover guide is made up from dynamic cards that offer relevant actions at the appropiate times. Real-time notifications ensure that the traveler returns to the airport in time.\",\"textColor\":\"#ffffff\",\"backgroundColor\":\"#00a1de\",\"paddingTop\":\"big\",\"paddingBottom\":\"big\",\"uiColor\":\"white\"}},\"new2\":{\"type\":\"imageFull\",\"enabled\":\"1\",\"fields\":{\"image\":[\"138\"],\"paddingTop\":\"small\",\"paddingBottom\":\"small\",\"uiColor\":\"white\"}}},\"41\":\"KLM Royal Dutch Airlines\",\"31\":{\"118\":{\"type\":\"item\",\"enabled\":\"1\",\"fields\":{\"role\":\"Development\",\"contributorName\":\"Superhero Cheesecake\"}}},\"40\":[\"121\"],\"50\":\"\",\"39\":\"Turn your transfer into a trip\",\"36\":{\"119\":{\"type\":\"honour\",\"enabled\":\"1\",\"fields\":{\"honourName\":\"\",\"logo\":\"\"}}},\"43\":\"Mobile Application\",\"42\":\"http:\\/\\/klm.com\\/layover\",\"34\":{\"122\":{\"type\":\"role\",\"enabled\":\"1\",\"fields\":{\"role\":\"Art direction\"}},\"123\":{\"type\":\"role\",\"enabled\":\"1\",\"fields\":{\"role\":\"UI design\"}},\"124\":{\"type\":\"role\",\"enabled\":\"1\",\"fields\":{\"role\":\"Concept development\"}},\"125\":{\"type\":\"role\",\"enabled\":\"1\",\"fields\":{\"role\":\"Service design\"}},\"126\":{\"type\":\"role\",\"enabled\":\"1\",\"fields\":{\"role\":\"Character design\"}},\"127\":{\"type\":\"role\",\"enabled\":\"1\",\"fields\":{\"role\":\"Animation\"}},\"128\":{\"type\":\"role\",\"enabled\":\"1\",\"fields\":{\"role\":\"UX design\"}},\"129\":{\"type\":\"role\",\"enabled\":\"1\",\"fields\":{\"role\":\"Strategy\"}}}}}', '2016-03-18 14:55:41', '2016-03-18 14:55:41', '9d8efbed-28ed-4b13-8f13-a95286792d9a'),
 ('140', '117', '3', '109', 'en_us', '21', '', '{\"typeId\":\"3\",\"authorId\":\"109\",\"title\":\"KLM Layover with a Local\",\"slug\":\"layover-with-a-local\",\"postDate\":1458311040,\"expiryDate\":null,\"enabled\":1,\"parentId\":null,\"fields\":{\"3\":{\"130\":{\"type\":\"textFullWidth\",\"enabled\":\"1\",\"fields\":{\"body\":\"Layover with a Local offers KLM travelers with a stop of 6 hours or more at Amsterdam Schiphol Airport the opportunity to turn this transfer into a trip. \",\"textColor\":\"#000000\",\"backgroundColor\":\"#ffffff\",\"paddingTop\":\"big\",\"paddingBottom\":\"big\",\"uiColor\":\"black\"}},\"132\":{\"type\":\"video\",\"enabled\":\"1\",\"fields\":{\"coverImage\":[\"131\"],\"video\":[\"18\"],\"backgroundColor\":\"#ffffff\",\"backgroundImage\":\"\",\"paddingTop\":\"none\",\"paddingBottom\":\"small\",\"uiColor\":\"black\"}},\"134\":{\"type\":\"textWithImage\",\"enabled\":\"1\",\"fields\":{\"heading\":\"70% of travelers have a layover in Amsterdam\",\"intro\":\"With Amsterdam Central Station just 15 minutes away, why not make use of it? Adventure is just around the corner. \",\"body\":\"By connecting travelers to locals we turn waiting time into wander time, and for KLM it\\u2019s just another way to take you somewhere.\",\"image\":[\"133\"],\"textColor\":\"#000000\",\"backgroundColor\":\"#ffffff\",\"imagePosition\":\"left\",\"paddingTop\":\"big\",\"paddingBottom\":\"small\",\"uiColor\":\"white\"}},\"136\":{\"type\":\"textWithImage\",\"enabled\":\"1\",\"fields\":{\"heading\":\"Intelligent matchmaking based on interests\",\"intro\":\"The element of matching up passengers with locals through a social profile can give hesitation. \",\"body\":\"Therefore, the app uses intelligent matchmaking based on interests, shared languages and availability. Once the traveler requests a meetup, we select 3 locals and notify them with a push notification. \",\"image\":[\"135\"],\"textColor\":\"#000000\",\"backgroundColor\":\"#ffffff\",\"imagePosition\":\"right\",\"paddingTop\":\"big\",\"paddingBottom\":\"big\",\"uiColor\":\"black\"}},\"137\":{\"type\":\"textTwoColumns\",\"enabled\":\"1\",\"fields\":{\"heading\":\"A personal layover guide for travelers\",\"intro\":\"Leaving the airport during a layover is potentially stressful. That\\u2019s why we created a personal layover guide that gives the traveler step-by-step directions.\",\"body\":\"The layover guide is made up from dynamic cards that offer relevant actions at the appropiate times. Real-time notifications ensure that the traveler returns to the airport in time.\",\"textColor\":\"#ffffff\",\"backgroundColor\":\"#00a1de\",\"paddingTop\":\"big\",\"paddingBottom\":\"big\",\"uiColor\":\"white\"}},\"139\":{\"type\":\"imageFull\",\"enabled\":\"1\",\"fields\":{\"image\":[\"138\"],\"paddingTop\":\"small\",\"paddingBottom\":\"small\",\"uiColor\":\"white\"}}},\"41\":\"KLM Royal Dutch Airlines\",\"31\":{\"118\":{\"type\":\"item\",\"enabled\":\"1\",\"fields\":{\"role\":\"Development\",\"contributorName\":\"Superhero Cheesecake\"}}},\"40\":[\"121\"],\"50\":\"\",\"39\":\"Turn your transfer into a trip\",\"36\":{\"119\":{\"type\":\"honour\",\"enabled\":\"1\",\"fields\":{\"honourName\":\"\",\"logo\":\"\"}}},\"43\":\"Mobile Application\",\"42\":\"http:\\/\\/klm.com\\/layover\",\"34\":{\"122\":{\"type\":\"role\",\"enabled\":\"1\",\"fields\":{\"role\":\"Art direction\"}},\"123\":{\"type\":\"role\",\"enabled\":\"1\",\"fields\":{\"role\":\"UI design\"}},\"124\":{\"type\":\"role\",\"enabled\":\"1\",\"fields\":{\"role\":\"Concept development\"}},\"125\":{\"type\":\"role\",\"enabled\":\"1\",\"fields\":{\"role\":\"Service design\"}},\"126\":{\"type\":\"role\",\"enabled\":\"1\",\"fields\":{\"role\":\"Character design\"}},\"127\":{\"type\":\"role\",\"enabled\":\"1\",\"fields\":{\"role\":\"Animation\"}},\"128\":{\"type\":\"role\",\"enabled\":\"1\",\"fields\":{\"role\":\"UX design\"}},\"129\":{\"type\":\"role\",\"enabled\":\"1\",\"fields\":{\"role\":\"Strategy\"}}}}}', '2016-03-18 14:56:10', '2016-03-18 14:56:10', 'e3e33e85-3d66-4a77-80a8-995f8549e63d'),
 ('141', '117', '3', '109', 'en_us', '22', '', '{\"typeId\":\"3\",\"authorId\":\"109\",\"title\":\"KLM Layover with a Local\",\"slug\":\"layover-with-a-local\",\"postDate\":1458311040,\"expiryDate\":null,\"enabled\":1,\"parentId\":null,\"fields\":{\"3\":{\"130\":{\"type\":\"textFullWidth\",\"enabled\":\"1\",\"fields\":{\"body\":\"Layover with a Local offers KLM travelers with a stop of 6 hours or more at Amsterdam Schiphol Airport the opportunity to turn this transfer into a trip. \",\"textColor\":\"#000000\",\"backgroundColor\":\"#ffffff\",\"paddingTop\":\"big\",\"paddingBottom\":\"big\",\"uiColor\":\"black\"}},\"132\":{\"type\":\"video\",\"enabled\":\"1\",\"fields\":{\"coverImage\":[\"131\"],\"video\":[\"18\"],\"backgroundColor\":\"#ffffff\",\"backgroundImage\":\"\",\"paddingTop\":\"none\",\"paddingBottom\":\"small\",\"uiColor\":\"black\"}},\"134\":{\"type\":\"textWithImage\",\"enabled\":\"1\",\"fields\":{\"heading\":\"70% of travelers have a layover in Amsterdam\",\"intro\":\"With Amsterdam Central Station just 15 minutes away, why not make use of it? Adventure is just around the corner. \",\"body\":\"By connecting travelers to locals we turn waiting time into wander time, and for KLM it\\u2019s just another way to take you somewhere.\",\"image\":[\"133\"],\"textColor\":\"#000000\",\"backgroundColor\":\"#ffffff\",\"imagePosition\":\"left\",\"paddingTop\":\"big\",\"paddingBottom\":\"small\",\"uiColor\":\"white\"}},\"136\":{\"type\":\"textWithImage\",\"enabled\":\"1\",\"fields\":{\"heading\":\"Intelligent matchmaking based on interests\",\"intro\":\"The element of matching up passengers with locals through a social profile can give hesitation. \",\"body\":\"Therefore, the app uses intelligent matchmaking based on interests, shared languages and availability. Once the traveler requests a meetup, we select 3 locals and notify them with a push notification. \",\"image\":[\"135\"],\"textColor\":\"#000000\",\"backgroundColor\":\"#ffffff\",\"imagePosition\":\"right\",\"paddingTop\":\"big\",\"paddingBottom\":\"big\",\"uiColor\":\"black\"}},\"137\":{\"type\":\"textTwoColumns\",\"enabled\":\"1\",\"fields\":{\"heading\":\"A personal layover guide for travelers\",\"intro\":\"Leaving the airport during a layover is potentially stressful. That\\u2019s why we created a personal layover guide that gives the traveler step-by-step directions.\",\"body\":\"The layover guide is made up from dynamic cards that offer relevant actions at the appropiate times. Real-time notifications ensure that the traveler returns to the airport in time.\",\"textColor\":\"#ffffff\",\"backgroundColor\":\"#00a1de\",\"paddingTop\":\"big\",\"paddingBottom\":\"big\",\"uiColor\":\"white\"}},\"new1\":{\"type\":\"largeImage\",\"enabled\":\"1\",\"fields\":{\"image\":[\"140\"],\"backgroundImage\":\"\",\"backgroundColor\":\"#00a1de\",\"paddingTop\":\"none\",\"paddingBottom\":\"none\",\"uiColor\":\"white\"}}},\"41\":\"KLM Royal Dutch Airlines\",\"31\":{\"118\":{\"type\":\"item\",\"enabled\":\"1\",\"fields\":{\"role\":\"Development\",\"contributorName\":\"Superhero Cheesecake\"}}},\"40\":[\"121\"],\"50\":\"\",\"39\":\"Turn your transfer into a trip\",\"36\":{\"119\":{\"type\":\"honour\",\"enabled\":\"1\",\"fields\":{\"honourName\":\"\",\"logo\":\"\"}}},\"43\":\"Mobile Application\",\"42\":\"http:\\/\\/klm.com\\/layover\",\"34\":{\"122\":{\"type\":\"role\",\"enabled\":\"1\",\"fields\":{\"role\":\"Art direction\"}},\"123\":{\"type\":\"role\",\"enabled\":\"1\",\"fields\":{\"role\":\"UI design\"}},\"124\":{\"type\":\"role\",\"enabled\":\"1\",\"fields\":{\"role\":\"Concept development\"}},\"125\":{\"type\":\"role\",\"enabled\":\"1\",\"fields\":{\"role\":\"Service design\"}},\"126\":{\"type\":\"role\",\"enabled\":\"1\",\"fields\":{\"role\":\"Character design\"}},\"127\":{\"type\":\"role\",\"enabled\":\"1\",\"fields\":{\"role\":\"Animation\"}},\"128\":{\"type\":\"role\",\"enabled\":\"1\",\"fields\":{\"role\":\"UX design\"}},\"129\":{\"type\":\"role\",\"enabled\":\"1\",\"fields\":{\"role\":\"Strategy\"}}}}}', '2016-03-18 14:57:27', '2016-03-18 14:57:27', '1928c8f6-ae27-48e5-a630-1c91102375df'),
 ('142', '117', '3', '109', 'en_us', '23', '', '{\"typeId\":\"3\",\"authorId\":\"109\",\"title\":\"KLM Layover with a Local\",\"slug\":\"layover-with-a-local\",\"postDate\":1458311040,\"expiryDate\":null,\"enabled\":1,\"parentId\":null,\"fields\":{\"3\":{\"130\":{\"type\":\"textFullWidth\",\"enabled\":\"1\",\"fields\":{\"body\":\"Layover with a Local offers KLM travelers with a stop of 6 hours or more at Amsterdam Schiphol Airport the opportunity to turn this transfer into a trip. \",\"textColor\":\"#000000\",\"backgroundColor\":\"#ffffff\",\"paddingTop\":\"big\",\"paddingBottom\":\"big\",\"uiColor\":\"black\"}},\"132\":{\"type\":\"video\",\"enabled\":\"1\",\"fields\":{\"coverImage\":[\"131\"],\"video\":[\"18\"],\"backgroundColor\":\"#ffffff\",\"backgroundImage\":\"\",\"paddingTop\":\"none\",\"paddingBottom\":\"small\",\"uiColor\":\"black\"}},\"134\":{\"type\":\"textWithImage\",\"enabled\":\"1\",\"fields\":{\"heading\":\"70% of travelers have a layover in Amsterdam\",\"intro\":\"With Amsterdam Central Station just 15 minutes away, why not make use of it? Adventure is just around the corner. \",\"body\":\"By connecting travelers to locals we turn waiting time into wander time, and for KLM it\\u2019s just another way to take you somewhere.\",\"image\":[\"133\"],\"textColor\":\"#000000\",\"backgroundColor\":\"#ffffff\",\"imagePosition\":\"left\",\"paddingTop\":\"big\",\"paddingBottom\":\"small\",\"uiColor\":\"white\"}},\"136\":{\"type\":\"textWithImage\",\"enabled\":\"1\",\"fields\":{\"heading\":\"Intelligent matchmaking based on interests\",\"intro\":\"The element of matching up passengers with locals through a social profile can give hesitation. \",\"body\":\"Therefore, the app uses intelligent matchmaking based on interests, shared languages and availability. Once the traveler requests a meetup, we select 3 locals and notify them with a push notification. \",\"image\":[\"135\"],\"textColor\":\"#000000\",\"backgroundColor\":\"#ffffff\",\"imagePosition\":\"right\",\"paddingTop\":\"big\",\"paddingBottom\":\"big\",\"uiColor\":\"black\"}},\"137\":{\"type\":\"textTwoColumns\",\"enabled\":\"1\",\"fields\":{\"heading\":\"A personal layover guide for travelers\",\"intro\":\"Leaving the airport during a layover is potentially stressful. That\\u2019s why we created a personal layover guide that gives the traveler step-by-step directions.\",\"body\":\"The layover guide is made up from dynamic cards that offer relevant actions at the appropiate times. Real-time notifications ensure that the traveler returns to the airport in time.\",\"textColor\":\"#ffffff\",\"backgroundColor\":\"#00a1de\",\"paddingTop\":\"big\",\"paddingBottom\":\"big\",\"uiColor\":\"white\"}},\"141\":{\"type\":\"largeImage\",\"enabled\":\"1\",\"fields\":{\"image\":[\"142\"],\"backgroundImage\":\"\",\"backgroundColor\":\"#00a1de\",\"paddingTop\":\"none\",\"paddingBottom\":\"none\",\"uiColor\":\"white\"}}},\"41\":\"KLM Royal Dutch Airlines\",\"31\":{\"118\":{\"type\":\"item\",\"enabled\":\"1\",\"fields\":{\"role\":\"Development\",\"contributorName\":\"Superhero Cheesecake\"}}},\"40\":[\"121\"],\"50\":\"\",\"39\":\"Turn your transfer into a trip\",\"36\":{\"119\":{\"type\":\"honour\",\"enabled\":\"1\",\"fields\":{\"honourName\":\"\",\"logo\":\"\"}}},\"43\":\"Mobile Application\",\"42\":\"http:\\/\\/klm.com\\/layover\",\"34\":{\"122\":{\"type\":\"role\",\"enabled\":\"1\",\"fields\":{\"role\":\"Art direction\"}},\"123\":{\"type\":\"role\",\"enabled\":\"1\",\"fields\":{\"role\":\"UI design\"}},\"124\":{\"type\":\"role\",\"enabled\":\"1\",\"fields\":{\"role\":\"Concept development\"}},\"125\":{\"type\":\"role\",\"enabled\":\"1\",\"fields\":{\"role\":\"Service design\"}},\"126\":{\"type\":\"role\",\"enabled\":\"1\",\"fields\":{\"role\":\"Character design\"}},\"127\":{\"type\":\"role\",\"enabled\":\"1\",\"fields\":{\"role\":\"Animation\"}},\"128\":{\"type\":\"role\",\"enabled\":\"1\",\"fields\":{\"role\":\"UX design\"}},\"129\":{\"type\":\"role\",\"enabled\":\"1\",\"fields\":{\"role\":\"Strategy\"}}}}}', '2016-03-18 14:58:38', '2016-03-18 14:58:38', 'b8fa7d3b-cb09-496f-99df-c49c3775c9ea'),
 ('143', '117', '3', '109', 'en_us', '24', '', '{\"typeId\":\"3\",\"authorId\":\"109\",\"title\":\"KLM Layover with a Local\",\"slug\":\"layover-with-a-local\",\"postDate\":1458311040,\"expiryDate\":null,\"enabled\":1,\"parentId\":null,\"fields\":{\"3\":{\"130\":{\"type\":\"textFullWidth\",\"enabled\":\"1\",\"fields\":{\"body\":\"Layover with a Local offers KLM travelers with a stop of 6 hours or more at Amsterdam Schiphol Airport the opportunity to turn this transfer into a trip. \",\"textColor\":\"#000000\",\"backgroundColor\":\"#ffffff\",\"paddingTop\":\"big\",\"paddingBottom\":\"big\",\"uiColor\":\"black\"}},\"132\":{\"type\":\"video\",\"enabled\":\"1\",\"fields\":{\"coverImage\":[\"131\"],\"video\":[\"18\"],\"backgroundColor\":\"#ffffff\",\"backgroundImage\":\"\",\"paddingTop\":\"none\",\"paddingBottom\":\"small\",\"uiColor\":\"black\"}},\"134\":{\"type\":\"textWithImage\",\"enabled\":\"1\",\"fields\":{\"heading\":\"70% of travelers have a layover in Amsterdam\",\"intro\":\"With Amsterdam Central Station just 15 minutes away, why not make use of it? Adventure is just around the corner. \",\"body\":\"By connecting travelers to locals we turn waiting time into wander time, and for KLM it\\u2019s just another way to take you somewhere.\",\"image\":[\"133\"],\"textColor\":\"#000000\",\"backgroundColor\":\"#ffffff\",\"imagePosition\":\"left\",\"paddingTop\":\"big\",\"paddingBottom\":\"small\",\"uiColor\":\"white\"}},\"136\":{\"type\":\"textWithImage\",\"enabled\":\"1\",\"fields\":{\"heading\":\"Intelligent matchmaking based on interests\",\"intro\":\"The element of matching up passengers with locals through a social profile can give hesitation. \",\"body\":\"Therefore, the app uses intelligent matchmaking based on interests, shared languages and availability. Once the traveler requests a meetup, we select 3 locals and notify them with a push notification. \",\"image\":[\"135\"],\"textColor\":\"#000000\",\"backgroundColor\":\"#ffffff\",\"imagePosition\":\"right\",\"paddingTop\":\"big\",\"paddingBottom\":\"big\",\"uiColor\":\"black\"}},\"137\":{\"type\":\"textTwoColumns\",\"enabled\":\"1\",\"fields\":{\"heading\":\"A personal layover guide for travelers\",\"intro\":\"Leaving the airport during a layover is potentially stressful. That\\u2019s why we created a personal layover guide that gives the traveler step-by-step directions.\",\"body\":\"The layover guide is made up from dynamic cards that offer relevant actions at the appropiate times. Real-time notifications ensure that the traveler returns to the airport in time.\",\"textColor\":\"#ffffff\",\"backgroundColor\":\"#00a1de\",\"paddingTop\":\"big\",\"paddingBottom\":\"small\",\"uiColor\":\"white\"}},\"141\":{\"type\":\"largeImage\",\"enabled\":\"1\",\"fields\":{\"image\":[\"142\"],\"backgroundImage\":\"\",\"backgroundColor\":\"#00a1de\",\"paddingTop\":\"none\",\"paddingBottom\":\"small\",\"uiColor\":\"white\"}}},\"41\":\"KLM Royal Dutch Airlines\",\"31\":{\"118\":{\"type\":\"item\",\"enabled\":\"1\",\"fields\":{\"role\":\"Development\",\"contributorName\":\"Superhero Cheesecake\"}}},\"40\":[\"121\"],\"50\":\"\",\"39\":\"Turn your transfer into a trip\",\"36\":{\"119\":{\"type\":\"honour\",\"enabled\":\"1\",\"fields\":{\"honourName\":\"\",\"logo\":\"\"}}},\"43\":\"Mobile Application\",\"42\":\"http:\\/\\/klm.com\\/layover\",\"34\":{\"122\":{\"type\":\"role\",\"enabled\":\"1\",\"fields\":{\"role\":\"Art direction\"}},\"123\":{\"type\":\"role\",\"enabled\":\"1\",\"fields\":{\"role\":\"UI design\"}},\"124\":{\"type\":\"role\",\"enabled\":\"1\",\"fields\":{\"role\":\"Concept development\"}},\"125\":{\"type\":\"role\",\"enabled\":\"1\",\"fields\":{\"role\":\"Service design\"}},\"126\":{\"type\":\"role\",\"enabled\":\"1\",\"fields\":{\"role\":\"Character design\"}},\"127\":{\"type\":\"role\",\"enabled\":\"1\",\"fields\":{\"role\":\"Animation\"}},\"128\":{\"type\":\"role\",\"enabled\":\"1\",\"fields\":{\"role\":\"UX design\"}},\"129\":{\"type\":\"role\",\"enabled\":\"1\",\"fields\":{\"role\":\"Strategy\"}}}}}', '2016-03-18 14:59:06', '2016-03-18 14:59:06', '9962b8af-bbd8-4c62-a6c3-5991073e9d81'),
 ('144', '117', '3', '109', 'en_us', '25', '', '{\"typeId\":\"3\",\"authorId\":\"109\",\"title\":\"KLM Layover with a Local\",\"slug\":\"layover-with-a-local\",\"postDate\":1458311040,\"expiryDate\":null,\"enabled\":1,\"parentId\":null,\"fields\":{\"3\":{\"130\":{\"type\":\"textFullWidth\",\"enabled\":\"1\",\"fields\":{\"body\":\"Layover with a Local offers KLM travelers with a stop of 6 hours or more at Amsterdam Schiphol Airport the opportunity to turn this transfer into a trip. \",\"textColor\":\"#000000\",\"backgroundColor\":\"#ffffff\",\"paddingTop\":\"big\",\"paddingBottom\":\"big\",\"uiColor\":\"black\"}},\"132\":{\"type\":\"video\",\"enabled\":\"1\",\"fields\":{\"coverImage\":[\"131\"],\"video\":[\"18\"],\"backgroundColor\":\"#ffffff\",\"backgroundImage\":\"\",\"paddingTop\":\"none\",\"paddingBottom\":\"small\",\"uiColor\":\"black\"}},\"134\":{\"type\":\"textWithImage\",\"enabled\":\"1\",\"fields\":{\"heading\":\"70% of travelers have a layover in Amsterdam\",\"intro\":\"With Amsterdam Central Station just 15 minutes away, why not make use of it? Adventure is just around the corner. \",\"body\":\"By connecting travelers to locals we turn waiting time into wander time, and for KLM it\\u2019s just another way to take you somewhere.\",\"image\":[\"133\"],\"textColor\":\"#000000\",\"backgroundColor\":\"#ffffff\",\"imagePosition\":\"left\",\"paddingTop\":\"big\",\"paddingBottom\":\"small\",\"uiColor\":\"white\"}},\"136\":{\"type\":\"textWithImage\",\"enabled\":\"1\",\"fields\":{\"heading\":\"Intelligent matchmaking based on interests\",\"intro\":\"The element of matching up passengers with locals through a social profile can give hesitation. \",\"body\":\"Therefore, the app uses intelligent matchmaking based on interests, shared languages and availability. Once the traveler requests a meetup, we select 3 locals and notify them with a push notification. \",\"image\":[\"135\"],\"textColor\":\"#000000\",\"backgroundColor\":\"#ffffff\",\"imagePosition\":\"right\",\"paddingTop\":\"big\",\"paddingBottom\":\"big\",\"uiColor\":\"black\"}},\"137\":{\"type\":\"textTwoColumns\",\"enabled\":\"1\",\"fields\":{\"heading\":\"A personal layover guide for travelers\",\"intro\":\"Leaving the airport during a layover is potentially stressful. That\\u2019s why we created a personal layover guide that gives the traveler step-by-step directions.\",\"body\":\"The layover guide is made up from dynamic cards that offer relevant actions at the appropiate times. Real-time notifications ensure that the traveler returns to the airport in time.\",\"textColor\":\"#ffffff\",\"backgroundColor\":\"#00a1de\",\"paddingTop\":\"big\",\"paddingBottom\":\"small\",\"uiColor\":\"white\"}},\"141\":{\"type\":\"largeImage\",\"enabled\":\"1\",\"fields\":{\"image\":[\"142\"],\"backgroundImage\":\"\",\"backgroundColor\":\"#00a1de\",\"paddingTop\":\"none\",\"paddingBottom\":\"small\",\"uiColor\":\"white\"}},\"new1\":{\"type\":\"video\",\"enabled\":\"1\",\"fields\":{\"coverImage\":[\"131\"],\"video\":[\"18\"],\"backgroundColor\":\"#ffffff\",\"backgroundImage\":\"\",\"paddingTop\":\"small\",\"paddingBottom\":\"small\",\"uiColor\":\"black\"}}},\"41\":\"KLM Royal Dutch Airlines\",\"31\":{\"118\":{\"type\":\"item\",\"enabled\":\"1\",\"fields\":{\"role\":\"Development\",\"contributorName\":\"Superhero Cheesecake\"}}},\"40\":[\"121\"],\"50\":\"\",\"39\":\"Turn your transfer into a trip\",\"36\":{\"119\":{\"type\":\"honour\",\"enabled\":\"1\",\"fields\":{\"honourName\":\"\",\"logo\":\"\"}}},\"43\":\"Mobile Application\",\"42\":\"http:\\/\\/klm.com\\/layover\",\"34\":{\"122\":{\"type\":\"role\",\"enabled\":\"1\",\"fields\":{\"role\":\"Art direction\"}},\"123\":{\"type\":\"role\",\"enabled\":\"1\",\"fields\":{\"role\":\"UI design\"}},\"124\":{\"type\":\"role\",\"enabled\":\"1\",\"fields\":{\"role\":\"Concept development\"}},\"125\":{\"type\":\"role\",\"enabled\":\"1\",\"fields\":{\"role\":\"Service design\"}},\"126\":{\"type\":\"role\",\"enabled\":\"1\",\"fields\":{\"role\":\"Character design\"}},\"127\":{\"type\":\"role\",\"enabled\":\"1\",\"fields\":{\"role\":\"Animation\"}},\"128\":{\"type\":\"role\",\"enabled\":\"1\",\"fields\":{\"role\":\"UX design\"}},\"129\":{\"type\":\"role\",\"enabled\":\"1\",\"fields\":{\"role\":\"Strategy\"}}}}}', '2016-03-18 15:33:27', '2016-03-18 15:33:27', 'b551be41-26b4-4b54-b76c-c6a2197285c0'),
 ('145', '117', '3', '109', 'en_us', '26', '', '{\"typeId\":\"3\",\"authorId\":\"109\",\"title\":\"KLM Layover with a Local\",\"slug\":\"layover-with-a-local\",\"postDate\":1458311040,\"expiryDate\":null,\"enabled\":1,\"parentId\":null,\"fields\":{\"3\":{\"130\":{\"type\":\"textFullWidth\",\"enabled\":\"1\",\"fields\":{\"body\":\"Layover with a Local offers KLM travelers with a stop of 6 hours or more at Amsterdam Schiphol Airport the opportunity to turn this transfer into a trip. \",\"textColor\":\"#000000\",\"backgroundColor\":\"#ffffff\",\"paddingTop\":\"big\",\"paddingBottom\":\"big\",\"uiColor\":\"black\"}},\"132\":{\"type\":\"video\",\"enabled\":\"1\",\"fields\":{\"coverImage\":[\"131\"],\"video\":[\"18\"],\"backgroundColor\":\"#ffffff\",\"backgroundImage\":\"\",\"paddingTop\":\"none\",\"paddingBottom\":\"small\",\"uiColor\":\"black\"}},\"134\":{\"type\":\"textWithImage\",\"enabled\":\"1\",\"fields\":{\"heading\":\"70% of travelers have a layover in Amsterdam\",\"intro\":\"With Amsterdam Central Station just 15 minutes away, why not make use of it? Adventure is just around the corner. \",\"body\":\"By connecting travelers to locals we turn waiting time into wander time, and for KLM it\\u2019s just another way to take you somewhere.\",\"image\":[\"133\"],\"textColor\":\"#000000\",\"backgroundColor\":\"#ffffff\",\"imagePosition\":\"left\",\"paddingTop\":\"big\",\"paddingBottom\":\"small\",\"uiColor\":\"white\"}},\"136\":{\"type\":\"textWithImage\",\"enabled\":\"1\",\"fields\":{\"heading\":\"Intelligent matchmaking based on interests\",\"intro\":\"The element of matching up passengers with locals through a social profile can give hesitation. \",\"body\":\"Therefore, the app uses intelligent matchmaking based on interests, shared languages and availability. Once the traveler requests a meetup, we select 3 locals and notify them with a push notification. \",\"image\":[\"135\"],\"textColor\":\"#000000\",\"backgroundColor\":\"#ffffff\",\"imagePosition\":\"right\",\"paddingTop\":\"big\",\"paddingBottom\":\"big\",\"uiColor\":\"black\"}},\"137\":{\"type\":\"textTwoColumns\",\"enabled\":\"1\",\"fields\":{\"heading\":\"A personal layover guide for travelers\",\"intro\":\"Leaving the airport during a layover is potentially stressful. That\\u2019s why we created a personal layover guide that gives the traveler step-by-step directions.\",\"body\":\"The layover guide is made up from dynamic cards that offer relevant actions at the appropiate times. Real-time notifications ensure that the traveler returns to the airport in time.\",\"textColor\":\"#ffffff\",\"backgroundColor\":\"#00a1de\",\"paddingTop\":\"big\",\"paddingBottom\":\"small\",\"uiColor\":\"white\"}},\"141\":{\"type\":\"largeImage\",\"enabled\":\"1\",\"fields\":{\"image\":[\"142\"],\"backgroundImage\":\"\",\"backgroundColor\":\"#00a1de\",\"paddingTop\":\"none\",\"paddingBottom\":\"small\",\"uiColor\":\"white\"}},\"143\":{\"type\":\"video\",\"enabled\":\"1\",\"fields\":{\"coverImage\":[\"131\"],\"video\":[\"18\"],\"backgroundColor\":\"#ffffff\",\"backgroundImage\":\"\",\"paddingTop\":\"small\",\"paddingBottom\":\"small\",\"uiColor\":\"black\"}},\"new1\":{\"type\":\"textWithImage\",\"enabled\":\"1\",\"fields\":{\"heading\":\"An all-inclusive mini trip\",\"intro\":\"In collaboration with the national railway company we offer the traveler a free train ticket into the city.\",\"body\":\"But there is more. At selected bars, they can get their first drink for free, available through an in-app coupon. As a local, you can set your availability so you can meet up with travelers only when you really want to.\",\"image\":[\"144\"],\"textColor\":\"#000000\",\"backgroundColor\":\"#ffffff\",\"imagePosition\":\"right\",\"paddingTop\":\"none\",\"paddingBottom\":\"none\",\"uiColor\":\"black\"}}},\"41\":\"KLM Royal Dutch Airlines\",\"31\":{\"118\":{\"type\":\"item\",\"enabled\":\"1\",\"fields\":{\"role\":\"Development\",\"contributorName\":\"Superhero Cheesecake\"}}},\"40\":[\"121\"],\"50\":\"\",\"39\":\"Turn your transfer into a trip\",\"36\":{\"119\":{\"type\":\"honour\",\"enabled\":\"1\",\"fields\":{\"honourName\":\"\",\"logo\":\"\"}}},\"43\":\"Mobile Application\",\"42\":\"http:\\/\\/klm.com\\/layover\",\"34\":{\"122\":{\"type\":\"role\",\"enabled\":\"1\",\"fields\":{\"role\":\"Art direction\"}},\"123\":{\"type\":\"role\",\"enabled\":\"1\",\"fields\":{\"role\":\"UI design\"}},\"124\":{\"type\":\"role\",\"enabled\":\"1\",\"fields\":{\"role\":\"Concept development\"}},\"125\":{\"type\":\"role\",\"enabled\":\"1\",\"fields\":{\"role\":\"Service design\"}},\"126\":{\"type\":\"role\",\"enabled\":\"1\",\"fields\":{\"role\":\"Character design\"}},\"127\":{\"type\":\"role\",\"enabled\":\"1\",\"fields\":{\"role\":\"Animation\"}},\"128\":{\"type\":\"role\",\"enabled\":\"1\",\"fields\":{\"role\":\"UX design\"}},\"129\":{\"type\":\"role\",\"enabled\":\"1\",\"fields\":{\"role\":\"Strategy\"}}}}}', '2016-03-18 15:34:41', '2016-03-18 15:34:41', '920af646-191f-443e-8a1a-e2f87923e3ae'),
 ('146', '117', '3', '109', 'en_us', '27', '', '{\"typeId\":\"3\",\"authorId\":\"109\",\"title\":\"KLM Layover with a Local\",\"slug\":\"layover-with-a-local\",\"postDate\":1458311040,\"expiryDate\":null,\"enabled\":1,\"parentId\":null,\"fields\":{\"3\":{\"130\":{\"type\":\"textFullWidth\",\"enabled\":\"1\",\"fields\":{\"body\":\"Layover with a Local offers KLM travelers with a stop of 6 hours or more at Amsterdam Schiphol Airport the opportunity to turn this transfer into a trip. \",\"textColor\":\"#000000\",\"backgroundColor\":\"#ffffff\",\"paddingTop\":\"big\",\"paddingBottom\":\"big\",\"uiColor\":\"black\"}},\"132\":{\"type\":\"video\",\"enabled\":\"1\",\"fields\":{\"coverImage\":[\"131\"],\"video\":[\"18\"],\"backgroundColor\":\"#ffffff\",\"backgroundImage\":\"\",\"paddingTop\":\"none\",\"paddingBottom\":\"small\",\"uiColor\":\"black\"}},\"134\":{\"type\":\"textWithImage\",\"enabled\":\"1\",\"fields\":{\"heading\":\"70% of travelers have a layover in Amsterdam\",\"intro\":\"With Amsterdam Central Station just 15 minutes away, why not make use of it? Adventure is just around the corner. \",\"body\":\"By connecting travelers to locals we turn waiting time into wander time, and for KLM it\\u2019s just another way to take you somewhere.\",\"image\":[\"133\"],\"textColor\":\"#000000\",\"backgroundColor\":\"#ffffff\",\"imagePosition\":\"left\",\"paddingTop\":\"big\",\"paddingBottom\":\"small\",\"uiColor\":\"white\"}},\"136\":{\"type\":\"textWithImage\",\"enabled\":\"1\",\"fields\":{\"heading\":\"Intelligent matchmaking based on interests\",\"intro\":\"The element of matching up passengers with locals through a social profile can give hesitation. \",\"body\":\"Therefore, the app uses intelligent matchmaking based on interests, shared languages and availability. Once the traveler requests a meetup, we select 3 locals and notify them with a push notification. \",\"image\":[\"135\"],\"textColor\":\"#000000\",\"backgroundColor\":\"#ffffff\",\"imagePosition\":\"right\",\"paddingTop\":\"big\",\"paddingBottom\":\"big\",\"uiColor\":\"black\"}},\"137\":{\"type\":\"textTwoColumns\",\"enabled\":\"1\",\"fields\":{\"heading\":\"A personal layover guide for travelers\",\"intro\":\"Leaving the airport during a layover is potentially stressful. That\\u2019s why we created a personal layover guide that gives the traveler step-by-step directions.\",\"body\":\"The layover guide is made up from dynamic cards that offer relevant actions at the appropiate times. Real-time notifications ensure that the traveler returns to the airport in time.\",\"textColor\":\"#ffffff\",\"backgroundColor\":\"#00a1de\",\"paddingTop\":\"big\",\"paddingBottom\":\"small\",\"uiColor\":\"white\"}},\"141\":{\"type\":\"largeImage\",\"enabled\":\"1\",\"fields\":{\"image\":[\"142\"],\"backgroundImage\":\"\",\"backgroundColor\":\"#00a1de\",\"paddingTop\":\"none\",\"paddingBottom\":\"small\",\"uiColor\":\"white\"}},\"143\":{\"type\":\"video\",\"enabled\":\"1\",\"fields\":{\"coverImage\":[\"131\"],\"video\":[\"18\"],\"backgroundColor\":\"#ffffff\",\"backgroundImage\":\"\",\"paddingTop\":\"small\",\"paddingBottom\":\"small\",\"uiColor\":\"black\"}},\"145\":{\"type\":\"textWithImage\",\"enabled\":\"1\",\"fields\":{\"heading\":\"An all-inclusive mini trip\",\"intro\":\"In collaboration with the national railway company we offer the traveler a free train ticket into the city.\",\"body\":\"But there is more. At selected bars, they can get their first drink for free, available through an in-app coupon. As a local, you can set your availability so you can meet up with travelers only when you really want to.\",\"image\":[\"144\"],\"textColor\":\"#000000\",\"backgroundColor\":\"#ffffff\",\"imagePosition\":\"right\",\"paddingTop\":\"small\",\"paddingBottom\":\"small\",\"uiColor\":\"black\"}}},\"41\":\"KLM Royal Dutch Airlines\",\"31\":{\"118\":{\"type\":\"item\",\"enabled\":\"1\",\"fields\":{\"role\":\"Development\",\"contributorName\":\"Superhero Cheesecake\"}}},\"40\":[\"121\"],\"50\":\"\",\"39\":\"Turn your transfer into a trip\",\"36\":{\"119\":{\"type\":\"honour\",\"enabled\":\"1\",\"fields\":{\"honourName\":\"\",\"logo\":\"\"}}},\"43\":\"Mobile Application\",\"42\":\"http:\\/\\/klm.com\\/layover\",\"34\":{\"122\":{\"type\":\"role\",\"enabled\":\"1\",\"fields\":{\"role\":\"Art direction\"}},\"123\":{\"type\":\"role\",\"enabled\":\"1\",\"fields\":{\"role\":\"UI design\"}},\"124\":{\"type\":\"role\",\"enabled\":\"1\",\"fields\":{\"role\":\"Concept development\"}},\"125\":{\"type\":\"role\",\"enabled\":\"1\",\"fields\":{\"role\":\"Service design\"}},\"126\":{\"type\":\"role\",\"enabled\":\"1\",\"fields\":{\"role\":\"Character design\"}},\"127\":{\"type\":\"role\",\"enabled\":\"1\",\"fields\":{\"role\":\"Animation\"}},\"128\":{\"type\":\"role\",\"enabled\":\"1\",\"fields\":{\"role\":\"UX design\"}},\"129\":{\"type\":\"role\",\"enabled\":\"1\",\"fields\":{\"role\":\"Strategy\"}}}}}', '2016-03-18 15:35:11', '2016-03-18 15:35:11', '53f499e2-69fb-4d48-aa9d-13d749661345'),
 ('147', '117', '3', '109', 'en_us', '28', '', '{\"typeId\":\"3\",\"authorId\":\"109\",\"title\":\"KLM Layover with a Local\",\"slug\":\"layover-with-a-local\",\"postDate\":1458311040,\"expiryDate\":null,\"enabled\":1,\"parentId\":null,\"fields\":{\"3\":{\"130\":{\"type\":\"textFullWidth\",\"enabled\":\"1\",\"fields\":{\"body\":\"Layover with a Local offers KLM travelers with a stop of 6 hours or more at Amsterdam Schiphol Airport the opportunity to turn this transfer into a trip. \",\"textColor\":\"#000000\",\"backgroundColor\":\"#ffffff\",\"paddingTop\":\"big\",\"paddingBottom\":\"big\",\"uiColor\":\"black\"}},\"132\":{\"type\":\"video\",\"enabled\":\"1\",\"fields\":{\"coverImage\":[\"131\"],\"video\":[\"18\"],\"backgroundColor\":\"#ffffff\",\"backgroundImage\":\"\",\"paddingTop\":\"none\",\"paddingBottom\":\"small\",\"uiColor\":\"black\"}},\"134\":{\"type\":\"textWithImage\",\"enabled\":\"1\",\"fields\":{\"heading\":\"70% of travelers have a layover in Amsterdam\",\"intro\":\"With Amsterdam Central Station just 15 minutes away, why not make use of it? Adventure is just around the corner. \",\"body\":\"By connecting travelers to locals we turn waiting time into wander time, and for KLM it\\u2019s just another way to take you somewhere.\",\"image\":[\"133\"],\"textColor\":\"#000000\",\"backgroundColor\":\"#ffffff\",\"imagePosition\":\"left\",\"paddingTop\":\"big\",\"paddingBottom\":\"small\",\"uiColor\":\"white\"}},\"136\":{\"type\":\"textWithImage\",\"enabled\":\"1\",\"fields\":{\"heading\":\"Intelligent matchmaking based on interests\",\"intro\":\"The element of matching up passengers with locals through a social profile can give hesitation. \",\"body\":\"Therefore, the app uses intelligent matchmaking based on interests, shared languages and availability. Once the traveler requests a meetup, we select 3 locals and notify them with a push notification. \",\"image\":[\"135\"],\"textColor\":\"#000000\",\"backgroundColor\":\"#ffffff\",\"imagePosition\":\"right\",\"paddingTop\":\"big\",\"paddingBottom\":\"big\",\"uiColor\":\"black\"}},\"137\":{\"type\":\"textTwoColumns\",\"enabled\":\"1\",\"fields\":{\"heading\":\"A personal layover guide for travelers\",\"intro\":\"Leaving the airport during a layover is potentially stressful. That\\u2019s why we created a personal layover guide that gives the traveler step-by-step directions.\",\"body\":\"The layover guide is made up from dynamic cards that offer relevant actions at the appropiate times. Real-time notifications ensure that the traveler returns to the airport in time.\",\"textColor\":\"#ffffff\",\"backgroundColor\":\"#00a1de\",\"paddingTop\":\"big\",\"paddingBottom\":\"small\",\"uiColor\":\"white\"}},\"141\":{\"type\":\"largeImage\",\"enabled\":\"1\",\"fields\":{\"image\":[\"142\"],\"backgroundImage\":\"\",\"backgroundColor\":\"#00a1de\",\"paddingTop\":\"none\",\"paddingBottom\":\"small\",\"uiColor\":\"white\"}},\"143\":{\"type\":\"video\",\"enabled\":\"1\",\"fields\":{\"coverImage\":[\"131\"],\"video\":[\"18\"],\"backgroundColor\":\"#ffffff\",\"backgroundImage\":\"\",\"paddingTop\":\"big\",\"paddingBottom\":\"big\",\"uiColor\":\"black\"}},\"145\":{\"type\":\"textWithImage\",\"enabled\":\"1\",\"fields\":{\"heading\":\"An all-inclusive mini trip\",\"intro\":\"In collaboration with the national railway company we offer the traveler a free train ticket into the city.\",\"body\":\"But there is more. At selected bars, they can get their first drink for free, available through an in-app coupon. As a local, you can set your availability so you can meet up with travelers only when you really want to.\",\"image\":[\"144\"],\"textColor\":\"#000000\",\"backgroundColor\":\"#ffffff\",\"imagePosition\":\"right\",\"paddingTop\":\"small\",\"paddingBottom\":\"small\",\"uiColor\":\"black\"}}},\"41\":\"KLM Royal Dutch Airlines\",\"31\":{\"118\":{\"type\":\"item\",\"enabled\":\"1\",\"fields\":{\"role\":\"Development\",\"contributorName\":\"Superhero Cheesecake\"}}},\"40\":[\"121\"],\"50\":\"\",\"39\":\"Turn your transfer into a trip\",\"36\":{\"119\":{\"type\":\"honour\",\"enabled\":\"1\",\"fields\":{\"honourName\":\"\",\"logo\":\"\"}}},\"43\":\"Mobile Application\",\"42\":\"http:\\/\\/klm.com\\/layover\",\"34\":{\"122\":{\"type\":\"role\",\"enabled\":\"1\",\"fields\":{\"role\":\"Art direction\"}},\"123\":{\"type\":\"role\",\"enabled\":\"1\",\"fields\":{\"role\":\"UI design\"}},\"124\":{\"type\":\"role\",\"enabled\":\"1\",\"fields\":{\"role\":\"Concept development\"}},\"125\":{\"type\":\"role\",\"enabled\":\"1\",\"fields\":{\"role\":\"Service design\"}},\"126\":{\"type\":\"role\",\"enabled\":\"1\",\"fields\":{\"role\":\"Character design\"}},\"127\":{\"type\":\"role\",\"enabled\":\"1\",\"fields\":{\"role\":\"Animation\"}},\"128\":{\"type\":\"role\",\"enabled\":\"1\",\"fields\":{\"role\":\"UX design\"}},\"129\":{\"type\":\"role\",\"enabled\":\"1\",\"fields\":{\"role\":\"Strategy\"}}}}}', '2016-03-18 15:35:50', '2016-03-18 15:35:50', '922b6b14-4e24-410b-a9f1-83ba7af3fce3'),
 ('148', '117', '3', '109', 'en_us', '29', '', '{\"typeId\":\"3\",\"authorId\":\"109\",\"title\":\"KLM Layover with a Local\",\"slug\":\"layover-with-a-local\",\"postDate\":1458311040,\"expiryDate\":null,\"enabled\":1,\"parentId\":null,\"fields\":{\"3\":{\"130\":{\"type\":\"textFullWidth\",\"enabled\":\"1\",\"fields\":{\"body\":\"Layover with a Local offers KLM travelers with a stop of 6 hours or more at Amsterdam Schiphol Airport the opportunity to turn this transfer into a trip. \",\"textColor\":\"#000000\",\"backgroundColor\":\"#ffffff\",\"paddingTop\":\"big\",\"paddingBottom\":\"big\",\"uiColor\":\"black\"}},\"132\":{\"type\":\"video\",\"enabled\":\"1\",\"fields\":{\"coverImage\":[\"131\"],\"video\":[\"18\"],\"backgroundColor\":\"#ffffff\",\"backgroundImage\":\"\",\"paddingTop\":\"none\",\"paddingBottom\":\"small\",\"uiColor\":\"black\"}},\"134\":{\"type\":\"textWithImage\",\"enabled\":\"1\",\"fields\":{\"heading\":\"70% of travelers have a layover in Amsterdam\",\"intro\":\"With Amsterdam Central Station just 15 minutes away, why not make use of it? Adventure is just around the corner. \",\"body\":\"By connecting travelers to locals we turn waiting time into wander time, and for KLM it\\u2019s just another way to take you somewhere.\",\"image\":[\"133\"],\"textColor\":\"#000000\",\"backgroundColor\":\"#ffffff\",\"imagePosition\":\"left\",\"paddingTop\":\"big\",\"paddingBottom\":\"small\",\"uiColor\":\"white\"}},\"136\":{\"type\":\"textWithImage\",\"enabled\":\"1\",\"fields\":{\"heading\":\"Intelligent matchmaking based on interests\",\"intro\":\"The element of matching up passengers with locals through a social profile can give hesitation. \",\"body\":\"Therefore, the app uses intelligent matchmaking based on interests, shared languages and availability. Once the traveler requests a meetup, we select 3 locals and notify them with a push notification. \",\"image\":[\"135\"],\"textColor\":\"#000000\",\"backgroundColor\":\"#ffffff\",\"imagePosition\":\"right\",\"paddingTop\":\"big\",\"paddingBottom\":\"big\",\"uiColor\":\"black\"}},\"137\":{\"type\":\"textTwoColumns\",\"enabled\":\"1\",\"fields\":{\"heading\":\"A personal layover guide for travelers\",\"intro\":\"Leaving the airport during a layover is potentially stressful. That\\u2019s why we created a personal layover guide that gives the traveler step-by-step directions.\",\"body\":\"The layover guide is made up from dynamic cards that offer relevant actions at the appropiate times. Real-time notifications ensure that the traveler returns to the airport in time.\",\"textColor\":\"#ffffff\",\"backgroundColor\":\"#00a1de\",\"paddingTop\":\"big\",\"paddingBottom\":\"small\",\"uiColor\":\"white\"}},\"141\":{\"type\":\"largeImage\",\"enabled\":\"1\",\"fields\":{\"image\":[\"142\"],\"backgroundImage\":\"\",\"backgroundColor\":\"#00a1de\",\"paddingTop\":\"none\",\"paddingBottom\":\"small\",\"uiColor\":\"white\"}},\"143\":{\"type\":\"video\",\"enabled\":\"1\",\"fields\":{\"coverImage\":[\"131\"],\"video\":[\"18\"],\"backgroundColor\":\"#ffffff\",\"backgroundImage\":\"\",\"paddingTop\":\"big\",\"paddingBottom\":\"big\",\"uiColor\":\"black\"}},\"145\":{\"type\":\"textWithImage\",\"enabled\":\"1\",\"fields\":{\"heading\":\"An all-inclusive mini trip\",\"intro\":\"In collaboration with the national railway company we offer the traveler a free train ticket into the city.\",\"body\":\"But there is more. At selected bars, they can get their first drink for free, available through an in-app coupon. As a local, you can set your availability so you can meet up with travelers only when you really want to.\",\"image\":[\"144\"],\"textColor\":\"#000000\",\"backgroundColor\":\"#ffffff\",\"imagePosition\":\"right\",\"paddingTop\":\"small\",\"paddingBottom\":\"small\",\"uiColor\":\"black\"}},\"new1\":{\"type\":\"textTwoColumns\",\"enabled\":\"1\",\"fields\":{\"heading\":\"So, how do we get the locals to sign up?\",\"intro\":\"We\\u2019re targeting locals that have an intrinsic motivation to meet up. Language students, for example, can practice their italian with a real italian. \",\"body\":\"In collaboration with language schools, the expat centre and local bars we make sure to find locals that are excited for a meetup. One lucky local will win a ticket to the country of the traveler.\",\"textColor\":\"#000000\",\"backgroundColor\":\"#ffffff\",\"paddingTop\":\"big\",\"paddingBottom\":\"big\",\"uiColor\":\"black\"}},\"new2\":{\"type\":\"largeImage\",\"enabled\":\"1\",\"fields\":{\"image\":[\"146\"],\"backgroundImage\":\"\",\"backgroundColor\":\"#cae3ed\",\"paddingTop\":\"none\",\"paddingBottom\":\"none\",\"uiColor\":\"white\"}}},\"41\":\"KLM Royal Dutch Airlines\",\"31\":{\"118\":{\"type\":\"item\",\"enabled\":\"1\",\"fields\":{\"role\":\"Development\",\"contributorName\":\"Superhero Cheesecake\"}}},\"40\":[\"121\"],\"50\":\"\",\"39\":\"Turn your transfer into a trip\",\"36\":{\"119\":{\"type\":\"honour\",\"enabled\":\"1\",\"fields\":{\"honourName\":\"\",\"logo\":\"\"}}},\"43\":\"Mobile Application\",\"42\":\"http:\\/\\/klm.com\\/layover\",\"34\":{\"122\":{\"type\":\"role\",\"enabled\":\"1\",\"fields\":{\"role\":\"Art direction\"}},\"123\":{\"type\":\"role\",\"enabled\":\"1\",\"fields\":{\"role\":\"UI design\"}},\"124\":{\"type\":\"role\",\"enabled\":\"1\",\"fields\":{\"role\":\"Concept development\"}},\"125\":{\"type\":\"role\",\"enabled\":\"1\",\"fields\":{\"role\":\"Service design\"}},\"126\":{\"type\":\"role\",\"enabled\":\"1\",\"fields\":{\"role\":\"Character design\"}},\"127\":{\"type\":\"role\",\"enabled\":\"1\",\"fields\":{\"role\":\"Animation\"}},\"128\":{\"type\":\"role\",\"enabled\":\"1\",\"fields\":{\"role\":\"UX design\"}},\"129\":{\"type\":\"role\",\"enabled\":\"1\",\"fields\":{\"role\":\"Strategy\"}}}}}', '2016-03-18 15:44:32', '2016-03-18 15:44:32', 'b910199e-fb68-463a-b4b1-9062ef817937'),
 ('149', '117', '3', '109', 'en_us', '30', '', '{\"typeId\":\"3\",\"authorId\":\"109\",\"title\":\"KLM Layover with a Local\",\"slug\":\"layover-with-a-local\",\"postDate\":1458311040,\"expiryDate\":null,\"enabled\":1,\"parentId\":null,\"fields\":{\"3\":{\"130\":{\"type\":\"textFullWidth\",\"enabled\":\"1\",\"fields\":{\"body\":\"Layover with a Local offers KLM travelers with a stop of 6 hours or more at Amsterdam Schiphol Airport the opportunity to turn this transfer into a trip. \",\"textColor\":\"#000000\",\"backgroundColor\":\"#ffffff\",\"paddingTop\":\"big\",\"paddingBottom\":\"big\",\"uiColor\":\"black\"}},\"132\":{\"type\":\"video\",\"enabled\":\"1\",\"fields\":{\"coverImage\":[\"131\"],\"video\":[\"18\"],\"backgroundColor\":\"#ffffff\",\"backgroundImage\":\"\",\"paddingTop\":\"none\",\"paddingBottom\":\"small\",\"uiColor\":\"black\"}},\"134\":{\"type\":\"textWithImage\",\"enabled\":\"1\",\"fields\":{\"heading\":\"70% of travelers have a layover in Amsterdam\",\"intro\":\"With Amsterdam Central Station just 15 minutes away, why not make use of it? Adventure is just around the corner. \",\"body\":\"By connecting travelers to locals we turn waiting time into wander time, and for KLM it\\u2019s just another way to take you somewhere.\",\"image\":[\"133\"],\"textColor\":\"#000000\",\"backgroundColor\":\"#ffffff\",\"imagePosition\":\"left\",\"paddingTop\":\"big\",\"paddingBottom\":\"small\",\"uiColor\":\"white\"}},\"136\":{\"type\":\"textWithImage\",\"enabled\":\"1\",\"fields\":{\"heading\":\"Intelligent matchmaking based on interests\",\"intro\":\"The element of matching up passengers with locals through a social profile can give hesitation. \",\"body\":\"Therefore, the app uses intelligent matchmaking based on interests, shared languages and availability. Once the traveler requests a meetup, we select 3 locals and notify them with a push notification. \",\"image\":[\"135\"],\"textColor\":\"#000000\",\"backgroundColor\":\"#ffffff\",\"imagePosition\":\"right\",\"paddingTop\":\"big\",\"paddingBottom\":\"big\",\"uiColor\":\"black\"}},\"137\":{\"type\":\"textTwoColumns\",\"enabled\":\"1\",\"fields\":{\"heading\":\"A personal layover guide for travelers\",\"intro\":\"Leaving the airport during a layover is potentially stressful. That\\u2019s why we created a personal layover guide that gives the traveler step-by-step directions.\",\"body\":\"The layover guide is made up from dynamic cards that offer relevant actions at the appropiate times. Real-time notifications ensure that the traveler returns to the airport in time.\",\"textColor\":\"#ffffff\",\"backgroundColor\":\"#00a1de\",\"paddingTop\":\"big\",\"paddingBottom\":\"small\",\"uiColor\":\"white\"}},\"141\":{\"type\":\"largeImage\",\"enabled\":\"1\",\"fields\":{\"image\":[\"142\"],\"backgroundImage\":\"\",\"backgroundColor\":\"#00a1de\",\"paddingTop\":\"none\",\"paddingBottom\":\"small\",\"uiColor\":\"white\"}},\"143\":{\"type\":\"video\",\"enabled\":\"1\",\"fields\":{\"coverImage\":[\"131\"],\"video\":[\"18\"],\"backgroundColor\":\"#ffffff\",\"backgroundImage\":\"\",\"paddingTop\":\"big\",\"paddingBottom\":\"big\",\"uiColor\":\"black\"}},\"145\":{\"type\":\"textWithImage\",\"enabled\":\"1\",\"fields\":{\"heading\":\"An all-inclusive mini trip\",\"intro\":\"In collaboration with the national railway company we offer the traveler a free train ticket into the city.\",\"body\":\"But there is more. At selected bars, they can get their first drink for free, available through an in-app coupon. As a local, you can set your availability so you can meet up with travelers only when you really want to.\",\"image\":[\"144\"],\"textColor\":\"#000000\",\"backgroundColor\":\"#ffffff\",\"imagePosition\":\"right\",\"paddingTop\":\"small\",\"paddingBottom\":\"small\",\"uiColor\":\"black\"}},\"147\":{\"type\":\"textTwoColumns\",\"enabled\":\"1\",\"fields\":{\"heading\":\"So, how do we get the locals to sign up?\",\"intro\":\"We\\u2019re targeting locals that have an intrinsic motivation to meet up. Language students, for example, can practice their italian with a real italian. \",\"body\":\"In collaboration with language schools, the expat centre and local bars we make sure to find locals that are excited for a meetup. One lucky local will win a ticket to the country of the traveler.\",\"textColor\":\"#000000\",\"backgroundColor\":\"#ffffff\",\"paddingTop\":\"big\",\"paddingBottom\":\"big\",\"uiColor\":\"black\"}},\"148\":{\"type\":\"largeImage\",\"enabled\":\"1\",\"fields\":{\"image\":[\"146\"],\"backgroundImage\":\"\",\"backgroundColor\":\"#cae3ed\",\"paddingTop\":\"big\",\"paddingBottom\":\"big\",\"uiColor\":\"white\"}}},\"41\":\"KLM Royal Dutch Airlines\",\"31\":{\"118\":{\"type\":\"item\",\"enabled\":\"1\",\"fields\":{\"role\":\"Development\",\"contributorName\":\"Superhero Cheesecake\"}}},\"40\":[\"121\"],\"50\":\"\",\"39\":\"Turn your transfer into a trip\",\"36\":{\"119\":{\"type\":\"honour\",\"enabled\":\"1\",\"fields\":{\"honourName\":\"\",\"logo\":\"\"}}},\"43\":\"Mobile Application\",\"42\":\"http:\\/\\/klm.com\\/layover\",\"34\":{\"122\":{\"type\":\"role\",\"enabled\":\"1\",\"fields\":{\"role\":\"Art direction\"}},\"123\":{\"type\":\"role\",\"enabled\":\"1\",\"fields\":{\"role\":\"UI design\"}},\"124\":{\"type\":\"role\",\"enabled\":\"1\",\"fields\":{\"role\":\"Concept development\"}},\"125\":{\"type\":\"role\",\"enabled\":\"1\",\"fields\":{\"role\":\"Service design\"}},\"126\":{\"type\":\"role\",\"enabled\":\"1\",\"fields\":{\"role\":\"Character design\"}},\"127\":{\"type\":\"role\",\"enabled\":\"1\",\"fields\":{\"role\":\"Animation\"}},\"128\":{\"type\":\"role\",\"enabled\":\"1\",\"fields\":{\"role\":\"UX design\"}},\"129\":{\"type\":\"role\",\"enabled\":\"1\",\"fields\":{\"role\":\"Strategy\"}}}}}', '2016-03-18 15:45:11', '2016-03-18 15:45:11', '9b2d4668-0997-4547-bf2d-fa0d9161270b'),
 ('150', '117', '3', '109', 'en_us', '31', '', '{\"typeId\":\"3\",\"authorId\":\"109\",\"title\":\"KLM Layover with a Local\",\"slug\":\"layover-with-a-local\",\"postDate\":1458311040,\"expiryDate\":null,\"enabled\":1,\"parentId\":null,\"fields\":{\"3\":{\"130\":{\"type\":\"textFullWidth\",\"enabled\":\"1\",\"fields\":{\"body\":\"Layover with a Local offers KLM travelers with a stop of 6 hours or more at Amsterdam Schiphol Airport the opportunity to turn this transfer into a trip. \",\"textColor\":\"#000000\",\"backgroundColor\":\"#ffffff\",\"paddingTop\":\"big\",\"paddingBottom\":\"big\",\"uiColor\":\"black\"}},\"132\":{\"type\":\"video\",\"enabled\":\"1\",\"fields\":{\"coverImage\":[\"131\"],\"video\":[\"18\"],\"backgroundColor\":\"#ffffff\",\"backgroundImage\":\"\",\"paddingTop\":\"none\",\"paddingBottom\":\"small\",\"uiColor\":\"black\"}},\"134\":{\"type\":\"textWithImage\",\"enabled\":\"1\",\"fields\":{\"heading\":\"70% of travelers have a layover in Amsterdam\",\"intro\":\"With Amsterdam Central Station just 15 minutes away, why not make use of it? Adventure is just around the corner. \",\"body\":\"By connecting travelers to locals we turn waiting time into wander time, and for KLM it\\u2019s just another way to take you somewhere.\",\"image\":[\"133\"],\"textColor\":\"#000000\",\"backgroundColor\":\"#ffffff\",\"imagePosition\":\"left\",\"paddingTop\":\"big\",\"paddingBottom\":\"small\",\"uiColor\":\"white\"}},\"136\":{\"type\":\"textWithImage\",\"enabled\":\"1\",\"fields\":{\"heading\":\"Intelligent matchmaking based on interests\",\"intro\":\"The element of matching up passengers with locals through a social profile can give hesitation. \",\"body\":\"Therefore, the app uses intelligent matchmaking based on interests, shared languages and availability. Once the traveler requests a meetup, we select 3 locals and notify them with a push notification. \",\"image\":[\"135\"],\"textColor\":\"#000000\",\"backgroundColor\":\"#ffffff\",\"imagePosition\":\"right\",\"paddingTop\":\"big\",\"paddingBottom\":\"big\",\"uiColor\":\"black\"}},\"137\":{\"type\":\"textTwoColumns\",\"enabled\":\"1\",\"fields\":{\"heading\":\"A personal layover guide for travelers\",\"intro\":\"Leaving the airport during a layover is potentially stressful. That\\u2019s why we created a personal layover guide that gives the traveler step-by-step directions.\",\"body\":\"The layover guide is made up from dynamic cards that offer relevant actions at the appropiate times. Real-time notifications ensure that the traveler returns to the airport in time.\",\"textColor\":\"#ffffff\",\"backgroundColor\":\"#00a1de\",\"paddingTop\":\"big\",\"paddingBottom\":\"small\",\"uiColor\":\"white\"}},\"141\":{\"type\":\"largeImage\",\"enabled\":\"1\",\"fields\":{\"image\":[\"142\"],\"backgroundImage\":\"\",\"backgroundColor\":\"#00a1de\",\"paddingTop\":\"none\",\"paddingBottom\":\"small\",\"uiColor\":\"white\"}},\"143\":{\"type\":\"video\",\"enabled\":\"1\",\"fields\":{\"coverImage\":[\"131\"],\"video\":[\"18\"],\"backgroundColor\":\"#ffffff\",\"backgroundImage\":\"\",\"paddingTop\":\"big\",\"paddingBottom\":\"big\",\"uiColor\":\"black\"}},\"145\":{\"type\":\"textWithImage\",\"enabled\":\"1\",\"fields\":{\"heading\":\"An all-inclusive mini trip\",\"intro\":\"In collaboration with the national railway company we offer the traveler a free train ticket into the city.\",\"body\":\"But there is more. At selected bars, they can get their first drink for free, available through an in-app coupon. As a local, you can set your availability so you can meet up with travelers only when you really want to.\",\"image\":[\"144\"],\"textColor\":\"#000000\",\"backgroundColor\":\"#ffffff\",\"imagePosition\":\"right\",\"paddingTop\":\"small\",\"paddingBottom\":\"small\",\"uiColor\":\"black\"}},\"147\":{\"type\":\"textTwoColumns\",\"enabled\":\"1\",\"fields\":{\"heading\":\"So, how do we get the locals to sign up?\",\"intro\":\"We\\u2019re targeting locals that have an intrinsic motivation to meet up. Language students, for example, can practice their italian with a real italian. \",\"body\":\"In collaboration with language schools, the expat centre and local bars we make sure to find locals that are excited for a meetup. One lucky local will win a ticket to the country of the traveler.\",\"textColor\":\"#000000\",\"backgroundColor\":\"#ffffff\",\"paddingTop\":\"big\",\"paddingBottom\":\"big\",\"uiColor\":\"black\"}},\"148\":{\"type\":\"largeImage\",\"enabled\":\"1\",\"fields\":{\"image\":[\"146\"],\"backgroundImage\":\"\",\"backgroundColor\":\"#cae3ed\",\"paddingTop\":\"big\",\"paddingBottom\":\"big\",\"uiColor\":\"white\"}},\"new1\":{\"type\":\"largeImage\",\"enabled\":\"1\",\"fields\":{\"image\":[\"149\"],\"backgroundImage\":\"\",\"backgroundColor\":\"#ffffff\",\"paddingTop\":\"big\",\"paddingBottom\":\"big\",\"uiColor\":\"black\"}}},\"41\":\"KLM Royal Dutch Airlines\",\"31\":{\"118\":{\"type\":\"item\",\"enabled\":\"1\",\"fields\":{\"role\":\"Development\",\"contributorName\":\"Superhero Cheesecake\"}}},\"40\":[\"121\"],\"50\":\"\",\"39\":\"Turn your transfer into a trip\",\"36\":{\"119\":{\"type\":\"honour\",\"enabled\":\"1\",\"fields\":{\"honourName\":\"\",\"logo\":\"\"}}},\"43\":\"Mobile Application\",\"42\":\"http:\\/\\/klm.com\\/layover\",\"34\":{\"122\":{\"type\":\"role\",\"enabled\":\"1\",\"fields\":{\"role\":\"Art direction\"}},\"123\":{\"type\":\"role\",\"enabled\":\"1\",\"fields\":{\"role\":\"UI design\"}},\"124\":{\"type\":\"role\",\"enabled\":\"1\",\"fields\":{\"role\":\"Concept development\"}},\"125\":{\"type\":\"role\",\"enabled\":\"1\",\"fields\":{\"role\":\"Service design\"}},\"126\":{\"type\":\"role\",\"enabled\":\"1\",\"fields\":{\"role\":\"Character design\"}},\"127\":{\"type\":\"role\",\"enabled\":\"1\",\"fields\":{\"role\":\"Animation\"}},\"128\":{\"type\":\"role\",\"enabled\":\"1\",\"fields\":{\"role\":\"UX design\"}},\"129\":{\"type\":\"role\",\"enabled\":\"1\",\"fields\":{\"role\":\"Strategy\"}}}}}', '2016-03-18 16:31:36', '2016-03-18 16:31:36', 'b60c3723-219f-4709-a031-80d7d3c97b84'),
 ('151', '117', '3', '109', 'en_us', '32', '', '{\"typeId\":\"3\",\"authorId\":\"109\",\"title\":\"KLM Layover with a Local\",\"slug\":\"layover-with-a-local\",\"postDate\":1458311040,\"expiryDate\":null,\"enabled\":1,\"parentId\":null,\"fields\":{\"3\":{\"130\":{\"type\":\"textFullWidth\",\"enabled\":\"1\",\"fields\":{\"body\":\"Layover with a Local offers KLM travelers with a stop of 6 hours or more at Amsterdam Schiphol Airport the opportunity to turn this transfer into a trip. \",\"textColor\":\"#000000\",\"backgroundColor\":\"#ffffff\",\"paddingTop\":\"big\",\"paddingBottom\":\"big\",\"uiColor\":\"black\"}},\"132\":{\"type\":\"video\",\"enabled\":\"1\",\"fields\":{\"coverImage\":[\"131\"],\"video\":[\"18\"],\"backgroundColor\":\"#ffffff\",\"backgroundImage\":\"\",\"paddingTop\":\"none\",\"paddingBottom\":\"small\",\"uiColor\":\"black\"}},\"134\":{\"type\":\"textWithImage\",\"enabled\":\"1\",\"fields\":{\"heading\":\"70% of travelers have a layover in Amsterdam\",\"intro\":\"With Amsterdam Central Station just 15 minutes away, why not make use of it? Adventure is just around the corner. \",\"body\":\"By connecting travelers to locals we turn waiting time into wander time, and for KLM it\\u2019s just another way to take you somewhere.\",\"image\":[\"133\"],\"textColor\":\"#000000\",\"backgroundColor\":\"#ffffff\",\"imagePosition\":\"left\",\"paddingTop\":\"big\",\"paddingBottom\":\"small\",\"uiColor\":\"white\"}},\"136\":{\"type\":\"textWithImage\",\"enabled\":\"1\",\"fields\":{\"heading\":\"Intelligent matchmaking based on interests\",\"intro\":\"The element of matching up passengers with locals through a social profile can give hesitation. \",\"body\":\"Therefore, the app uses intelligent matchmaking based on interests, shared languages and availability. Once the traveler requests a meetup, we select 3 locals and notify them with a push notification. \",\"image\":[\"135\"],\"textColor\":\"#000000\",\"backgroundColor\":\"#ffffff\",\"imagePosition\":\"right\",\"paddingTop\":\"big\",\"paddingBottom\":\"big\",\"uiColor\":\"black\"}},\"137\":{\"type\":\"textTwoColumns\",\"enabled\":\"1\",\"fields\":{\"heading\":\"A personal layover guide for travelers\",\"intro\":\"Leaving the airport during a layover is potentially stressful. That\\u2019s why we created a personal layover guide that gives the traveler step-by-step directions.\",\"body\":\"The layover guide is made up from dynamic cards that offer relevant actions at the appropiate times. Real-time notifications ensure that the traveler returns to the airport in time.\",\"textColor\":\"#ffffff\",\"backgroundColor\":\"#00a1de\",\"paddingTop\":\"big\",\"paddingBottom\":\"small\",\"uiColor\":\"white\"}},\"141\":{\"type\":\"largeImage\",\"enabled\":\"1\",\"fields\":{\"image\":[\"142\"],\"backgroundImage\":\"\",\"backgroundColor\":\"#00a1de\",\"paddingTop\":\"none\",\"paddingBottom\":\"small\",\"uiColor\":\"white\"}},\"143\":{\"type\":\"video\",\"enabled\":\"1\",\"fields\":{\"coverImage\":[\"131\"],\"video\":[\"18\"],\"backgroundColor\":\"#ffffff\",\"backgroundImage\":\"\",\"paddingTop\":\"big\",\"paddingBottom\":\"big\",\"uiColor\":\"black\"}},\"145\":{\"type\":\"textWithImage\",\"enabled\":\"1\",\"fields\":{\"heading\":\"An all-inclusive mini trip\",\"intro\":\"In collaboration with the national railway company we offer the traveler a free train ticket into the city.\",\"body\":\"But there is more. At selected bars, they can get their first drink for free, available through an in-app coupon. As a local, you can set your availability so you can meet up with travelers only when you really want to.\",\"image\":[\"144\"],\"textColor\":\"#000000\",\"backgroundColor\":\"#ffffff\",\"imagePosition\":\"right\",\"paddingTop\":\"small\",\"paddingBottom\":\"small\",\"uiColor\":\"black\"}},\"147\":{\"type\":\"textTwoColumns\",\"enabled\":\"1\",\"fields\":{\"heading\":\"So, how do we get the locals to sign up?\",\"intro\":\"We\\u2019re targeting locals that have an intrinsic motivation to meet up. Language students, for example, can practice their italian with a real italian. \",\"body\":\"In collaboration with language schools, the expat centre and local bars we make sure to find locals that are excited for a meetup. One lucky local will win a ticket to the country of the traveler.\",\"textColor\":\"#000000\",\"backgroundColor\":\"#ffffff\",\"paddingTop\":\"big\",\"paddingBottom\":\"big\",\"uiColor\":\"black\"}},\"150\":{\"type\":\"largeImage\",\"enabled\":\"1\",\"fields\":{\"image\":[\"149\"],\"backgroundImage\":\"\",\"backgroundColor\":\"#ffffff\",\"paddingTop\":\"big\",\"paddingBottom\":\"big\",\"uiColor\":\"black\"}},\"148\":{\"type\":\"largeImage\",\"enabled\":\"1\",\"fields\":{\"image\":[\"146\"],\"backgroundImage\":\"\",\"backgroundColor\":\"#cae3ed\",\"paddingTop\":\"big\",\"paddingBottom\":\"big\",\"uiColor\":\"white\"}}},\"41\":\"KLM Royal Dutch Airlines\",\"31\":{\"118\":{\"type\":\"item\",\"enabled\":\"1\",\"fields\":{\"role\":\"Development\",\"contributorName\":\"Superhero Cheesecake\"}}},\"40\":[\"121\"],\"50\":\"\",\"39\":\"Turn your transfer into a trip\",\"36\":{\"119\":{\"type\":\"honour\",\"enabled\":\"1\",\"fields\":{\"honourName\":\"\",\"logo\":\"\"}}},\"43\":\"Mobile Application\",\"42\":\"http:\\/\\/klm.com\\/layover\",\"34\":{\"122\":{\"type\":\"role\",\"enabled\":\"1\",\"fields\":{\"role\":\"Art direction\"}},\"123\":{\"type\":\"role\",\"enabled\":\"1\",\"fields\":{\"role\":\"UI design\"}},\"124\":{\"type\":\"role\",\"enabled\":\"1\",\"fields\":{\"role\":\"Concept development\"}},\"125\":{\"type\":\"role\",\"enabled\":\"1\",\"fields\":{\"role\":\"Service design\"}},\"126\":{\"type\":\"role\",\"enabled\":\"1\",\"fields\":{\"role\":\"Character design\"}},\"127\":{\"type\":\"role\",\"enabled\":\"1\",\"fields\":{\"role\":\"Animation\"}},\"128\":{\"type\":\"role\",\"enabled\":\"1\",\"fields\":{\"role\":\"UX design\"}},\"129\":{\"type\":\"role\",\"enabled\":\"1\",\"fields\":{\"role\":\"Strategy\"}}}}}', '2016-03-18 17:04:33', '2016-03-18 17:04:33', '9de78426-b600-427d-9b74-b1fa1a5d0d9c'),
 ('152', '97', '3', '1', 'en_us', '4', '', '{\"typeId\":\"3\",\"authorId\":\"1\",\"title\":\"Test case\",\"slug\":\"test-case\",\"postDate\":1458163500,\"expiryDate\":null,\"enabled\":1,\"parentId\":null,\"fields\":{\"3\":{\"111\":{\"type\":\"largeImage\",\"enabled\":\"1\",\"fields\":{\"image\":[\"110\"],\"backgroundImage\":\"\",\"backgroundColor\":\"#000000\",\"paddingTop\":\"none\",\"paddingBottom\":\"none\",\"uiColor\":\"white\"}}},\"41\":\"Test\",\"31\":\"\",\"40\":[\"96\"],\"50\":\"\",\"39\":\"Test case\",\"36\":\"\",\"43\":\"Responsive Website\",\"42\":\"\",\"34\":\"\"}}', '2016-03-22 10:26:17', '2016-03-22 10:26:17', 'ab2db487-cbd3-41a1-9c1d-431691016518'),
 ('153', '97', '3', '1', 'en_us', '5', '', '{\"typeId\":\"3\",\"authorId\":\"1\",\"title\":\"Test case\",\"slug\":\"test-case\",\"postDate\":1458163500,\"expiryDate\":null,\"enabled\":1,\"parentId\":null,\"fields\":{\"3\":{\"111\":{\"type\":\"largeImage\",\"enabled\":\"1\",\"fields\":{\"image\":[\"110\"],\"backgroundImage\":\"\",\"backgroundColor\":\"#000000\",\"paddingTop\":\"none\",\"paddingBottom\":\"none\",\"uiColor\":\"white\"}}},\"41\":\"Test\",\"31\":\"\",\"40\":[\"96\"],\"75\":\"Visit Project\",\"76\":\"http:\\/\\/www.google.com\",\"50\":\"\",\"39\":\"Test case\",\"36\":\"\",\"43\":\"Responsive Website\",\"34\":\"\"}}', '2016-03-25 10:31:46', '2016-03-25 10:31:46', 'd2065a91-fd80-45bf-8df5-dd9232cf352f'),
 ('154', '10', '3', '1', 'en_us', '75', '', '{\"typeId\":\"3\",\"authorId\":\"1\",\"title\":\"Orangina global website\",\"slug\":\"orangina\",\"postDate\":1456411320,\"expiryDate\":null,\"enabled\":1,\"parentId\":null,\"fields\":{\"3\":{\"12\":{\"type\":\"textFullWidth\",\"enabled\":\"1\",\"fields\":{\"body\":\"Orangina refreshed their brand identity Achtung!\\/Kraftwerk wastasked to extend their newbrand identity to a fresh online experience. \",\"textColor\":\"#000000\",\"backgroundColor\":\"#ffffff\",\"paddingTop\":\"big\",\"paddingBottom\":\"small\",\"uiColor\":\"black\"}},\"14\":{\"type\":\"largeImage\",\"enabled\":\"1\",\"fields\":{\"image\":[\"61\"],\"backgroundImage\":[\"60\"],\"backgroundColor\":\"#000000\",\"paddingTop\":\"none\",\"paddingBottom\":\"big\",\"uiColor\":\"black\"}},\"17\":{\"type\":\"textTwoColumns\",\"enabled\":\"1\",\"fields\":{\"heading\":\"Strategy, Concept & UX\",\"intro\":\"The content of the new Orangina website was meantto be kept simple serving a few main purposes.\",\"body\":\"In general there were two main obectives, informing people about the available range of Orangina products and telling them about the history of Orangina as a brand. The homepage would then serve as a hub to these two objectives, as well as to the Orangina social channels.\",\"textColor\":\"#ffffff\",\"backgroundColor\":\"#fdaa31\",\"paddingTop\":\"none\",\"paddingBottom\":\"small\",\"uiColor\":\"black\"}},\"19\":{\"type\":\"video\",\"enabled\":\"1\",\"fields\":{\"coverImage\":[\"64\"],\"video\":[\"18\"],\"backgroundColor\":\"#ffa600\",\"backgroundImage\":[\"65\"],\"paddingTop\":\"none\",\"paddingBottom\":\"big\",\"uiColor\":\"black\"}},\"20\":{\"type\":\"textTwoColumns\",\"enabled\":\"1\",\"fields\":{\"heading\":\"Design elements\",\"intro\":\"Colors for the Orangina website were besides the brand\\u2019s Blue and Yellow, based on the labels of the different flavours. \",\"body\":\"\",\"textColor\":\"#000000\",\"backgroundColor\":\"#ffffff\",\"paddingTop\":\"big\",\"paddingBottom\":\"none\",\"uiColor\":\"black\"}},\"22\":{\"type\":\"largeImage\",\"enabled\":\"1\",\"fields\":{\"image\":[\"59\"],\"backgroundImage\":\"\",\"backgroundColor\":\"#ffffff\",\"paddingTop\":\"none\",\"paddingBottom\":\"small\",\"uiColor\":\"black\"}},\"23\":{\"type\":\"textWithImage\",\"enabled\":\"1\",\"fields\":{\"heading\":\"Iconography\",\"intro\":\"To add on the playfull, quirky identity of Orangina, we created an iconset that was used throughout the website.\",\"body\":\"Our hands on mentality can be found throughout the whole process. We bring ideas to life early. We prototype to keep improving along the way. \",\"image\":[\"54\"],\"textColor\":\"#000000\",\"backgroundColor\":\"#ffffff\",\"imagePosition\":\"right\",\"paddingTop\":\"small\",\"paddingBottom\":\"big\",\"uiColor\":\"black\"}},\"25\":{\"type\":\"textTwoColumns\",\"enabled\":\"1\",\"fields\":{\"heading\":\"Final Designs\",\"intro\":\"The content of the new Orangina website was meantto be kept simple serving a few main purposes.\",\"body\":\"In general there were two main obectives, informing people about the available range of Orangina products and telling them about the history of Orangina as a brand. The homepage would then serve as a hub to these two objectives, as well as to the Orangina social channels.\",\"textColor\":\"#ffffff\",\"backgroundColor\":\"#092865\",\"paddingTop\":\"big\",\"paddingBottom\":\"none\",\"uiColor\":\"white\"}},\"29\":{\"type\":\"imageGallery\",\"enabled\":\"1\",\"fields\":{\"images\":[\"57\",\"56\",\"55\",\"75\",\"74\"],\"backgroundColor\":\"#092865\",\"paddingTop\":\"none\",\"paddingBottom\":\"none\",\"uiColor\":\"white\"}}},\"41\":\"Orangina\",\"31\":{\"36\":{\"type\":\"item\",\"enabled\":\"1\",\"fields\":{\"role\":\"Development\",\"contributorName\":\"Inalise B.V.\"}}},\"40\":[\"62\"],\"75\":\"Visit Project\",\"76\":\"http:\\/\\/orangina.eu\\/\",\"50\":[\"71\"],\"39\":\"A quirky new online appearance for a soda brand\",\"36\":{\"30\":{\"type\":\"honour\",\"enabled\":\"1\",\"fields\":{\"honourName\":\"FWA SOTD\",\"logo\":[\"32\"]}},\"34\":{\"type\":\"honour\",\"enabled\":\"1\",\"fields\":{\"honourName\":\"FWA MOTD\",\"logo\":[\"32\"]}},\"35\":{\"type\":\"honour\",\"enabled\":\"1\",\"fields\":{\"honourName\":\"Awwwards SOTD\",\"logo\":[\"33\"]}}},\"43\":\"Responsive Website\",\"34\":{\"37\":{\"type\":\"role\",\"enabled\":\"1\",\"fields\":{\"role\":\"Interaction design\"}},\"38\":{\"type\":\"role\",\"enabled\":\"1\",\"fields\":{\"role\":\"UX Design\"}},\"39\":{\"type\":\"role\",\"enabled\":\"1\",\"fields\":{\"role\":\"Creative direction\"}},\"40\":{\"type\":\"role\",\"enabled\":\"1\",\"fields\":{\"role\":\"Concept\"}},\"41\":{\"type\":\"role\",\"enabled\":\"1\",\"fields\":{\"role\":\"Strategy\"}}}}}', '2016-03-25 10:41:27', '2016-03-25 10:41:27', '2bce543d-6ae7-45bc-9649-747dc444224c'),
 ('155', '97', '3', '1', 'en_us', '6', '', '{\"typeId\":\"3\",\"authorId\":\"1\",\"title\":\"Test case\",\"slug\":\"test-case\",\"postDate\":1458163500,\"expiryDate\":null,\"enabled\":1,\"parentId\":null,\"fields\":{\"3\":{\"111\":{\"type\":\"largeImage\",\"enabled\":\"1\",\"fields\":{\"image\":[\"110\"],\"backgroundImage\":\"\",\"backgroundColor\":\"#000000\",\"paddingTop\":\"none\",\"paddingBottom\":\"none\",\"uiColor\":\"white\"}}},\"41\":\"Test\",\"31\":\"\",\"40\":[\"96\"],\"75\":\"GOGO\",\"76\":\"http:\\/\\/www.google.com\",\"50\":\"\",\"39\":\"Test case\",\"36\":\"\",\"43\":\"Responsive Website\",\"34\":\"\"}}', '2016-03-25 10:50:34', '2016-03-25 10:50:34', '4d13e44a-b826-426d-84f9-d6644d1b8603'),
 ('156', '10', '3', '1', 'en_us', '76', '', '{\"typeId\":\"3\",\"authorId\":\"1\",\"title\":\"Orangina global website\",\"slug\":\"orangina\",\"postDate\":1456411320,\"expiryDate\":null,\"enabled\":1,\"parentId\":null,\"fields\":{\"3\":{\"12\":{\"type\":\"textFullWidth\",\"enabled\":\"1\",\"fields\":{\"body\":\"Orangina refreshed their brand identity Achtung!\\/Kraftwerk wastasked to extend their newbrand identity to a fresh online experience. \",\"textColor\":\"#000000\",\"backgroundColor\":\"#ffffff\",\"paddingTop\":\"big\",\"paddingBottom\":\"small\",\"uiColor\":\"black\"}},\"14\":{\"type\":\"largeImage\",\"enabled\":\"1\",\"fields\":{\"image\":[\"61\"],\"backgroundImage\":[\"60\"],\"backgroundColor\":\"#000000\",\"paddingTop\":\"none\",\"paddingBottom\":\"big\",\"uiColor\":\"black\"}},\"17\":{\"type\":\"textTwoColumns\",\"enabled\":\"1\",\"fields\":{\"heading\":\"Strategy, Concept & UX\",\"intro\":\"The content of the new Orangina website was meantto be kept simple serving a few main purposes.\",\"body\":\"In general there were two main obectives, informing people about the available range of Orangina products and telling them about the history of Orangina as a brand. The homepage would then serve as a hub to these two objectives, as well as to the Orangina social channels.\",\"textColor\":\"#ffffff\",\"backgroundColor\":\"#fdaa31\",\"paddingTop\":\"none\",\"paddingBottom\":\"small\",\"uiColor\":\"black\"}},\"19\":{\"type\":\"video\",\"enabled\":\"1\",\"fields\":{\"coverImage\":[\"64\"],\"vimeoId\":\"156418367\",\"video\":[\"18\"],\"backgroundColor\":\"#ffa600\",\"backgroundImage\":[\"65\"],\"paddingTop\":\"none\",\"paddingBottom\":\"big\",\"uiColor\":\"black\"}},\"20\":{\"type\":\"textTwoColumns\",\"enabled\":\"1\",\"fields\":{\"heading\":\"Design elements\",\"intro\":\"Colors for the Orangina website were besides the brand\\u2019s Blue and Yellow, based on the labels of the different flavours. \",\"body\":\"\",\"textColor\":\"#000000\",\"backgroundColor\":\"#ffffff\",\"paddingTop\":\"big\",\"paddingBottom\":\"none\",\"uiColor\":\"black\"}},\"22\":{\"type\":\"largeImage\",\"enabled\":\"1\",\"fields\":{\"image\":[\"59\"],\"backgroundImage\":\"\",\"backgroundColor\":\"#ffffff\",\"paddingTop\":\"none\",\"paddingBottom\":\"small\",\"uiColor\":\"black\"}},\"23\":{\"type\":\"textWithImage\",\"enabled\":\"1\",\"fields\":{\"heading\":\"Iconography\",\"intro\":\"To add on the playfull, quirky identity of Orangina, we created an iconset that was used throughout the website.\",\"body\":\"Our hands on mentality can be found throughout the whole process. We bring ideas to life early. We prototype to keep improving along the way. \",\"image\":[\"54\"],\"textColor\":\"#000000\",\"backgroundColor\":\"#ffffff\",\"imagePosition\":\"right\",\"paddingTop\":\"small\",\"paddingBottom\":\"big\",\"uiColor\":\"black\"}},\"25\":{\"type\":\"textTwoColumns\",\"enabled\":\"1\",\"fields\":{\"heading\":\"Final Designs\",\"intro\":\"The content of the new Orangina website was meantto be kept simple serving a few main purposes.\",\"body\":\"In general there were two main obectives, informing people about the available range of Orangina products and telling them about the history of Orangina as a brand. The homepage would then serve as a hub to these two objectives, as well as to the Orangina social channels.\",\"textColor\":\"#ffffff\",\"backgroundColor\":\"#092865\",\"paddingTop\":\"big\",\"paddingBottom\":\"none\",\"uiColor\":\"white\"}},\"29\":{\"type\":\"imageGallery\",\"enabled\":\"1\",\"fields\":{\"images\":[\"57\",\"56\",\"55\",\"75\",\"74\"],\"backgroundColor\":\"#092865\",\"paddingTop\":\"none\",\"paddingBottom\":\"none\",\"uiColor\":\"white\"}}},\"41\":\"Orangina\",\"31\":{\"36\":{\"type\":\"item\",\"enabled\":\"1\",\"fields\":{\"role\":\"Development\",\"contributorName\":\"Inalise B.V.\"}}},\"40\":[\"62\"],\"75\":\"Visit Project\",\"76\":\"http:\\/\\/orangina.eu\\/\",\"50\":[\"71\"],\"39\":\"A quirky new online appearance for a soda brand\",\"36\":{\"30\":{\"type\":\"honour\",\"enabled\":\"1\",\"fields\":{\"honourName\":\"FWA SOTD\",\"logo\":[\"32\"]}},\"34\":{\"type\":\"honour\",\"enabled\":\"1\",\"fields\":{\"honourName\":\"FWA MOTD\",\"logo\":[\"32\"]}},\"35\":{\"type\":\"honour\",\"enabled\":\"1\",\"fields\":{\"honourName\":\"Awwwards SOTD\",\"logo\":[\"33\"]}}},\"43\":\"Responsive Website\",\"34\":{\"37\":{\"type\":\"role\",\"enabled\":\"1\",\"fields\":{\"role\":\"Interaction design\"}},\"38\":{\"type\":\"role\",\"enabled\":\"1\",\"fields\":{\"role\":\"UX Design\"}},\"39\":{\"type\":\"role\",\"enabled\":\"1\",\"fields\":{\"role\":\"Creative direction\"}},\"40\":{\"type\":\"role\",\"enabled\":\"1\",\"fields\":{\"role\":\"Concept\"}},\"41\":{\"type\":\"role\",\"enabled\":\"1\",\"fields\":{\"role\":\"Strategy\"}}}}}', '2016-03-25 14:23:40', '2016-03-25 14:23:40', '31ace6aa-93f8-4c4f-8f3e-d73fe5ad0f01'),
 ('157', '117', '3', '1', 'en_us', '33', '', '{\"typeId\":\"3\",\"authorId\":\"109\",\"title\":\"KLM Layover with a Local\",\"slug\":\"layover-with-a-local\",\"postDate\":1458311040,\"expiryDate\":null,\"enabled\":1,\"parentId\":null,\"fields\":{\"3\":{\"130\":{\"type\":\"textFullWidth\",\"enabled\":\"1\",\"fields\":{\"body\":\"Layover with a Local offers KLM travelers with a stop of 6 hours or more at Amsterdam Schiphol Airport the opportunity to turn this transfer into a trip. \",\"textColor\":\"#000000\",\"backgroundColor\":\"#ffffff\",\"paddingTop\":\"big\",\"paddingBottom\":\"big\",\"uiColor\":\"black\"}},\"132\":{\"type\":\"video\",\"enabled\":\"1\",\"fields\":{\"coverImage\":[\"131\"],\"vimeoId\":\"123456\",\"video\":[\"18\"],\"backgroundColor\":\"#ffffff\",\"backgroundImage\":\"\",\"paddingTop\":\"none\",\"paddingBottom\":\"small\",\"uiColor\":\"black\"}},\"134\":{\"type\":\"textWithImage\",\"enabled\":\"1\",\"fields\":{\"heading\":\"70% of travelers have a layover in Amsterdam\",\"intro\":\"With Amsterdam Central Station just 15 minutes away, why not make use of it? Adventure is just around the corner. \",\"body\":\"By connecting travelers to locals we turn waiting time into wander time, and for KLM it\\u2019s just another way to take you somewhere.\",\"image\":[\"133\"],\"textColor\":\"#000000\",\"backgroundColor\":\"#ffffff\",\"imagePosition\":\"left\",\"paddingTop\":\"big\",\"paddingBottom\":\"small\",\"uiColor\":\"white\"}},\"136\":{\"type\":\"textWithImage\",\"enabled\":\"1\",\"fields\":{\"heading\":\"Intelligent matchmaking based on interests\",\"intro\":\"The element of matching up passengers with locals through a social profile can give hesitation. \",\"body\":\"Therefore, the app uses intelligent matchmaking based on interests, shared languages and availability. Once the traveler requests a meetup, we select 3 locals and notify them with a push notification. \",\"image\":[\"135\"],\"textColor\":\"#000000\",\"backgroundColor\":\"#ffffff\",\"imagePosition\":\"right\",\"paddingTop\":\"big\",\"paddingBottom\":\"big\",\"uiColor\":\"black\"}},\"137\":{\"type\":\"textTwoColumns\",\"enabled\":\"1\",\"fields\":{\"heading\":\"A personal layover guide for travelers\",\"intro\":\"Leaving the airport during a layover is potentially stressful. That\\u2019s why we created a personal layover guide that gives the traveler step-by-step directions.\",\"body\":\"The layover guide is made up from dynamic cards that offer relevant actions at the appropiate times. Real-time notifications ensure that the traveler returns to the airport in time.\",\"textColor\":\"#ffffff\",\"backgroundColor\":\"#00a1de\",\"paddingTop\":\"big\",\"paddingBottom\":\"small\",\"uiColor\":\"white\"}},\"141\":{\"type\":\"largeImage\",\"enabled\":\"1\",\"fields\":{\"image\":[\"142\"],\"backgroundImage\":\"\",\"backgroundColor\":\"#00a1de\",\"paddingTop\":\"none\",\"paddingBottom\":\"small\",\"uiColor\":\"white\"}},\"143\":{\"type\":\"video\",\"enabled\":\"1\",\"fields\":{\"coverImage\":[\"131\"],\"vimeoId\":\"123456\",\"video\":[\"18\"],\"backgroundColor\":\"#ffffff\",\"backgroundImage\":\"\",\"paddingTop\":\"big\",\"paddingBottom\":\"big\",\"uiColor\":\"black\"}},\"145\":{\"type\":\"textWithImage\",\"enabled\":\"1\",\"fields\":{\"heading\":\"An all-inclusive mini trip\",\"intro\":\"In collaboration with the national railway company we offer the traveler a free train ticket into the city.\",\"body\":\"But there is more. At selected bars, they can get their first drink for free, available through an in-app coupon. As a local, you can set your availability so you can meet up with travelers only when you really want to.\",\"image\":[\"144\"],\"textColor\":\"#000000\",\"backgroundColor\":\"#ffffff\",\"imagePosition\":\"right\",\"paddingTop\":\"small\",\"paddingBottom\":\"small\",\"uiColor\":\"black\"}},\"147\":{\"type\":\"textTwoColumns\",\"enabled\":\"1\",\"fields\":{\"heading\":\"So, how do we get the locals to sign up?\",\"intro\":\"We\\u2019re targeting locals that have an intrinsic motivation to meet up. Language students, for example, can practice their italian with a real italian. \",\"body\":\"In collaboration with language schools, the expat centre and local bars we make sure to find locals that are excited for a meetup. One lucky local will win a ticket to the country of the traveler.\",\"textColor\":\"#000000\",\"backgroundColor\":\"#ffffff\",\"paddingTop\":\"big\",\"paddingBottom\":\"big\",\"uiColor\":\"black\"}},\"150\":{\"type\":\"largeImage\",\"enabled\":\"1\",\"fields\":{\"image\":[\"149\"],\"backgroundImage\":\"\",\"backgroundColor\":\"#ffffff\",\"paddingTop\":\"big\",\"paddingBottom\":\"big\",\"uiColor\":\"black\"}},\"148\":{\"type\":\"largeImage\",\"enabled\":\"1\",\"fields\":{\"image\":[\"146\"],\"backgroundImage\":\"\",\"backgroundColor\":\"#cae3ed\",\"paddingTop\":\"big\",\"paddingBottom\":\"big\",\"uiColor\":\"white\"}}},\"41\":\"KLM Royal Dutch Airlines\",\"31\":{\"118\":{\"type\":\"item\",\"enabled\":\"1\",\"fields\":{\"role\":\"Development\",\"contributorName\":\"Superhero Cheesecake\"}}},\"40\":[\"121\"],\"75\":\"\",\"76\":\"\",\"50\":\"\",\"39\":\"Turn your transfer into a trip\",\"36\":\"\",\"43\":\"Mobile Application\",\"34\":{\"122\":{\"type\":\"role\",\"enabled\":\"1\",\"fields\":{\"role\":\"Art direction\"}},\"123\":{\"type\":\"role\",\"enabled\":\"1\",\"fields\":{\"role\":\"UI design\"}},\"124\":{\"type\":\"role\",\"enabled\":\"1\",\"fields\":{\"role\":\"Concept development\"}},\"125\":{\"type\":\"role\",\"enabled\":\"1\",\"fields\":{\"role\":\"Service design\"}},\"126\":{\"type\":\"role\",\"enabled\":\"1\",\"fields\":{\"role\":\"Character design\"}},\"127\":{\"type\":\"role\",\"enabled\":\"1\",\"fields\":{\"role\":\"Animation\"}},\"128\":{\"type\":\"role\",\"enabled\":\"1\",\"fields\":{\"role\":\"UX design\"}},\"129\":{\"type\":\"role\",\"enabled\":\"1\",\"fields\":{\"role\":\"Strategy\"}}}}}', '2016-03-29 11:27:31', '2016-03-29 11:27:31', '91a5ef3f-442b-41bd-8303-c18748f1673c'),
 ('158', '66', '3', '1', 'en_us', '22', '', '{\"typeId\":\"3\",\"authorId\":\"1\",\"title\":\"Chocomel brand portal\",\"slug\":\"chocomel-brand-portal\",\"postDate\":1457363040,\"expiryDate\":null,\"enabled\":1,\"parentId\":null,\"fields\":{\"3\":{\"80\":{\"type\":\"textFullWidth\",\"enabled\":\"1\",\"fields\":{\"body\":\"A website that let\\u2019s fans share their love for Chocomel, seamlessly integrated with a delicious product showcase.\",\"textColor\":\"#000000\",\"backgroundColor\":\"#ffffff\",\"backgroundImage\":\"\",\"paddingTop\":\"big\",\"paddingBottom\":\"big\",\"uiColor\":\"black\"}},\"81\":{\"type\":\"textWithImage\",\"enabled\":\"1\",\"fields\":{\"heading\":\"Designing for a love brand\",\"intro\":\"When we were asked to design the brand portal for Chocomel we knew it was about chocolate love. A lot of loyal fans have a healthy obsession for this tasty chocolate drink.\",\"body\":\"Chocomel wanted to position themselves as an A-brand bevarage along with the common soft drinks. Their previous image was more cozy and soft. The new image on the otherhand was to be more fashionable and exclusive.\",\"image\":[\"79\"],\"textColor\":\"#ffffff\",\"backgroundColor\":\"#391f12\",\"backgroundImage\":\"\",\"imagePosition\":\"right\",\"paddingTop\":\"big\",\"paddingBottom\":\"big\",\"uiColor\":\"white\"}},\"83\":{\"type\":\"largeImage\",\"enabled\":\"1\",\"fields\":{\"image\":[\"82\"],\"backgroundColor\":\"#ffffff\",\"backgroundImage\":[\"84\"],\"paddingTop\":\"big\",\"paddingBottom\":\"big\",\"uiColor\":\"black\"}},\"86\":{\"type\":\"textWithImage\",\"enabled\":\"1\",\"fields\":{\"heading\":\"The voice of chocomel lovers\",\"intro\":\"Instead of Chocomel telling visitors how great Chocomel really is, we engaged the already big group of fans and let them speak for the brand.\",\"body\":\"In a mix of owned and shared content, the homepage is build up from quotes on twitter, fanphoto\\u2019s on instagram and video\\u2019s on youtube.\",\"image\":[\"85\"],\"textColor\":\"#391f10\",\"backgroundColor\":\"#f0e9e4\",\"backgroundImage\":\"\",\"imagePosition\":\"left\",\"paddingTop\":\"none\",\"paddingBottom\":\"big\",\"uiColor\":\"black\"}},\"89\":{\"type\":\"textTwoColumns\",\"enabled\":\"1\",\"fields\":{\"heading\":\"Enjoying your Chocomel hot or cold?\",\"intro\":\"Winter or summer, Chocomel can be consumed\\r\\nboth hot and cold. \",\"body\":\"Depending on the season, we present the hero product in a warm mug or a cold glass. Since there is an ever lasting discussion on how Chocomel should be consumed, we gave users the option to switch.\",\"textColor\":\"#ffffff\",\"backgroundColor\":\"#391f12\",\"backgroundImage\":\"\",\"paddingTop\":\"big\",\"paddingBottom\":\"small\",\"uiColor\":\"white\"}},\"90\":{\"type\":\"largeImage\",\"enabled\":\"1\",\"fields\":{\"image\":[\"88\"],\"backgroundColor\":\"#000000\",\"backgroundImage\":[\"87\"],\"paddingTop\":\"none\",\"paddingBottom\":\"small\",\"uiColor\":\"white\"}},\"91\":{\"type\":\"textTwoColumns\",\"enabled\":\"1\",\"fields\":{\"heading\":\"Life sized photography\",\"intro\":\"When it comes to the product, we let the iconic photography speak.\",\"body\":\"In a colorful design, we showed visitors life size photography of the iconic Chocomel pack paired with a hot mug or a cool glass. The product pages has all the key information visitors want to know about their drink: nutritional information, ingredi\\u00ebnts, pack sizes and tell about the durable chocolate that is used in the drink.\",\"textColor\":\"#000000\",\"backgroundColor\":\"#ffffff\",\"backgroundImage\":\"\",\"paddingTop\":\"small\",\"paddingBottom\":\"small\",\"uiColor\":\"black\"}},\"93\":{\"type\":\"largeImage\",\"enabled\":\"1\",\"fields\":{\"image\":[\"92\"],\"backgroundColor\":\"#ffffff\",\"backgroundImage\":\"\",\"paddingTop\":\"small\",\"paddingBottom\":\"big\",\"uiColor\":\"black\"}},\"101\":{\"type\":\"textTwoColumns\",\"enabled\":\"1\",\"fields\":{\"heading\":\"A site that looks sharp  accross every screen\",\"intro\":\"The grid view helps when scaling the website, by defining the number of horizontal columns the site looks great across all devices and screens. \",\"body\":\"Massive screens gets a 5 column grid while small screens like phone get a modified 2 columns grid. \",\"textColor\":\"#3b1f10\",\"backgroundColor\":\"#f0e9e4\",\"backgroundImage\":\"\",\"paddingTop\":\"big\",\"paddingBottom\":\"small\",\"uiColor\":\"black\"}},\"102\":{\"type\":\"largeImage\",\"enabled\":\"1\",\"fields\":{\"image\":[\"100\"],\"backgroundColor\":\"#f0e9e4\",\"backgroundImage\":\"\",\"paddingTop\":\"small\",\"paddingBottom\":\"big\",\"uiColor\":\"black\"}}},\"41\":\"Chocomel\",\"31\":{\"103\":{\"type\":\"item\",\"enabled\":\"1\",\"fields\":{\"role\":\"Development\",\"contributorName\":\"eFocus\"}}},\"40\":[\"67\"],\"75\":\"\",\"76\":\"\",\"50\":[\"73\"],\"39\":\"For the love of chocolate\",\"36\":\"\",\"83\":[\"151\"],\"43\":\"Mobile Application\",\"34\":{\"104\":{\"type\":\"role\",\"enabled\":\"1\",\"fields\":{\"role\":\"Interaction design\"}},\"105\":{\"type\":\"role\",\"enabled\":\"1\",\"fields\":{\"role\":\"UX Design\"}},\"106\":{\"type\":\"role\",\"enabled\":\"1\",\"fields\":{\"role\":\"Creative direction\"}},\"107\":{\"type\":\"role\",\"enabled\":\"1\",\"fields\":{\"role\":\"Concept\"}},\"108\":{\"type\":\"role\",\"enabled\":\"1\",\"fields\":{\"role\":\"Strategy\"}}}}}', '2016-03-29 13:10:55', '2016-03-29 13:10:55', '4b32060f-6683-446e-b513-f3453592459d'),
 ('159', '10', '3', '1', 'en_us', '77', '', '{\"typeId\":\"3\",\"authorId\":\"1\",\"title\":\"Orangina global website\",\"slug\":\"orangina\",\"postDate\":1456411320,\"expiryDate\":null,\"enabled\":1,\"parentId\":null,\"fields\":{\"3\":{\"12\":{\"type\":\"textFullWidth\",\"enabled\":\"1\",\"fields\":{\"body\":\"Orangina refreshed their brand identity Achtung!\\/Kraftwerk wastasked to extend their newbrand identity to a fresh online experience. \",\"textColor\":\"#000000\",\"backgroundColor\":\"#ffffff\",\"backgroundImage\":\"\",\"paddingTop\":\"big\",\"paddingBottom\":\"small\",\"uiColor\":\"black\"}},\"14\":{\"type\":\"largeImage\",\"enabled\":\"1\",\"fields\":{\"image\":[\"61\"],\"backgroundColor\":\"#000000\",\"backgroundImage\":[\"60\"],\"paddingTop\":\"none\",\"paddingBottom\":\"big\",\"uiColor\":\"black\"}},\"17\":{\"type\":\"textTwoColumns\",\"enabled\":\"1\",\"fields\":{\"heading\":\"Strategy, Concept & UX\",\"intro\":\"The content of the new Orangina website was meantto be kept simple serving a few main purposes.\",\"body\":\"In general there were two main obectives, informing people about the available range of Orangina products and telling them about the history of Orangina as a brand. The homepage would then serve as a hub to these two objectives, as well as to the Orangina social channels.\",\"textColor\":\"#ffffff\",\"backgroundColor\":\"#fdaa31\",\"backgroundImage\":\"\",\"paddingTop\":\"none\",\"paddingBottom\":\"small\",\"uiColor\":\"black\"}},\"19\":{\"type\":\"video\",\"enabled\":\"1\",\"fields\":{\"coverImage\":[\"64\"],\"vimeoId\":\"156418367\",\"video\":[\"18\"],\"backgroundColor\":\"#ffa600\",\"backgroundImage\":[\"65\"],\"paddingTop\":\"none\",\"paddingBottom\":\"big\",\"uiColor\":\"black\"}},\"20\":{\"type\":\"textTwoColumns\",\"enabled\":\"1\",\"fields\":{\"heading\":\"Design elements\",\"intro\":\"Colors for the Orangina website were besides the brand\\u2019s Blue and Yellow, based on the labels of the different flavours. \",\"body\":\"\",\"textColor\":\"#000000\",\"backgroundColor\":\"#ffffff\",\"backgroundImage\":\"\",\"paddingTop\":\"big\",\"paddingBottom\":\"none\",\"uiColor\":\"black\"}},\"22\":{\"type\":\"largeImage\",\"enabled\":\"1\",\"fields\":{\"image\":[\"59\"],\"backgroundColor\":\"#ffffff\",\"backgroundImage\":\"\",\"paddingTop\":\"none\",\"paddingBottom\":\"small\",\"uiColor\":\"black\"}},\"23\":{\"type\":\"textWithImage\",\"enabled\":\"1\",\"fields\":{\"heading\":\"Iconography\",\"intro\":\"To add on the playfull, quirky identity of Orangina, we created an iconset that was used throughout the website.\",\"body\":\"Our hands on mentality can be found throughout the whole process. We bring ideas to life early. We prototype to keep improving along the way. \",\"image\":[\"54\"],\"textColor\":\"#000000\",\"backgroundColor\":\"#ffffff\",\"backgroundImage\":\"\",\"imagePosition\":\"right\",\"paddingTop\":\"small\",\"paddingBottom\":\"big\",\"uiColor\":\"black\"}},\"25\":{\"type\":\"textTwoColumns\",\"enabled\":\"1\",\"fields\":{\"heading\":\"Final Designs\",\"intro\":\"The content of the new Orangina website was meantto be kept simple serving a few main purposes.\",\"body\":\"In general there were two main obectives, informing people about the available range of Orangina products and telling them about the history of Orangina as a brand. The homepage would then serve as a hub to these two objectives, as well as to the Orangina social channels.\",\"textColor\":\"#ffffff\",\"backgroundColor\":\"#092865\",\"backgroundImage\":\"\",\"paddingTop\":\"big\",\"paddingBottom\":\"none\",\"uiColor\":\"white\"}},\"29\":{\"type\":\"imageGallery\",\"enabled\":\"1\",\"fields\":{\"images\":[\"57\",\"56\",\"55\",\"75\",\"74\"],\"backgroundColor\":\"#092865\",\"backgroundImage\":[\"54\"],\"paddingTop\":\"none\",\"paddingBottom\":\"none\",\"uiColor\":\"white\"}}},\"41\":\"Orangina\",\"31\":{\"36\":{\"type\":\"item\",\"enabled\":\"1\",\"fields\":{\"role\":\"Development\",\"contributorName\":\"Inalise B.V.\"}}},\"40\":[\"62\"],\"75\":\"Visit Project\",\"76\":\"http:\\/\\/orangina.eu\\/\",\"50\":[\"71\"],\"39\":\"A quirky new online appearance for a soda brand\",\"36\":{\"30\":{\"type\":\"honour\",\"enabled\":\"1\",\"fields\":{\"honourName\":\"FWA SOTD\",\"logo\":[\"32\"]}},\"34\":{\"type\":\"honour\",\"enabled\":\"1\",\"fields\":{\"honourName\":\"FWA MOTD\",\"logo\":[\"32\"]}},\"35\":{\"type\":\"honour\",\"enabled\":\"1\",\"fields\":{\"honourName\":\"Awwwards SOTD\",\"logo\":[\"33\"]}}},\"83\":[\"62\"],\"43\":\"Responsive Website\",\"34\":{\"37\":{\"type\":\"role\",\"enabled\":\"1\",\"fields\":{\"role\":\"Interaction design\"}},\"38\":{\"type\":\"role\",\"enabled\":\"1\",\"fields\":{\"role\":\"UX Design\"}},\"39\":{\"type\":\"role\",\"enabled\":\"1\",\"fields\":{\"role\":\"Creative direction\"}},\"40\":{\"type\":\"role\",\"enabled\":\"1\",\"fields\":{\"role\":\"Concept\"}},\"41\":{\"type\":\"role\",\"enabled\":\"1\",\"fields\":{\"role\":\"Strategy\"}}}}}', '2016-03-29 13:13:03', '2016-03-29 13:13:03', '96f0a4c3-feba-427d-bcd6-8018bfdc89fc'),
 ('160', '10', '3', '1', 'en_us', '78', '', '{\"typeId\":\"3\",\"authorId\":\"1\",\"title\":\"Orangina global website\",\"slug\":\"orangina\",\"postDate\":1456411320,\"expiryDate\":null,\"enabled\":1,\"parentId\":null,\"fields\":{\"3\":{\"12\":{\"type\":\"textFullWidth\",\"enabled\":\"1\",\"fields\":{\"body\":\"Orangina refreshed their brand identity Achtung!\\/Kraftwerk wastasked to extend their newbrand identity to a fresh online experience. \",\"textColor\":\"#000000\",\"backgroundColor\":\"#ffffff\",\"backgroundImage\":\"\",\"paddingTop\":\"big\",\"paddingBottom\":\"small\",\"uiColor\":\"black\"}},\"14\":{\"type\":\"largeImage\",\"enabled\":\"1\",\"fields\":{\"image\":[\"61\"],\"backgroundColor\":\"#000000\",\"backgroundImage\":[\"60\"],\"paddingTop\":\"none\",\"paddingBottom\":\"big\",\"uiColor\":\"black\"}},\"17\":{\"type\":\"textTwoColumns\",\"enabled\":\"1\",\"fields\":{\"heading\":\"Strategy, Concept & UX\",\"intro\":\"The content of the new Orangina website was meantto be kept simple serving a few main purposes.\",\"body\":\"In general there were two main obectives, informing people about the available range of Orangina products and telling them about the history of Orangina as a brand. The homepage would then serve as a hub to these two objectives, as well as to the Orangina social channels.\",\"textColor\":\"#ffffff\",\"backgroundColor\":\"#fdaa31\",\"backgroundImage\":\"\",\"paddingTop\":\"none\",\"paddingBottom\":\"small\",\"uiColor\":\"black\"}},\"19\":{\"type\":\"video\",\"enabled\":\"1\",\"fields\":{\"coverImage\":[\"64\"],\"vimeoId\":\"156418367\",\"video\":[\"18\"],\"backgroundColor\":\"#ffa600\",\"backgroundImage\":[\"65\"],\"paddingTop\":\"none\",\"paddingBottom\":\"big\",\"uiColor\":\"black\"}},\"20\":{\"type\":\"textTwoColumns\",\"enabled\":\"1\",\"fields\":{\"heading\":\"Design elements\",\"intro\":\"Colors for the Orangina website were besides the brand\\u2019s Blue and Yellow, based on the labels of the different flavours. \",\"body\":\"\",\"textColor\":\"#000000\",\"backgroundColor\":\"#ffffff\",\"backgroundImage\":\"\",\"paddingTop\":\"big\",\"paddingBottom\":\"none\",\"uiColor\":\"black\"}},\"22\":{\"type\":\"largeImage\",\"enabled\":\"1\",\"fields\":{\"image\":[\"59\"],\"backgroundColor\":\"#ffffff\",\"backgroundImage\":\"\",\"paddingTop\":\"none\",\"paddingBottom\":\"small\",\"uiColor\":\"black\"}},\"23\":{\"type\":\"textWithImage\",\"enabled\":\"1\",\"fields\":{\"heading\":\"Iconography\",\"intro\":\"To add on the playfull, quirky identity of Orangina, we created an iconset that was used throughout the website.\",\"body\":\"Our hands on mentality can be found throughout the whole process. We bring ideas to life early. We prototype to keep improving along the way. \",\"image\":[\"54\"],\"textColor\":\"#000000\",\"backgroundColor\":\"#ffffff\",\"backgroundImage\":\"\",\"imagePosition\":\"right\",\"paddingTop\":\"small\",\"paddingBottom\":\"big\",\"uiColor\":\"black\"}},\"25\":{\"type\":\"textTwoColumns\",\"enabled\":\"1\",\"fields\":{\"heading\":\"Final Designs\",\"intro\":\"The content of the new Orangina website was meantto be kept simple serving a few main purposes.\",\"body\":\"In general there were two main obectives, informing people about the available range of Orangina products and telling them about the history of Orangina as a brand. The homepage would then serve as a hub to these two objectives, as well as to the Orangina social channels.\",\"textColor\":\"#ffffff\",\"backgroundColor\":\"#092865\",\"backgroundImage\":\"\",\"paddingTop\":\"big\",\"paddingBottom\":\"none\",\"uiColor\":\"white\"}},\"29\":{\"type\":\"imageGallery\",\"enabled\":\"1\",\"fields\":{\"images\":[\"57\",\"56\",\"55\",\"75\",\"74\"],\"backgroundColor\":\"#092865\",\"backgroundImage\":\"\",\"paddingTop\":\"none\",\"paddingBottom\":\"none\",\"uiColor\":\"white\"}}},\"41\":\"Orangina\",\"31\":{\"36\":{\"type\":\"item\",\"enabled\":\"1\",\"fields\":{\"role\":\"Development\",\"contributorName\":\"Inalise B.V.\"}}},\"40\":[\"62\"],\"75\":\"Visit Project\",\"76\":\"http:\\/\\/orangina.eu\\/\",\"50\":[\"71\"],\"39\":\"A quirky new online appearance for a soda brand\",\"36\":{\"30\":{\"type\":\"honour\",\"enabled\":\"1\",\"fields\":{\"honourName\":\"FWA SOTD\",\"logo\":[\"32\"]}},\"34\":{\"type\":\"honour\",\"enabled\":\"1\",\"fields\":{\"honourName\":\"FWA MOTD\",\"logo\":[\"32\"]}},\"35\":{\"type\":\"honour\",\"enabled\":\"1\",\"fields\":{\"honourName\":\"Awwwards SOTD\",\"logo\":[\"33\"]}}},\"83\":[\"62\"],\"43\":\"Responsive Website\",\"34\":{\"37\":{\"type\":\"role\",\"enabled\":\"1\",\"fields\":{\"role\":\"Interaction design\"}},\"38\":{\"type\":\"role\",\"enabled\":\"1\",\"fields\":{\"role\":\"UX Design\"}},\"39\":{\"type\":\"role\",\"enabled\":\"1\",\"fields\":{\"role\":\"Creative direction\"}},\"40\":{\"type\":\"role\",\"enabled\":\"1\",\"fields\":{\"role\":\"Concept\"}},\"41\":{\"type\":\"role\",\"enabled\":\"1\",\"fields\":{\"role\":\"Strategy\"}}}}}', '2016-03-29 13:13:42', '2016-03-29 13:13:42', 'b65ce79a-c201-4cdb-9ff6-5dc1f17e89e6'),
 ('161', '117', '3', '1', 'en_us', '34', '', '{\"typeId\":\"3\",\"authorId\":\"109\",\"title\":\"KLM Layover with a Local\",\"slug\":\"layover-with-a-local\",\"postDate\":1458311040,\"expiryDate\":null,\"enabled\":1,\"parentId\":null,\"fields\":{\"3\":{\"130\":{\"type\":\"textFullWidth\",\"enabled\":\"1\",\"fields\":{\"body\":\"Layover with a Local offers KLM travelers with a stop of 6 hours or more at Amsterdam Schiphol Airport the opportunity to turn this transfer into a trip. \",\"textColor\":\"#000000\",\"backgroundColor\":\"#ffffff\",\"backgroundImage\":\"\",\"paddingTop\":\"big\",\"paddingBottom\":\"big\",\"uiColor\":\"black\"}},\"132\":{\"type\":\"video\",\"enabled\":\"1\",\"fields\":{\"coverImage\":[\"131\"],\"vimeoId\":\"123456\",\"video\":[\"18\"],\"backgroundColor\":\"#ffffff\",\"backgroundImage\":\"\",\"paddingTop\":\"none\",\"paddingBottom\":\"small\",\"uiColor\":\"black\"}},\"134\":{\"type\":\"textWithImage\",\"enabled\":\"1\",\"fields\":{\"heading\":\"70% of travelers have a layover in Amsterdam\",\"intro\":\"With Amsterdam Central Station just 15 minutes away, why not make use of it? Adventure is just around the corner. \",\"body\":\"By connecting travelers to locals we turn waiting time into wander time, and for KLM it\\u2019s just another way to take you somewhere.\",\"image\":[\"133\"],\"textColor\":\"#000000\",\"backgroundColor\":\"#ffffff\",\"backgroundImage\":\"\",\"imagePosition\":\"left\",\"paddingTop\":\"big\",\"paddingBottom\":\"small\",\"uiColor\":\"white\"}},\"136\":{\"type\":\"textWithImage\",\"enabled\":\"1\",\"fields\":{\"heading\":\"Intelligent matchmaking based on interests\",\"intro\":\"The element of matching up passengers with locals through a social profile can give hesitation. \",\"body\":\"Therefore, the app uses intelligent matchmaking based on interests, shared languages and availability. Once the traveler requests a meetup, we select 3 locals and notify them with a push notification. \",\"image\":[\"135\"],\"textColor\":\"#000000\",\"backgroundColor\":\"#ffffff\",\"backgroundImage\":\"\",\"imagePosition\":\"right\",\"paddingTop\":\"big\",\"paddingBottom\":\"big\",\"uiColor\":\"black\"}},\"137\":{\"type\":\"textTwoColumns\",\"enabled\":\"1\",\"fields\":{\"heading\":\"A personal layover guide for travelers\",\"intro\":\"Leaving the airport during a layover is potentially stressful. That\\u2019s why we created a personal layover guide that gives the traveler step-by-step directions.\",\"body\":\"The layover guide is made up from dynamic cards that offer relevant actions at the appropiate times. Real-time notifications ensure that the traveler returns to the airport in time.\",\"textColor\":\"#ffffff\",\"backgroundColor\":\"#00a1de\",\"backgroundImage\":\"\",\"paddingTop\":\"big\",\"paddingBottom\":\"small\",\"uiColor\":\"white\"}},\"141\":{\"type\":\"largeImage\",\"enabled\":\"1\",\"fields\":{\"image\":[\"142\"],\"backgroundColor\":\"#00a1de\",\"backgroundImage\":\"\",\"paddingTop\":\"none\",\"paddingBottom\":\"small\",\"uiColor\":\"white\"}},\"143\":{\"type\":\"video\",\"enabled\":\"1\",\"fields\":{\"coverImage\":[\"131\"],\"vimeoId\":\"123456\",\"video\":[\"18\"],\"backgroundColor\":\"#ffffff\",\"backgroundImage\":\"\",\"paddingTop\":\"big\",\"paddingBottom\":\"big\",\"uiColor\":\"black\"}},\"145\":{\"type\":\"textWithImage\",\"enabled\":\"1\",\"fields\":{\"heading\":\"An all-inclusive mini trip\",\"intro\":\"In collaboration with the national railway company we offer the traveler a free train ticket into the city.\",\"body\":\"But there is more. At selected bars, they can get their first drink for free, available through an in-app coupon. As a local, you can set your availability so you can meet up with travelers only when you really want to.\",\"image\":[\"144\"],\"textColor\":\"#000000\",\"backgroundColor\":\"#ffffff\",\"backgroundImage\":\"\",\"imagePosition\":\"right\",\"paddingTop\":\"small\",\"paddingBottom\":\"small\",\"uiColor\":\"black\"}},\"147\":{\"type\":\"textTwoColumns\",\"enabled\":\"1\",\"fields\":{\"heading\":\"So, how do we get the locals to sign up?\",\"intro\":\"We\\u2019re targeting locals that have an intrinsic motivation to meet up. Language students, for example, can practice their italian with a real italian. \",\"body\":\"In collaboration with language schools, the expat centre and local bars we make sure to find locals that are excited for a meetup. One lucky local will win a ticket to the country of the traveler.\",\"textColor\":\"#000000\",\"backgroundColor\":\"#ffffff\",\"backgroundImage\":\"\",\"paddingTop\":\"big\",\"paddingBottom\":\"big\",\"uiColor\":\"black\"}},\"150\":{\"type\":\"largeImage\",\"enabled\":\"1\",\"fields\":{\"image\":[\"149\"],\"backgroundColor\":\"#ffffff\",\"backgroundImage\":\"\",\"paddingTop\":\"big\",\"paddingBottom\":\"big\",\"uiColor\":\"black\"}},\"148\":{\"type\":\"largeImage\",\"enabled\":\"1\",\"fields\":{\"image\":[\"146\"],\"backgroundColor\":\"#cae3ed\",\"backgroundImage\":\"\",\"paddingTop\":\"big\",\"paddingBottom\":\"big\",\"uiColor\":\"white\"}}},\"41\":\"KLM Royal Dutch Airlines\",\"31\":{\"118\":{\"type\":\"item\",\"enabled\":\"1\",\"fields\":{\"role\":\"Development\",\"contributorName\":\"Superhero Cheesecake\"}}},\"40\":[\"121\"],\"75\":\"\",\"76\":\"\",\"50\":\"\",\"39\":\"Turn your transfer into a trip\",\"36\":\"\",\"83\":[\"121\"],\"43\":\"Mobile Application\",\"34\":{\"122\":{\"type\":\"role\",\"enabled\":\"1\",\"fields\":{\"role\":\"Art direction\"}},\"123\":{\"type\":\"role\",\"enabled\":\"1\",\"fields\":{\"role\":\"UI design\"}},\"124\":{\"type\":\"role\",\"enabled\":\"1\",\"fields\":{\"role\":\"Concept development\"}},\"125\":{\"type\":\"role\",\"enabled\":\"1\",\"fields\":{\"role\":\"Service design\"}},\"126\":{\"type\":\"role\",\"enabled\":\"1\",\"fields\":{\"role\":\"Character design\"}},\"127\":{\"type\":\"role\",\"enabled\":\"1\",\"fields\":{\"role\":\"Animation\"}},\"128\":{\"type\":\"role\",\"enabled\":\"1\",\"fields\":{\"role\":\"UX design\"}},\"129\":{\"type\":\"role\",\"enabled\":\"1\",\"fields\":{\"role\":\"Strategy\"}}}}}', '2016-03-29 13:14:12', '2016-03-29 13:14:12', 'ce51075b-266c-47e5-a45a-5773528689f4'),
 ('162', '97', '3', '1', 'en_us', '7', '', '{\"typeId\":\"3\",\"authorId\":\"1\",\"title\":\"Test case\",\"slug\":\"test-case\",\"postDate\":1458163500,\"expiryDate\":null,\"enabled\":1,\"parentId\":null,\"fields\":{\"3\":{\"111\":{\"type\":\"largeImage\",\"enabled\":\"1\",\"fields\":{\"image\":[\"110\"],\"backgroundColor\":\"#000000\",\"backgroundImage\":\"\",\"paddingTop\":\"none\",\"paddingBottom\":\"none\",\"uiColor\":\"white\"}}},\"41\":\"Test\",\"31\":\"\",\"40\":[\"96\"],\"75\":\"GOGO\",\"76\":\"http:\\/\\/www.google.com\",\"50\":\"\",\"39\":\"Test case\",\"36\":\"\",\"83\":[\"96\"],\"43\":\"Responsive Website\",\"34\":\"\"}}', '2016-03-29 13:14:21', '2016-03-29 13:14:21', 'c2005c38-9d02-47ae-91e7-9e7cffa650e8'),
 ('163', '97', '3', '1', 'en_us', '8', '', '{\"typeId\":\"3\",\"authorId\":\"1\",\"title\":\"Test case\",\"slug\":\"test-case\",\"postDate\":1458163500,\"expiryDate\":null,\"enabled\":1,\"parentId\":null,\"fields\":{\"3\":{\"111\":{\"type\":\"largeImage\",\"enabled\":\"1\",\"fields\":{\"image\":[\"110\"],\"backgroundColor\":\"#000000\",\"backgroundImage\":\"\",\"paddingTop\":\"none\",\"paddingBottom\":\"none\",\"uiColor\":\"white\"}},\"new1\":{\"type\":\"imageFull\",\"enabled\":\"1\",\"fields\":{\"image\":[\"77\"],\"paddingTop\":\"none\",\"paddingBottom\":\"none\",\"uiColor\":\"black\"}}},\"41\":\"Test\",\"31\":\"\",\"40\":[\"96\"],\"75\":\"GOGO\",\"76\":\"http:\\/\\/www.google.com\",\"50\":\"\",\"39\":\"Test case\",\"36\":\"\",\"83\":[\"96\"],\"43\":\"Responsive Website\",\"34\":\"\"}}', '2016-03-30 15:34:30', '2016-03-30 15:34:30', '030c7fc5-2c87-4097-a816-2a9e9834c7a8'),
 ('164', '6', '6', '1', 'en_us', '2', '', '{\"typeId\":\"6\",\"authorId\":null,\"title\":\"About\",\"slug\":\"about\",\"postDate\":1457355146,\"expiryDate\":null,\"enabled\":1,\"parentId\":null,\"fields\":{\"84\":[\"153\",\"154\",\"155\",\"156\",\"157\"]}}', '2016-03-30 15:53:50', '2016-03-30 15:53:50', '7172a2ab-bea2-4e0f-ae58-2380c01fd72c'),
 ('165', '6', '6', '1', 'en_us', '3', '', '{\"typeId\":\"6\",\"authorId\":null,\"title\":\"About\",\"slug\":\"about\",\"postDate\":1457355146,\"expiryDate\":null,\"enabled\":1,\"parentId\":null,\"fields\":{\"84\":[\"153\",\"154\",\"155\",\"157\"]}}', '2016-03-30 16:10:58', '2016-03-30 16:10:58', 'c01ecf6d-a278-431a-96e0-b93d3434ccdb'),
 ('166', '10', '3', '1', 'en_us', '79', '', '{\"typeId\":\"3\",\"authorId\":\"1\",\"title\":\"Orangina global website\",\"slug\":\"orangina\",\"postDate\":1456411320,\"expiryDate\":null,\"enabled\":1,\"parentId\":null,\"fields\":{\"3\":{\"12\":{\"type\":\"textFullWidth\",\"enabled\":\"1\",\"fields\":{\"body\":\"Orangina refreshed their brand identity Achtung!\\/Kraftwerk wastasked to extend their newbrand identity to a fresh online experience. \",\"textColor\":\"#000000\",\"backgroundColor\":\"#ffffff\",\"backgroundImage\":\"\",\"paddingTop\":\"medium\",\"paddingBottom\":\"small\",\"uiColor\":\"black\"}},\"14\":{\"type\":\"largeImage\",\"enabled\":\"1\",\"fields\":{\"image\":[\"61\"],\"backgroundColor\":\"#000000\",\"backgroundImage\":[\"60\"],\"paddingTop\":\"none\",\"paddingBottom\":\"big\",\"uiColor\":\"black\"}},\"17\":{\"type\":\"textTwoColumns\",\"enabled\":\"1\",\"fields\":{\"heading\":\"Strategy, Concept & UX\",\"intro\":\"The content of the new Orangina website was meantto be kept simple serving a few main purposes.\",\"body\":\"In general there were two main obectives, informing people about the available range of Orangina products and telling them about the history of Orangina as a brand. The homepage would then serve as a hub to these two objectives, as well as to the Orangina social channels.\",\"textColor\":\"#ffffff\",\"backgroundColor\":\"#fdaa31\",\"backgroundImage\":\"\",\"paddingTop\":\"none\",\"paddingBottom\":\"small\",\"uiColor\":\"black\"}},\"19\":{\"type\":\"video\",\"enabled\":\"1\",\"fields\":{\"coverImage\":[\"64\"],\"vimeoId\":\"156418367\",\"video\":[\"18\"],\"backgroundColor\":\"#ffa600\",\"backgroundImage\":[\"65\"],\"paddingTop\":\"none\",\"paddingBottom\":\"big\",\"uiColor\":\"black\"}},\"20\":{\"type\":\"textTwoColumns\",\"enabled\":\"1\",\"fields\":{\"heading\":\"Design elements\",\"intro\":\"Colors for the Orangina website were besides the brand\\u2019s Blue and Yellow, based on the labels of the different flavours. \",\"body\":\"\",\"textColor\":\"#000000\",\"backgroundColor\":\"#ffffff\",\"backgroundImage\":\"\",\"paddingTop\":\"big\",\"paddingBottom\":\"none\",\"uiColor\":\"black\"}},\"22\":{\"type\":\"largeImage\",\"enabled\":\"1\",\"fields\":{\"image\":[\"59\"],\"backgroundColor\":\"#ffffff\",\"backgroundImage\":\"\",\"paddingTop\":\"none\",\"paddingBottom\":\"small\",\"uiColor\":\"black\"}},\"23\":{\"type\":\"textWithImage\",\"enabled\":\"1\",\"fields\":{\"heading\":\"Iconography\",\"intro\":\"To add on the playfull, quirky identity of Orangina, we created an iconset that was used throughout the website.\",\"body\":\"Our hands on mentality can be found throughout the whole process. We bring ideas to life early. We prototype to keep improving along the way. \",\"image\":[\"54\"],\"textColor\":\"#000000\",\"backgroundColor\":\"#ffffff\",\"backgroundImage\":\"\",\"imagePosition\":\"right\",\"paddingTop\":\"small\",\"paddingBottom\":\"big\",\"uiColor\":\"black\"}},\"25\":{\"type\":\"textTwoColumns\",\"enabled\":\"1\",\"fields\":{\"heading\":\"Final Designs\",\"intro\":\"The content of the new Orangina website was meantto be kept simple serving a few main purposes.\",\"body\":\"In general there were two main obectives, informing people about the available range of Orangina products and telling them about the history of Orangina as a brand. The homepage would then serve as a hub to these two objectives, as well as to the Orangina social channels.\",\"textColor\":\"#ffffff\",\"backgroundColor\":\"#092865\",\"backgroundImage\":\"\",\"paddingTop\":\"big\",\"paddingBottom\":\"none\",\"uiColor\":\"white\"}},\"29\":{\"type\":\"imageGallery\",\"enabled\":\"1\",\"fields\":{\"images\":[\"57\",\"56\",\"55\",\"75\",\"74\"],\"backgroundColor\":\"#092865\",\"backgroundImage\":\"\",\"paddingTop\":\"none\",\"paddingBottom\":\"none\",\"uiColor\":\"white\"}}},\"41\":\"Orangina\",\"31\":{\"36\":{\"type\":\"item\",\"enabled\":\"1\",\"fields\":{\"role\":\"Development\",\"contributorName\":\"Inalise B.V.\"}}},\"40\":[\"62\"],\"75\":\"Visit Project\",\"76\":\"http:\\/\\/orangina.eu\\/\",\"50\":[\"71\"],\"39\":\"A quirky new online appearance for a soda brand\",\"36\":{\"30\":{\"type\":\"honour\",\"enabled\":\"1\",\"fields\":{\"honourName\":\"FWA SOTD\",\"logo\":[\"32\"]}},\"34\":{\"type\":\"honour\",\"enabled\":\"1\",\"fields\":{\"honourName\":\"FWA MOTD\",\"logo\":[\"32\"]}},\"35\":{\"type\":\"honour\",\"enabled\":\"1\",\"fields\":{\"honourName\":\"Awwwards SOTD\",\"logo\":[\"33\"]}}},\"83\":[\"62\"],\"43\":\"Responsive Website\",\"34\":{\"37\":{\"type\":\"role\",\"enabled\":\"1\",\"fields\":{\"role\":\"Interaction design\"}},\"38\":{\"type\":\"role\",\"enabled\":\"1\",\"fields\":{\"role\":\"UX Design\"}},\"39\":{\"type\":\"role\",\"enabled\":\"1\",\"fields\":{\"role\":\"Creative direction\"}},\"40\":{\"type\":\"role\",\"enabled\":\"1\",\"fields\":{\"role\":\"Concept\"}},\"41\":{\"type\":\"role\",\"enabled\":\"1\",\"fields\":{\"role\":\"Strategy\"}}}}}', '2016-03-31 12:11:18', '2016-03-31 12:11:18', '31e9a33c-f1c6-42af-a744-8675393b5469'),
 ('167', '10', '3', '1', 'en_us', '80', '', '{\"typeId\":\"3\",\"authorId\":\"1\",\"title\":\"Orangina global website\",\"slug\":\"orangina\",\"postDate\":1456411320,\"expiryDate\":null,\"enabled\":1,\"parentId\":null,\"fields\":{\"3\":{\"12\":{\"type\":\"textFullWidth\",\"enabled\":\"1\",\"fields\":{\"body\":\"Orangina refreshed their brand identity Achtung!\\/Kraftwerk wastasked to extend their newbrand identity to a fresh online experience. \",\"textColor\":\"#000000\",\"backgroundColor\":\"#ffffff\",\"backgroundImage\":\"\",\"paddingTop\":\"medium\",\"paddingBottom\":\"small\",\"uiColor\":\"black\"}},\"14\":{\"type\":\"largeImage\",\"enabled\":\"1\",\"fields\":{\"image\":[\"61\"],\"backgroundColor\":\"#000000\",\"backgroundImage\":[\"60\"],\"paddingTop\":\"none\",\"paddingBottom\":\"medium\",\"uiColor\":\"black\"}},\"17\":{\"type\":\"textTwoColumns\",\"enabled\":\"1\",\"fields\":{\"heading\":\"Strategy, Concept & UX\",\"intro\":\"The content of the new Orangina website was meantto be kept simple serving a few main purposes.\",\"body\":\"In general there were two main obectives, informing people about the available range of Orangina products and telling them about the history of Orangina as a brand. The homepage would then serve as a hub to these two objectives, as well as to the Orangina social channels.\",\"textColor\":\"#ffffff\",\"backgroundColor\":\"#fdaa31\",\"backgroundImage\":\"\",\"paddingTop\":\"none\",\"paddingBottom\":\"small\",\"uiColor\":\"black\"}},\"19\":{\"type\":\"video\",\"enabled\":\"1\",\"fields\":{\"coverImage\":[\"64\"],\"vimeoId\":\"156418367\",\"video\":[\"18\"],\"backgroundColor\":\"#ffa600\",\"backgroundImage\":[\"65\"],\"paddingTop\":\"none\",\"paddingBottom\":\"medium\",\"uiColor\":\"black\"}},\"20\":{\"type\":\"textTwoColumns\",\"enabled\":\"1\",\"fields\":{\"heading\":\"Design elements\",\"intro\":\"Colors for the Orangina website were besides the brand\\u2019s Blue and Yellow, based on the labels of the different flavours. \",\"body\":\"\",\"textColor\":\"#000000\",\"backgroundColor\":\"#ffffff\",\"backgroundImage\":\"\",\"paddingTop\":\"medium\",\"paddingBottom\":\"none\",\"uiColor\":\"black\"}},\"22\":{\"type\":\"largeImage\",\"enabled\":\"1\",\"fields\":{\"image\":[\"59\"],\"backgroundColor\":\"#ffffff\",\"backgroundImage\":\"\",\"paddingTop\":\"none\",\"paddingBottom\":\"small\",\"uiColor\":\"black\"}},\"23\":{\"type\":\"textWithImage\",\"enabled\":\"1\",\"fields\":{\"heading\":\"Iconography\",\"intro\":\"To add on the playfull, quirky identity of Orangina, we created an iconset that was used throughout the website.\",\"body\":\"Our hands on mentality can be found throughout the whole process. We bring ideas to life early. We prototype to keep improving along the way. \",\"image\":[\"54\"],\"textColor\":\"#000000\",\"backgroundColor\":\"#ffffff\",\"backgroundImage\":\"\",\"imagePosition\":\"right\",\"paddingTop\":\"small\",\"paddingBottom\":\"medium\",\"uiColor\":\"black\"}},\"25\":{\"type\":\"textTwoColumns\",\"enabled\":\"1\",\"fields\":{\"heading\":\"Final Designs\",\"intro\":\"The content of the new Orangina website was meantto be kept simple serving a few main purposes.\",\"body\":\"In general there were two main obectives, informing people about the available range of Orangina products and telling them about the history of Orangina as a brand. The homepage would then serve as a hub to these two objectives, as well as to the Orangina social channels.\",\"textColor\":\"#ffffff\",\"backgroundColor\":\"#092865\",\"backgroundImage\":\"\",\"paddingTop\":\"medium\",\"paddingBottom\":\"none\",\"uiColor\":\"white\"}},\"29\":{\"type\":\"imageGallery\",\"enabled\":\"1\",\"fields\":{\"images\":[\"57\",\"56\",\"55\",\"75\",\"74\"],\"backgroundColor\":\"#092865\",\"backgroundImage\":\"\",\"paddingTop\":\"none\",\"paddingBottom\":\"none\",\"uiColor\":\"white\"}}},\"41\":\"Orangina\",\"31\":{\"36\":{\"type\":\"item\",\"enabled\":\"1\",\"fields\":{\"role\":\"Development\",\"contributorName\":\"Inalise B.V.\"}}},\"40\":[\"62\"],\"75\":\"Visit Project\",\"76\":\"http:\\/\\/orangina.eu\\/\",\"50\":[\"71\"],\"39\":\"A quirky new online appearance for a soda brand\",\"36\":{\"30\":{\"type\":\"honour\",\"enabled\":\"1\",\"fields\":{\"honourName\":\"FWA SOTD\",\"logo\":[\"32\"]}},\"34\":{\"type\":\"honour\",\"enabled\":\"1\",\"fields\":{\"honourName\":\"FWA MOTD\",\"logo\":[\"32\"]}},\"35\":{\"type\":\"honour\",\"enabled\":\"1\",\"fields\":{\"honourName\":\"Awwwards SOTD\",\"logo\":[\"33\"]}}},\"83\":[\"62\"],\"43\":\"Responsive Website\",\"34\":{\"37\":{\"type\":\"role\",\"enabled\":\"1\",\"fields\":{\"role\":\"Interaction design\"}},\"38\":{\"type\":\"role\",\"enabled\":\"1\",\"fields\":{\"role\":\"UX Design\"}},\"39\":{\"type\":\"role\",\"enabled\":\"1\",\"fields\":{\"role\":\"Creative direction\"}},\"40\":{\"type\":\"role\",\"enabled\":\"1\",\"fields\":{\"role\":\"Concept\"}},\"41\":{\"type\":\"role\",\"enabled\":\"1\",\"fields\":{\"role\":\"Strategy\"}}}}}', '2016-03-31 12:19:38', '2016-03-31 12:19:38', '78d59702-8ec3-4eba-a6ae-585eb85e87a9'),
 ('168', '10', '3', '1', 'en_us', '81', '', '{\"typeId\":\"3\",\"authorId\":\"1\",\"title\":\"Orangina global website\",\"slug\":\"orangina\",\"postDate\":1456411320,\"expiryDate\":null,\"enabled\":1,\"parentId\":null,\"fields\":{\"3\":{\"12\":{\"type\":\"textFullWidth\",\"enabled\":\"1\",\"fields\":{\"body\":\"Orangina refreshed their brand identity Achtung!\\/Kraftwerk wastasked to extend their newbrand identity to a fresh online experience. \",\"textColor\":\"#000000\",\"backgroundColor\":\"#ffffff\",\"backgroundImage\":\"\",\"paddingTop\":\"medium\",\"paddingBottom\":\"small\",\"uiColor\":\"black\"}},\"14\":{\"type\":\"largeImage\",\"enabled\":\"1\",\"fields\":{\"image\":[\"61\"],\"backgroundColor\":\"#000000\",\"backgroundImage\":[\"60\"],\"paddingTop\":\"none\",\"paddingBottom\":\"medium\",\"uiColor\":\"black\"}},\"17\":{\"type\":\"textTwoColumns\",\"enabled\":\"1\",\"fields\":{\"heading\":\"Strategy, Concept & UX\",\"intro\":\"The content of the new Orangina website was meantto be kept simple serving a few main purposes.\",\"body\":\"In general there were two main obectives, informing people about the available range of Orangina products and telling them about the history of Orangina as a brand. The homepage would then serve as a hub to these two objectives, as well as to the Orangina social channels.\",\"textColor\":\"#ffffff\",\"backgroundColor\":\"#fdaa31\",\"backgroundImage\":\"\",\"paddingTop\":\"none\",\"paddingBottom\":\"small\",\"uiColor\":\"black\"}},\"19\":{\"type\":\"video\",\"enabled\":\"1\",\"fields\":{\"coverImage\":[\"64\"],\"vimeoId\":\"156418367\",\"video\":[\"18\"],\"backgroundColor\":\"#ffa600\",\"backgroundImage\":[\"65\"],\"paddingTop\":\"none\",\"paddingBottom\":\"medium\",\"uiColor\":\"black\"}},\"20\":{\"type\":\"textTwoColumns\",\"enabled\":\"1\",\"fields\":{\"heading\":\"Design elements\",\"intro\":\"Colors for the Orangina website were besides the brand\\u2019s Blue and Yellow, based on the labels of the different flavours. \",\"body\":\"\",\"textColor\":\"#000000\",\"backgroundColor\":\"#ffffff\",\"backgroundImage\":\"\",\"paddingTop\":\"medium\",\"paddingBottom\":\"none\",\"uiColor\":\"black\"}},\"22\":{\"type\":\"largeImage\",\"enabled\":\"1\",\"fields\":{\"image\":[\"59\"],\"backgroundColor\":\"#ffffff\",\"backgroundImage\":\"\",\"paddingTop\":\"none\",\"paddingBottom\":\"small\",\"uiColor\":\"black\"}},\"23\":{\"type\":\"textWithImage\",\"enabled\":\"1\",\"fields\":{\"heading\":\"Iconography\",\"intro\":\"To add on the playfull, quirky identity of Orangina, we created an iconset that was used throughout the website.\",\"body\":\"Our hands on mentality can be found throughout the whole process. We bring ideas to life early. We prototype to keep improving along the way. \",\"image\":[\"54\"],\"textColor\":\"#000000\",\"backgroundColor\":\"#ffffff\",\"backgroundImage\":\"\",\"imagePosition\":\"right\",\"paddingTop\":\"small\",\"paddingBottom\":\"medium\",\"uiColor\":\"black\"}},\"25\":{\"type\":\"textTwoColumns\",\"enabled\":\"1\",\"fields\":{\"heading\":\"Final Designs\",\"intro\":\"The content of the new Orangina website was meantto be kept simple serving a few main purposes.\",\"body\":\"In general there were two main obectives, informing people about the available range of Orangina products and telling them about the history of Orangina as a brand. The homepage would then serve as a hub to these two objectives, as well as to the Orangina social channels.\",\"textColor\":\"#ffffff\",\"backgroundColor\":\"#092865\",\"backgroundImage\":\"\",\"paddingTop\":\"medium\",\"paddingBottom\":\"none\",\"uiColor\":\"white\"}},\"29\":{\"type\":\"imageGallery\",\"enabled\":\"1\",\"fields\":{\"images\":[\"57\",\"56\",\"55\",\"75\",\"74\"],\"backgroundColor\":\"#092865\",\"backgroundImage\":\"\",\"paddingTop\":\"medium\",\"paddingBottom\":\"medium\",\"uiColor\":\"white\"}}},\"41\":\"Orangina\",\"31\":{\"36\":{\"type\":\"item\",\"enabled\":\"1\",\"fields\":{\"role\":\"Development\",\"contributorName\":\"Inalise B.V.\"}}},\"40\":[\"62\"],\"75\":\"Visit Project\",\"76\":\"http:\\/\\/orangina.eu\\/\",\"50\":[\"71\"],\"39\":\"A quirky new online appearance for a soda brand\",\"36\":{\"30\":{\"type\":\"honour\",\"enabled\":\"1\",\"fields\":{\"honourName\":\"FWA SOTD\",\"logo\":[\"32\"]}},\"34\":{\"type\":\"honour\",\"enabled\":\"1\",\"fields\":{\"honourName\":\"FWA MOTD\",\"logo\":[\"32\"]}},\"35\":{\"type\":\"honour\",\"enabled\":\"1\",\"fields\":{\"honourName\":\"Awwwards SOTD\",\"logo\":[\"33\"]}}},\"83\":[\"62\"],\"43\":\"Responsive Website\",\"34\":{\"37\":{\"type\":\"role\",\"enabled\":\"1\",\"fields\":{\"role\":\"Interaction design\"}},\"38\":{\"type\":\"role\",\"enabled\":\"1\",\"fields\":{\"role\":\"UX Design\"}},\"39\":{\"type\":\"role\",\"enabled\":\"1\",\"fields\":{\"role\":\"Creative direction\"}},\"40\":{\"type\":\"role\",\"enabled\":\"1\",\"fields\":{\"role\":\"Concept\"}},\"41\":{\"type\":\"role\",\"enabled\":\"1\",\"fields\":{\"role\":\"Strategy\"}}}}}', '2016-03-31 12:27:14', '2016-03-31 12:27:14', 'd2f3279a-376c-455d-b62e-63766e8aa45b'),
 ('169', '10', '3', '1', 'en_us', '82', '', '{\"typeId\":\"3\",\"authorId\":\"1\",\"title\":\"Orangina global website\",\"slug\":\"orangina\",\"postDate\":1456411320,\"expiryDate\":null,\"enabled\":1,\"parentId\":null,\"fields\":{\"3\":{\"12\":{\"type\":\"textFullWidth\",\"enabled\":\"1\",\"fields\":{\"body\":\"Orangina refreshed their brand identity Achtung!\\/Kraftwerk wastasked to extend their newbrand identity to a fresh online experience. \",\"textColor\":\"#000000\",\"backgroundColor\":\"#ffffff\",\"backgroundImage\":\"\",\"paddingTop\":\"medium\",\"paddingBottom\":\"small\",\"uiColor\":\"black\"}},\"14\":{\"type\":\"largeImage\",\"enabled\":\"1\",\"fields\":{\"image\":[\"61\"],\"backgroundColor\":\"#000000\",\"backgroundImage\":[\"60\"],\"paddingTop\":\"none\",\"paddingBottom\":\"medium\",\"uiColor\":\"black\"}},\"17\":{\"type\":\"textTwoColumns\",\"enabled\":\"1\",\"fields\":{\"heading\":\"Strategy, Concept & UX\",\"intro\":\"The content of the new Orangina website was meantto be kept simple serving a few main purposes.\",\"body\":\"In general there were two main obectives, informing people about the available range of Orangina products and telling them about the history of Orangina as a brand. The homepage would then serve as a hub to these two objectives, as well as to the Orangina social channels.\",\"textColor\":\"#ffffff\",\"backgroundColor\":\"#fdaa31\",\"backgroundImage\":\"\",\"paddingTop\":\"none\",\"paddingBottom\":\"small\",\"uiColor\":\"black\"}},\"19\":{\"type\":\"video\",\"enabled\":\"1\",\"fields\":{\"coverImage\":[\"64\"],\"vimeoId\":\"156418367\",\"video\":[\"18\"],\"backgroundColor\":\"#ffa600\",\"backgroundImage\":[\"65\"],\"paddingTop\":\"none\",\"paddingBottom\":\"medium\",\"uiColor\":\"black\"}},\"20\":{\"type\":\"textTwoColumns\",\"enabled\":\"1\",\"fields\":{\"heading\":\"Design elements\",\"intro\":\"Colors for the Orangina website were besides the brand\\u2019s Blue and Yellow, based on the labels of the different flavours. \",\"body\":\"\",\"textColor\":\"#000000\",\"backgroundColor\":\"#ffffff\",\"backgroundImage\":\"\",\"paddingTop\":\"medium\",\"paddingBottom\":\"none\",\"uiColor\":\"black\"}},\"22\":{\"type\":\"largeImage\",\"enabled\":\"1\",\"fields\":{\"image\":[\"59\"],\"backgroundColor\":\"#ffffff\",\"backgroundImage\":\"\",\"paddingTop\":\"none\",\"paddingBottom\":\"small\",\"uiColor\":\"black\"}},\"23\":{\"type\":\"textWithImage\",\"enabled\":\"1\",\"fields\":{\"heading\":\"Iconography\",\"intro\":\"To add on the playfull, quirky identity of Orangina, we created an iconset that was used throughout the website.\",\"body\":\"Our hands on mentality can be found throughout the whole process. We bring ideas to life early. We prototype to keep improving along the way. \",\"image\":[\"54\"],\"textColor\":\"#000000\",\"backgroundColor\":\"#ffffff\",\"backgroundImage\":\"\",\"imagePosition\":\"right\",\"paddingTop\":\"small\",\"paddingBottom\":\"medium\",\"uiColor\":\"black\"}},\"25\":{\"type\":\"textTwoColumns\",\"enabled\":\"1\",\"fields\":{\"heading\":\"Final Designs\",\"intro\":\"The content of the new Orangina website was meantto be kept simple serving a few main purposes.\",\"body\":\"In general there were two main obectives, informing people about the available range of Orangina products and telling them about the history of Orangina as a brand. The homepage would then serve as a hub to these two objectives, as well as to the Orangina social channels.\",\"textColor\":\"#ffffff\",\"backgroundColor\":\"#092865\",\"backgroundImage\":\"\",\"paddingTop\":\"medium\",\"paddingBottom\":\"none\",\"uiColor\":\"white\"}},\"29\":{\"type\":\"imageGallery\",\"enabled\":\"1\",\"fields\":{\"images\":[\"57\",\"56\",\"55\",\"75\",\"74\"],\"backgroundColor\":\"#092865\",\"backgroundImage\":\"\",\"paddingTop\":\"medium\",\"paddingBottom\":\"small\",\"uiColor\":\"white\"}}},\"41\":\"Orangina\",\"31\":{\"36\":{\"type\":\"item\",\"enabled\":\"1\",\"fields\":{\"role\":\"Development\",\"contributorName\":\"Inalise B.V.\"}}},\"40\":[\"62\"],\"75\":\"Visit Project\",\"76\":\"http:\\/\\/orangina.eu\\/\",\"50\":[\"71\"],\"39\":\"A quirky new online appearance for a soda brand\",\"36\":{\"30\":{\"type\":\"honour\",\"enabled\":\"1\",\"fields\":{\"honourName\":\"FWA SOTD\",\"logo\":[\"32\"]}},\"34\":{\"type\":\"honour\",\"enabled\":\"1\",\"fields\":{\"honourName\":\"FWA MOTD\",\"logo\":[\"32\"]}},\"35\":{\"type\":\"honour\",\"enabled\":\"1\",\"fields\":{\"honourName\":\"Awwwards SOTD\",\"logo\":[\"33\"]}}},\"83\":[\"62\"],\"43\":\"Responsive Website\",\"34\":{\"37\":{\"type\":\"role\",\"enabled\":\"1\",\"fields\":{\"role\":\"Interaction design\"}},\"38\":{\"type\":\"role\",\"enabled\":\"1\",\"fields\":{\"role\":\"UX Design\"}},\"39\":{\"type\":\"role\",\"enabled\":\"1\",\"fields\":{\"role\":\"Creative direction\"}},\"40\":{\"type\":\"role\",\"enabled\":\"1\",\"fields\":{\"role\":\"Concept\"}},\"41\":{\"type\":\"role\",\"enabled\":\"1\",\"fields\":{\"role\":\"Strategy\"}}}}}', '2016-03-31 12:28:20', '2016-03-31 12:28:20', 'e575f008-08ff-4c6a-9e81-512a5d85134c'),
 ('170', '10', '3', '1', 'en_us', '83', '', '{\"typeId\":\"3\",\"authorId\":\"1\",\"title\":\"Orangina global website\",\"slug\":\"orangina\",\"postDate\":1456411320,\"expiryDate\":null,\"enabled\":1,\"parentId\":null,\"fields\":{\"3\":{\"12\":{\"type\":\"textFullWidth\",\"enabled\":\"1\",\"fields\":{\"body\":\"Orangina refreshed their brand identity Achtung!\\/Kraftwerk wastasked to extend their newbrand identity to a fresh online experience. \",\"textColor\":\"#000000\",\"backgroundColor\":\"#ffffff\",\"backgroundImage\":\"\",\"paddingTop\":\"medium\",\"paddingBottom\":\"small\",\"uiColor\":\"black\"}},\"14\":{\"type\":\"largeImage\",\"enabled\":\"1\",\"fields\":{\"image\":[\"61\"],\"backgroundColor\":\"#000000\",\"backgroundImage\":[\"60\"],\"paddingTop\":\"none\",\"paddingBottom\":\"medium\",\"uiColor\":\"black\"}},\"17\":{\"type\":\"textTwoColumns\",\"enabled\":\"1\",\"fields\":{\"heading\":\"Strategy, Concept & UX\",\"intro\":\"The content of the new Orangina website was meantto be kept simple serving a few main purposes.\",\"body\":\"In general there were two main obectives, informing people about the available range of Orangina products and telling them about the history of Orangina as a brand. The homepage would then serve as a hub to these two objectives, as well as to the Orangina social channels.\",\"textColor\":\"#ffffff\",\"backgroundColor\":\"#fdaa31\",\"backgroundImage\":\"\",\"paddingTop\":\"none\",\"paddingBottom\":\"small\",\"uiColor\":\"black\"}},\"19\":{\"type\":\"video\",\"enabled\":\"1\",\"fields\":{\"coverImage\":[\"64\"],\"vimeoId\":\"156418367\",\"video\":[\"18\"],\"backgroundColor\":\"#ffa600\",\"backgroundImage\":\"\",\"paddingTop\":\"none\",\"paddingBottom\":\"medium\",\"uiColor\":\"black\"}},\"20\":{\"type\":\"textTwoColumns\",\"enabled\":\"1\",\"fields\":{\"heading\":\"Design elements\",\"intro\":\"Colors for the Orangina website were besides the brand\\u2019s Blue and Yellow, based on the labels of the different flavours. \",\"body\":\"\",\"textColor\":\"#000000\",\"backgroundColor\":\"#ffffff\",\"backgroundImage\":\"\",\"paddingTop\":\"medium\",\"paddingBottom\":\"none\",\"uiColor\":\"black\"}},\"22\":{\"type\":\"largeImage\",\"enabled\":\"1\",\"fields\":{\"image\":[\"59\"],\"backgroundColor\":\"#ffffff\",\"backgroundImage\":\"\",\"paddingTop\":\"none\",\"paddingBottom\":\"small\",\"uiColor\":\"black\"}},\"23\":{\"type\":\"textWithImage\",\"enabled\":\"1\",\"fields\":{\"heading\":\"Iconography\",\"intro\":\"To add on the playfull, quirky identity of Orangina, we created an iconset that was used throughout the website.\",\"body\":\"Our hands on mentality can be found throughout the whole process. We bring ideas to life early. We prototype to keep improving along the way. \",\"image\":[\"54\"],\"textColor\":\"#000000\",\"backgroundColor\":\"#ffffff\",\"backgroundImage\":\"\",\"imagePosition\":\"right\",\"paddingTop\":\"small\",\"paddingBottom\":\"medium\",\"uiColor\":\"black\"}},\"25\":{\"type\":\"textTwoColumns\",\"enabled\":\"1\",\"fields\":{\"heading\":\"Final Designs\",\"intro\":\"The content of the new Orangina website was meantto be kept simple serving a few main purposes.\",\"body\":\"In general there were two main obectives, informing people about the available range of Orangina products and telling them about the history of Orangina as a brand. The homepage would then serve as a hub to these two objectives, as well as to the Orangina social channels.\",\"textColor\":\"#ffffff\",\"backgroundColor\":\"#092865\",\"backgroundImage\":\"\",\"paddingTop\":\"medium\",\"paddingBottom\":\"none\",\"uiColor\":\"white\"}},\"29\":{\"type\":\"imageGallery\",\"enabled\":\"1\",\"fields\":{\"images\":[\"57\",\"56\",\"55\",\"75\",\"74\"],\"backgroundColor\":\"#092865\",\"backgroundImage\":\"\",\"paddingTop\":\"medium\",\"paddingBottom\":\"small\",\"uiColor\":\"white\"}}},\"41\":\"Orangina\",\"31\":{\"36\":{\"type\":\"item\",\"enabled\":\"1\",\"fields\":{\"role\":\"Development\",\"contributorName\":\"Inalise B.V.\"}}},\"40\":[\"62\"],\"75\":\"Visit Project\",\"76\":\"http:\\/\\/orangina.eu\\/\",\"50\":[\"71\"],\"39\":\"A quirky new online appearance for a soda brand\",\"36\":{\"30\":{\"type\":\"honour\",\"enabled\":\"1\",\"fields\":{\"honourName\":\"FWA SOTD\",\"logo\":[\"32\"]}},\"34\":{\"type\":\"honour\",\"enabled\":\"1\",\"fields\":{\"honourName\":\"FWA MOTD\",\"logo\":[\"32\"]}},\"35\":{\"type\":\"honour\",\"enabled\":\"1\",\"fields\":{\"honourName\":\"Awwwards SOTD\",\"logo\":[\"33\"]}}},\"83\":[\"62\"],\"43\":\"Responsive Website\",\"34\":{\"37\":{\"type\":\"role\",\"enabled\":\"1\",\"fields\":{\"role\":\"Interaction design\"}},\"38\":{\"type\":\"role\",\"enabled\":\"1\",\"fields\":{\"role\":\"UX Design\"}},\"39\":{\"type\":\"role\",\"enabled\":\"1\",\"fields\":{\"role\":\"Creative direction\"}},\"40\":{\"type\":\"role\",\"enabled\":\"1\",\"fields\":{\"role\":\"Concept\"}},\"41\":{\"type\":\"role\",\"enabled\":\"1\",\"fields\":{\"role\":\"Strategy\"}}}}}', '2016-03-31 12:41:05', '2016-03-31 12:41:05', 'e1ebc8f2-cd21-4625-bf40-ff53e13d61c5'),
 ('171', '10', '3', '1', 'en_us', '84', '', '{\"typeId\":\"3\",\"authorId\":\"1\",\"title\":\"Orangina global website\",\"slug\":\"orangina\",\"postDate\":1456411320,\"expiryDate\":null,\"enabled\":1,\"parentId\":null,\"fields\":{\"3\":{\"12\":{\"type\":\"textFullWidth\",\"enabled\":\"1\",\"fields\":{\"body\":\"Orangina refreshed their brand identity Achtung!\\/Kraftwerk wastasked to extend their newbrand identity to a fresh online experience. \",\"textColor\":\"#000000\",\"backgroundColor\":\"#ffffff\",\"backgroundImage\":\"\",\"paddingTop\":\"medium\",\"paddingBottom\":\"small\",\"uiColor\":\"black\"}},\"14\":{\"type\":\"largeImage\",\"enabled\":\"1\",\"fields\":{\"image\":[\"61\"],\"backgroundColor\":\"#000000\",\"backgroundImage\":[\"60\"],\"paddingTop\":\"none\",\"paddingBottom\":\"medium\",\"uiColor\":\"black\"}},\"17\":{\"type\":\"textTwoColumns\",\"enabled\":\"1\",\"fields\":{\"heading\":\"Strategy, Concept & UX\",\"intro\":\"The content of the new Orangina website was meantto be kept simple serving a few main purposes.\",\"body\":\"In general there were two main obectives, informing people about the available range of Orangina products and telling them about the history of Orangina as a brand. The homepage would then serve as a hub to these two objectives, as well as to the Orangina social channels.\",\"textColor\":\"#ffffff\",\"backgroundColor\":\"#fdaa31\",\"backgroundImage\":\"\",\"paddingTop\":\"none\",\"paddingBottom\":\"small\",\"uiColor\":\"black\"}},\"19\":{\"type\":\"video\",\"enabled\":\"1\",\"fields\":{\"coverImage\":[\"64\"],\"vimeoId\":\"156418367\",\"video\":[\"18\"],\"backgroundColor\":\"#fdaa31\",\"backgroundImage\":\"\",\"paddingTop\":\"none\",\"paddingBottom\":\"medium\",\"uiColor\":\"black\"}},\"20\":{\"type\":\"textTwoColumns\",\"enabled\":\"1\",\"fields\":{\"heading\":\"Design elements\",\"intro\":\"Colors for the Orangina website were besides the brand\\u2019s Blue and Yellow, based on the labels of the different flavours. \",\"body\":\"\",\"textColor\":\"#000000\",\"backgroundColor\":\"#ffffff\",\"backgroundImage\":\"\",\"paddingTop\":\"medium\",\"paddingBottom\":\"none\",\"uiColor\":\"black\"}},\"22\":{\"type\":\"largeImage\",\"enabled\":\"1\",\"fields\":{\"image\":[\"59\"],\"backgroundColor\":\"#ffffff\",\"backgroundImage\":\"\",\"paddingTop\":\"none\",\"paddingBottom\":\"small\",\"uiColor\":\"black\"}},\"23\":{\"type\":\"textWithImage\",\"enabled\":\"1\",\"fields\":{\"heading\":\"Iconography\",\"intro\":\"To add on the playfull, quirky identity of Orangina, we created an iconset that was used throughout the website.\",\"body\":\"Our hands on mentality can be found throughout the whole process. We bring ideas to life early. We prototype to keep improving along the way. \",\"image\":[\"54\"],\"textColor\":\"#000000\",\"backgroundColor\":\"#ffffff\",\"backgroundImage\":\"\",\"imagePosition\":\"right\",\"paddingTop\":\"small\",\"paddingBottom\":\"medium\",\"uiColor\":\"black\"}},\"25\":{\"type\":\"textTwoColumns\",\"enabled\":\"1\",\"fields\":{\"heading\":\"Final Designs\",\"intro\":\"The content of the new Orangina website was meantto be kept simple serving a few main purposes.\",\"body\":\"In general there were two main obectives, informing people about the available range of Orangina products and telling them about the history of Orangina as a brand. The homepage would then serve as a hub to these two objectives, as well as to the Orangina social channels.\",\"textColor\":\"#ffffff\",\"backgroundColor\":\"#092865\",\"backgroundImage\":\"\",\"paddingTop\":\"medium\",\"paddingBottom\":\"none\",\"uiColor\":\"white\"}},\"29\":{\"type\":\"imageGallery\",\"enabled\":\"1\",\"fields\":{\"images\":[\"57\",\"56\",\"55\",\"75\",\"74\"],\"backgroundColor\":\"#092865\",\"backgroundImage\":\"\",\"paddingTop\":\"medium\",\"paddingBottom\":\"small\",\"uiColor\":\"white\"}}},\"41\":\"Orangina\",\"31\":{\"36\":{\"type\":\"item\",\"enabled\":\"1\",\"fields\":{\"role\":\"Development\",\"contributorName\":\"Inalise B.V.\"}}},\"40\":[\"62\"],\"75\":\"Visit Project\",\"76\":\"http:\\/\\/orangina.eu\\/\",\"50\":[\"71\"],\"39\":\"A quirky new online appearance for a soda brand\",\"36\":{\"30\":{\"type\":\"honour\",\"enabled\":\"1\",\"fields\":{\"honourName\":\"FWA SOTD\",\"logo\":[\"32\"]}},\"34\":{\"type\":\"honour\",\"enabled\":\"1\",\"fields\":{\"honourName\":\"FWA MOTD\",\"logo\":[\"32\"]}},\"35\":{\"type\":\"honour\",\"enabled\":\"1\",\"fields\":{\"honourName\":\"Awwwards SOTD\",\"logo\":[\"33\"]}}},\"83\":[\"62\"],\"43\":\"Responsive Website\",\"34\":{\"37\":{\"type\":\"role\",\"enabled\":\"1\",\"fields\":{\"role\":\"Interaction design\"}},\"38\":{\"type\":\"role\",\"enabled\":\"1\",\"fields\":{\"role\":\"UX Design\"}},\"39\":{\"type\":\"role\",\"enabled\":\"1\",\"fields\":{\"role\":\"Creative direction\"}},\"40\":{\"type\":\"role\",\"enabled\":\"1\",\"fields\":{\"role\":\"Concept\"}},\"41\":{\"type\":\"role\",\"enabled\":\"1\",\"fields\":{\"role\":\"Strategy\"}}}}}', '2016-03-31 12:42:16', '2016-03-31 12:42:16', 'faabaa13-1deb-41f6-a8a1-a494d5671e8d'),
 ('172', '10', '3', '1', 'en_us', '85', '', '{\"typeId\":\"3\",\"authorId\":\"1\",\"title\":\"Orangina global website\",\"slug\":\"orangina\",\"postDate\":1456411320,\"expiryDate\":null,\"enabled\":1,\"parentId\":null,\"fields\":{\"3\":{\"12\":{\"type\":\"textFullWidth\",\"enabled\":\"1\",\"fields\":{\"body\":\"Orangina refreshed their brand identity Achtung!\\/Kraftwerk wastasked to extend their newbrand identity to a fresh online experience. \",\"textColor\":\"#000000\",\"backgroundColor\":\"#ffffff\",\"backgroundImage\":\"\",\"paddingTop\":\"medium\",\"paddingBottom\":\"small\",\"uiColor\":\"black\"}},\"14\":{\"type\":\"largeImage\",\"enabled\":\"1\",\"fields\":{\"image\":[\"61\"],\"backgroundColor\":\"#000000\",\"backgroundImage\":[\"60\"],\"paddingTop\":\"none\",\"paddingBottom\":\"medium\",\"uiColor\":\"black\"}},\"17\":{\"type\":\"textTwoColumns\",\"enabled\":\"1\",\"fields\":{\"heading\":\"Strategy, Concept & UX\",\"intro\":\"The content of the new Orangina website was meant to be kept simple serving a few main purposes.\",\"body\":\"In general there were two main obectives, informing people about the available range of Orangina products and telling them about the history of Orangina as a brand. The homepage would then serve as a hub to these two objectives, as well as to the Orangina social channels.\",\"textColor\":\"#ffffff\",\"backgroundColor\":\"#fdaa31\",\"backgroundImage\":\"\",\"paddingTop\":\"none\",\"paddingBottom\":\"small\",\"uiColor\":\"black\"}},\"19\":{\"type\":\"video\",\"enabled\":\"1\",\"fields\":{\"coverImage\":[\"64\"],\"vimeoId\":\"156418367\",\"video\":[\"18\"],\"backgroundColor\":\"#fdaa31\",\"backgroundImage\":\"\",\"paddingTop\":\"none\",\"paddingBottom\":\"medium\",\"uiColor\":\"black\"}},\"20\":{\"type\":\"textTwoColumns\",\"enabled\":\"1\",\"fields\":{\"heading\":\"Design elements\",\"intro\":\"Colors for the Orangina website were besides the brand\\u2019s Blue and Yellow, based on the labels of the different flavours. \",\"body\":\"\",\"textColor\":\"#000000\",\"backgroundColor\":\"#ffffff\",\"backgroundImage\":\"\",\"paddingTop\":\"medium\",\"paddingBottom\":\"none\",\"uiColor\":\"black\"}},\"22\":{\"type\":\"largeImage\",\"enabled\":\"1\",\"fields\":{\"image\":[\"59\"],\"backgroundColor\":\"#ffffff\",\"backgroundImage\":\"\",\"paddingTop\":\"none\",\"paddingBottom\":\"small\",\"uiColor\":\"black\"}},\"23\":{\"type\":\"textWithImage\",\"enabled\":\"1\",\"fields\":{\"heading\":\"Iconography\",\"intro\":\"To add on the playfull, quirky identity of Orangina, we created an iconset that was used throughout the website.\",\"body\":\"Our hands on mentality can be found throughout the whole process. We bring ideas to life early. We prototype to keep improving along the way. \",\"image\":[\"54\"],\"textColor\":\"#000000\",\"backgroundColor\":\"#ffffff\",\"backgroundImage\":\"\",\"imagePosition\":\"right\",\"paddingTop\":\"small\",\"paddingBottom\":\"medium\",\"uiColor\":\"black\"}},\"25\":{\"type\":\"textTwoColumns\",\"enabled\":\"1\",\"fields\":{\"heading\":\"Final Designs\",\"intro\":\"The content of the new Orangina website was meantto be kept simple serving a few main purposes.\",\"body\":\"In general there were two main obectives, informing people about the available range of Orangina products and telling them about the history of Orangina as a brand. The homepage would then serve as a hub to these two objectives, as well as to the Orangina social channels.\",\"textColor\":\"#ffffff\",\"backgroundColor\":\"#092865\",\"backgroundImage\":\"\",\"paddingTop\":\"medium\",\"paddingBottom\":\"none\",\"uiColor\":\"white\"}},\"29\":{\"type\":\"imageGallery\",\"enabled\":\"1\",\"fields\":{\"images\":[\"57\",\"56\",\"55\",\"75\",\"74\"],\"backgroundColor\":\"#092865\",\"backgroundImage\":\"\",\"paddingTop\":\"medium\",\"paddingBottom\":\"small\",\"uiColor\":\"white\"}}},\"41\":\"Orangina\",\"31\":{\"36\":{\"type\":\"item\",\"enabled\":\"1\",\"fields\":{\"role\":\"Development\",\"contributorName\":\"Inalise B.V.\"}}},\"40\":[\"62\"],\"75\":\"Visit Project\",\"76\":\"http:\\/\\/orangina.eu\\/\",\"50\":[\"71\"],\"39\":\"A quirky new online appearance for a soda brand\",\"36\":{\"30\":{\"type\":\"honour\",\"enabled\":\"1\",\"fields\":{\"honourName\":\"FWA SOTD\",\"logo\":[\"32\"]}},\"34\":{\"type\":\"honour\",\"enabled\":\"1\",\"fields\":{\"honourName\":\"FWA MOTD\",\"logo\":[\"32\"]}},\"35\":{\"type\":\"honour\",\"enabled\":\"1\",\"fields\":{\"honourName\":\"Awwwards SOTD\",\"logo\":[\"33\"]}}},\"83\":[\"62\"],\"43\":\"Responsive Website\",\"34\":{\"37\":{\"type\":\"role\",\"enabled\":\"1\",\"fields\":{\"role\":\"Interaction design\"}},\"38\":{\"type\":\"role\",\"enabled\":\"1\",\"fields\":{\"role\":\"UX Design\"}},\"39\":{\"type\":\"role\",\"enabled\":\"1\",\"fields\":{\"role\":\"Creative direction\"}},\"40\":{\"type\":\"role\",\"enabled\":\"1\",\"fields\":{\"role\":\"Concept\"}},\"41\":{\"type\":\"role\",\"enabled\":\"1\",\"fields\":{\"role\":\"Strategy\"}}}}}', '2016-03-31 12:49:36', '2016-03-31 12:49:36', '038cf5d7-f8c7-40f2-8f7f-a4392ed0b53f'),
 ('173', '10', '3', '1', 'en_us', '86', '', '{\"typeId\":\"3\",\"authorId\":\"1\",\"title\":\"Orangina global website\",\"slug\":\"orangina\",\"postDate\":1456411320,\"expiryDate\":null,\"enabled\":1,\"parentId\":null,\"fields\":{\"3\":{\"12\":{\"type\":\"textFullWidth\",\"enabled\":\"1\",\"fields\":{\"body\":\"Orangina refreshed their brand identity Achtung!\\/Kraftwerk wastasked to extend their newbrand identity to a fresh online experience. \",\"textColor\":\"#000000\",\"backgroundColor\":\"#ffffff\",\"backgroundImage\":\"\",\"paddingTop\":\"medium\",\"paddingBottom\":\"small\",\"uiColor\":\"black\"}},\"14\":{\"type\":\"largeImage\",\"enabled\":\"1\",\"fields\":{\"image\":[\"61\"],\"backgroundColor\":\"#000000\",\"backgroundImage\":[\"60\"],\"paddingTop\":\"none\",\"paddingBottom\":\"medium\",\"uiColor\":\"black\"}},\"17\":{\"type\":\"textTwoColumns\",\"enabled\":\"1\",\"fields\":{\"heading\":\"Strategy, Concept & UX\",\"intro\":\"The content of the new Orangina website was meant to be kept simple serving a few main purposes.\",\"body\":\"In general there were two main obectives, informing people about the available range of Orangina products and telling them about the history of Orangina as a brand. The homepage would then serve as a hub to these two objectives, as well as to the Orangina social channels.\",\"textColor\":\"#ffffff\",\"backgroundColor\":\"#fdaa31\",\"backgroundImage\":\"\",\"paddingTop\":\"none\",\"paddingBottom\":\"small\",\"uiColor\":\"black\"}},\"19\":{\"type\":\"video\",\"enabled\":\"1\",\"fields\":{\"coverImage\":[\"64\"],\"vimeoId\":\"156418367\",\"video\":[\"18\"],\"backgroundColor\":\"#fdaa31\",\"backgroundImage\":\"\",\"paddingTop\":\"none\",\"paddingBottom\":\"medium\",\"uiColor\":\"black\"}},\"20\":{\"type\":\"textTwoColumns\",\"enabled\":\"1\",\"fields\":{\"heading\":\"Design elements\",\"intro\":\"Colors for the Orangina website were besides the brand\\u2019s Blue and Yellow, based on the labels of the different flavours. \",\"body\":\"\",\"textColor\":\"#000000\",\"backgroundColor\":\"#ffffff\",\"backgroundImage\":\"\",\"paddingTop\":\"medium\",\"paddingBottom\":\"small\",\"uiColor\":\"black\"}},\"22\":{\"type\":\"largeImage\",\"enabled\":\"1\",\"fields\":{\"image\":[\"59\"],\"backgroundColor\":\"#ffffff\",\"backgroundImage\":\"\",\"paddingTop\":\"none\",\"paddingBottom\":\"small\",\"uiColor\":\"black\"}},\"23\":{\"type\":\"textWithImage\",\"enabled\":\"1\",\"fields\":{\"heading\":\"Iconography\",\"intro\":\"To add on the playfull, quirky identity of Orangina, we created an iconset that was used throughout the website.\",\"body\":\"Our hands on mentality can be found throughout the whole process. We bring ideas to life early. We prototype to keep improving along the way. \",\"image\":[\"54\"],\"textColor\":\"#000000\",\"backgroundColor\":\"#ffffff\",\"backgroundImage\":\"\",\"imagePosition\":\"right\",\"paddingTop\":\"small\",\"paddingBottom\":\"medium\",\"uiColor\":\"black\"}},\"25\":{\"type\":\"textTwoColumns\",\"enabled\":\"1\",\"fields\":{\"heading\":\"Final Designs\",\"intro\":\"The content of the new Orangina website was meantto be kept simple serving a few main purposes.\",\"body\":\"In general there were two main obectives, informing people about the available range of Orangina products and telling them about the history of Orangina as a brand. The homepage would then serve as a hub to these two objectives, as well as to the Orangina social channels.\",\"textColor\":\"#ffffff\",\"backgroundColor\":\"#092865\",\"backgroundImage\":\"\",\"paddingTop\":\"medium\",\"paddingBottom\":\"none\",\"uiColor\":\"white\"}},\"29\":{\"type\":\"imageGallery\",\"enabled\":\"1\",\"fields\":{\"images\":[\"57\",\"56\",\"55\",\"75\",\"74\"],\"backgroundColor\":\"#092865\",\"backgroundImage\":\"\",\"paddingTop\":\"medium\",\"paddingBottom\":\"small\",\"uiColor\":\"white\"}}},\"41\":\"Orangina\",\"31\":{\"36\":{\"type\":\"item\",\"enabled\":\"1\",\"fields\":{\"role\":\"Development\",\"contributorName\":\"Inalise B.V.\"}}},\"40\":[\"62\"],\"75\":\"Visit Project\",\"76\":\"http:\\/\\/orangina.eu\\/\",\"50\":[\"71\"],\"39\":\"A quirky new online appearance for a soda brand\",\"36\":{\"30\":{\"type\":\"honour\",\"enabled\":\"1\",\"fields\":{\"honourName\":\"FWA SOTD\",\"logo\":[\"32\"]}},\"34\":{\"type\":\"honour\",\"enabled\":\"1\",\"fields\":{\"honourName\":\"FWA MOTD\",\"logo\":[\"32\"]}},\"35\":{\"type\":\"honour\",\"enabled\":\"1\",\"fields\":{\"honourName\":\"Awwwards SOTD\",\"logo\":[\"33\"]}}},\"83\":[\"62\"],\"43\":\"Responsive Website\",\"34\":{\"37\":{\"type\":\"role\",\"enabled\":\"1\",\"fields\":{\"role\":\"Interaction design\"}},\"38\":{\"type\":\"role\",\"enabled\":\"1\",\"fields\":{\"role\":\"UX Design\"}},\"39\":{\"type\":\"role\",\"enabled\":\"1\",\"fields\":{\"role\":\"Creative direction\"}},\"40\":{\"type\":\"role\",\"enabled\":\"1\",\"fields\":{\"role\":\"Concept\"}},\"41\":{\"type\":\"role\",\"enabled\":\"1\",\"fields\":{\"role\":\"Strategy\"}}}}}', '2016-03-31 12:51:00', '2016-03-31 12:51:00', '568c0e4f-1f14-46c6-9e89-ad7ec89e35f7'),
 ('174', '10', '3', '1', 'en_us', '87', '', '{\"typeId\":\"3\",\"authorId\":\"1\",\"title\":\"Orangina global website\",\"slug\":\"orangina\",\"postDate\":1456411320,\"expiryDate\":null,\"enabled\":1,\"parentId\":null,\"fields\":{\"3\":{\"12\":{\"type\":\"textFullWidth\",\"enabled\":\"1\",\"fields\":{\"body\":\"Orangina refreshed their brand identity Achtung!\\/Kraftwerk wastasked to extend their newbrand identity to a fresh online experience. \",\"textColor\":\"#000000\",\"backgroundColor\":\"#ffffff\",\"backgroundImage\":\"\",\"paddingTop\":\"medium\",\"paddingBottom\":\"small\",\"uiColor\":\"black\"}},\"14\":{\"type\":\"largeImage\",\"enabled\":\"1\",\"fields\":{\"image\":[\"61\"],\"backgroundColor\":\"#000000\",\"backgroundImage\":[\"60\"],\"paddingTop\":\"none\",\"paddingBottom\":\"medium\",\"uiColor\":\"black\"}},\"17\":{\"type\":\"textTwoColumns\",\"enabled\":\"1\",\"fields\":{\"heading\":\"Strategy, Concept & UX\",\"intro\":\"The content of the new Orangina website was meant to be kept simple serving a few main purposes.\",\"body\":\"In general there were two main obectives, informing people about the available range of Orangina products and telling them about the history of Orangina as a brand. The homepage would then serve as a hub to these two objectives, as well as to the Orangina social channels.\",\"textColor\":\"#ffffff\",\"backgroundColor\":\"#fdaa31\",\"backgroundImage\":\"\",\"paddingTop\":\"none\",\"paddingBottom\":\"small\",\"uiColor\":\"black\"}},\"19\":{\"type\":\"video\",\"enabled\":\"1\",\"fields\":{\"coverImage\":[\"64\"],\"vimeoId\":\"156418367\",\"video\":[\"18\"],\"backgroundColor\":\"#fdaa31\",\"backgroundImage\":\"\",\"paddingTop\":\"none\",\"paddingBottom\":\"medium\",\"uiColor\":\"black\"}},\"20\":{\"type\":\"textTwoColumns\",\"enabled\":\"1\",\"fields\":{\"heading\":\"Design elements\",\"intro\":\"Colors for the Orangina website were besides the brand\\u2019s Blue and Yellow, based on the labels of the different flavours. \",\"body\":\"\",\"textColor\":\"#000000\",\"backgroundColor\":\"#ffffff\",\"backgroundImage\":\"\",\"paddingTop\":\"medium\",\"paddingBottom\":\"small\",\"uiColor\":\"black\"}},\"22\":{\"type\":\"largeImage\",\"enabled\":\"1\",\"fields\":{\"image\":[\"59\"],\"backgroundColor\":\"#ffffff\",\"backgroundImage\":\"\",\"paddingTop\":\"none\",\"paddingBottom\":\"small\",\"uiColor\":\"black\"}},\"23\":{\"type\":\"textWithImage\",\"enabled\":\"1\",\"fields\":{\"heading\":\"Iconography\",\"intro\":\"To add on the playfull, quirky identity of Orangina, we created an iconset that was used throughout the website.\",\"body\":\"Our hands on mentality can be found throughout the whole process. We bring ideas to life early. We prototype to keep improving along the way. \",\"image\":[\"54\"],\"textColor\":\"#000000\",\"backgroundColor\":\"#ffffff\",\"backgroundImage\":\"\",\"imagePosition\":\"right\",\"paddingTop\":\"small\",\"paddingBottom\":\"big\",\"uiColor\":\"black\"}},\"25\":{\"type\":\"textTwoColumns\",\"enabled\":\"1\",\"fields\":{\"heading\":\"Final Designs\",\"intro\":\"The content of the new Orangina website was meantto be kept simple serving a few main purposes.\",\"body\":\"In general there were two main obectives, informing people about the available range of Orangina products and telling them about the history of Orangina as a brand. The homepage would then serve as a hub to these two objectives, as well as to the Orangina social channels.\",\"textColor\":\"#ffffff\",\"backgroundColor\":\"#092865\",\"backgroundImage\":\"\",\"paddingTop\":\"medium\",\"paddingBottom\":\"none\",\"uiColor\":\"white\"}},\"29\":{\"type\":\"imageGallery\",\"enabled\":\"1\",\"fields\":{\"images\":[\"57\",\"56\",\"55\",\"75\",\"74\"],\"backgroundColor\":\"#092865\",\"backgroundImage\":\"\",\"paddingTop\":\"medium\",\"paddingBottom\":\"small\",\"uiColor\":\"white\"}}},\"41\":\"Orangina\",\"31\":{\"36\":{\"type\":\"item\",\"enabled\":\"1\",\"fields\":{\"role\":\"Development\",\"contributorName\":\"Inalise B.V.\"}}},\"40\":[\"62\"],\"75\":\"Visit Project\",\"76\":\"http:\\/\\/orangina.eu\\/\",\"50\":[\"71\"],\"39\":\"A quirky new online appearance for a soda brand\",\"36\":{\"30\":{\"type\":\"honour\",\"enabled\":\"1\",\"fields\":{\"honourName\":\"FWA SOTD\",\"logo\":[\"32\"]}},\"34\":{\"type\":\"honour\",\"enabled\":\"1\",\"fields\":{\"honourName\":\"FWA MOTD\",\"logo\":[\"32\"]}},\"35\":{\"type\":\"honour\",\"enabled\":\"1\",\"fields\":{\"honourName\":\"Awwwards SOTD\",\"logo\":[\"33\"]}}},\"83\":[\"62\"],\"43\":\"Responsive Website\",\"34\":{\"37\":{\"type\":\"role\",\"enabled\":\"1\",\"fields\":{\"role\":\"Interaction design\"}},\"38\":{\"type\":\"role\",\"enabled\":\"1\",\"fields\":{\"role\":\"UX Design\"}},\"39\":{\"type\":\"role\",\"enabled\":\"1\",\"fields\":{\"role\":\"Creative direction\"}},\"40\":{\"type\":\"role\",\"enabled\":\"1\",\"fields\":{\"role\":\"Concept\"}},\"41\":{\"type\":\"role\",\"enabled\":\"1\",\"fields\":{\"role\":\"Strategy\"}}}}}', '2016-03-31 12:54:30', '2016-03-31 12:54:30', '7dd0b219-30be-45e6-b7e7-39409c856d9e'),
 ('175', '10', '3', '1', 'en_us', '88', '', '{\"typeId\":\"3\",\"authorId\":\"1\",\"title\":\"Orangina global website\",\"slug\":\"orangina\",\"postDate\":1456411320,\"expiryDate\":null,\"enabled\":1,\"parentId\":null,\"fields\":{\"3\":{\"12\":{\"type\":\"textFullWidth\",\"enabled\":\"1\",\"fields\":{\"body\":\"Orangina refreshed their brand identity Achtung!\\/Kraftwerk wastasked to extend their newbrand identity to a fresh online experience. \",\"textColor\":\"#000000\",\"backgroundColor\":\"#ffffff\",\"backgroundImage\":\"\",\"paddingTop\":\"medium\",\"paddingBottom\":\"small\",\"uiColor\":\"black\"}},\"14\":{\"type\":\"largeImage\",\"enabled\":\"1\",\"fields\":{\"image\":[\"61\"],\"backgroundColor\":\"#000000\",\"backgroundImage\":[\"60\"],\"paddingTop\":\"none\",\"paddingBottom\":\"medium\",\"uiColor\":\"black\"}},\"17\":{\"type\":\"textTwoColumns\",\"enabled\":\"1\",\"fields\":{\"heading\":\"Strategy, Concept & UX\",\"intro\":\"The content of the new Orangina website was meant to be kept simple serving a few main purposes.\",\"body\":\"In general there were two main obectives, informing people about the available range of Orangina products and telling them about the history of Orangina as a brand. The homepage would then serve as a hub to these two objectives, as well as to the Orangina social channels.\",\"textColor\":\"#ffffff\",\"backgroundColor\":\"#fdaa31\",\"backgroundImage\":\"\",\"paddingTop\":\"none\",\"paddingBottom\":\"small\",\"uiColor\":\"black\"}},\"19\":{\"type\":\"video\",\"enabled\":\"1\",\"fields\":{\"coverImage\":[\"64\"],\"vimeoId\":\"156418367\",\"video\":[\"18\"],\"backgroundColor\":\"#fdaa31\",\"backgroundImage\":\"\",\"paddingTop\":\"none\",\"paddingBottom\":\"medium\",\"uiColor\":\"black\"}},\"20\":{\"type\":\"textTwoColumns\",\"enabled\":\"1\",\"fields\":{\"heading\":\"Design elements\",\"intro\":\"Colors for the Orangina website were besides the brand\\u2019s Blue and Yellow, based on the labels of the different flavours. \",\"body\":\"\",\"textColor\":\"#000000\",\"backgroundColor\":\"#ffffff\",\"backgroundImage\":\"\",\"paddingTop\":\"medium\",\"paddingBottom\":\"small\",\"uiColor\":\"black\"}},\"22\":{\"type\":\"largeImage\",\"enabled\":\"1\",\"fields\":{\"image\":[\"59\"],\"backgroundColor\":\"#ffffff\",\"backgroundImage\":\"\",\"paddingTop\":\"none\",\"paddingBottom\":\"small\",\"uiColor\":\"black\"}},\"23\":{\"type\":\"textWithImage\",\"enabled\":\"1\",\"fields\":{\"heading\":\"Iconography\",\"intro\":\"To add on the playfull, quirky identity of Orangina, we created an iconset that was used throughout the website.\",\"body\":\"Our hands on mentality can be found throughout the whole process. We bring ideas to life early. We prototype to keep improving along the way. \",\"image\":[\"54\"],\"textColor\":\"#000000\",\"backgroundColor\":\"#ffffff\",\"backgroundImage\":\"\",\"imagePosition\":\"right\",\"paddingTop\":\"small\",\"paddingBottom\":\"big\",\"uiColor\":\"black\"}},\"25\":{\"type\":\"textTwoColumns\",\"enabled\":\"1\",\"fields\":{\"heading\":\"Final Designs\",\"intro\":\"The content of the new Orangina website was meantto be kept simple serving a few main purposes.\",\"body\":\"In general there were two main obectives, informing people about the available range of Orangina products and telling them about the history of Orangina as a brand. The homepage would then serve as a hub to these two objectives, as well as to the Orangina social channels.\",\"textColor\":\"#ffffff\",\"backgroundColor\":\"#092865\",\"backgroundImage\":\"\",\"paddingTop\":\"medium\",\"paddingBottom\":\"none\",\"uiColor\":\"white\"}},\"29\":{\"type\":\"imageGallery\",\"enabled\":\"1\",\"fields\":{\"images\":[\"57\",\"56\",\"55\",\"75\",\"74\"],\"backgroundColor\":\"#092865\",\"backgroundImage\":\"\",\"paddingTop\":\"small\",\"paddingBottom\":\"small\",\"uiColor\":\"white\"}}},\"41\":\"Orangina\",\"31\":{\"36\":{\"type\":\"item\",\"enabled\":\"1\",\"fields\":{\"role\":\"Development\",\"contributorName\":\"Inalise B.V.\"}}},\"40\":[\"62\"],\"75\":\"Visit Project\",\"76\":\"http:\\/\\/orangina.eu\\/\",\"50\":[\"71\"],\"39\":\"A quirky new online appearance for a soda brand\",\"36\":{\"30\":{\"type\":\"honour\",\"enabled\":\"1\",\"fields\":{\"honourName\":\"FWA SOTD\",\"logo\":[\"32\"]}},\"34\":{\"type\":\"honour\",\"enabled\":\"1\",\"fields\":{\"honourName\":\"FWA MOTD\",\"logo\":[\"32\"]}},\"35\":{\"type\":\"honour\",\"enabled\":\"1\",\"fields\":{\"honourName\":\"Awwwards SOTD\",\"logo\":[\"33\"]}}},\"83\":[\"62\"],\"43\":\"Responsive Website\",\"34\":{\"37\":{\"type\":\"role\",\"enabled\":\"1\",\"fields\":{\"role\":\"Interaction design\"}},\"38\":{\"type\":\"role\",\"enabled\":\"1\",\"fields\":{\"role\":\"UX Design\"}},\"39\":{\"type\":\"role\",\"enabled\":\"1\",\"fields\":{\"role\":\"Creative direction\"}},\"40\":{\"type\":\"role\",\"enabled\":\"1\",\"fields\":{\"role\":\"Concept\"}},\"41\":{\"type\":\"role\",\"enabled\":\"1\",\"fields\":{\"role\":\"Strategy\"}}}}}', '2016-03-31 12:55:23', '2016-03-31 12:55:23', '1c5098f0-9c34-4780-aed4-b8106cc50b87'),
 ('176', '10', '3', '1', 'en_us', '89', '', '{\"typeId\":\"3\",\"authorId\":\"1\",\"title\":\"Orangina global website\",\"slug\":\"orangina\",\"postDate\":1456411320,\"expiryDate\":null,\"enabled\":1,\"parentId\":null,\"fields\":{\"3\":{\"12\":{\"type\":\"textFullWidth\",\"enabled\":\"1\",\"fields\":{\"body\":\"Orangina refreshed their brand identity Achtung!\\/Kraftwerk wastasked to extend their newbrand identity to a fresh online experience. \",\"textColor\":\"#000000\",\"backgroundColor\":\"#ffffff\",\"backgroundImage\":\"\",\"paddingTop\":\"medium\",\"paddingBottom\":\"small\",\"uiColor\":\"black\"}},\"14\":{\"type\":\"largeImage\",\"enabled\":\"1\",\"fields\":{\"image\":[\"61\"],\"backgroundColor\":\"#000000\",\"backgroundImage\":[\"60\"],\"paddingTop\":\"none\",\"paddingBottom\":\"medium\",\"uiColor\":\"black\"}},\"17\":{\"type\":\"textTwoColumns\",\"enabled\":\"1\",\"fields\":{\"heading\":\"Strategy, Concept & UX\",\"intro\":\"The content of the new Orangina website was meant to be kept simple serving a few main purposes.\",\"body\":\"In general there were two main obectives, informing people about the available range of Orangina products and telling them about the history of Orangina as a brand. The homepage would then serve as a hub to these two objectives, as well as to the Orangina social channels.\",\"textColor\":\"#ffffff\",\"backgroundColor\":\"#fdaa31\",\"backgroundImage\":\"\",\"paddingTop\":\"none\",\"paddingBottom\":\"small\",\"uiColor\":\"black\"}},\"19\":{\"type\":\"video\",\"enabled\":\"1\",\"fields\":{\"coverImage\":[\"64\"],\"vimeoId\":\"156418367\",\"video\":[\"18\"],\"backgroundColor\":\"#fdaa31\",\"backgroundImage\":\"\",\"paddingTop\":\"none\",\"paddingBottom\":\"medium\",\"uiColor\":\"black\"}},\"20\":{\"type\":\"textTwoColumns\",\"enabled\":\"1\",\"fields\":{\"heading\":\"Design elements\",\"intro\":\"Colors for the Orangina website were besides the brand\\u2019s Blue and Yellow, based on the labels of the different flavours. \",\"body\":\"\",\"textColor\":\"#000000\",\"backgroundColor\":\"#ffffff\",\"backgroundImage\":\"\",\"paddingTop\":\"medium\",\"paddingBottom\":\"small\",\"uiColor\":\"black\"}},\"22\":{\"type\":\"largeImage\",\"enabled\":\"1\",\"fields\":{\"image\":[\"59\"],\"backgroundColor\":\"#ffffff\",\"backgroundImage\":\"\",\"paddingTop\":\"none\",\"paddingBottom\":\"small\",\"uiColor\":\"black\"}},\"23\":{\"type\":\"textWithImage\",\"enabled\":\"1\",\"fields\":{\"heading\":\"Iconography\",\"intro\":\"To add on the playfull, quirky identity of Orangina, we created an iconset that was used throughout the website.\",\"body\":\"Our hands on mentality can be found throughout the whole process. We bring ideas to life early. We prototype to keep improving along the way. \",\"image\":[\"54\"],\"textColor\":\"#000000\",\"backgroundColor\":\"#ffffff\",\"backgroundImage\":\"\",\"imagePosition\":\"right\",\"paddingTop\":\"small\",\"paddingBottom\":\"big\",\"uiColor\":\"black\"}},\"25\":{\"type\":\"textTwoColumns\",\"enabled\":\"1\",\"fields\":{\"heading\":\"Final Designs\",\"intro\":\"The content of the new Orangina website was meantto be kept simple serving a few main purposes.\",\"body\":\"In general there were two main obectives, informing people about the available range of Orangina products and telling them about the history of Orangina as a brand. The homepage would then serve as a hub to these two objectives, as well as to the Orangina social channels.\",\"textColor\":\"#ffffff\",\"backgroundColor\":\"#092865\",\"backgroundImage\":\"\",\"paddingTop\":\"medium\",\"paddingBottom\":\"none\",\"uiColor\":\"white\"}},\"29\":{\"type\":\"imageGallery\",\"enabled\":\"1\",\"fields\":{\"images\":[\"57\",\"56\",\"55\",\"75\",\"74\"],\"backgroundColor\":\"#092865\",\"backgroundImage\":\"\",\"paddingTop\":\"small\",\"paddingBottom\":\"none\",\"uiColor\":\"white\"}}},\"41\":\"Orangina\",\"31\":{\"36\":{\"type\":\"item\",\"enabled\":\"1\",\"fields\":{\"role\":\"Development\",\"contributorName\":\"Inalise B.V.\"}}},\"40\":[\"62\"],\"75\":\"Visit Project\",\"76\":\"http:\\/\\/orangina.eu\\/\",\"50\":[\"71\"],\"39\":\"A quirky new online appearance for a soda brand\",\"36\":{\"30\":{\"type\":\"honour\",\"enabled\":\"1\",\"fields\":{\"honourName\":\"FWA SOTD\",\"logo\":[\"32\"]}},\"34\":{\"type\":\"honour\",\"enabled\":\"1\",\"fields\":{\"honourName\":\"FWA MOTD\",\"logo\":[\"32\"]}},\"35\":{\"type\":\"honour\",\"enabled\":\"1\",\"fields\":{\"honourName\":\"Awwwards SOTD\",\"logo\":[\"33\"]}}},\"83\":[\"62\"],\"43\":\"Responsive Website\",\"34\":{\"37\":{\"type\":\"role\",\"enabled\":\"1\",\"fields\":{\"role\":\"Interaction design\"}},\"38\":{\"type\":\"role\",\"enabled\":\"1\",\"fields\":{\"role\":\"UX Design\"}},\"39\":{\"type\":\"role\",\"enabled\":\"1\",\"fields\":{\"role\":\"Creative direction\"}},\"40\":{\"type\":\"role\",\"enabled\":\"1\",\"fields\":{\"role\":\"Concept\"}},\"41\":{\"type\":\"role\",\"enabled\":\"1\",\"fields\":{\"role\":\"Strategy\"}}}}}', '2016-03-31 13:17:23', '2016-03-31 13:17:23', '03e078cf-0c8b-4ef4-a357-535a1a35f5fb');



DROP TABLE IF EXISTS `craft_fieldgroups`;


--
-- Schema for table `craft_fieldgroups`
--
CREATE TABLE `craft_fieldgroups` (
  `id` int(11) NOT NULL AUTO_INCREMENT,
  `name` varchar(255) COLLATE utf8_unicode_ci NOT NULL,
  `dateCreated` datetime NOT NULL,
  `dateUpdated` datetime NOT NULL,
  `uid` char(36) COLLATE utf8_unicode_ci NOT NULL DEFAULT '0',
  PRIMARY KEY (`id`),
  UNIQUE KEY `craft_fieldgroups_name_unq_idx` (`name`)
) ENGINE=InnoDB AUTO_INCREMENT=6 DEFAULT CHARSET=utf8 COLLATE=utf8_unicode_ci;

--
-- Data for table `craft_fieldgroups`
--

INSERT INTO `craft_fieldgroups` (`id`, `name`, `dateCreated`, `dateUpdated`, `uid`) VALUES
 ('1', 'Default', '2016-02-25 11:25:17', '2016-02-25 11:25:17', 'd959f1ae-b54d-482d-964b-dc2c7eff5dae'),
 ('2', 'Cases', '2016-02-25 13:50:50', '2016-02-25 13:50:50', '30ac7b5d-453d-40dd-8378-c7fce4f98bd7'),
 ('3', 'Homepage', '2016-02-25 14:00:37', '2016-02-25 14:00:37', 'b7177952-a291-4098-a4be-41ccd6272d19'),
 ('4', 'Globals', '2016-03-25 10:13:19', '2016-03-25 10:13:19', '6d1bf046-1626-41b0-88e4-84aab8457c05'),
 ('5', 'About', '2016-03-30 15:50:01', '2016-03-30 15:50:01', '031a147b-fd2a-4d96-9ef4-040cc02005a7');



DROP TABLE IF EXISTS `craft_fieldlayoutfields`;


--
-- Schema for table `craft_fieldlayoutfields`
--
CREATE TABLE `craft_fieldlayoutfields` (
  `id` int(11) NOT NULL AUTO_INCREMENT,
  `layoutId` int(11) NOT NULL,
  `tabId` int(11) NOT NULL,
  `fieldId` int(11) NOT NULL,
  `required` tinyint(1) unsigned NOT NULL DEFAULT '0',
  `sortOrder` smallint(6) unsigned DEFAULT NULL,
  `dateCreated` datetime NOT NULL,
  `dateUpdated` datetime NOT NULL,
  `uid` char(36) COLLATE utf8_unicode_ci NOT NULL DEFAULT '0',
  PRIMARY KEY (`id`),
  UNIQUE KEY `craft_fieldlayoutfields_layoutId_fieldId_unq_idx` (`layoutId`,`fieldId`),
  KEY `craft_fieldlayoutfields_sortOrder_idx` (`sortOrder`),
  KEY `craft_fieldlayoutfields_tabId_fk` (`tabId`),
  KEY `craft_fieldlayoutfields_fieldId_fk` (`fieldId`)
) ENGINE=InnoDB AUTO_INCREMENT=1437 DEFAULT CHARSET=utf8 COLLATE=utf8_unicode_ci;

--
-- Data for table `craft_fieldlayoutfields`
--

INSERT INTO `craft_fieldlayoutfields` (`id`, `layoutId`, `tabId`, `fieldId`, `required`, `sortOrder`, `dateCreated`, `dateUpdated`, `uid`) VALUES
 ('11', '13', '5', '10', '0', '1', '2016-02-25 14:01:29', '2016-02-25 14:01:29', 'a4fa73fb-5bd9-434b-8a5f-127f842921a4'),
 ('73', '37', '26', '32', '1', '1', '2016-02-25 14:30:58', '2016-02-25 14:30:58', '73a77fac-2405-4b7f-b643-0185452a9476'),
 ('74', '37', '26', '33', '1', '2', '2016-02-25 14:30:58', '2016-02-25 14:30:58', '3e77f416-5a4d-4fa7-8b91-28a3a02a90c6'),
 ('75', '38', '27', '35', '1', '1', '2016-02-25 14:31:52', '2016-02-25 14:31:52', '6b981362-c419-4344-b14a-71cf92a9e829'),
 ('965', '247', '228', '74', '0', '1', '2016-03-25 10:16:39', '2016-03-25 10:16:39', '89dd9fde-74bb-4828-9f92-3ef79a8f6968'),
 ('1111', '267', '251', '37', '1', '1', '2016-03-29 11:37:18', '2016-03-29 11:37:18', '016db065-58e3-410a-a003-5a9276830908'),
 ('1112', '267', '251', '38', '0', '2', '2016-03-29 11:37:18', '2016-03-29 11:37:18', '32a3451a-5005-40d3-8701-b41f182d528d'),
 ('1303', '293', '278', '39', '0', '1', '2016-03-29 13:08:12', '2016-03-29 13:08:12', 'c82637af-07ca-4ad0-9272-02b6abdbdc80'),
 ('1304', '293', '278', '83', '1', '2', '2016-03-29 13:08:12', '2016-03-29 13:08:12', 'd626a50c-1da1-473e-b177-2a56e599ebb5'),
 ('1305', '293', '278', '40', '1', '3', '2016-03-29 13:08:12', '2016-03-29 13:08:12', '43d5f0ad-4ebf-402f-8f39-d690d7577850'),
 ('1306', '293', '278', '50', '0', '4', '2016-03-29 13:08:12', '2016-03-29 13:08:12', '20ac3745-3969-41e1-af21-105474003a75'),
 ('1307', '293', '278', '41', '0', '5', '2016-03-29 13:08:12', '2016-03-29 13:08:12', '58068de1-8ccf-4df2-b621-db43c1a084c1'),
 ('1308', '293', '278', '43', '0', '6', '2016-03-29 13:08:12', '2016-03-29 13:08:12', '8f916f8c-0540-4ab9-868b-f519f5389ed9'),
 ('1309', '293', '278', '75', '0', '7', '2016-03-29 13:08:12', '2016-03-29 13:08:12', '13a97920-555c-4947-b4f6-df168a931efe'),
 ('1310', '293', '278', '76', '0', '8', '2016-03-29 13:08:12', '2016-03-29 13:08:12', 'b04b5756-ed96-412d-bc48-4ae7cd292673'),
 ('1311', '293', '278', '31', '0', '9', '2016-03-29 13:08:12', '2016-03-29 13:08:12', 'c0f59996-c852-4b21-a2e1-8433419c5d1d'),
 ('1312', '293', '278', '34', '0', '10', '2016-03-29 13:08:12', '2016-03-29 13:08:12', 'e9ccbf11-da91-4762-a61d-6a43b9266214'),
 ('1313', '293', '278', '36', '0', '11', '2016-03-29 13:08:12', '2016-03-29 13:08:12', 'da21e8a4-f36a-4b4f-ac3a-667ec5e227d6'),
 ('1314', '293', '279', '3', '0', '1', '2016-03-29 13:08:12', '2016-03-29 13:08:12', '1000acbd-0b3c-44f7-a6d1-3312b003247e'),
 ('1376', '302', '288', '84', '0', '1', '2016-03-30 15:51:39', '2016-03-30 15:51:39', '7ec0109e-f768-4331-80ec-b56cb5890250'),
 ('1377', '303', '289', '4', '0', '1', '2016-04-01 08:18:28', '2016-04-01 08:18:28', 'faa62d70-36b6-4e6f-882e-c7ee3d467cbd'),
 ('1378', '303', '289', '5', '0', '2', '2016-04-01 08:18:28', '2016-04-01 08:18:28', '40ba2c9d-affd-49d0-b35d-7e59b5c5a201'),
 ('1379', '303', '289', '6', '0', '3', '2016-04-01 08:18:28', '2016-04-01 08:18:28', '0985179e-4d27-414c-be46-11ecb84c3d4f'),
 ('1380', '303', '289', '7', '1', '4', '2016-04-01 08:18:28', '2016-04-01 08:18:28', 'd0825b51-3362-4bf7-ac16-b8cdd77e3c03'),
 ('1381', '303', '289', '45', '1', '5', '2016-04-01 08:18:28', '2016-04-01 08:18:28', '76026ba4-e710-49d2-bf4a-c63e828086da'),
 ('1382', '303', '289', '8', '1', '6', '2016-04-01 08:18:28', '2016-04-01 08:18:28', '63c36f20-2cdc-42f5-b793-6820e55f1266'),
 ('1383', '303', '289', '78', '0', '7', '2016-04-01 08:18:28', '2016-04-01 08:18:28', '2fce6306-88dd-422b-bb19-e13c6d5f5e3c'),
 ('1384', '303', '289', '9', '0', '8', '2016-04-01 08:18:28', '2016-04-01 08:18:28', 'a6fe0f22-2efb-492c-933a-924dcebdb72f'),
 ('1385', '303', '289', '48', '0', '9', '2016-04-01 08:18:28', '2016-04-01 08:18:28', 'efe73f1b-be9c-4280-ab6a-62eb68b20344'),
 ('1386', '303', '289', '49', '0', '10', '2016-04-01 08:18:28', '2016-04-01 08:18:28', '4f01e56d-a1d7-46fa-8ca4-d132b555ef68'),
 ('1387', '303', '289', '66', '0', '11', '2016-04-01 08:18:28', '2016-04-01 08:18:28', 'ac17b5d3-d1aa-41a0-ab7d-aebb2fa77d34'),
 ('1388', '304', '290', '11', '1', '1', '2016-04-01 08:18:28', '2016-04-01 08:18:28', '1a20cf10-6d85-499b-889e-323b21d497c0'),
 ('1389', '304', '290', '17', '1', '2', '2016-04-01 08:18:28', '2016-04-01 08:18:28', 'ced5cb49-36ef-4a64-80b8-7fb959db041b'),
 ('1390', '304', '290', '79', '0', '3', '2016-04-01 08:18:28', '2016-04-01 08:18:28', 'f90756b1-927c-4254-8113-2ec6cca5a926'),
 ('1391', '304', '290', '53', '0', '4', '2016-04-01 08:18:28', '2016-04-01 08:18:28', '87a70b8f-1c0f-418b-b73b-9aa4a2714ede'),
 ('1392', '304', '290', '54', '0', '5', '2016-04-01 08:18:28', '2016-04-01 08:18:28', '8008d9a1-5956-4744-a0e4-5dcf4a45ed6e'),
 ('1393', '304', '290', '67', '0', '6', '2016-04-01 08:18:28', '2016-04-01 08:18:28', '55d49175-86fe-4827-a50d-b5b195b83fc3'),
 ('1394', '305', '291', '12', '1', '1', '2016-04-01 08:18:28', '2016-04-01 08:18:28', '3e232eb1-33ae-4f40-99e5-3abb2e4546d5'),
 ('1395', '305', '291', '77', '1', '2', '2016-04-01 08:18:28', '2016-04-01 08:18:28', '74729ad7-fef6-4938-b4d2-611304928b08'),
 ('1396', '305', '291', '18', '1', '3', '2016-04-01 08:18:28', '2016-04-01 08:18:28', 'ca95bc18-68c1-43e2-a7b0-a9d3d2b1d3cc'),
 ('1397', '305', '291', '65', '0', '4', '2016-04-01 08:18:28', '2016-04-01 08:18:28', 'ee712a79-3dd8-4da2-8c6a-d3b7a6e145ed'),
 ('1398', '305', '291', '55', '0', '5', '2016-04-01 08:18:28', '2016-04-01 08:18:28', '5c1e6de9-7251-45e4-8f03-79cf5a239944'),
 ('1399', '305', '291', '56', '0', '6', '2016-04-01 08:18:28', '2016-04-01 08:18:28', '74c75f1b-6c67-4efd-b7bb-4261d4ba8fcd'),
 ('1400', '305', '291', '68', '0', '7', '2016-04-01 08:18:28', '2016-04-01 08:18:28', '5fadf2a4-791a-4332-865f-44f0295dc533'),
 ('1401', '306', '292', '14', '1', '1', '2016-04-01 08:18:28', '2016-04-01 08:18:28', '1b0b52ae-9a6e-4010-bc33-b568382f3071'),
 ('1402', '306', '292', '19', '1', '2', '2016-04-01 08:18:28', '2016-04-01 08:18:28', 'b551cbe7-e121-4cb4-94e1-293a7aaa6e32'),
 ('1403', '306', '292', '15', '0', '3', '2016-04-01 08:18:28', '2016-04-01 08:18:28', '492c479c-8cfb-4c8e-a9c6-5eeab9c10dc6'),
 ('1404', '306', '292', '57', '0', '4', '2016-04-01 08:18:28', '2016-04-01 08:18:28', '218e4ba5-7f2d-4c34-853c-676860cbece0'),
 ('1405', '306', '292', '58', '0', '5', '2016-04-01 08:18:28', '2016-04-01 08:18:28', 'ad5c59fc-a17c-4b4c-8c08-ebbfa1a4d67e'),
 ('1406', '306', '292', '69', '0', '6', '2016-04-01 08:18:28', '2016-04-01 08:18:28', '3808436c-e34f-4c6c-a0b7-43095bf18562'),
 ('1407', '307', '293', '16', '0', '1', '2016-04-01 08:18:28', '2016-04-01 08:18:28', '922a2b2f-5967-4e49-979d-d4a07bd11420'),
 ('1408', '307', '293', '59', '0', '2', '2016-04-01 08:18:28', '2016-04-01 08:18:28', 'd3eb98d7-6646-4159-9368-618335833905'),
 ('1409', '307', '293', '60', '0', '3', '2016-04-01 08:18:28', '2016-04-01 08:18:28', '96557b9d-2ab7-4af6-a648-1ef4e3c1ffff'),
 ('1410', '307', '293', '70', '0', '4', '2016-04-01 08:18:28', '2016-04-01 08:18:28', 'bd42c005-1ff6-425a-9399-fae45bbe627f'),
 ('1411', '308', '294', '20', '0', '1', '2016-04-01 08:18:28', '2016-04-01 08:18:28', 'b77d0049-bcf9-4cec-832b-01256b145d35'),
 ('1412', '308', '294', '21', '0', '2', '2016-04-01 08:18:28', '2016-04-01 08:18:28', '125dee3f-f8d8-4683-a26e-ed5e652face0'),
 ('1413', '308', '294', '22', '0', '3', '2016-04-01 08:18:28', '2016-04-01 08:18:28', '4510d190-0bd7-488b-9e5c-771ee09ca0af'),
 ('1414', '308', '294', '23', '0', '4', '2016-04-01 08:18:28', '2016-04-01 08:18:28', 'd300fd18-38da-4102-aaca-32a6ae5cce1f'),
 ('1415', '308', '294', '46', '1', '5', '2016-04-01 08:18:28', '2016-04-01 08:18:28', 'e0c4552a-ced1-434b-8cda-3d6ad048649e'),
 ('1416', '308', '294', '24', '1', '6', '2016-04-01 08:18:28', '2016-04-01 08:18:28', '86b0fdc7-6100-40f8-af27-53eb5ef3b9cd'),
 ('1417', '308', '294', '80', '1', '7', '2016-04-01 08:18:28', '2016-04-01 08:18:28', '019bf043-39ee-4e7a-9976-93821b2f0f00'),
 ('1418', '308', '294', '61', '0', '8', '2016-04-01 08:18:28', '2016-04-01 08:18:28', '20393f4e-23e8-49a8-a483-7351a06f8111'),
 ('1419', '308', '294', '62', '0', '9', '2016-04-01 08:18:28', '2016-04-01 08:18:28', 'c274e13e-24ac-47ea-8cf4-37547fc1540b'),
 ('1420', '308', '294', '71', '0', '10', '2016-04-01 08:18:28', '2016-04-01 08:18:28', '55bf218f-91fe-49d5-8c49-3268a23f2c2b'),
 ('1421', '309', '295', '25', '0', '1', '2016-04-01 08:18:28', '2016-04-01 08:18:28', '1db7a493-2b8a-428a-9fa8-99cc2a09fddd'),
 ('1422', '309', '295', '26', '0', '2', '2016-04-01 08:18:28', '2016-04-01 08:18:28', 'feac2a2e-c6bf-446a-952a-2eb723a421f8'),
 ('1423', '309', '295', '27', '0', '3', '2016-04-01 08:18:28', '2016-04-01 08:18:28', 'b33c251c-f9c6-4bfa-9a46-430fe46aaa55'),
 ('1424', '309', '295', '44', '1', '4', '2016-04-01 08:18:28', '2016-04-01 08:18:28', '68a6e43a-8e93-456f-8d09-7519d33236a7'),
 ('1425', '309', '295', '28', '1', '5', '2016-04-01 08:18:28', '2016-04-01 08:18:28', '1d760e4f-a06a-49fe-8982-0e176d021bd9'),
 ('1426', '309', '295', '81', '0', '6', '2016-04-01 08:18:28', '2016-04-01 08:18:28', 'dbf2735b-389c-407e-8c7b-c093f4ff8bd4'),
 ('1427', '309', '295', '63', '0', '7', '2016-04-01 08:18:28', '2016-04-01 08:18:28', '4676b903-d815-465b-98db-b0a00c1be349'),
 ('1428', '309', '295', '64', '0', '8', '2016-04-01 08:18:28', '2016-04-01 08:18:28', 'c7c60e42-b976-4d7e-8a5f-8f0874194695'),
 ('1429', '309', '295', '72', '0', '9', '2016-04-01 08:18:28', '2016-04-01 08:18:28', '35573ef8-c287-4539-806e-e64a6f6ae09e'),
 ('1430', '310', '296', '29', '0', '1', '2016-04-01 08:18:28', '2016-04-01 08:18:28', '47a00cf9-e73b-4590-baf0-a1564b349a30'),
 ('1431', '310', '296', '47', '1', '2', '2016-04-01 08:18:28', '2016-04-01 08:18:28', '07c32d19-ac76-49f0-a9d6-c2351c0d6aea'),
 ('1432', '310', '296', '30', '1', '3', '2016-04-01 08:18:28', '2016-04-01 08:18:28', 'a9295003-0428-4687-b567-efccf50430f1'),
 ('1433', '310', '296', '82', '0', '4', '2016-04-01 08:18:28', '2016-04-01 08:18:28', '80d6ad5f-43c3-4253-8e9b-b8b67c7fec75'),
 ('1434', '310', '296', '51', '0', '5', '2016-04-01 08:18:28', '2016-04-01 08:18:28', 'fd95f033-d172-428d-b2aa-4b92e5b5c364'),
 ('1435', '310', '296', '52', '0', '6', '2016-04-01 08:18:28', '2016-04-01 08:18:28', 'd3f724db-13df-4335-939f-5a5ffae0ea0f'),
 ('1436', '310', '296', '73', '0', '7', '2016-04-01 08:18:28', '2016-04-01 08:18:28', '59cf877c-fd63-4974-8bdf-7bd2c05f3e46');



DROP TABLE IF EXISTS `craft_fieldlayouts`;


--
-- Schema for table `craft_fieldlayouts`
--
CREATE TABLE `craft_fieldlayouts` (
  `id` int(11) NOT NULL AUTO_INCREMENT,
  `type` varchar(150) COLLATE utf8_unicode_ci NOT NULL,
  `dateCreated` datetime NOT NULL,
  `dateUpdated` datetime NOT NULL,
  `uid` char(36) COLLATE utf8_unicode_ci NOT NULL DEFAULT '0',
  PRIMARY KEY (`id`),
  KEY `craft_fieldlayouts_type_idx` (`type`)
) ENGINE=InnoDB AUTO_INCREMENT=311 DEFAULT CHARSET=utf8 COLLATE=utf8_unicode_ci;

--
-- Data for table `craft_fieldlayouts`
--

INSERT INTO `craft_fieldlayouts` (`id`, `type`, `dateCreated`, `dateUpdated`, `uid`) VALUES
 ('1', 'Tag', '2016-02-25 11:25:17', '2016-02-25 11:25:17', 'e718afbf-b262-4ced-b435-bc090bea1229'),
 ('3', 'Entry', '2016-02-25 11:25:17', '2016-02-25 11:25:17', '686faef0-bcc9-4630-9ef0-36e72d1f6fc8'),
 ('5', 'Entry', '2016-02-25 11:25:17', '2016-02-25 11:25:17', '7c625eb6-dedb-4c4b-a5da-34c189212f01'),
 ('7', 'Entry', '2016-02-25 13:47:58', '2016-02-25 13:47:58', '8a2cbdf7-1dc1-4456-a017-6d03d52482e2'),
 ('10', 'Entry', '2016-02-25 13:49:38', '2016-02-25 13:49:38', '32cd5fbb-9a92-44d7-984a-7ff968f474fa'),
 ('13', 'Entry', '2016-02-25 14:01:29', '2016-02-25 14:01:29', '45187c2e-3a9d-4897-88de-a7ef007bb78d'),
 ('37', 'MatrixBlock', '2016-02-25 14:30:58', '2016-02-25 14:30:58', 'caed8be6-d85a-4438-841a-61e242d33583'),
 ('38', 'MatrixBlock', '2016-02-25 14:31:52', '2016-02-25 14:31:52', '1a778525-e665-4415-a751-19acf2ae79e2'),
 ('57', 'Asset', '2016-02-26 12:41:37', '2016-02-26 12:41:37', '820af5b3-24f5-48bd-bef2-24be6e641c96'),
 ('75', 'Asset', '2016-02-26 13:52:16', '2016-02-26 13:52:16', 'df7fba11-1b88-46e6-a9d9-41c3392792e0'),
 ('94', 'Asset', '2016-02-29 09:55:51', '2016-02-29 09:55:51', '12cf2ccf-5322-48bb-99d8-fb3e73bd847c'),
 ('227', 'Entry', '2016-03-07 15:34:59', '2016-03-07 15:34:59', '95e1aff3-586b-4bd1-aa7c-c29c12acea3f'),
 ('228', 'Entry', '2016-03-07 15:36:18', '2016-03-07 15:36:18', '2134f198-ffc7-47a0-8154-c794bed95341'),
 ('247', 'GlobalSet', '2016-03-25 10:16:39', '2016-03-25 10:16:39', '6073a469-6379-4b7d-a0a4-9bc9a05669cb'),
 ('267', 'MatrixBlock', '2016-03-29 11:37:18', '2016-03-29 11:37:18', '8c0e4d95-e52a-43b3-b57f-b547cba2ffba'),
 ('293', 'Entry', '2016-03-29 13:08:12', '2016-03-29 13:08:12', '8b285773-5c0c-48a4-ac46-c44ebdef3193'),
 ('302', 'Entry', '2016-03-30 15:51:39', '2016-03-30 15:51:39', '08fda781-bdca-483c-8cfa-3b9d1f103d92'),
 ('303', 'MatrixBlock', '2016-04-01 08:18:28', '2016-04-01 08:18:28', '8d78166a-8a59-4861-9b64-82a3b0259a2b'),
 ('304', 'MatrixBlock', '2016-04-01 08:18:28', '2016-04-01 08:18:28', 'e0afb83f-f23d-4398-a51e-691ee85fb57e'),
 ('305', 'MatrixBlock', '2016-04-01 08:18:28', '2016-04-01 08:18:28', '1040f27d-f87d-4f2a-a88f-b7c27dfe0335'),
 ('306', 'MatrixBlock', '2016-04-01 08:18:28', '2016-04-01 08:18:28', '4388479d-bbd7-4730-b4ec-c95a374b6fac'),
 ('307', 'MatrixBlock', '2016-04-01 08:18:28', '2016-04-01 08:18:28', '8f052921-8dda-4ea8-994a-a0f5ad694a27'),
 ('308', 'MatrixBlock', '2016-04-01 08:18:28', '2016-04-01 08:18:28', 'd47d16c6-c99b-4ce6-b4ac-f9194bd6c93f'),
 ('309', 'MatrixBlock', '2016-04-01 08:18:28', '2016-04-01 08:18:28', '56fa6c2e-95d6-4062-852d-ab6a54406603'),
 ('310', 'MatrixBlock', '2016-04-01 08:18:28', '2016-04-01 08:18:28', 'b15ec178-2739-4cde-ad9b-ec0c9a8a78e0');



DROP TABLE IF EXISTS `craft_fieldlayouttabs`;


--
-- Schema for table `craft_fieldlayouttabs`
--
CREATE TABLE `craft_fieldlayouttabs` (
  `id` int(11) NOT NULL AUTO_INCREMENT,
  `layoutId` int(11) NOT NULL,
  `name` varchar(255) COLLATE utf8_unicode_ci NOT NULL,
  `sortOrder` smallint(6) unsigned DEFAULT NULL,
  `dateCreated` datetime NOT NULL,
  `dateUpdated` datetime NOT NULL,
  `uid` char(36) COLLATE utf8_unicode_ci NOT NULL DEFAULT '0',
  PRIMARY KEY (`id`),
  KEY `craft_fieldlayouttabs_sortOrder_idx` (`sortOrder`),
  KEY `craft_fieldlayouttabs_layoutId_fk` (`layoutId`)
) ENGINE=InnoDB AUTO_INCREMENT=297 DEFAULT CHARSET=utf8 COLLATE=utf8_unicode_ci;

--
-- Data for table `craft_fieldlayouttabs`
--

INSERT INTO `craft_fieldlayouttabs` (`id`, `layoutId`, `name`, `sortOrder`, `dateCreated`, `dateUpdated`, `uid`) VALUES
 ('1', '3', 'Content', '1', '2016-02-25 11:25:17', '2016-02-25 11:25:17', 'fa178389-214d-45f0-8c9a-3847f0a43bd2'),
 ('2', '5', 'Content', '1', '2016-02-25 11:25:17', '2016-02-25 11:25:17', '0f7f122e-eb8f-4a4d-8711-3363baa90ed6'),
 ('5', '13', 'Homepage', '1', '2016-02-25 14:01:29', '2016-02-25 14:01:29', '839c5513-c082-4842-ba0a-3f5634687e66'),
 ('26', '37', 'Content', '1', '2016-02-25 14:30:58', '2016-02-25 14:30:58', '6bb5bd39-e68d-4c55-b29f-a040ae3dc3b8'),
 ('27', '38', 'Content', '1', '2016-02-25 14:31:52', '2016-02-25 14:31:52', '3f72259e-9b93-4f6b-95b0-345fff49fd0d'),
 ('228', '247', 'Content', '1', '2016-03-25 10:16:39', '2016-03-25 10:16:39', '8173a510-7cc1-436c-aa3d-4812c566669f'),
 ('251', '267', 'Content', '1', '2016-03-29 11:37:18', '2016-03-29 11:37:18', '8900eac3-afed-4e6a-b915-cdd3aa13562c'),
 ('278', '293', 'Case', '1', '2016-03-29 13:08:12', '2016-03-29 13:08:12', '60510e56-f95b-4ed6-aa13-43d1f36dea98'),
 ('279', '293', 'Sections', '2', '2016-03-29 13:08:12', '2016-03-29 13:08:12', 'bc3971f4-a665-41ca-9bec-cd85ccad2972'),
 ('288', '302', 'About', '1', '2016-03-30 15:51:39', '2016-03-30 15:51:39', '2f9e9be4-569c-4977-bc02-d5a9e361676a'),
 ('289', '303', 'Content', '1', '2016-04-01 08:18:28', '2016-04-01 08:18:28', '9c14f167-356c-4084-aa3f-ad0ceb62979f'),
 ('290', '304', 'Content', '1', '2016-04-01 08:18:28', '2016-04-01 08:18:28', '34a52b6b-839a-455c-a622-1ff4097199fd'),
 ('291', '305', 'Content', '1', '2016-04-01 08:18:28', '2016-04-01 08:18:28', 'b300de74-87f9-4f99-8a41-7000a1ad9963'),
 ('292', '306', 'Content', '1', '2016-04-01 08:18:28', '2016-04-01 08:18:28', 'cea99f01-9e1b-4d4a-a93c-e8ccdde69585'),
 ('293', '307', 'Content', '1', '2016-04-01 08:18:28', '2016-04-01 08:18:28', 'c586cf41-a2a0-4127-8b89-a260ae8c48c9'),
 ('294', '308', 'Content', '1', '2016-04-01 08:18:28', '2016-04-01 08:18:28', 'f94c3bec-ff0b-4301-82a7-81c83d1b97f3'),
 ('295', '309', 'Content', '1', '2016-04-01 08:18:28', '2016-04-01 08:18:28', '12fa0c8b-5bf0-4fd4-8f70-b4dfc23629b6'),
 ('296', '310', 'Content', '1', '2016-04-01 08:18:28', '2016-04-01 08:18:28', 'de311701-b26d-407c-ab28-34872f200598');



DROP TABLE IF EXISTS `craft_fields`;


--
-- Schema for table `craft_fields`
--
CREATE TABLE `craft_fields` (
  `id` int(11) NOT NULL AUTO_INCREMENT,
  `groupId` int(11) DEFAULT NULL,
  `name` varchar(255) COLLATE utf8_unicode_ci NOT NULL,
  `handle` varchar(58) COLLATE utf8_unicode_ci NOT NULL,
  `context` varchar(255) COLLATE utf8_unicode_ci NOT NULL DEFAULT 'global',
  `instructions` text COLLATE utf8_unicode_ci,
  `translatable` tinyint(1) unsigned NOT NULL DEFAULT '0',
  `type` varchar(150) COLLATE utf8_unicode_ci NOT NULL,
  `settings` text COLLATE utf8_unicode_ci,
  `dateCreated` datetime NOT NULL,
  `dateUpdated` datetime NOT NULL,
  `uid` char(36) COLLATE utf8_unicode_ci NOT NULL DEFAULT '0',
  PRIMARY KEY (`id`),
  UNIQUE KEY `craft_fields_handle_context_unq_idx` (`handle`,`context`),
  KEY `craft_fields_context_idx` (`context`),
  KEY `craft_fields_groupId_fk` (`groupId`)
) ENGINE=InnoDB AUTO_INCREMENT=85 DEFAULT CHARSET=utf8 COLLATE=utf8_unicode_ci;

--
-- Data for table `craft_fields`
--

INSERT INTO `craft_fields` (`id`, `groupId`, `name`, `handle`, `context`, `instructions`, `translatable`, `type`, `settings`, `dateCreated`, `dateUpdated`, `uid`) VALUES
 ('3', '2', 'Case Sections', 'caseSections', 'global', '', '0', 'Matrix', '{\"maxBlocks\":null}', '2016-02-25 13:55:50', '2016-04-01 08:18:28', 'f42189c1-e2bf-4edd-b4b0-c0bce8d1aace'),
 ('4', NULL, 'Heading', 'heading', 'matrixBlockType:1', '', '0', 'PlainText', '{\"placeholder\":\"\",\"maxLength\":\"250\",\"multiline\":\"\",\"initialRows\":\"4\"}', '2016-02-25 13:55:50', '2016-04-01 08:18:28', '8de48167-55cb-4cf9-9f0b-e3dd6543bb78'),
 ('5', NULL, 'Intro', 'intro', 'matrixBlockType:1', '', '0', 'PlainText', '{\"placeholder\":\"\",\"maxLength\":\"300\",\"multiline\":\"\",\"initialRows\":\"4\"}', '2016-02-25 13:55:50', '2016-04-01 08:18:28', 'f297a41a-53f5-4410-92ce-87e48579e987'),
 ('6', NULL, 'Body', 'body', 'matrixBlockType:1', '', '0', 'PlainText', '{\"placeholder\":\"\",\"maxLength\":\"\",\"multiline\":\"\",\"initialRows\":\"4\"}', '2016-02-25 13:55:50', '2016-04-01 08:18:28', '739390eb-cabb-4914-9853-d915d29b32c4'),
 ('7', NULL, 'Image', 'image', 'matrixBlockType:1', '', '0', 'Assets', '{\"useSingleFolder\":\"1\",\"sources\":[\"folder:2\"],\"defaultUploadLocationSource\":\"2\",\"defaultUploadLocationSubpath\":\"\\/{owner.slug}\",\"singleUploadLocationSource\":\"2\",\"singleUploadLocationSubpath\":\"{owner.slug}\",\"restrictFiles\":\"1\",\"allowedKinds\":[\"image\"],\"limit\":\"1\",\"viewMode\":\"list\",\"selectionLabel\":\"\"}', '2016-02-25 13:55:50', '2016-04-01 08:18:28', 'a0bebfc8-fe39-43ca-8f5a-28e87b59bdb4'),
 ('8', NULL, 'Background Color', 'backgroundColor', 'matrixBlockType:1', '', '0', 'Color', NULL, '2016-02-25 13:55:50', '2016-04-01 08:18:28', 'd9962176-0df9-4146-98d0-66f04747551f'),
 ('9', NULL, 'Image Position', 'imagePosition', 'matrixBlockType:1', '', '0', 'PositionSelect', '{\"options\":[\"left\",\"right\"]}', '2016-02-25 13:55:50', '2016-04-01 08:18:28', '5f95a5ed-a7e2-4e9f-bb08-24c5e2d065b8'),
 ('10', '3', 'Featured Cases', 'featuredCases', 'global', '', '0', 'Entries', '{\"sources\":[\"section:3\"],\"limit\":\"5\",\"selectionLabel\":\"Selected a Case\"}', '2016-02-25 14:01:05', '2016-02-25 14:01:05', '42cfabcc-074f-4551-9e3d-f247e8dd91a6'),
 ('11', NULL, 'Images', 'images', 'matrixBlockType:2', 'Select up to 10 images.', '0', 'Assets', '{\"useSingleFolder\":\"1\",\"sources\":[\"folder:2\"],\"defaultUploadLocationSource\":\"2\",\"defaultUploadLocationSubpath\":\"\",\"singleUploadLocationSource\":\"2\",\"singleUploadLocationSubpath\":\"{owner.slug}\",\"restrictFiles\":\"1\",\"allowedKinds\":[\"image\"],\"limit\":\"10\",\"viewMode\":\"list\",\"selectionLabel\":\"Add assets\"}', '2016-02-25 14:07:12', '2016-04-01 08:18:28', 'ce2cea7b-029b-459f-bf7b-9c466beff50c'),
 ('12', NULL, 'Cover Image', 'coverImage', 'matrixBlockType:3', '', '0', 'Assets', '{\"useSingleFolder\":\"1\",\"sources\":[\"folder:2\"],\"defaultUploadLocationSource\":\"2\",\"defaultUploadLocationSubpath\":\"\",\"singleUploadLocationSource\":\"2\",\"singleUploadLocationSubpath\":\"{owner.slug}\",\"restrictFiles\":\"1\",\"allowedKinds\":[\"image\"],\"limit\":\"1\",\"viewMode\":\"list\",\"selectionLabel\":\"\"}', '2016-02-25 14:10:40', '2016-04-01 08:18:28', '0a3d4e60-2d54-4936-9584-a1124675aee1'),
 ('14', NULL, 'Image', 'image', 'matrixBlockType:4', '', '0', 'Assets', '{\"useSingleFolder\":\"1\",\"sources\":[\"folder:2\"],\"defaultUploadLocationSource\":\"2\",\"defaultUploadLocationSubpath\":\"\",\"singleUploadLocationSource\":\"2\",\"singleUploadLocationSubpath\":\"{owner.slug}\",\"restrictFiles\":\"1\",\"allowedKinds\":[\"image\"],\"limit\":\"1\",\"viewMode\":\"list\",\"selectionLabel\":\"\"}', '2016-02-25 14:15:08', '2016-04-01 08:18:28', 'c5adefc9-ff05-4e26-8d79-24f06f25ca0e'),
 ('15', NULL, 'Background Image', 'backgroundImage', 'matrixBlockType:4', '', '0', 'Assets', '{\"useSingleFolder\":\"1\",\"sources\":[\"folder:2\"],\"defaultUploadLocationSource\":\"2\",\"defaultUploadLocationSubpath\":\"\",\"singleUploadLocationSource\":\"2\",\"singleUploadLocationSubpath\":\"{owner.slug}\",\"restrictFiles\":\"1\",\"allowedKinds\":[\"image\"],\"limit\":\"1\",\"viewMode\":\"list\",\"selectionLabel\":\"\"}', '2016-02-25 14:15:08', '2016-04-01 08:18:28', '3c97f7fd-30f4-47fa-87f0-824a3a78f08e'),
 ('16', NULL, 'Image', 'image', 'matrixBlockType:5', '', '0', 'Assets', '{\"useSingleFolder\":\"1\",\"sources\":[\"folder:2\"],\"defaultUploadLocationSource\":\"2\",\"defaultUploadLocationSubpath\":\"\",\"singleUploadLocationSource\":\"2\",\"singleUploadLocationSubpath\":\"{owner.slug}\",\"restrictFiles\":\"1\",\"allowedKinds\":[\"image\"],\"limit\":\"1\",\"viewMode\":\"list\",\"selectionLabel\":\"\"}', '2016-02-25 14:15:08', '2016-04-01 08:18:28', 'c404845f-7709-45ed-b293-40a3f17b75d7'),
 ('17', NULL, 'Background Color', 'backgroundColor', 'matrixBlockType:2', '', '0', 'Color', NULL, '2016-02-25 14:23:54', '2016-04-01 08:18:28', '40458637-88bc-4a2d-b006-e47bc7055d0d'),
 ('18', NULL, 'Background Color', 'backgroundColor', 'matrixBlockType:3', '', '0', 'Color', NULL, '2016-02-25 14:23:54', '2016-04-01 08:18:28', 'd34ebb77-d6ae-4443-8999-10fa90103522'),
 ('19', NULL, 'Background Color', 'backgroundColor', 'matrixBlockType:4', '', '0', 'Color', NULL, '2016-02-25 14:23:54', '2016-04-01 08:18:28', 'af1d4a5d-fde4-4c01-8cc6-36fb4468d16d'),
 ('20', NULL, 'Heading', 'heading', 'matrixBlockType:6', '', '0', 'PlainText', '{\"placeholder\":\"\",\"maxLength\":\"\",\"multiline\":\"\",\"initialRows\":\"4\"}', '2016-02-25 14:23:54', '2016-04-01 08:18:28', '9250f0a4-71e0-4194-902d-41def514d9e6'),
 ('21', NULL, 'Intro', 'intro', 'matrixBlockType:6', '', '0', 'PlainText', '{\"placeholder\":\"\",\"maxLength\":\"\",\"multiline\":\"1\",\"initialRows\":\"4\"}', '2016-02-25 14:23:54', '2016-04-01 08:18:28', '0b577a40-4325-4c4a-a927-c450828301ca'),
 ('22', NULL, 'Body', 'body', 'matrixBlockType:6', '', '0', 'PlainText', '{\"placeholder\":\"\",\"maxLength\":\"\",\"multiline\":\"1\",\"initialRows\":\"4\"}', '2016-02-25 14:23:54', '2016-04-01 08:18:28', '4fb80412-b3c2-452a-b3fd-1169515f8c47'),
 ('23', NULL, 'Position', 'position', 'matrixBlockType:6', '', '0', 'PositionSelect', '{\"options\":[\"left\",\"center\",\"right\"]}', '2016-02-25 14:23:54', '2016-04-01 08:18:28', 'dd1aae7b-4fdf-4419-89f4-2e0feeecc586'),
 ('24', NULL, 'Background Color', 'backgroundColor', 'matrixBlockType:6', '', '0', 'Color', NULL, '2016-02-25 14:23:54', '2016-04-01 08:18:28', '5527eab8-60d3-4247-bc2f-57d872d633c3'),
 ('25', NULL, 'Heading', 'heading', 'matrixBlockType:7', '', '0', 'PlainText', '{\"placeholder\":\"\",\"maxLength\":\"\",\"multiline\":\"\",\"initialRows\":\"4\"}', '2016-02-25 14:23:55', '2016-04-01 08:18:28', '3989abf6-3956-4749-8f2e-1eb5debf3c46'),
 ('26', NULL, 'Intro', 'intro', 'matrixBlockType:7', '', '0', 'PlainText', '{\"placeholder\":\"\",\"maxLength\":\"\",\"multiline\":\"1\",\"initialRows\":\"4\"}', '2016-02-25 14:23:55', '2016-04-01 08:18:28', '26dfb6e4-7dda-48e7-a1b8-db8ffac0a5e5'),
 ('27', NULL, 'Body', 'body', 'matrixBlockType:7', '', '0', 'PlainText', '{\"placeholder\":\"\",\"maxLength\":\"\",\"multiline\":\"1\",\"initialRows\":\"4\"}', '2016-02-25 14:23:55', '2016-04-01 08:18:28', '1590b1d7-af56-4385-af16-65958f51f1fe'),
 ('28', NULL, 'Background Color', 'backgroundColor', 'matrixBlockType:7', '', '0', 'Color', NULL, '2016-02-25 14:23:55', '2016-04-01 08:18:28', 'd4b7988a-0f2a-406b-9e46-b4d35a2bc82f'),
 ('29', NULL, 'Body', 'body', 'matrixBlockType:8', '', '0', 'PlainText', '{\"placeholder\":\"\",\"maxLength\":\"\",\"multiline\":\"1\",\"initialRows\":\"4\"}', '2016-02-25 14:23:55', '2016-04-01 08:18:28', 'e8438af8-a5bb-4c41-a6e3-d2a8faf1456b'),
 ('30', NULL, 'Background Color', 'backgroundColor', 'matrixBlockType:8', '', '0', 'Color', NULL, '2016-02-25 14:23:55', '2016-04-01 08:18:28', 'c1ac7dd7-ff3b-4a68-a386-f6c142f3f046'),
 ('31', '2', 'Credits', 'credits', 'global', '', '0', 'Matrix', '{\"maxBlocks\":null}', '2016-02-25 14:30:58', '2016-02-25 14:30:58', '462da376-e04a-46ca-b035-26a86b5435e8'),
 ('32', NULL, 'Role', 'role', 'matrixBlockType:9', '', '0', 'PlainText', '{\"placeholder\":\"\",\"maxLength\":\"\",\"multiline\":\"\",\"initialRows\":\"4\"}', '2016-02-25 14:30:58', '2016-02-25 14:30:58', '94222171-06d1-487f-b5ff-6ca892cd9dde'),
 ('33', NULL, 'Contributor Name', 'contributorName', 'matrixBlockType:9', '', '0', 'PlainText', '{\"placeholder\":\"\",\"maxLength\":\"\",\"multiline\":\"\",\"initialRows\":\"4\"}', '2016-02-25 14:30:58', '2016-02-25 14:30:58', 'eac42a4b-14ba-48f8-b0ad-84bca5aab669'),
 ('34', '2', 'Roles', 'roles', 'global', '', '0', 'Matrix', '{\"maxBlocks\":null}', '2016-02-25 14:31:52', '2016-02-25 14:31:52', '18d84fef-13a8-43ba-829d-6268120163ad'),
 ('35', NULL, 'Role', 'role', 'matrixBlockType:10', '', '0', 'PlainText', '{\"placeholder\":\"\",\"maxLength\":\"\",\"multiline\":\"\",\"initialRows\":\"4\"}', '2016-02-25 14:31:52', '2016-02-25 14:31:52', 'c70dfa55-d03e-473c-b4ec-80f8656dd37d'),
 ('36', '2', 'Honours', 'honours', 'global', '', '0', 'Matrix', '{\"maxBlocks\":\"6\"}', '2016-02-25 14:36:09', '2016-03-29 11:37:18', '35347a96-8180-4090-b295-12f41b748c44'),
 ('37', NULL, 'Honour name', 'honourName', 'matrixBlockType:11', '', '0', 'PlainText', '{\"placeholder\":\"\",\"maxLength\":\"\",\"multiline\":\"\",\"initialRows\":\"4\"}', '2016-02-25 14:36:09', '2016-03-29 11:37:18', 'ee626eaf-8f43-425f-a6b7-dd06d7bbf8a3'),
 ('38', NULL, 'Logo', 'logo', 'matrixBlockType:11', '', '0', 'Assets', '{\"useSingleFolder\":\"\",\"sources\":[\"folder:3\"],\"defaultUploadLocationSource\":\"2\",\"defaultUploadLocationSubpath\":\"\",\"singleUploadLocationSource\":\"1\",\"singleUploadLocationSubpath\":\"\",\"restrictFiles\":\"\",\"limit\":\"1\",\"viewMode\":\"list\",\"selectionLabel\":\"\"}', '2016-02-25 14:36:09', '2016-03-29 11:37:18', 'ec8e33ba-f15d-4ae8-b3a9-fa51e0b543e7'),
 ('39', '2', 'Heading', 'heading', 'global', '', '0', 'PlainText', '{\"placeholder\":\"\",\"maxLength\":\"\",\"multiline\":\"1\",\"initialRows\":\"2\"}', '2016-02-25 14:37:26', '2016-02-25 14:37:26', '7eb39d0e-d7b9-4fbe-8fad-151074b7d6fc'),
 ('40', '2', 'Header Background Image', 'headerBackgroundImage', 'global', '', '0', 'Assets', '{\"useSingleFolder\":\"1\",\"sources\":[\"folder:2\"],\"defaultUploadLocationSource\":\"2\",\"defaultUploadLocationSubpath\":\"\",\"singleUploadLocationSource\":\"2\",\"singleUploadLocationSubpath\":\"{slug}\",\"restrictFiles\":\"1\",\"allowedKinds\":[\"image\"],\"limit\":\"1\",\"viewMode\":\"list\",\"selectionLabel\":\"\"}', '2016-02-25 14:37:55', '2016-03-15 13:54:52', '1c013f89-daf4-4ce7-bedf-ab4bea67ff60'),
 ('41', '2', 'Client', 'client', 'global', '', '0', 'PlainText', '{\"placeholder\":\"\",\"maxLength\":\"\",\"multiline\":\"\",\"initialRows\":\"4\"}', '2016-02-25 14:38:25', '2016-02-25 14:38:25', '0289d61e-cd61-4f87-9004-3ed5a9fac7a4'),
 ('43', '2', 'Project Type', 'projectType', 'global', '', '0', 'PlainText', '{\"placeholder\":\"Responsive Website\",\"maxLength\":\"\",\"multiline\":\"\",\"initialRows\":\"4\"}', '2016-02-25 14:39:30', '2016-03-22 10:25:44', 'f2e8be97-86f0-4ff2-9936-725f068cbe39'),
 ('44', NULL, 'Text Color', 'textColor', 'matrixBlockType:7', '', '0', 'Color', NULL, '2016-02-26 13:38:07', '2016-04-01 08:18:28', '50db597c-9e6f-4d12-83c8-ab56dbcfb56f'),
 ('45', NULL, 'Text Color', 'textColor', 'matrixBlockType:1', '', '0', 'Color', NULL, '2016-02-26 13:39:07', '2016-04-01 08:18:28', '514e0811-94c3-4483-8f3b-b22af7433a1d'),
 ('46', NULL, 'Text Color', 'textColor', 'matrixBlockType:6', '', '0', 'Color', NULL, '2016-02-26 13:39:07', '2016-04-01 08:18:28', 'b023e775-a0b6-447f-b7b4-9af6889247eb'),
 ('47', NULL, 'Text Color', 'textColor', 'matrixBlockType:8', '', '0', 'Color', NULL, '2016-02-26 13:39:07', '2016-04-01 08:18:28', 'b406d477-8bf4-4d91-9693-1f140c387fb0'),
 ('48', NULL, 'Padding Top', 'paddingTop', 'matrixBlockType:1', '', '0', 'Dropdown', '{\"options\":[{\"label\":\"None\",\"value\":\"none\",\"default\":\"1\"},{\"label\":\"Small\",\"value\":\"small\",\"default\":\"\"},{\"label\":\"Medium\",\"value\":\"medium\",\"default\":\"\"},{\"label\":\"Big\",\"value\":\"big\",\"default\":\"\"}]}', '2016-02-29 11:03:57', '2016-04-01 08:18:28', 'e50f8b87-7e8b-420d-8340-2db9c155ba9f'),
 ('49', NULL, 'Padding Bottom', 'paddingBottom', 'matrixBlockType:1', '', '0', 'Dropdown', '{\"options\":[{\"label\":\"None\",\"value\":\"none\",\"default\":\"1\"},{\"label\":\"Small\",\"value\":\"small\",\"default\":\"\"},{\"label\":\"Medium\",\"value\":\"medium\",\"default\":\"\"},{\"label\":\"Big\",\"value\":\"big\",\"default\":\"\"}]}', '2016-02-29 11:07:31', '2016-04-01 08:18:28', '62e56a0d-5041-4b55-8a32-0949ee7683fa'),
 ('50', '2', 'Header Image', 'headerImage', 'global', '', '0', 'Assets', '{\"useSingleFolder\":\"1\",\"sources\":\"*\",\"defaultUploadLocationSource\":\"1\",\"defaultUploadLocationSubpath\":\"\",\"singleUploadLocationSource\":\"2\",\"singleUploadLocationSubpath\":\"{slug}\",\"restrictFiles\":\"1\",\"allowedKinds\":[\"image\"],\"limit\":\"1\",\"viewMode\":\"list\",\"selectionLabel\":\"\"}', '2016-02-29 13:17:35', '2016-02-29 13:20:07', '2271465d-70f9-4b1e-8ccd-a38d234c1b2e'),
 ('51', NULL, 'Padding Top', 'paddingTop', 'matrixBlockType:8', '', '0', 'Dropdown', '{\"options\":[{\"label\":\"None\",\"value\":\"small\",\"default\":\"1\"},{\"label\":\"Small\",\"value\":\"small\",\"default\":\"\"},{\"label\":\"Medium\",\"value\":\"medium\",\"default\":\"\"},{\"label\":\"Big\",\"value\":\"big\",\"default\":\"\"}]}', '2016-03-01 12:59:01', '2016-04-01 08:18:28', '9e6b9dc2-5b4f-49bc-951b-8f6bb619c308'),
 ('52', NULL, 'Padding Bottom', 'paddingBottom', 'matrixBlockType:8', '', '0', 'Dropdown', '{\"options\":[{\"label\":\"None\",\"value\":\"none\",\"default\":\"1\"},{\"label\":\"Small\",\"value\":\"small\",\"default\":\"\"},{\"label\":\"Medium\",\"value\":\"medium\",\"default\":\"\"},{\"label\":\"Big\",\"value\":\"big\",\"default\":\"\"}]}', '2016-03-01 12:59:01', '2016-04-01 08:18:28', 'cde9fe4f-aac1-4c94-aaf5-c9f4760f86aa'),
 ('53', NULL, 'Padding Top', 'paddingTop', 'matrixBlockType:2', '', '0', 'Dropdown', '{\"options\":[{\"label\":\"None\",\"value\":\"none\",\"default\":\"1\"},{\"label\":\"Small\",\"value\":\"small\",\"default\":\"\"},{\"label\":\"Medium\",\"value\":\"medium\",\"default\":\"\"},{\"label\":\"Big\",\"value\":\"big\",\"default\":\"\"}]}', '2016-03-01 13:10:49', '2016-04-01 08:18:28', '05c6253a-6eef-4afa-a506-2f176a823e0c'),
 ('54', NULL, 'Padding Bottom', 'paddingBottom', 'matrixBlockType:2', '', '0', 'Dropdown', '{\"options\":[{\"label\":\"None\",\"value\":\"none\",\"default\":\"1\"},{\"label\":\"Small\",\"value\":\"small\",\"default\":\"\"},{\"label\":\"Medium\",\"value\":\"medium\",\"default\":\"\"},{\"label\":\"Big\",\"value\":\"big\",\"default\":\"\"}]}', '2016-03-01 13:10:49', '2016-04-01 08:18:28', '67df4ef6-128f-40c8-b120-344552754779'),
 ('55', NULL, 'Padding Top', 'paddingTop', 'matrixBlockType:3', '', '0', 'Dropdown', '{\"options\":[{\"label\":\"None\",\"value\":\"none\",\"default\":\"1\"},{\"label\":\"Small\",\"value\":\"small\",\"default\":\"\"},{\"label\":\"Medium\",\"value\":\"medium\",\"default\":\"\"},{\"label\":\"Big\",\"value\":\"big\",\"default\":\"\"}]}', '2016-03-01 13:10:49', '2016-04-01 08:18:28', '7bca3af2-1697-4cc5-b541-7b89e07bc759'),
 ('56', NULL, 'Padding Bottom', 'paddingBottom', 'matrixBlockType:3', '', '0', 'Dropdown', '{\"options\":[{\"label\":\"None\",\"value\":\"none\",\"default\":\"1\"},{\"label\":\"Small\",\"value\":\"small\",\"default\":\"\"},{\"label\":\"Medium\",\"value\":\"medium\",\"default\":\"\"},{\"label\":\"Big\",\"value\":\"big\",\"default\":\"\"}]}', '2016-03-01 13:10:49', '2016-04-01 08:18:28', '3fee4788-6bbe-440a-9a7b-6770b05f9190'),
 ('57', NULL, 'Padding Top', 'paddingTop', 'matrixBlockType:4', '', '0', 'Dropdown', '{\"options\":[{\"label\":\"None\",\"value\":\"none\",\"default\":\"1\"},{\"label\":\"Small\",\"value\":\"small\",\"default\":\"\"},{\"label\":\"Medium\",\"value\":\"medium\",\"default\":\"\"},{\"label\":\"Big\",\"value\":\"big\",\"default\":\"\"}]}', '2016-03-01 13:10:49', '2016-04-01 08:18:28', '20e34684-0118-4c5e-9699-0415e29d1001'),
 ('58', NULL, 'Padding Bottom', 'paddingBottom', 'matrixBlockType:4', '', '0', 'Dropdown', '{\"options\":[{\"label\":\"None\",\"value\":\"none\",\"default\":\"1\"},{\"label\":\"Small\",\"value\":\"small\",\"default\":\"\"},{\"label\":\"Medium\",\"value\":\"medium\",\"default\":\"\"},{\"label\":\"Big\",\"value\":\"big\",\"default\":\"\"}]}', '2016-03-01 13:10:49', '2016-04-01 08:18:28', 'c1cd865d-8aa3-44e0-ae38-76d7007a1d38'),
 ('59', NULL, 'Padding Top', 'paddingTop', 'matrixBlockType:5', '', '0', 'Dropdown', '{\"options\":[{\"label\":\"None\",\"value\":\"none\",\"default\":\"1\"},{\"label\":\"Small\",\"value\":\"small\",\"default\":\"\"},{\"label\":\"Medium\",\"value\":\"medium\",\"default\":\"\"},{\"label\":\"Big\",\"value\":\"big\",\"default\":\"\"}]}', '2016-03-01 13:10:49', '2016-04-01 08:18:28', 'b4aea260-a7c9-4d4f-9cfb-e33f500290f2'),
 ('60', NULL, 'Padding Bottom', 'paddingBottom', 'matrixBlockType:5', '', '0', 'Dropdown', '{\"options\":[{\"label\":\"None\",\"value\":\"none\",\"default\":\"1\"},{\"label\":\"Small\",\"value\":\"small\",\"default\":\"\"},{\"label\":\"Medium\",\"value\":\"medium\",\"default\":\"\"},{\"label\":\"Big\",\"value\":\"big\",\"default\":\"\"}]}', '2016-03-01 13:10:49', '2016-04-01 08:18:28', '29ed8296-4545-48a8-b6b3-c45407682180'),
 ('61', NULL, 'Padding Top', 'paddingTop', 'matrixBlockType:6', '', '0', 'Dropdown', '{\"options\":[{\"label\":\"None\",\"value\":\"none\",\"default\":\"1\"},{\"label\":\"Small\",\"value\":\"small\",\"default\":\"\"},{\"label\":\"Medium\",\"value\":\"medium\",\"default\":\"\"},{\"label\":\"Big\",\"value\":\"big\",\"default\":\"\"}]}', '2016-03-01 13:10:49', '2016-04-01 08:18:28', '4b964e82-e160-4b04-9297-356d3ebbbc1c'),
 ('62', NULL, 'Padding Bottom', 'paddingBottom', 'matrixBlockType:6', '', '0', 'Dropdown', '{\"options\":[{\"label\":\"None\",\"value\":\"none\",\"default\":\"1\"},{\"label\":\"Small\",\"value\":\"small\",\"default\":\"\"},{\"label\":\"Medium\",\"value\":\"medium\",\"default\":\"\"},{\"label\":\"Big\",\"value\":\"big\",\"default\":\"\"}]}', '2016-03-01 13:10:49', '2016-04-01 08:18:28', '418d4ff8-d1be-411d-bcaa-4ecd0705a57b'),
 ('63', NULL, 'Padding Top', 'paddingTop', 'matrixBlockType:7', '', '0', 'Dropdown', '{\"options\":[{\"label\":\"None\",\"value\":\"none\",\"default\":\"1\"},{\"label\":\"Small\",\"value\":\"small\",\"default\":\"\"},{\"label\":\"Medium\",\"value\":\"medium\",\"default\":\"\"},{\"label\":\"Big\",\"value\":\"big\",\"default\":\"\"}]}', '2016-03-01 13:10:49', '2016-04-01 08:18:28', 'de78e695-e0ab-44d5-a23e-02fb8a3f00b0'),
 ('64', NULL, 'Padding Bottom', 'paddingBottom', 'matrixBlockType:7', '', '0', 'Dropdown', '{\"options\":[{\"label\":\"None\",\"value\":\"none\",\"default\":\"1\"},{\"label\":\"Small\",\"value\":\"small\",\"default\":\"\"},{\"label\":\"Medium\",\"value\":\"medium\",\"default\":\"\"},{\"label\":\"Big\",\"value\":\"big\",\"default\":\"\"}]}', '2016-03-01 13:10:49', '2016-04-01 08:18:28', '4dd66fb3-6738-4d85-ad3b-fa1916a82a2c'),
 ('65', NULL, 'Background Image', 'backgroundImage', 'matrixBlockType:3', '', '0', 'Assets', '{\"useSingleFolder\":\"1\",\"sources\":\"*\",\"defaultUploadLocationSource\":\"1\",\"defaultUploadLocationSubpath\":\"\",\"singleUploadLocationSource\":\"2\",\"singleUploadLocationSubpath\":\"{owner.slug}\",\"restrictFiles\":\"1\",\"allowedKinds\":[\"image\"],\"limit\":\"\",\"viewMode\":\"list\",\"selectionLabel\":\"\"}', '2016-03-01 13:50:37', '2016-04-01 08:18:28', '88de4634-d742-4e88-abec-0b60409cfa55'),
 ('66', NULL, 'UI Color', 'uiColor', 'matrixBlockType:1', '', '0', 'Dropdown', '{\"options\":[{\"label\":\"White\",\"value\":\"white\",\"default\":\"1\"},{\"label\":\"Black\",\"value\":\"black\",\"default\":\"\"}]}', '2016-03-01 16:39:43', '2016-04-01 08:18:28', '47a2a867-58b0-4023-b0ab-afabeaffc2f4'),
 ('67', NULL, 'UI Color', 'uiColor', 'matrixBlockType:2', '', '0', 'Dropdown', '{\"options\":[{\"label\":\"White\",\"value\":\"white\",\"default\":\"1\"},{\"label\":\"Black\",\"value\":\"black\",\"default\":\"\"}]}', '2016-03-14 14:14:17', '2016-04-01 08:18:28', '320a9977-475d-47ac-aa01-09131cabc41f'),
 ('68', NULL, 'UI Color', 'uiColor', 'matrixBlockType:3', '', '0', 'Dropdown', '{\"options\":[{\"label\":\"White\",\"value\":\"white\",\"default\":\"1\"},{\"label\":\"Black\",\"value\":\"black\",\"default\":\"\"}]}', '2016-03-14 14:14:18', '2016-04-01 08:18:28', '7a76d471-541c-41ec-bec0-f4117da69da0'),
 ('69', NULL, 'UI Color', 'uiColor', 'matrixBlockType:4', '', '0', 'Dropdown', '{\"options\":[{\"label\":\"White\",\"value\":\"white\",\"default\":\"1\"},{\"label\":\"Black\",\"value\":\"black\",\"default\":\"\"}]}', '2016-03-14 14:14:18', '2016-04-01 08:18:28', '79b03949-e678-419d-8e31-31480b24a1a6'),
 ('70', NULL, 'UI Color', 'uiColor', 'matrixBlockType:5', '', '0', 'Dropdown', '{\"options\":[{\"label\":\"White\",\"value\":\"white\",\"default\":\"1\"},{\"label\":\"Black\",\"value\":\"black\",\"default\":\"\"}]}', '2016-03-14 14:14:18', '2016-04-01 08:18:28', '44f0bab8-903b-4428-a24d-fb36f8ec727f'),
 ('71', NULL, 'UI Color', 'uiColor', 'matrixBlockType:6', '', '0', 'Dropdown', '{\"options\":[{\"label\":\"White\",\"value\":\"white\",\"default\":\"1\"},{\"label\":\"Black\",\"value\":\"black\",\"default\":\"\"}]}', '2016-03-14 14:14:18', '2016-04-01 08:18:28', '98b05bf7-04e1-4deb-81ac-fae3f83a4937'),
 ('72', NULL, 'UI Color', 'uiColor', 'matrixBlockType:7', '', '0', 'Dropdown', '{\"options\":[{\"label\":\"White\",\"value\":\"white\",\"default\":\"1\"},{\"label\":\"Black\",\"value\":\"black\",\"default\":\"\"}]}', '2016-03-14 14:14:18', '2016-04-01 08:18:28', 'c26bd9a5-ec31-4dd6-9ad5-b00a462081b2'),
 ('73', NULL, 'UI Color', 'uiColor', 'matrixBlockType:8', '', '0', 'Dropdown', '{\"options\":[{\"label\":\"White\",\"value\":\"white\",\"default\":\"1\"},{\"label\":\"Black\",\"value\":\"black\",\"default\":\"\"}]}', '2016-03-14 14:14:18', '2016-04-01 08:18:28', '7cc194ca-cb83-402a-a59d-156334efefa2'),
 ('74', '4', 'Google Analytics tracking code', 'googleAnalyticsTrackingCode', 'global', '', '0', 'PlainText', '{\"placeholder\":\"UA-********-*\",\"maxLength\":\"\",\"multiline\":\"\",\"initialRows\":\"4\"}', '2016-03-25 10:16:16', '2016-03-25 10:16:16', 'fe1a8e94-9e98-478a-8849-d1966dd521d0'),
 ('75', '2', 'Header Button', 'headerButton', 'global', '', '0', 'PlainText', '{\"placeholder\":\"Visit project\",\"maxLength\":\"20\",\"multiline\":\"\",\"initialRows\":\"4\"}', '2016-03-25 10:28:11', '2016-03-25 10:28:11', '0bbd58bb-d00e-4ec3-a423-24572ed9d660'),
 ('76', '2', 'Header Button URL', 'headerButtonUrl', 'global', '', '0', 'PlainText', '{\"placeholder\":\"\",\"maxLength\":\"\",\"multiline\":\"\",\"initialRows\":\"4\"}', '2016-03-25 10:29:53', '2016-03-25 10:29:53', '31fa395c-cea2-488a-824e-28b06740f47e'),
 ('77', NULL, 'Vimeo ID', 'vimeoId', 'matrixBlockType:3', '', '0', 'PlainText', '{\"placeholder\":\"\",\"maxLength\":\"10\",\"multiline\":\"\",\"initialRows\":\"4\"}', '2016-03-25 14:21:04', '2016-04-01 08:18:28', 'e673fb70-66e7-40e1-a6fd-bda13f4eac00'),
 ('78', NULL, 'Background Image', 'backgroundImage', 'matrixBlockType:1', '', '0', 'Assets', '{\"useSingleFolder\":\"1\",\"sources\":[\"folder:2\"],\"defaultUploadLocationSource\":\"1\",\"defaultUploadLocationSubpath\":\"{owner.slug}\",\"singleUploadLocationSource\":\"2\",\"singleUploadLocationSubpath\":\"{owner.slug}\",\"restrictFiles\":\"1\",\"allowedKinds\":[\"image\"],\"limit\":\"\",\"viewMode\":\"list\",\"selectionLabel\":\"\"}', '2016-03-29 11:53:25', '2016-04-01 08:18:28', 'c419bd61-54ac-40f5-9ed5-3885448ff435'),
 ('79', NULL, 'Background Image', 'backgroundImage', 'matrixBlockType:2', '', '0', 'Assets', '{\"useSingleFolder\":\"1\",\"sources\":\"*\",\"defaultUploadLocationSource\":\"1\",\"defaultUploadLocationSubpath\":\"\",\"singleUploadLocationSource\":\"2\",\"singleUploadLocationSubpath\":\"{owner.slug}\",\"restrictFiles\":\"1\",\"allowedKinds\":[\"image\"],\"limit\":\"1\",\"viewMode\":\"list\",\"selectionLabel\":\"\"}', '2016-03-29 11:53:25', '2016-04-01 08:18:28', '844753f6-4e36-40f1-a63b-a580ddf49664'),
 ('80', NULL, 'Background Image', 'backgroundImage', 'matrixBlockType:6', '', '0', 'Assets', '{\"useSingleFolder\":\"1\",\"sources\":\"*\",\"defaultUploadLocationSource\":\"1\",\"defaultUploadLocationSubpath\":\"\",\"singleUploadLocationSource\":\"2\",\"singleUploadLocationSubpath\":\"{owner.slug}\",\"restrictFiles\":\"1\",\"allowedKinds\":[\"image\"],\"limit\":\"1\",\"viewMode\":\"list\",\"selectionLabel\":\"\"}', '2016-03-29 11:53:26', '2016-04-01 08:18:28', '920233c6-f57d-40f2-84de-db2b9993eacb'),
 ('81', NULL, 'Background Image', 'backgroundImage', 'matrixBlockType:7', '', '0', 'Assets', '{\"useSingleFolder\":\"1\",\"sources\":\"*\",\"defaultUploadLocationSource\":\"1\",\"defaultUploadLocationSubpath\":\"\",\"singleUploadLocationSource\":\"2\",\"singleUploadLocationSubpath\":\"{owner.slug}\",\"restrictFiles\":\"1\",\"allowedKinds\":[\"image\"],\"limit\":\"1\",\"viewMode\":\"list\",\"selectionLabel\":\"\"}', '2016-03-29 11:53:26', '2016-04-01 08:18:28', 'de10abcf-8460-4005-b3fa-f4e7fa305955'),
 ('82', NULL, 'Background Image', 'backgroundImage', 'matrixBlockType:8', '', '0', 'Assets', '{\"useSingleFolder\":\"1\",\"sources\":\"*\",\"defaultUploadLocationSource\":\"1\",\"defaultUploadLocationSubpath\":\"\",\"singleUploadLocationSource\":\"2\",\"singleUploadLocationSubpath\":\"{owner.slug}\",\"restrictFiles\":\"1\",\"allowedKinds\":[\"image\"],\"limit\":\"1\",\"viewMode\":\"list\",\"selectionLabel\":\"\"}', '2016-03-29 11:53:26', '2016-04-01 08:18:28', '426441f6-74d3-44ed-9802-bda786d28b19'),
 ('83', '2', 'Image', 'image', 'global', 'This image will be visible in the case footers and on the work overview page.', '0', 'Assets', '{\"useSingleFolder\":\"1\",\"sources\":\"*\",\"defaultUploadLocationSource\":\"1\",\"defaultUploadLocationSubpath\":\"\",\"singleUploadLocationSource\":\"2\",\"singleUploadLocationSubpath\":\"{slug}\",\"restrictFiles\":\"1\",\"allowedKinds\":[\"image\"],\"limit\":\"1\",\"viewMode\":\"list\",\"selectionLabel\":\"\"}', '2016-03-29 13:04:53', '2016-03-29 13:07:51', 'c493abeb-c684-41b4-acf3-b0f02f2cdf9f'),
 ('84', '5', 'Logos', 'logos', 'global', '', '0', 'Assets', '{\"useSingleFolder\":\"1\",\"sources\":\"*\",\"defaultUploadLocationSource\":\"1\",\"defaultUploadLocationSubpath\":\"\",\"singleUploadLocationSource\":\"2\",\"singleUploadLocationSubpath\":\"logos\",\"restrictFiles\":\"1\",\"allowedKinds\":[\"image\"],\"limit\":\"\",\"viewMode\":\"large\",\"selectionLabel\":\"\"}', '2016-03-30 15:50:46', '2016-03-30 15:53:32', 'f4ebe5fd-5c24-46bc-8f79-b413dabb2e87');



DROP TABLE IF EXISTS `craft_globalsets`;


--
-- Schema for table `craft_globalsets`
--
CREATE TABLE `craft_globalsets` (
  `id` int(11) NOT NULL,
  `name` varchar(255) COLLATE utf8_unicode_ci NOT NULL,
  `handle` varchar(255) COLLATE utf8_unicode_ci NOT NULL,
  `fieldLayoutId` int(10) DEFAULT NULL,
  `dateCreated` datetime NOT NULL,
  `dateUpdated` datetime NOT NULL,
  `uid` char(36) COLLATE utf8_unicode_ci NOT NULL DEFAULT '0',
  PRIMARY KEY (`id`),
  UNIQUE KEY `craft_globalsets_name_unq_idx` (`name`),
  UNIQUE KEY `craft_globalsets_handle_unq_idx` (`handle`),
  KEY `craft_globalsets_fieldLayoutId_fk` (`fieldLayoutId`)
) ENGINE=InnoDB DEFAULT CHARSET=utf8 COLLATE=utf8_unicode_ci;

--
-- Data for table `craft_globalsets`
--

INSERT INTO `craft_globalsets` (`id`, `name`, `handle`, `fieldLayoutId`, `dateCreated`, `dateUpdated`, `uid`) VALUES
 ('11', 'Services', 'services', '247', '2016-02-25 14:50:24', '2016-03-25 10:16:39', '5e005d82-866e-4e6a-a118-ebf4f7639031');



DROP TABLE IF EXISTS `craft_info`;


--
-- Schema for table `craft_info`
--
CREATE TABLE `craft_info` (
  `id` int(11) NOT NULL AUTO_INCREMENT,
  `version` varchar(15) COLLATE utf8_unicode_ci NOT NULL,
  `build` int(11) unsigned NOT NULL,
  `schemaVersion` varchar(15) COLLATE utf8_unicode_ci NOT NULL,
  `releaseDate` datetime NOT NULL,
  `edition` tinyint(1) unsigned NOT NULL DEFAULT '0',
  `siteName` varchar(100) COLLATE utf8_unicode_ci NOT NULL,
  `siteUrl` varchar(255) COLLATE utf8_unicode_ci NOT NULL,
  `timezone` varchar(30) COLLATE utf8_unicode_ci DEFAULT NULL,
  `on` tinyint(1) unsigned NOT NULL DEFAULT '0',
  `maintenance` tinyint(1) unsigned NOT NULL DEFAULT '0',
  `track` varchar(40) COLLATE utf8_unicode_ci NOT NULL,
  `dateCreated` datetime NOT NULL,
  `dateUpdated` datetime NOT NULL,
  `uid` char(36) COLLATE utf8_unicode_ci NOT NULL DEFAULT '0',
  PRIMARY KEY (`id`)
) ENGINE=InnoDB AUTO_INCREMENT=2 DEFAULT CHARSET=utf8 COLLATE=utf8_unicode_ci;

--
-- Data for table `craft_info`
--

INSERT INTO `craft_info` (`id`, `version`, `build`, `schemaVersion`, `releaseDate`, `edition`, `siteName`, `siteUrl`, `timezone`, `on`, `maintenance`, `track`, `dateCreated`, `dateUpdated`, `uid`) VALUES
 ('1', '2.6', '2776', '2.6.2', '2016-03-10 21:53:24', '1', 'Studio Kraftwerk', 'http://kraftwerk-craft.local.shcc.nl', 'UTC', '1', '0', 'stable', '2016-02-25 11:25:16', '2016-03-18 10:18:05', '296b7f51-2eba-4076-8a1d-34b849dda886');



DROP TABLE IF EXISTS `craft_locales`;


--
-- Schema for table `craft_locales`
--
CREATE TABLE `craft_locales` (
  `locale` char(12) COLLATE utf8_unicode_ci NOT NULL,
  `sortOrder` smallint(6) unsigned DEFAULT NULL,
  `dateCreated` datetime NOT NULL,
  `dateUpdated` datetime NOT NULL,
  `uid` char(36) COLLATE utf8_unicode_ci NOT NULL DEFAULT '0',
  PRIMARY KEY (`locale`),
  KEY `craft_locales_sortOrder_idx` (`sortOrder`)
) ENGINE=InnoDB DEFAULT CHARSET=utf8 COLLATE=utf8_unicode_ci;

--
-- Data for table `craft_locales`
--

INSERT INTO `craft_locales` (`locale`, `sortOrder`, `dateCreated`, `dateUpdated`, `uid`) VALUES
 ('en_us', '1', '2016-02-25 11:25:16', '2016-02-25 11:25:16', '44ecab89-455a-43af-9dee-ed03f8ba543e');



DROP TABLE IF EXISTS `craft_matrixblocks`;


--
-- Schema for table `craft_matrixblocks`
--
CREATE TABLE `craft_matrixblocks` (
  `id` int(11) NOT NULL,
  `ownerId` int(11) NOT NULL,
  `fieldId` int(11) NOT NULL,
  `typeId` int(11) DEFAULT NULL,
  `sortOrder` smallint(6) unsigned DEFAULT NULL,
  `ownerLocale` char(12) COLLATE utf8_unicode_ci DEFAULT NULL,
  `dateCreated` datetime NOT NULL,
  `dateUpdated` datetime NOT NULL,
  `uid` char(36) COLLATE utf8_unicode_ci NOT NULL DEFAULT '0',
  PRIMARY KEY (`id`),
  KEY `craft_matrixblocks_ownerId_idx` (`ownerId`),
  KEY `craft_matrixblocks_fieldId_idx` (`fieldId`),
  KEY `craft_matrixblocks_typeId_idx` (`typeId`),
  KEY `craft_matrixblocks_sortOrder_idx` (`sortOrder`),
  KEY `craft_matrixblocks_ownerLocale_fk` (`ownerLocale`)
) ENGINE=InnoDB DEFAULT CHARSET=utf8 COLLATE=utf8_unicode_ci;

--
-- Data for table `craft_matrixblocks`
--

INSERT INTO `craft_matrixblocks` (`id`, `ownerId`, `fieldId`, `typeId`, `sortOrder`, `ownerLocale`, `dateCreated`, `dateUpdated`, `uid`) VALUES
 ('12', '10', '3', '8', '1', NULL, '2016-02-26 10:46:08', '2016-03-31 13:17:23', '38b414f3-b0c9-4596-8511-31434ed0dce5'),
 ('14', '10', '3', '4', '2', NULL, '2016-02-26 11:34:33', '2016-03-31 13:17:23', '34447626-50db-4cbb-ab6a-61c25dc17935'),
 ('17', '10', '3', '7', '3', NULL, '2016-02-26 13:29:08', '2016-03-31 13:17:23', '4d0a6b3b-579f-443c-9417-a830c93f4b7f'),
 ('19', '10', '3', '3', '4', NULL, '2016-02-26 13:53:26', '2016-03-31 13:17:23', '13c7bf75-6376-41cf-a347-285221e2ebd5'),
 ('20', '10', '3', '7', '5', NULL, '2016-02-26 14:02:48', '2016-03-31 13:17:23', '6141119a-7fb1-4f03-9bd3-93cfcbebf086'),
 ('22', '10', '3', '4', '6', NULL, '2016-02-26 14:08:10', '2016-03-31 13:17:23', '133ddadf-fc95-4857-812c-c39b9742d4a1'),
 ('23', '10', '3', '1', '7', NULL, '2016-02-26 14:13:03', '2016-03-31 13:17:23', '7e365327-96d4-4f98-ba13-f31f0318c22a'),
 ('25', '10', '3', '7', '8', NULL, '2016-02-29 09:37:51', '2016-03-31 13:17:23', '6789cb4c-d3dc-4464-845b-9f981c4dd7fb'),
 ('29', '10', '3', '2', '9', NULL, '2016-02-29 09:41:30', '2016-03-31 13:17:23', '037e273d-373c-4aea-9a17-7aefe0f733c7'),
 ('30', '10', '36', '11', '1', NULL, '2016-02-29 09:51:11', '2016-03-31 13:17:23', '3ecc69cc-7624-4651-a16d-e0d8159f9846'),
 ('34', '10', '36', '11', '2', NULL, '2016-02-29 10:00:59', '2016-03-31 13:17:23', '68810467-e293-4c14-b0f3-d0c69365f4e3'),
 ('35', '10', '36', '11', '3', NULL, '2016-02-29 10:00:59', '2016-03-31 13:17:23', 'b4bbcf4f-ac56-458d-8f69-5ae7e3fc2edb'),
 ('36', '10', '31', '9', '1', NULL, '2016-02-29 10:03:07', '2016-03-31 13:17:23', '35345d63-57e3-4c5e-9bb1-995b167d0f83'),
 ('37', '10', '34', '10', '1', NULL, '2016-02-29 10:03:07', '2016-03-31 13:17:23', 'f20e9be2-fd1c-48e3-a8bc-063d0579aa94'),
 ('38', '10', '34', '10', '2', NULL, '2016-02-29 10:03:07', '2016-03-31 13:17:23', '29994272-a49b-4bf5-82c3-a05e8bf0aa92'),
 ('39', '10', '34', '10', '3', NULL, '2016-02-29 10:03:07', '2016-03-31 13:17:23', '1c6340fe-7866-4aba-89bf-67d7344f533c'),
 ('40', '10', '34', '10', '4', NULL, '2016-02-29 10:03:07', '2016-03-31 13:17:23', 'b7055342-5116-453c-81d9-2a11fbd5ff78'),
 ('41', '10', '34', '10', '5', NULL, '2016-02-29 10:03:07', '2016-03-31 13:17:23', 'b54af8b1-3bf6-445d-be47-515bfad06fd3'),
 ('80', '66', '3', '8', '1', NULL, '2016-03-16 15:28:59', '2016-03-29 13:10:55', '1709f1dc-9ffe-4b99-9372-d6ab7950a2c8'),
 ('81', '66', '3', '1', '2', NULL, '2016-03-16 15:28:59', '2016-03-29 13:10:55', '40824476-b1f5-4da4-850d-50bffcdd9ae2'),
 ('83', '66', '3', '4', '3', NULL, '2016-03-16 15:33:25', '2016-03-29 13:10:55', '0bdc4db3-7f91-4c4e-a832-de850c22a55c'),
 ('86', '66', '3', '1', '4', NULL, '2016-03-16 15:46:55', '2016-03-29 13:10:55', '8e65b859-e1c4-4251-9fa9-a588322b5363'),
 ('89', '66', '3', '7', '5', NULL, '2016-03-16 15:54:54', '2016-03-29 13:10:55', '111b5e35-eb5a-4aeb-b32f-5e27164e9e4b'),
 ('90', '66', '3', '4', '6', NULL, '2016-03-16 15:54:54', '2016-03-29 13:10:55', '31ff0870-0c6d-4222-86d1-3aff14599908'),
 ('91', '66', '3', '7', '7', NULL, '2016-03-16 16:47:03', '2016-03-29 13:10:55', '127b2894-25d1-424b-9217-3ca363fd28f4'),
 ('93', '66', '3', '4', '8', NULL, '2016-03-16 16:53:30', '2016-03-29 13:10:55', '94af078c-55cf-4b75-bcc0-3f01f882d5f0'),
 ('101', '66', '3', '7', '9', NULL, '2016-03-17 00:25:22', '2016-03-29 13:10:55', 'a26cbfbf-660b-4b22-b500-eced27ef736a'),
 ('102', '66', '3', '4', '10', NULL, '2016-03-17 00:25:22', '2016-03-29 13:10:55', 'dee91ec1-d188-455b-a609-8867cc972638'),
 ('103', '66', '31', '9', '1', NULL, '2016-03-17 00:27:11', '2016-03-29 13:10:55', 'bac3ea2e-6c39-4daa-9c21-03c9151a63f0'),
 ('104', '66', '34', '10', '1', NULL, '2016-03-17 00:27:11', '2016-03-29 13:10:55', '2b0dbe19-fc3f-4280-93a5-afe90dcd547e'),
 ('105', '66', '34', '10', '2', NULL, '2016-03-17 00:27:11', '2016-03-29 13:10:55', 'efc121a6-b5a1-44c3-aafa-28e94742cd49'),
 ('106', '66', '34', '10', '3', NULL, '2016-03-17 00:27:11', '2016-03-29 13:10:55', 'a38bd29c-04ae-4a4c-a203-fffb97639927'),
 ('107', '66', '34', '10', '4', NULL, '2016-03-17 00:27:11', '2016-03-29 13:10:55', 'c38d8ce5-1c8f-4416-8bad-fd7aca54a29a'),
 ('108', '66', '34', '10', '5', NULL, '2016-03-17 00:27:11', '2016-03-29 13:10:55', '1402301f-cd49-4feb-8cfa-9e0965b97312'),
 ('111', '97', '3', '4', '1', NULL, '2016-03-18 14:22:49', '2016-03-30 15:34:30', 'a158f41b-ba02-4190-9614-ca87a7a9d774'),
 ('118', '117', '31', '9', '1', NULL, '2016-03-18 14:24:57', '2016-03-29 13:14:11', '56d9b464-efba-4f61-a8f0-03fc3ec77ec9'),
 ('122', '117', '34', '10', '1', NULL, '2016-03-18 14:30:35', '2016-03-29 13:14:11', '0e2f19f5-d36e-4ba7-90cf-00dd8b0c0577'),
 ('123', '117', '34', '10', '2', NULL, '2016-03-18 14:30:35', '2016-03-29 13:14:11', '55dcc7ab-38ce-4e95-a4cf-b470b40e2d16'),
 ('124', '117', '34', '10', '3', NULL, '2016-03-18 14:30:35', '2016-03-29 13:14:11', '50375a2d-5bb2-47b2-94e7-960cdd9773fe'),
 ('125', '117', '34', '10', '4', NULL, '2016-03-18 14:30:35', '2016-03-29 13:14:11', '75685a2d-1385-48ad-8362-047fbb5b1f77'),
 ('126', '117', '34', '10', '5', NULL, '2016-03-18 14:31:18', '2016-03-29 13:14:11', '6f15a773-27da-4c31-9e60-001ca4c67f14'),
 ('127', '117', '34', '10', '6', NULL, '2016-03-18 14:31:18', '2016-03-29 13:14:11', 'cb7a2bb2-0063-439c-bbd1-33289b85e414'),
 ('128', '117', '34', '10', '7', NULL, '2016-03-18 14:31:18', '2016-03-29 13:14:11', '6c7d31cc-e420-463e-b76e-c5b5e63808d1'),
 ('129', '117', '34', '10', '8', NULL, '2016-03-18 14:31:18', '2016-03-29 13:14:11', 'f2e47ae1-3e36-402e-b248-4f7c704ad682'),
 ('130', '117', '3', '8', '1', NULL, '2016-03-18 14:33:19', '2016-03-29 13:14:11', '2e7c2ffa-e2da-419f-a01f-1926eee2484b'),
 ('132', '117', '3', '3', '2', NULL, '2016-03-18 14:35:21', '2016-03-29 13:14:12', '676eeb52-ff08-43cc-af64-7ccebdbb2af2'),
 ('134', '117', '3', '1', '3', NULL, '2016-03-18 14:38:02', '2016-03-29 13:14:12', '10c8b804-9410-4b30-a15c-a8787966cddd'),
 ('136', '117', '3', '1', '4', NULL, '2016-03-18 14:49:53', '2016-03-29 13:14:12', '6a20fc9a-316f-4eac-80ac-3438ef6c7150'),
 ('137', '117', '3', '7', '5', NULL, '2016-03-18 14:53:28', '2016-03-29 13:14:12', '3ca523e1-ed16-495d-8787-c5e0d496c8ca'),
 ('141', '117', '3', '4', '6', NULL, '2016-03-18 14:57:27', '2016-03-29 13:14:12', 'b60ffaa4-cdfb-4001-b425-b673dc4a06a0'),
 ('143', '117', '3', '3', '7', NULL, '2016-03-18 15:33:27', '2016-03-29 13:14:12', '9560fcb0-156e-4bfc-962b-47372d8a92e1'),
 ('145', '117', '3', '1', '8', NULL, '2016-03-18 15:34:41', '2016-03-29 13:14:12', 'be4c40ad-37f8-407f-8c24-eef5134ceb2b'),
 ('147', '117', '3', '7', '9', NULL, '2016-03-18 15:44:32', '2016-03-29 13:14:12', '1a4a0af0-eaa5-4d98-b763-49465c0e8a9b'),
 ('148', '117', '3', '4', '11', NULL, '2016-03-18 15:44:32', '2016-03-29 13:14:12', '80f76328-a55c-4a61-8556-e610b436ce8a'),
 ('150', '117', '3', '4', '10', NULL, '2016-03-18 16:31:36', '2016-03-29 13:14:12', 'd2819f5a-197e-483f-9631-4b9f9a493261'),
 ('152', '97', '3', '5', '2', NULL, '2016-03-30 15:34:30', '2016-03-30 15:34:30', '5f41f6cd-8fa0-434a-8096-28cff7d8445d');



DROP TABLE IF EXISTS `craft_matrixblocktypes`;


--
-- Schema for table `craft_matrixblocktypes`
--
CREATE TABLE `craft_matrixblocktypes` (
  `id` int(11) NOT NULL AUTO_INCREMENT,
  `fieldId` int(11) NOT NULL,
  `fieldLayoutId` int(11) DEFAULT NULL,
  `name` varchar(255) COLLATE utf8_unicode_ci NOT NULL,
  `handle` varchar(255) COLLATE utf8_unicode_ci NOT NULL,
  `sortOrder` smallint(6) unsigned DEFAULT NULL,
  `dateCreated` datetime NOT NULL,
  `dateUpdated` datetime NOT NULL,
  `uid` char(36) COLLATE utf8_unicode_ci NOT NULL DEFAULT '0',
  PRIMARY KEY (`id`),
  UNIQUE KEY `craft_matrixblocktypes_name_fieldId_unq_idx` (`name`,`fieldId`),
  UNIQUE KEY `craft_matrixblocktypes_handle_fieldId_unq_idx` (`handle`,`fieldId`),
  KEY `craft_matrixblocktypes_fieldId_fk` (`fieldId`),
  KEY `craft_matrixblocktypes_fieldLayoutId_fk` (`fieldLayoutId`)
) ENGINE=InnoDB AUTO_INCREMENT=12 DEFAULT CHARSET=utf8 COLLATE=utf8_unicode_ci;

--
-- Data for table `craft_matrixblocktypes`
--

INSERT INTO `craft_matrixblocktypes` (`id`, `fieldId`, `fieldLayoutId`, `name`, `handle`, `sortOrder`, `dateCreated`, `dateUpdated`, `uid`) VALUES
 ('1', '3', '303', 'Text with Image', 'textWithImage', '1', '2016-02-25 13:55:50', '2016-04-01 08:18:28', '5acd5c93-87b0-4903-a387-49fad63351f7'),
 ('2', '3', '304', 'Image Gallery', 'imageGallery', '2', '2016-02-25 14:07:12', '2016-04-01 08:18:28', '4814e20a-f96b-4b08-89d8-53b4d4fdedc1'),
 ('3', '3', '305', 'Video', 'video', '3', '2016-02-25 14:10:40', '2016-04-01 08:18:28', '0e7a5ba7-d00a-4c34-8308-d867dacdeae8'),
 ('4', '3', '306', 'Large Image', 'largeImage', '4', '2016-02-25 14:15:08', '2016-04-01 08:18:28', '31eacbf3-c4d8-49d1-82f6-24bd9d904abd'),
 ('5', '3', '307', 'Image Full', 'imageFull', '5', '2016-02-25 14:15:08', '2016-04-01 08:18:28', 'd05358c6-a707-4816-8cf4-39bdbf3851d8'),
 ('6', '3', '308', 'Text (Single Column)', 'textSingleColumn', '6', '2016-02-25 14:23:54', '2016-04-01 08:18:28', 'a7e9fde2-2225-4e26-9077-92fed659b06c'),
 ('7', '3', '309', 'Text (Two Columns)', 'textTwoColumns', '7', '2016-02-25 14:23:54', '2016-04-01 08:18:28', '9e12acab-3e8f-477d-a7e1-3e2f8ce0bdd9'),
 ('8', '3', '310', 'Text (Full Width)', 'textFullWidth', '8', '2016-02-25 14:23:55', '2016-04-01 08:18:28', 'c652dcce-2af7-4747-94b4-a55d159ad860'),
 ('9', '31', '37', 'item', 'item', '1', '2016-02-25 14:30:58', '2016-02-25 14:30:58', '0cdb1b16-dd63-43e2-bed0-f9528eb305fe'),
 ('10', '34', '38', 'Role', 'role', '1', '2016-02-25 14:31:52', '2016-02-25 14:31:52', '7ead08ec-2b7d-445e-bc0e-7b783c3a2c82'),
 ('11', '36', '267', 'Honour', 'honour', '1', '2016-02-25 14:36:09', '2016-03-29 11:37:18', '242dc4ae-06d1-4c05-a359-b167572538b2');



DROP TABLE IF EXISTS `craft_matrixcontent_casesections`;


--
-- Schema for table `craft_matrixcontent_casesections`
--
CREATE TABLE `craft_matrixcontent_casesections` (
  `id` int(11) NOT NULL AUTO_INCREMENT,
  `elementId` int(11) NOT NULL,
  `locale` char(12) COLLATE utf8_unicode_ci NOT NULL,
  `field_textWithImage_heading` varchar(250) COLLATE utf8_unicode_ci DEFAULT NULL,
  `field_textWithImage_intro` text COLLATE utf8_unicode_ci,
  `field_textWithImage_body` text COLLATE utf8_unicode_ci,
  `field_textWithImage_backgroundColor` char(7) COLLATE utf8_unicode_ci DEFAULT NULL,
  `field_textWithImage_imagePosition` varchar(255) COLLATE utf8_unicode_ci DEFAULT NULL,
  `field_imageGallery_backgroundColor` char(7) COLLATE utf8_unicode_ci DEFAULT NULL,
  `field_video_backgroundColor` char(7) COLLATE utf8_unicode_ci DEFAULT NULL,
  `field_largeImage_backgroundColor` char(7) COLLATE utf8_unicode_ci DEFAULT NULL,
  `field_textSingleColumn_heading` text COLLATE utf8_unicode_ci,
  `field_textSingleColumn_intro` text COLLATE utf8_unicode_ci,
  `field_textSingleColumn_body` text COLLATE utf8_unicode_ci,
  `field_textSingleColumn_position` varchar(255) COLLATE utf8_unicode_ci DEFAULT NULL,
  `field_textSingleColumn_backgroundColor` char(7) COLLATE utf8_unicode_ci DEFAULT NULL,
  `field_textTwoColumns_heading` text COLLATE utf8_unicode_ci,
  `field_textTwoColumns_intro` text COLLATE utf8_unicode_ci,
  `field_textTwoColumns_body` text COLLATE utf8_unicode_ci,
  `field_textTwoColumns_backgroundColor` char(7) COLLATE utf8_unicode_ci DEFAULT NULL,
  `field_textFullWidth_body` text COLLATE utf8_unicode_ci,
  `field_textFullWidth_backgroundColor` char(7) COLLATE utf8_unicode_ci DEFAULT NULL,
  `field_textTwoColumns_textColor` char(7) COLLATE utf8_unicode_ci DEFAULT NULL,
  `field_textWithImage_textColor` char(7) COLLATE utf8_unicode_ci DEFAULT NULL,
  `field_textSingleColumn_textColor` char(7) COLLATE utf8_unicode_ci DEFAULT NULL,
  `field_textFullWidth_textColor` char(7) COLLATE utf8_unicode_ci DEFAULT NULL,
  `field_textWithImage_paddingTop` varchar(255) COLLATE utf8_unicode_ci DEFAULT 'none',
  `field_textWithImage_paddingBottom` varchar(255) COLLATE utf8_unicode_ci DEFAULT 'none',
  `field_textFullWidth_paddingTop` varchar(255) COLLATE utf8_unicode_ci DEFAULT 'small',
  `field_textFullWidth_paddingBottom` varchar(255) COLLATE utf8_unicode_ci DEFAULT 'none',
  `field_imageGallery_paddingTop` varchar(255) COLLATE utf8_unicode_ci DEFAULT 'none',
  `field_imageGallery_paddingBottom` varchar(255) COLLATE utf8_unicode_ci DEFAULT 'none',
  `field_video_paddingTop` varchar(255) COLLATE utf8_unicode_ci DEFAULT 'none',
  `field_video_paddingBottom` varchar(255) COLLATE utf8_unicode_ci DEFAULT 'none',
  `field_largeImage_paddingTop` varchar(255) COLLATE utf8_unicode_ci DEFAULT 'none',
  `field_largeImage_paddingBottom` varchar(255) COLLATE utf8_unicode_ci DEFAULT 'none',
  `field_imageFull_paddingTop` varchar(255) COLLATE utf8_unicode_ci DEFAULT 'none',
  `field_imageFull_paddingBottom` varchar(255) COLLATE utf8_unicode_ci DEFAULT 'none',
  `field_textSingleColumn_paddingTop` varchar(255) COLLATE utf8_unicode_ci DEFAULT 'none',
  `field_textSingleColumn_paddingBottom` varchar(255) COLLATE utf8_unicode_ci DEFAULT 'none',
  `field_textTwoColumns_paddingTop` varchar(255) COLLATE utf8_unicode_ci DEFAULT 'none',
  `field_textTwoColumns_paddingBottom` varchar(255) COLLATE utf8_unicode_ci DEFAULT 'none',
  `field_textWithImage_uiColor` varchar(255) COLLATE utf8_unicode_ci DEFAULT 'white',
  `field_imageGallery_uiColor` varchar(255) COLLATE utf8_unicode_ci DEFAULT 'white',
  `field_video_uiColor` varchar(255) COLLATE utf8_unicode_ci DEFAULT 'white',
  `field_largeImage_uiColor` varchar(255) COLLATE utf8_unicode_ci DEFAULT 'white',
  `field_imageFull_uiColor` varchar(255) COLLATE utf8_unicode_ci DEFAULT 'white',
  `field_textSingleColumn_uiColor` varchar(255) COLLATE utf8_unicode_ci DEFAULT 'white',
  `field_textTwoColumns_uiColor` varchar(255) COLLATE utf8_unicode_ci DEFAULT 'white',
  `field_textFullWidth_uiColor` varchar(255) COLLATE utf8_unicode_ci DEFAULT 'white',
  `field_video_vimeoId` varchar(10) COLLATE utf8_unicode_ci DEFAULT NULL,
  `dateCreated` datetime NOT NULL,
  `dateUpdated` datetime NOT NULL,
  `uid` char(36) COLLATE utf8_unicode_ci NOT NULL DEFAULT '0',
  PRIMARY KEY (`id`),
  UNIQUE KEY `craft_matrixcontent_casesections_elementId_locale_unq_idx` (`elementId`,`locale`),
  KEY `craft_matrixcontent_casesections_locale_fk` (`locale`)
) ENGINE=InnoDB AUTO_INCREMENT=36 DEFAULT CHARSET=utf8 COLLATE=utf8_unicode_ci;

--
-- Data for table `craft_matrixcontent_casesections`
--

INSERT INTO `craft_matrixcontent_casesections` (`id`, `elementId`, `locale`, `field_textWithImage_heading`, `field_textWithImage_intro`, `field_textWithImage_body`, `field_textWithImage_backgroundColor`, `field_textWithImage_imagePosition`, `field_imageGallery_backgroundColor`, `field_video_backgroundColor`, `field_largeImage_backgroundColor`, `field_textSingleColumn_heading`, `field_textSingleColumn_intro`, `field_textSingleColumn_body`, `field_textSingleColumn_position`, `field_textSingleColumn_backgroundColor`, `field_textTwoColumns_heading`, `field_textTwoColumns_intro`, `field_textTwoColumns_body`, `field_textTwoColumns_backgroundColor`, `field_textFullWidth_body`, `field_textFullWidth_backgroundColor`, `field_textTwoColumns_textColor`, `field_textWithImage_textColor`, `field_textSingleColumn_textColor`, `field_textFullWidth_textColor`, `field_textWithImage_paddingTop`, `field_textWithImage_paddingBottom`, `field_textFullWidth_paddingTop`, `field_textFullWidth_paddingBottom`, `field_imageGallery_paddingTop`, `field_imageGallery_paddingBottom`, `field_video_paddingTop`, `field_video_paddingBottom`, `field_largeImage_paddingTop`, `field_largeImage_paddingBottom`, `field_imageFull_paddingTop`, `field_imageFull_paddingBottom`, `field_textSingleColumn_paddingTop`, `field_textSingleColumn_paddingBottom`, `field_textTwoColumns_paddingTop`, `field_textTwoColumns_paddingBottom`, `field_textWithImage_uiColor`, `field_imageGallery_uiColor`, `field_video_uiColor`, `field_largeImage_uiColor`, `field_imageFull_uiColor`, `field_textSingleColumn_uiColor`, `field_textTwoColumns_uiColor`, `field_textFullWidth_uiColor`, `field_video_vimeoId`, `dateCreated`, `dateUpdated`, `uid`) VALUES
 ('1', '12', 'en_us', NULL, NULL, NULL, NULL, NULL, NULL, NULL, NULL, NULL, NULL, NULL, NULL, NULL, NULL, NULL, NULL, NULL, 'Orangina refreshed their brand identity Achtung!/Kraftwerk wastasked to extend their newbrand identity to a fresh online experience. ', '#ffffff', NULL, NULL, NULL, '#000000', NULL, NULL, 'medium', 'small', NULL, NULL, NULL, NULL, NULL, NULL, NULL, NULL, NULL, NULL, NULL, NULL, NULL, NULL, NULL, NULL, NULL, NULL, NULL, 'black', NULL, '2016-02-26 10:46:08', '2016-03-31 13:17:23', '9d09384c-6dde-46b8-bc11-280ecfd90561'),
 ('2', '14', 'en_us', NULL, NULL, NULL, NULL, NULL, NULL, NULL, '#000000', NULL, NULL, NULL, NULL, NULL, NULL, NULL, NULL, NULL, NULL, NULL, NULL, NULL, NULL, NULL, NULL, NULL, NULL, NULL, NULL, NULL, NULL, NULL, 'none', 'medium', NULL, NULL, NULL, NULL, NULL, NULL, NULL, NULL, NULL, 'black', NULL, NULL, NULL, NULL, NULL, '2016-02-26 11:34:33', '2016-03-31 13:17:23', '9a32a5d3-040e-4261-9dce-f7f7cb9ddcaf'),
 ('3', '17', 'en_us', NULL, NULL, NULL, NULL, NULL, NULL, NULL, NULL, NULL, NULL, NULL, NULL, NULL, 'Strategy, Concept & UX', 'The content of the new Orangina website was meant to be kept simple serving a few main purposes.', 'In general there were two main obectives, informing people about the available range of Orangina products and telling them about the history of Orangina as a brand. The homepage would then serve as a hub to these two objectives, as well as to the Orangina social channels.', '#fdaa31', NULL, NULL, '#ffffff', NULL, NULL, NULL, NULL, NULL, NULL, NULL, NULL, NULL, NULL, NULL, NULL, NULL, NULL, NULL, NULL, NULL, 'none', 'small', NULL, NULL, NULL, NULL, NULL, NULL, 'black', NULL, NULL, '2016-02-26 13:29:08', '2016-03-31 13:17:23', 'fbd00b0a-afbb-480c-8dfc-2af114fa5dbd'),
 ('4', '19', 'en_us', NULL, NULL, NULL, NULL, NULL, NULL, '#fdaa31', NULL, NULL, NULL, NULL, NULL, NULL, NULL, NULL, NULL, NULL, NULL, NULL, NULL, NULL, NULL, NULL, NULL, NULL, NULL, NULL, NULL, NULL, 'none', 'medium', NULL, NULL, NULL, NULL, NULL, NULL, NULL, NULL, NULL, NULL, 'black', NULL, NULL, NULL, NULL, NULL, '156418367', '2016-02-26 13:53:26', '2016-03-31 13:17:23', '5f04cbfa-691a-4dbf-938d-2cec2d65d4c1'),
 ('5', '20', 'en_us', NULL, NULL, NULL, NULL, NULL, NULL, NULL, NULL, NULL, NULL, NULL, NULL, NULL, 'Design elements', 'Colors for the Orangina website were besides the brands Blue and Yellow, based on the labels of the different flavours. ', '', '#ffffff', NULL, NULL, '#000000', NULL, NULL, NULL, NULL, NULL, NULL, NULL, NULL, NULL, NULL, NULL, NULL, NULL, NULL, NULL, NULL, NULL, 'medium', 'small', NULL, NULL, NULL, NULL, NULL, NULL, 'black', NULL, NULL, '2016-02-26 14:02:48', '2016-03-31 13:17:23', '940efd6c-e536-4690-805e-78e47b133327'),
 ('6', '22', 'en_us', NULL, NULL, NULL, NULL, NULL, NULL, NULL, '#ffffff', NULL, NULL, NULL, NULL, NULL, NULL, NULL, NULL, NULL, NULL, NULL, NULL, NULL, NULL, NULL, NULL, NULL, NULL, NULL, NULL, NULL, NULL, NULL, 'none', 'small', NULL, NULL, NULL, NULL, NULL, NULL, NULL, NULL, NULL, 'black', NULL, NULL, NULL, NULL, NULL, '2016-02-26 14:08:10', '2016-03-31 13:17:23', '4ac5c5e9-72e5-405e-8e59-9c8d996b6af0'),
 ('7', '23', 'en_us', 'Iconography', 'To add on the playfull, quirky identity of Orangina, we created an iconset that was used throughout the website.', 'Our hands on mentality can be found throughout the whole process. We bring ideas to life early. We prototype to keep improving along the way. ', '#ffffff', 'right', NULL, NULL, NULL, NULL, NULL, NULL, NULL, NULL, NULL, NULL, NULL, NULL, NULL, NULL, NULL, '#000000', NULL, NULL, 'small', 'big', NULL, NULL, NULL, NULL, NULL, NULL, NULL, NULL, NULL, NULL, NULL, NULL, NULL, NULL, 'black', NULL, NULL, NULL, NULL, NULL, NULL, NULL, NULL, '2016-02-26 14:13:03', '2016-03-31 13:17:23', '00cc44c8-71e5-44dd-9b76-ec8970af2308'),
 ('8', '25', 'en_us', NULL, NULL, NULL, NULL, NULL, NULL, NULL, NULL, NULL, NULL, NULL, NULL, NULL, 'Final Designs', 'The content of the new Orangina website was meantto be kept simple serving a few main purposes.', 'In general there were two main obectives, informing people about the available range of Orangina products and telling them about the history of Orangina as a brand. The homepage would then serve as a hub to these two objectives, as well as to the Orangina social channels.', '#092865', NULL, NULL, '#ffffff', NULL, NULL, NULL, NULL, NULL, NULL, NULL, NULL, NULL, NULL, NULL, NULL, NULL, NULL, NULL, NULL, NULL, 'medium', 'none', NULL, NULL, NULL, NULL, NULL, NULL, 'white', NULL, NULL, '2016-02-29 09:37:51', '2016-03-31 13:17:23', 'a9daad8f-5572-4053-a90f-701e74df278f'),
 ('9', '29', 'en_us', NULL, NULL, NULL, NULL, NULL, '#092865', NULL, NULL, NULL, NULL, NULL, NULL, NULL, NULL, NULL, NULL, NULL, NULL, NULL, NULL, NULL, NULL, NULL, NULL, NULL, NULL, NULL, 'small', 'none', NULL, NULL, NULL, NULL, NULL, NULL, NULL, NULL, NULL, NULL, NULL, 'white', NULL, NULL, NULL, NULL, NULL, NULL, NULL, '2016-02-29 09:41:30', '2016-03-31 13:17:23', '51d70b8e-83e4-424e-920a-2cd4be855f5f'),
 ('12', '80', 'en_us', NULL, NULL, NULL, NULL, NULL, NULL, NULL, NULL, NULL, NULL, NULL, NULL, NULL, NULL, NULL, NULL, NULL, 'A website that lets fans share their love for Chocomel, seamlessly integrated with a delicious product showcase.', '#ffffff', NULL, NULL, NULL, '#000000', NULL, NULL, 'big', 'big', NULL, NULL, NULL, NULL, NULL, NULL, NULL, NULL, NULL, NULL, NULL, NULL, NULL, NULL, NULL, NULL, NULL, NULL, NULL, 'black', NULL, '2016-03-16 15:28:59', '2016-03-29 13:10:55', 'faf260b0-95a5-4a62-b47b-ee0ea1107b56'),
 ('13', '81', 'en_us', 'Designing for a love brand', 'When we were asked to design the brand portal for Chocomel we knew it was about chocolate love. A lot of loyal fans have a healthy obsession for this tasty chocolate drink.', 'Chocomel wanted to position themselves as an A-brand bevarage along with the common soft drinks. Their previous image was more cozy and soft. The new image on the otherhand was to be more fashionable and exclusive.', '#391f12', 'right', NULL, NULL, NULL, NULL, NULL, NULL, NULL, NULL, NULL, NULL, NULL, NULL, NULL, NULL, NULL, '#ffffff', NULL, NULL, 'big', 'big', NULL, NULL, NULL, NULL, NULL, NULL, NULL, NULL, NULL, NULL, NULL, NULL, NULL, NULL, 'white', NULL, NULL, NULL, NULL, NULL, NULL, NULL, NULL, '2016-03-16 15:28:59', '2016-03-29 13:10:55', 'fbb4c01a-dce6-40c8-b03b-2605d901d98b'),
 ('14', '83', 'en_us', NULL, NULL, NULL, NULL, NULL, NULL, NULL, '#ffffff', NULL, NULL, NULL, NULL, NULL, NULL, NULL, NULL, NULL, NULL, NULL, NULL, NULL, NULL, NULL, NULL, NULL, NULL, NULL, NULL, NULL, NULL, NULL, 'big', 'big', NULL, NULL, NULL, NULL, NULL, NULL, NULL, NULL, NULL, 'black', NULL, NULL, NULL, NULL, NULL, '2016-03-16 15:33:25', '2016-03-29 13:10:55', '17b736ea-105e-4688-8b83-09574c1cad2e'),
 ('15', '86', 'en_us', 'The voice of chocomel lovers', 'Instead of Chocomel telling visitors how great Chocomel really is, we engaged the already big group of fans and let them speak for the brand.', 'In a mix of owned and shared content, the homepage is build up from quotes on twitter, fanphotos on instagram and videos on youtube.', '#f0e9e4', 'left', NULL, NULL, NULL, NULL, NULL, NULL, NULL, NULL, NULL, NULL, NULL, NULL, NULL, NULL, NULL, '#391f10', NULL, NULL, 'none', 'big', NULL, NULL, NULL, NULL, NULL, NULL, NULL, NULL, NULL, NULL, NULL, NULL, NULL, NULL, 'black', NULL, NULL, NULL, NULL, NULL, NULL, NULL, NULL, '2016-03-16 15:46:55', '2016-03-29 13:10:55', '4502ba85-9b22-45c4-873e-a0ff7907b663'),
 ('16', '89', 'en_us', NULL, NULL, NULL, NULL, NULL, NULL, NULL, NULL, NULL, NULL, NULL, NULL, NULL, 'Enjoying your Chocomel hot or cold?', 'Winter or summer, Chocomel can be consumed\r\nboth hot and cold. ', 'Depending on the season, we present the hero product in a warm mug or a cold glass. Since there is an ever lasting discussion on how Chocomel should be consumed, we gave users the option to switch.', '#391f12', NULL, NULL, '#ffffff', NULL, NULL, NULL, NULL, NULL, NULL, NULL, NULL, NULL, NULL, NULL, NULL, NULL, NULL, NULL, NULL, NULL, 'big', 'small', NULL, NULL, NULL, NULL, NULL, NULL, 'white', NULL, NULL, '2016-03-16 15:54:54', '2016-03-29 13:10:55', '58ceab7e-d5da-4da7-8ca7-b5a17ee6751f'),
 ('17', '90', 'en_us', NULL, NULL, NULL, NULL, NULL, NULL, NULL, '#000000', NULL, NULL, NULL, NULL, NULL, NULL, NULL, NULL, NULL, NULL, NULL, NULL, NULL, NULL, NULL, NULL, NULL, NULL, NULL, NULL, NULL, NULL, NULL, 'none', 'small', NULL, NULL, NULL, NULL, NULL, NULL, NULL, NULL, NULL, 'white', NULL, NULL, NULL, NULL, NULL, '2016-03-16 15:54:54', '2016-03-29 13:10:55', 'f8fe58f2-8383-49b3-b935-c6c7731c7c39'),
 ('18', '91', 'en_us', NULL, NULL, NULL, NULL, NULL, NULL, NULL, NULL, NULL, NULL, NULL, NULL, NULL, 'Life sized photography', 'When it comes to the product, we let the iconic photography speak.', 'In a colorful design, we showed visitors life size photography of the iconic Chocomel pack paired with a hot mug or a cool glass. The product pages has all the key information visitors want to know about their drink: nutritional information, ingredints, pack sizes and tell about the durable chocolate that is used in the drink.', '#ffffff', NULL, NULL, '#000000', NULL, NULL, NULL, NULL, NULL, NULL, NULL, NULL, NULL, NULL, NULL, NULL, NULL, NULL, NULL, NULL, NULL, 'small', 'small', NULL, NULL, NULL, NULL, NULL, NULL, 'black', NULL, NULL, '2016-03-16 16:47:03', '2016-03-29 13:10:55', 'c91180b6-0f74-4e9b-a673-126bc061460b'),
 ('19', '93', 'en_us', NULL, NULL, NULL, NULL, NULL, NULL, NULL, '#ffffff', NULL, NULL, NULL, NULL, NULL, NULL, NULL, NULL, NULL, NULL, NULL, NULL, NULL, NULL, NULL, NULL, NULL, NULL, NULL, NULL, NULL, NULL, NULL, 'small', 'big', NULL, NULL, NULL, NULL, NULL, NULL, NULL, NULL, NULL, 'black', NULL, NULL, NULL, NULL, NULL, '2016-03-16 16:53:30', '2016-03-29 13:10:55', '33b6f29c-8974-4040-938c-b2ca0c2160ed'),
 ('20', '101', 'en_us', NULL, NULL, NULL, NULL, NULL, NULL, NULL, NULL, NULL, NULL, NULL, NULL, NULL, 'A site that looks sharp  accross every screen', 'The grid view helps when scaling the website, by defining the number of horizontal columns the site looks great across all devices and screens. ', 'Massive screens gets a 5 column grid while small screens like phone get a modified 2 columns grid. ', '#f0e9e4', NULL, NULL, '#3b1f10', NULL, NULL, NULL, NULL, NULL, NULL, NULL, NULL, NULL, NULL, NULL, NULL, NULL, NULL, NULL, NULL, NULL, 'big', 'small', NULL, NULL, NULL, NULL, NULL, NULL, 'black', NULL, NULL, '2016-03-17 00:25:22', '2016-03-29 13:10:55', '27ac5317-3fa1-4599-873a-b444f9cd836b'),
 ('21', '102', 'en_us', NULL, NULL, NULL, NULL, NULL, NULL, NULL, '#f0e9e4', NULL, NULL, NULL, NULL, NULL, NULL, NULL, NULL, NULL, NULL, NULL, NULL, NULL, NULL, NULL, NULL, NULL, NULL, NULL, NULL, NULL, NULL, NULL, 'small', 'big', NULL, NULL, NULL, NULL, NULL, NULL, NULL, NULL, NULL, 'black', NULL, NULL, NULL, NULL, NULL, '2016-03-17 00:25:22', '2016-03-29 13:10:55', 'e3543a97-5ddb-4c54-ab6f-7f1cf1377caf'),
 ('22', '111', 'en_us', NULL, NULL, NULL, NULL, NULL, NULL, NULL, '#000000', NULL, NULL, NULL, NULL, NULL, NULL, NULL, NULL, NULL, NULL, NULL, NULL, NULL, NULL, NULL, NULL, NULL, NULL, NULL, NULL, NULL, NULL, NULL, 'none', 'none', NULL, NULL, NULL, NULL, NULL, NULL, NULL, NULL, NULL, 'white', NULL, NULL, NULL, NULL, NULL, '2016-03-18 14:22:49', '2016-03-30 15:34:30', '28b9cd97-630e-4ad6-aa62-9ac121b0fbbd'),
 ('23', '130', 'en_us', NULL, NULL, NULL, NULL, NULL, NULL, NULL, NULL, NULL, NULL, NULL, NULL, NULL, NULL, NULL, NULL, NULL, 'Layover with a Local offers KLM travelers with a stop of 6 hours or more at Amsterdam Schiphol Airport the opportunity to turn this transfer into a trip. ', '#ffffff', NULL, NULL, NULL, '#000000', NULL, NULL, 'big', 'big', NULL, NULL, NULL, NULL, NULL, NULL, NULL, NULL, NULL, NULL, NULL, NULL, NULL, NULL, NULL, NULL, NULL, NULL, NULL, 'black', NULL, '2016-03-18 14:33:19', '2016-03-29 13:14:11', 'daa8b390-1446-481f-a0c7-1dd706f649f2'),
 ('24', '132', 'en_us', NULL, NULL, NULL, NULL, NULL, NULL, '#ffffff', NULL, NULL, NULL, NULL, NULL, NULL, NULL, NULL, NULL, NULL, NULL, NULL, NULL, NULL, NULL, NULL, NULL, NULL, NULL, NULL, NULL, NULL, 'none', 'small', NULL, NULL, NULL, NULL, NULL, NULL, NULL, NULL, NULL, NULL, 'black', NULL, NULL, NULL, NULL, NULL, '123456', '2016-03-18 14:35:21', '2016-03-29 13:14:11', 'ea129ca9-3689-46fc-b134-28c8b7495305'),
 ('25', '134', 'en_us', '70% of travelers have a layover in Amsterdam', 'With Amsterdam Central Station just 15 minutes away, why not make use of it? Adventure is just around the corner. ', 'By connecting travelers to locals we turn waiting time into wander time, and for KLM its just another way to take you somewhere.', '#ffffff', 'left', NULL, NULL, NULL, NULL, NULL, NULL, NULL, NULL, NULL, NULL, NULL, NULL, NULL, NULL, NULL, '#000000', NULL, NULL, 'big', 'small', NULL, NULL, NULL, NULL, NULL, NULL, NULL, NULL, NULL, NULL, NULL, NULL, NULL, NULL, 'white', NULL, NULL, NULL, NULL, NULL, NULL, NULL, NULL, '2016-03-18 14:38:01', '2016-03-29 13:14:12', '6e8cd117-1d20-4667-8cf2-c8570378cac2'),
 ('26', '136', 'en_us', 'Intelligent matchmaking based on interests', 'The element of matching up passengers with locals through a social profile can give hesitation. ', 'Therefore, the app uses intelligent matchmaking based on interests, shared languages and availability. Once the traveler requests a meetup, we select 3 locals and notify them with a push notification. ', '#ffffff', 'right', NULL, NULL, NULL, NULL, NULL, NULL, NULL, NULL, NULL, NULL, NULL, NULL, NULL, NULL, NULL, '#000000', NULL, NULL, 'big', 'big', NULL, NULL, NULL, NULL, NULL, NULL, NULL, NULL, NULL, NULL, NULL, NULL, NULL, NULL, 'black', NULL, NULL, NULL, NULL, NULL, NULL, NULL, NULL, '2016-03-18 14:49:53', '2016-03-29 13:14:12', 'd6452946-f960-4d3b-b439-417609ae0b77'),
 ('27', '137', 'en_us', NULL, NULL, NULL, NULL, NULL, NULL, NULL, NULL, NULL, NULL, NULL, NULL, NULL, 'A personal layover guide for travelers', 'Leaving the airport during a layover is potentially stressful. Thats why we created a personal layover guide that gives the traveler step-by-step directions.', 'The layover guide is made up from dynamic cards that offer relevant actions at the appropiate times. Real-time notifications ensure that the traveler returns to the airport in time.', '#00a1de', NULL, NULL, '#ffffff', NULL, NULL, NULL, NULL, NULL, NULL, NULL, NULL, NULL, NULL, NULL, NULL, NULL, NULL, NULL, NULL, NULL, 'big', 'small', NULL, NULL, NULL, NULL, NULL, NULL, 'white', NULL, NULL, '2016-03-18 14:53:28', '2016-03-29 13:14:12', '764c63fe-f13c-45da-aa90-2824fc7e2fc7'),
 ('29', '141', 'en_us', NULL, NULL, NULL, NULL, NULL, NULL, NULL, '#00a1de', NULL, NULL, NULL, NULL, NULL, NULL, NULL, NULL, NULL, NULL, NULL, NULL, NULL, NULL, NULL, NULL, NULL, NULL, NULL, NULL, NULL, NULL, NULL, 'none', 'small', NULL, NULL, NULL, NULL, NULL, NULL, NULL, NULL, NULL, 'white', NULL, NULL, NULL, NULL, NULL, '2016-03-18 14:57:27', '2016-03-29 13:14:12', '186b5405-70c3-473c-aeb4-161beac9390e'),
 ('30', '143', 'en_us', NULL, NULL, NULL, NULL, NULL, NULL, '#ffffff', NULL, NULL, NULL, NULL, NULL, NULL, NULL, NULL, NULL, NULL, NULL, NULL, NULL, NULL, NULL, NULL, NULL, NULL, NULL, NULL, NULL, NULL, 'big', 'big', NULL, NULL, NULL, NULL, NULL, NULL, NULL, NULL, NULL, NULL, 'black', NULL, NULL, NULL, NULL, NULL, '123456', '2016-03-18 15:33:27', '2016-03-29 13:14:12', '333872e1-d30d-4ada-b67b-be9daabbb934'),
 ('31', '145', 'en_us', 'An all-inclusive mini trip', 'In collaboration with the national railway company we offer the traveler a free train ticket into the city.', 'But there is more. At selected bars, they can get their first drink for free, available through an in-app coupon. As a local, you can set your availability so you can meet up with travelers only when you really want to.', '#ffffff', 'right', NULL, NULL, NULL, NULL, NULL, NULL, NULL, NULL, NULL, NULL, NULL, NULL, NULL, NULL, NULL, '#000000', NULL, NULL, 'small', 'small', NULL, NULL, NULL, NULL, NULL, NULL, NULL, NULL, NULL, NULL, NULL, NULL, NULL, NULL, 'black', NULL, NULL, NULL, NULL, NULL, NULL, NULL, NULL, '2016-03-18 15:34:41', '2016-03-29 13:14:12', 'a8589534-a0f3-4492-9882-f622956b4a5a'),
 ('32', '147', 'en_us', NULL, NULL, NULL, NULL, NULL, NULL, NULL, NULL, NULL, NULL, NULL, NULL, NULL, 'So, how do we get the locals to sign up?', 'Were targeting locals that have an intrinsic motivation to meet up. Language students, for example, can practice their italian with a real italian. ', 'In collaboration with language schools, the expat centre and local bars we make sure to find locals that are excited for a meetup. One lucky local will win a ticket to the country of the traveler.', '#ffffff', NULL, NULL, '#000000', NULL, NULL, NULL, NULL, NULL, NULL, NULL, NULL, NULL, NULL, NULL, NULL, NULL, NULL, NULL, NULL, NULL, 'big', 'big', NULL, NULL, NULL, NULL, NULL, NULL, 'black', NULL, NULL, '2016-03-18 15:44:32', '2016-03-29 13:14:12', '8e6d0e1d-16bd-47e5-8e99-f5b52193e000'),
 ('33', '148', 'en_us', NULL, NULL, NULL, NULL, NULL, NULL, NULL, '#cae3ed', NULL, NULL, NULL, NULL, NULL, NULL, NULL, NULL, NULL, NULL, NULL, NULL, NULL, NULL, NULL, NULL, NULL, NULL, NULL, NULL, NULL, NULL, NULL, 'big', 'big', NULL, NULL, NULL, NULL, NULL, NULL, NULL, NULL, NULL, 'white', NULL, NULL, NULL, NULL, NULL, '2016-03-18 15:44:32', '2016-03-29 13:14:12', 'f527121f-47de-4bf7-8fb0-6a69731173e3'),
 ('34', '150', 'en_us', NULL, NULL, NULL, NULL, NULL, NULL, NULL, '#ffffff', NULL, NULL, NULL, NULL, NULL, NULL, NULL, NULL, NULL, NULL, NULL, NULL, NULL, NULL, NULL, NULL, NULL, NULL, NULL, NULL, NULL, NULL, NULL, 'big', 'big', NULL, NULL, NULL, NULL, NULL, NULL, NULL, NULL, NULL, 'black', NULL, NULL, NULL, NULL, NULL, '2016-03-18 16:31:36', '2016-03-29 13:14:12', '4a78eeb6-f2b8-4ed4-bfae-48fc2bfbc799'),
 ('35', '152', 'en_us', NULL, NULL, NULL, NULL, NULL, NULL, NULL, NULL, NULL, NULL, NULL, NULL, NULL, NULL, NULL, NULL, NULL, NULL, NULL, NULL, NULL, NULL, NULL, NULL, NULL, NULL, NULL, NULL, NULL, NULL, NULL, NULL, NULL, 'none', 'none', NULL, NULL, NULL, NULL, NULL, NULL, NULL, NULL, 'black', NULL, NULL, NULL, NULL, '2016-03-30 15:34:30', '2016-03-30 15:34:30', 'aef5782d-6e2e-4499-8bd3-53c017ef5f2a');



DROP TABLE IF EXISTS `craft_matrixcontent_credits`;


--
-- Schema for table `craft_matrixcontent_credits`
--
CREATE TABLE `craft_matrixcontent_credits` (
  `id` int(11) NOT NULL AUTO_INCREMENT,
  `elementId` int(11) NOT NULL,
  `locale` char(12) COLLATE utf8_unicode_ci NOT NULL,
  `field_item_role` text COLLATE utf8_unicode_ci,
  `field_item_contributorName` text COLLATE utf8_unicode_ci,
  `dateCreated` datetime NOT NULL,
  `dateUpdated` datetime NOT NULL,
  `uid` char(36) COLLATE utf8_unicode_ci NOT NULL DEFAULT '0',
  PRIMARY KEY (`id`),
  UNIQUE KEY `craft_matrixcontent_credits_elementId_locale_unq_idx` (`elementId`,`locale`),
  KEY `craft_matrixcontent_credits_locale_fk` (`locale`)
) ENGINE=InnoDB AUTO_INCREMENT=5 DEFAULT CHARSET=utf8 COLLATE=utf8_unicode_ci;

--
-- Data for table `craft_matrixcontent_credits`
--

INSERT INTO `craft_matrixcontent_credits` (`id`, `elementId`, `locale`, `field_item_role`, `field_item_contributorName`, `dateCreated`, `dateUpdated`, `uid`) VALUES
 ('2', '36', 'en_us', 'Development', 'Inalise B.V.', '2016-02-29 10:03:07', '2016-03-31 13:17:23', 'f653c7c7-18b2-4a25-8579-5eca2529f92b'),
 ('3', '103', 'en_us', 'Development', 'eFocus', '2016-03-17 00:27:11', '2016-03-29 13:10:55', '2804b632-3ea4-44d1-af64-3a8f4e2fda98'),
 ('4', '118', 'en_us', 'Development', 'Superhero Cheesecake', '2016-03-18 14:24:57', '2016-03-29 13:14:11', '0b49ce77-0c4e-4b4d-b534-9aabda914e56');



DROP TABLE IF EXISTS `craft_matrixcontent_honours`;


--
-- Schema for table `craft_matrixcontent_honours`
--
CREATE TABLE `craft_matrixcontent_honours` (
  `id` int(11) NOT NULL AUTO_INCREMENT,
  `elementId` int(11) NOT NULL,
  `locale` char(12) COLLATE utf8_unicode_ci NOT NULL,
  `field_honour_honourName` text COLLATE utf8_unicode_ci,
  `dateCreated` datetime NOT NULL,
  `dateUpdated` datetime NOT NULL,
  `uid` char(36) COLLATE utf8_unicode_ci NOT NULL DEFAULT '0',
  PRIMARY KEY (`id`),
  UNIQUE KEY `craft_matrixcontent_honours_elementId_locale_unq_idx` (`elementId`,`locale`),
  KEY `craft_matrixcontent_honours_locale_fk` (`locale`)
) ENGINE=InnoDB AUTO_INCREMENT=5 DEFAULT CHARSET=utf8 COLLATE=utf8_unicode_ci;

--
-- Data for table `craft_matrixcontent_honours`
--

INSERT INTO `craft_matrixcontent_honours` (`id`, `elementId`, `locale`, `field_honour_honourName`, `dateCreated`, `dateUpdated`, `uid`) VALUES
 ('1', '30', 'en_us', 'FWA SOTD', '2016-02-29 09:51:11', '2016-03-31 13:17:23', '29778be7-bb44-4d8d-bf63-c2f7c843d157'),
 ('2', '34', 'en_us', 'FWA MOTD', '2016-02-29 10:00:59', '2016-03-31 13:17:23', 'd4e1f583-8c8a-4854-9707-55e3c3987d25'),
 ('3', '35', 'en_us', 'Awwwards SOTD', '2016-02-29 10:00:59', '2016-03-31 13:17:23', 'b79b26ba-a33d-437b-bfc1-f395ebe84229');



DROP TABLE IF EXISTS `craft_matrixcontent_roles`;


--
-- Schema for table `craft_matrixcontent_roles`
--
CREATE TABLE `craft_matrixcontent_roles` (
  `id` int(11) NOT NULL AUTO_INCREMENT,
  `elementId` int(11) NOT NULL,
  `locale` char(12) COLLATE utf8_unicode_ci NOT NULL,
  `field_role_role` text COLLATE utf8_unicode_ci,
  `dateCreated` datetime NOT NULL,
  `dateUpdated` datetime NOT NULL,
  `uid` char(36) COLLATE utf8_unicode_ci NOT NULL DEFAULT '0',
  PRIMARY KEY (`id`),
  UNIQUE KEY `craft_matrixcontent_roles_elementId_locale_unq_idx` (`elementId`,`locale`),
  KEY `craft_matrixcontent_roles_locale_fk` (`locale`)
) ENGINE=InnoDB AUTO_INCREMENT=19 DEFAULT CHARSET=utf8 COLLATE=utf8_unicode_ci;

--
-- Data for table `craft_matrixcontent_roles`
--

INSERT INTO `craft_matrixcontent_roles` (`id`, `elementId`, `locale`, `field_role_role`, `dateCreated`, `dateUpdated`, `uid`) VALUES
 ('1', '37', 'en_us', 'Interaction design', '2016-02-29 10:03:07', '2016-03-31 13:17:23', '73be0c7c-258c-43cf-ba89-dc1e65880b0c'),
 ('2', '38', 'en_us', 'UX Design', '2016-02-29 10:03:07', '2016-03-31 13:17:23', '2ddc33f7-3f41-471d-8384-eb77d6123524'),
 ('3', '39', 'en_us', 'Creative direction', '2016-02-29 10:03:07', '2016-03-31 13:17:23', '9563c88b-8e2f-46dd-aed5-16474fb5fae6'),
 ('4', '40', 'en_us', 'Concept', '2016-02-29 10:03:07', '2016-03-31 13:17:23', '6834b281-b873-434c-9a38-70f31447e28f'),
 ('5', '41', 'en_us', 'Strategy', '2016-02-29 10:03:07', '2016-03-31 13:17:23', 'ece16551-61b3-4a83-86f5-5d002b888492'),
 ('6', '104', 'en_us', 'Interaction design', '2016-03-17 00:27:11', '2016-03-29 13:10:55', 'e79e7a13-2105-435e-83fa-4ea80d02fab5'),
 ('7', '105', 'en_us', 'UX Design', '2016-03-17 00:27:11', '2016-03-29 13:10:55', '3174e3cb-386e-4f51-b39e-4fde3dc03fae'),
 ('8', '106', 'en_us', 'Creative direction', '2016-03-17 00:27:11', '2016-03-29 13:10:55', '4e40958e-927a-41c6-9e34-d270fcc6c1a2'),
 ('9', '107', 'en_us', 'Concept', '2016-03-17 00:27:11', '2016-03-29 13:10:55', '32acb7e1-a758-4b0f-b26d-aba3460e310b'),
 ('10', '108', 'en_us', 'Strategy', '2016-03-17 00:27:11', '2016-03-29 13:10:55', '15625cf8-db86-46a8-9d72-daecac3349e3'),
 ('11', '122', 'en_us', 'Art direction', '2016-03-18 14:30:35', '2016-03-29 13:14:11', '47116e10-a78e-4308-8d84-68e5aa382c01'),
 ('12', '123', 'en_us', 'UI design', '2016-03-18 14:30:35', '2016-03-29 13:14:11', '923e6839-1302-4a36-b0a5-d560402bbdd4'),
 ('13', '124', 'en_us', 'Concept development', '2016-03-18 14:30:35', '2016-03-29 13:14:11', '64ab2922-cd5e-4f1d-9516-a97d68c43d82'),
 ('14', '125', 'en_us', 'Service design', '2016-03-18 14:30:35', '2016-03-29 13:14:11', 'a9189ac1-5f6c-4e3b-aa0e-1e6946f0dd32'),
 ('15', '126', 'en_us', 'Character design', '2016-03-18 14:31:18', '2016-03-29 13:14:11', '527725fc-6896-4b80-af69-db255f6d414a'),
 ('16', '127', 'en_us', 'Animation', '2016-03-18 14:31:18', '2016-03-29 13:14:11', '09e31a69-3530-418d-bdae-bc67a7777ccd'),
 ('17', '128', 'en_us', 'UX design', '2016-03-18 14:31:18', '2016-03-29 13:14:11', '24658a7e-fae3-4e8c-a9f3-5859b368f887'),
 ('18', '129', 'en_us', 'Strategy', '2016-03-18 14:31:18', '2016-03-29 13:14:11', '0a0c85c9-5995-4121-88e0-a928d704c756');



DROP TABLE IF EXISTS `craft_migrations`;


--
-- Schema for table `craft_migrations`
--
CREATE TABLE `craft_migrations` (
  `id` int(11) NOT NULL AUTO_INCREMENT,
  `pluginId` int(11) DEFAULT NULL,
  `version` varchar(255) COLLATE utf8_unicode_ci NOT NULL,
  `applyTime` datetime NOT NULL,
  `dateCreated` datetime NOT NULL,
  `dateUpdated` datetime NOT NULL,
  `uid` char(36) COLLATE utf8_unicode_ci NOT NULL DEFAULT '0',
  PRIMARY KEY (`id`),
  UNIQUE KEY `craft_migrations_version_unq_idx` (`version`),
  KEY `craft_migrations_pluginId_fk` (`pluginId`)
) ENGINE=InnoDB AUTO_INCREMENT=31 DEFAULT CHARSET=utf8 COLLATE=utf8_unicode_ci;

--
-- Data for table `craft_migrations`
--

INSERT INTO `craft_migrations` (`id`, `pluginId`, `version`, `applyTime`, `dateCreated`, `dateUpdated`, `uid`) VALUES
 ('1', NULL, 'm000000_000000_base', '2016-02-25 11:25:16', '2016-02-25 11:25:16', '2016-02-25 11:25:16', 'd49ea86f-1304-4ffe-a774-03e4ee5ca5f3'),
 ('2', NULL, 'm140730_000001_add_filename_and_format_to_transformindex', '2016-02-25 11:25:16', '2016-02-25 11:25:16', '2016-02-25 11:25:16', '8ab99b9c-20f5-48be-b696-169926a50588'),
 ('3', NULL, 'm140815_000001_add_format_to_transforms', '2016-02-25 11:25:16', '2016-02-25 11:25:16', '2016-02-25 11:25:16', '3412aade-49cb-44e9-a26a-87c078a41ff9'),
 ('4', NULL, 'm140822_000001_allow_more_than_128_items_per_field', '2016-02-25 11:25:16', '2016-02-25 11:25:16', '2016-02-25 11:25:16', '572fd3a2-143f-4e86-805d-003d2c8e2f17'),
 ('5', NULL, 'm140829_000001_single_title_formats', '2016-02-25 11:25:16', '2016-02-25 11:25:16', '2016-02-25 11:25:16', '7526265b-2c52-4c2a-bd46-7e09be0532e4'),
 ('6', NULL, 'm140831_000001_extended_cache_keys', '2016-02-25 11:25:16', '2016-02-25 11:25:16', '2016-02-25 11:25:16', 'b9ea5119-4105-424a-a8f9-213921b786a7'),
 ('7', NULL, 'm140922_000001_delete_orphaned_matrix_blocks', '2016-02-25 11:25:16', '2016-02-25 11:25:16', '2016-02-25 11:25:16', 'dbee261e-4d54-4324-a652-edfca671954a'),
 ('8', NULL, 'm141008_000001_elements_index_tune', '2016-02-25 11:25:16', '2016-02-25 11:25:16', '2016-02-25 11:25:16', '7c5a95d5-408a-46c2-876c-6b2317f1b2f6'),
 ('9', NULL, 'm141009_000001_assets_source_handle', '2016-02-25 11:25:16', '2016-02-25 11:25:16', '2016-02-25 11:25:16', '2767a51b-4a51-40ad-a4af-3818e17cdb9d'),
 ('10', NULL, 'm141024_000001_field_layout_tabs', '2016-02-25 11:25:16', '2016-02-25 11:25:16', '2016-02-25 11:25:16', 'd0dec3ea-9b70-403c-8658-6ab4d4e2f072'),
 ('11', NULL, 'm141030_000000_plugin_schema_versions', '2016-02-25 11:25:16', '2016-02-25 11:25:16', '2016-02-25 11:25:16', '64eff8bc-152c-4c41-9a68-a6aa31d0bb08'),
 ('12', NULL, 'm141030_000001_drop_structure_move_permission', '2016-02-25 11:25:16', '2016-02-25 11:25:16', '2016-02-25 11:25:16', 'c8495cf2-e0b9-4db6-9647-b37b4d234db8'),
 ('13', NULL, 'm141103_000001_tag_titles', '2016-02-25 11:25:16', '2016-02-25 11:25:16', '2016-02-25 11:25:16', 'd20aaec8-4a02-4b29-ac24-0e6d03b95148'),
 ('14', NULL, 'm141109_000001_user_status_shuffle', '2016-02-25 11:25:16', '2016-02-25 11:25:16', '2016-02-25 11:25:16', '4ebab5ef-6ec1-4b7d-92de-8d053b495945'),
 ('15', NULL, 'm141126_000001_user_week_start_day', '2016-02-25 11:25:16', '2016-02-25 11:25:16', '2016-02-25 11:25:16', '56f86a14-7cec-4858-bf88-9cbe8c78329f'),
 ('16', NULL, 'm150210_000001_adjust_user_photo_size', '2016-02-25 11:25:16', '2016-02-25 11:25:16', '2016-02-25 11:25:16', '2c745f76-c8c3-4eb1-9f95-2728ed013c2d'),
 ('17', NULL, 'm150724_000001_adjust_quality_settings', '2016-02-25 11:25:16', '2016-02-25 11:25:16', '2016-02-25 11:25:16', '97512dba-1a6a-425b-af69-9e85d199818d'),
 ('18', NULL, 'm150827_000000_element_index_settings', '2016-02-25 11:25:16', '2016-02-25 11:25:16', '2016-02-25 11:25:16', '54be5ed1-ea37-4c93-81ac-53d299456c9c'),
 ('19', NULL, 'm150918_000001_add_colspan_to_widgets', '2016-02-25 11:25:16', '2016-02-25 11:25:16', '2016-02-25 11:25:16', '5d327f66-62aa-48be-bb12-edb2eadc4c95'),
 ('20', NULL, 'm151007_000000_clear_asset_caches', '2016-02-25 11:25:16', '2016-02-25 11:25:16', '2016-02-25 11:25:16', '5b957635-1025-4281-8434-2bcb08d4b3ad'),
 ('21', NULL, 'm151109_000000_text_url_formats', '2016-02-25 11:25:16', '2016-02-25 11:25:16', '2016-02-25 11:25:16', '3ae6e920-240a-40cd-811e-715467b1174f'),
 ('22', NULL, 'm151110_000000_move_logo', '2016-02-25 11:25:16', '2016-02-25 11:25:16', '2016-02-25 11:25:16', 'ed2bea37-09c8-4b0a-86b2-825ce5450361'),
 ('23', NULL, 'm151117_000000_adjust_image_widthheight', '2016-02-25 11:25:16', '2016-02-25 11:25:16', '2016-02-25 11:25:16', '757d07da-7c83-46de-b65e-e5a41980435c'),
 ('24', NULL, 'm151127_000000_clear_license_key_status', '2016-02-25 11:25:16', '2016-02-25 11:25:16', '2016-02-25 11:25:16', '9bba2097-ad95-4e6a-a7f5-3007a0203a29'),
 ('25', NULL, 'm151127_000000_plugin_license_keys', '2016-02-25 11:25:16', '2016-02-25 11:25:16', '2016-02-25 11:25:16', '6ab452f0-2bcf-4efa-8897-6c9c48c2f396'),
 ('26', NULL, 'm151130_000000_update_pt_widget_feeds', '2016-02-25 11:25:16', '2016-02-25 11:25:16', '2016-02-25 11:25:16', '7bcba7ea-6a4f-441e-9fd3-231f512b07f2'),
 ('27', NULL, 'm160223_000000_sortorder_to_smallint', '2016-02-25 15:49:52', '2016-02-25 15:49:52', '2016-02-25 15:49:52', '247b0565-5472-4e23-8207-0c5c18de3daf'),
 ('28', NULL, 'm160114_000000_asset_sources_public_url_default_true', '2016-03-09 16:42:28', '2016-03-09 16:42:28', '2016-03-09 16:42:28', 'c39a8706-e0a3-4c6b-a9a7-4045535218a8'),
 ('29', NULL, 'm160229_000000_set_default_entry_statuses', '2016-03-09 16:42:28', '2016-03-09 16:42:28', '2016-03-09 16:42:28', '0573cb7d-5e98-4272-a0ef-cdea42f316bd'),
 ('30', NULL, 'm160304_000000_client_permissions', '2016-03-09 16:42:28', '2016-03-09 16:42:28', '2016-03-09 16:42:28', 'cd4bd144-0469-46fc-b027-7245fdad7b5a');



DROP TABLE IF EXISTS `craft_plugins`;


--
-- Schema for table `craft_plugins`
--
CREATE TABLE `craft_plugins` (
  `id` int(11) NOT NULL AUTO_INCREMENT,
  `class` varchar(150) COLLATE utf8_unicode_ci NOT NULL,
  `version` varchar(15) COLLATE utf8_unicode_ci NOT NULL,
  `schemaVersion` varchar(15) COLLATE utf8_unicode_ci DEFAULT NULL,
  `licenseKey` char(24) COLLATE utf8_unicode_ci DEFAULT NULL,
  `licenseKeyStatus` enum('valid','invalid','mismatched','unknown') COLLATE utf8_unicode_ci NOT NULL DEFAULT 'unknown',
  `enabled` tinyint(1) unsigned NOT NULL DEFAULT '0',
  `settings` text COLLATE utf8_unicode_ci,
  `installDate` datetime NOT NULL,
  `dateCreated` datetime NOT NULL,
  `dateUpdated` datetime NOT NULL,
  `uid` char(36) COLLATE utf8_unicode_ci NOT NULL DEFAULT '0',
  PRIMARY KEY (`id`)
) ENGINE=InnoDB AUTO_INCREMENT=4 DEFAULT CHARSET=utf8 COLLATE=utf8_unicode_ci;

--
-- Data for table `craft_plugins`
--

INSERT INTO `craft_plugins` (`id`, `class`, `version`, `schemaVersion`, `licenseKey`, `licenseKeyStatus`, `enabled`, `settings`, `installDate`, `dateCreated`, `dateUpdated`, `uid`) VALUES
 ('1', 'Api', '0.1.0', NULL, NULL, 'unknown', '1', NULL, '2016-03-03 10:46:23', '2016-03-03 10:46:23', '2016-03-31 12:49:17', '4cbbb46a-99c1-492d-bebd-780cbbfa4d5a'),
 ('3', 'Kraftwerk', '1.0.0', NULL, NULL, 'unknown', '1', NULL, '2016-03-07 10:39:20', '2016-03-07 10:39:20', '2016-03-31 12:49:17', '02127a15-3702-4d6a-a4f7-736c77caa6ad');



DROP TABLE IF EXISTS `craft_rackspaceaccess`;


--
-- Schema for table `craft_rackspaceaccess`
--
CREATE TABLE `craft_rackspaceaccess` (
  `id` int(11) NOT NULL AUTO_INCREMENT,
  `connectionKey` varchar(255) COLLATE utf8_unicode_ci NOT NULL,
  `token` varchar(255) COLLATE utf8_unicode_ci NOT NULL,
  `storageUrl` varchar(255) COLLATE utf8_unicode_ci NOT NULL,
  `cdnUrl` varchar(255) COLLATE utf8_unicode_ci NOT NULL,
  `dateCreated` datetime NOT NULL,
  `dateUpdated` datetime NOT NULL,
  `uid` char(36) COLLATE utf8_unicode_ci NOT NULL DEFAULT '0',
  PRIMARY KEY (`id`),
  UNIQUE KEY `craft_rackspaceaccess_connectionKey_unq_idx` (`connectionKey`)
) ENGINE=InnoDB DEFAULT CHARSET=utf8 COLLATE=utf8_unicode_ci;

DROP TABLE IF EXISTS `craft_relations`;


--
-- Schema for table `craft_relations`
--
CREATE TABLE `craft_relations` (
  `id` int(11) NOT NULL AUTO_INCREMENT,
  `fieldId` int(11) NOT NULL,
  `sourceId` int(11) NOT NULL,
  `sourceLocale` char(12) COLLATE utf8_unicode_ci DEFAULT NULL,
  `targetId` int(11) NOT NULL,
  `sortOrder` smallint(6) DEFAULT NULL,
  `dateCreated` datetime NOT NULL,
  `dateUpdated` datetime NOT NULL,
  `uid` char(36) COLLATE utf8_unicode_ci NOT NULL DEFAULT '0',
  PRIMARY KEY (`id`),
  UNIQUE KEY `craft_relations_fieldId_sourceId_sourceLocale_targetId_unq_idx` (`fieldId`,`sourceId`,`sourceLocale`,`targetId`),
  KEY `craft_relations_sourceId_fk` (`sourceId`),
  KEY `craft_relations_sourceLocale_fk` (`sourceLocale`),
  KEY `craft_relations_targetId_fk` (`targetId`)
) ENGINE=InnoDB AUTO_INCREMENT=1342 DEFAULT CHARSET=utf8 COLLATE=utf8_unicode_ci;

--
-- Data for table `craft_relations`
--

INSERT INTO `craft_relations` (`id`, `fieldId`, `sourceId`, `sourceLocale`, `targetId`, `sortOrder`, `dateCreated`, `dateUpdated`, `uid`) VALUES
 ('862', '10', '5', NULL, '10', '1', '2016-03-18 14:25:30', '2016-03-18 14:25:30', '11145ab8-4cfe-4fea-afa9-7e19fd51a96b'),
 ('863', '10', '5', NULL, '66', '2', '2016-03-18 14:25:30', '2016-03-18 14:25:30', '24909ee0-779c-42a0-9ea0-7ffd973181c6'),
 ('864', '10', '5', NULL, '97', '3', '2016-03-18 14:25:30', '2016-03-18 14:25:30', 'a1ce9cf7-0d9a-4657-b3b6-4dec018a1d2a'),
 ('865', '10', '5', NULL, '117', '4', '2016-03-18 14:25:30', '2016-03-18 14:25:30', '9284f321-4637-4482-8d00-9ecb8b073127'),
 ('1075', '83', '66', NULL, '151', '1', '2016-03-29 13:10:55', '2016-03-29 13:10:55', '5fa0aa7e-6385-4645-ad2d-1dc9fcd84606'),
 ('1076', '40', '66', NULL, '67', '1', '2016-03-29 13:10:55', '2016-03-29 13:10:55', '80868be7-25ce-445f-957b-854c6f9e3943'),
 ('1077', '50', '66', NULL, '73', '1', '2016-03-29 13:10:55', '2016-03-29 13:10:55', '203ecc71-a6fa-438e-9e5c-21373cfcfa5e'),
 ('1078', '7', '81', NULL, '79', '1', '2016-03-29 13:10:55', '2016-03-29 13:10:55', 'd9085bc0-108c-41f6-8093-b56101747e1a'),
 ('1079', '14', '83', NULL, '82', '1', '2016-03-29 13:10:55', '2016-03-29 13:10:55', '21839f78-a5ff-4403-80b1-1112516b258d'),
 ('1080', '15', '83', NULL, '84', '1', '2016-03-29 13:10:55', '2016-03-29 13:10:55', '53c868a5-21d7-471d-b97a-4f3ed45077f9'),
 ('1081', '7', '86', NULL, '85', '1', '2016-03-29 13:10:55', '2016-03-29 13:10:55', '366be153-939d-402c-af59-65251f476d81'),
 ('1082', '14', '90', NULL, '88', '1', '2016-03-29 13:10:55', '2016-03-29 13:10:55', '4c478fb0-3069-4679-9adf-1e60192f685f'),
 ('1083', '15', '90', NULL, '87', '1', '2016-03-29 13:10:55', '2016-03-29 13:10:55', 'a3c79975-3fa5-425d-828b-1151a8d44d84'),
 ('1084', '14', '93', NULL, '92', '1', '2016-03-29 13:10:55', '2016-03-29 13:10:55', '9f3b3230-ab11-42e2-87e2-75e46bd3e971'),
 ('1085', '14', '102', NULL, '100', '1', '2016-03-29 13:10:55', '2016-03-29 13:10:55', '740210f7-8077-4823-b59e-632929ecddc5'),
 ('1123', '83', '117', NULL, '121', '1', '2016-03-29 13:14:11', '2016-03-29 13:14:11', '291a5577-1fab-48a8-ad2b-5a7bdaee3850'),
 ('1124', '40', '117', NULL, '121', '1', '2016-03-29 13:14:11', '2016-03-29 13:14:11', 'a87fc48d-55fb-46ce-bdd5-96ab50fb076c'),
 ('1125', '12', '132', NULL, '131', '1', '2016-03-29 13:14:11', '2016-03-29 13:14:11', '2a150d47-bca5-4adf-af4c-86a57d6bea03'),
 ('1127', '7', '134', NULL, '133', '1', '2016-03-29 13:14:12', '2016-03-29 13:14:12', 'a2e6f4aa-4596-4d83-bd02-b569b4b1da2a'),
 ('1128', '7', '136', NULL, '135', '1', '2016-03-29 13:14:12', '2016-03-29 13:14:12', '890d9174-3abf-4193-b709-5c0fc074bc43'),
 ('1129', '14', '141', NULL, '142', '1', '2016-03-29 13:14:12', '2016-03-29 13:14:12', '277bec07-d4a9-467d-8914-6cbeeb9a9e06'),
 ('1130', '12', '143', NULL, '131', '1', '2016-03-29 13:14:12', '2016-03-29 13:14:12', 'aedca8db-b5fa-4578-a5c6-b971db4183ec'),
 ('1132', '7', '145', NULL, '144', '1', '2016-03-29 13:14:12', '2016-03-29 13:14:12', 'f6df795c-0c38-4503-bbc5-951ec80925d9'),
 ('1133', '14', '150', NULL, '149', '1', '2016-03-29 13:14:12', '2016-03-29 13:14:12', 'cd82d709-e9cf-4c0a-9e97-e2a14c9f4c20'),
 ('1134', '14', '148', NULL, '146', '1', '2016-03-29 13:14:12', '2016-03-29 13:14:12', 'ed8e1b66-00e6-4d93-bd4a-5c732d848e9e'),
 ('1138', '83', '97', NULL, '96', '1', '2016-03-30 15:34:30', '2016-03-30 15:34:30', 'b7402205-6f7c-4ce8-b94e-d772f4b7f5c1'),
 ('1139', '40', '97', NULL, '96', '1', '2016-03-30 15:34:30', '2016-03-30 15:34:30', '8972ea86-a230-4f26-bb03-0f5d5ddfb808'),
 ('1140', '14', '111', NULL, '110', '1', '2016-03-30 15:34:30', '2016-03-30 15:34:30', 'fc996070-8d8d-4bc1-881e-efbe87b351dc'),
 ('1141', '16', '152', NULL, '77', '1', '2016-03-30 15:34:30', '2016-03-30 15:34:30', '94be31b4-8915-4bb0-af9b-58a2bf440e22'),
 ('1147', '84', '6', NULL, '153', '1', '2016-03-30 16:10:58', '2016-03-30 16:10:58', '7aa46170-3ccb-466b-9096-d6e9020e7184'),
 ('1148', '84', '6', NULL, '154', '2', '2016-03-30 16:10:58', '2016-03-30 16:10:58', 'c245fbf9-b13a-4ce7-a8fa-f6e143d4c2dc'),
 ('1149', '84', '6', NULL, '155', '3', '2016-03-30 16:10:58', '2016-03-30 16:10:58', 'ef65124f-cd01-437b-9e8c-b3d9a7290efd'),
 ('1150', '84', '6', NULL, '157', '4', '2016-03-30 16:10:58', '2016-03-30 16:10:58', 'e10d1d52-5f7d-4b8a-8575-b4ab3b1e88b1'),
 ('1325', '83', '10', NULL, '62', '1', '2016-03-31 13:17:23', '2016-03-31 13:17:23', 'b047ecb8-ddeb-40cd-b799-0572e7a8bfbd'),
 ('1326', '40', '10', NULL, '62', '1', '2016-03-31 13:17:23', '2016-03-31 13:17:23', '9d4dbd40-119e-48f1-ad9e-785058252ded'),
 ('1327', '50', '10', NULL, '71', '1', '2016-03-31 13:17:23', '2016-03-31 13:17:23', '7284f676-b057-474e-99ad-c37692302e46'),
 ('1328', '38', '30', NULL, '32', '1', '2016-03-31 13:17:23', '2016-03-31 13:17:23', '4fa01d22-986c-4b60-a8d4-ea27a0fbb55e'),
 ('1329', '38', '34', NULL, '32', '1', '2016-03-31 13:17:23', '2016-03-31 13:17:23', '51c00a23-f636-46c2-8054-e20e85f64a11'),
 ('1330', '38', '35', NULL, '33', '1', '2016-03-31 13:17:23', '2016-03-31 13:17:23', '96f75597-14bf-400e-ab46-9e2e627693e2'),
 ('1331', '14', '14', NULL, '61', '1', '2016-03-31 13:17:23', '2016-03-31 13:17:23', 'd8185689-25fc-468c-a011-fcec5808f801'),
 ('1332', '15', '14', NULL, '60', '1', '2016-03-31 13:17:23', '2016-03-31 13:17:23', '19320056-e4a6-4dcc-bf1d-57613d09d082'),
 ('1333', '12', '19', NULL, '64', '1', '2016-03-31 13:17:23', '2016-03-31 13:17:23', '3378128f-cdea-4870-99b1-a2d2e3707edb'),
 ('1335', '14', '22', NULL, '59', '1', '2016-03-31 13:17:23', '2016-03-31 13:17:23', '95402cb5-5594-4721-8744-6c16df6dab47'),
 ('1336', '7', '23', NULL, '54', '1', '2016-03-31 13:17:23', '2016-03-31 13:17:23', '2815167d-b339-4155-bff6-0a03c0e14a24'),
 ('1337', '11', '29', NULL, '57', '1', '2016-03-31 13:17:23', '2016-03-31 13:17:23', 'cefba8a3-df01-48b6-9abe-90063397692c'),
 ('1338', '11', '29', NULL, '56', '2', '2016-03-31 13:17:23', '2016-03-31 13:17:23', 'c3bf7d54-45b8-4aff-a62d-c13ff4543db2'),
 ('1339', '11', '29', NULL, '55', '3', '2016-03-31 13:17:23', '2016-03-31 13:17:23', 'c6750769-e875-40c1-9417-7c23d48fcd0e'),
 ('1340', '11', '29', NULL, '75', '4', '2016-03-31 13:17:23', '2016-03-31 13:17:23', 'c6d703fb-fab6-46a6-841b-2278dce044e1'),
 ('1341', '11', '29', NULL, '74', '5', '2016-03-31 13:17:23', '2016-03-31 13:17:23', '183665d7-81e2-4a70-94ca-900516f3dd01');



DROP TABLE IF EXISTS `craft_routes`;


--
-- Schema for table `craft_routes`
--
CREATE TABLE `craft_routes` (
  `id` int(11) NOT NULL AUTO_INCREMENT,
  `locale` char(12) COLLATE utf8_unicode_ci DEFAULT NULL,
  `urlParts` varchar(255) COLLATE utf8_unicode_ci NOT NULL,
  `urlPattern` varchar(255) COLLATE utf8_unicode_ci NOT NULL,
  `template` varchar(255) COLLATE utf8_unicode_ci NOT NULL,
  `sortOrder` smallint(6) unsigned DEFAULT NULL,
  `dateCreated` datetime NOT NULL,
  `dateUpdated` datetime NOT NULL,
  `uid` char(36) COLLATE utf8_unicode_ci NOT NULL DEFAULT '0',
  PRIMARY KEY (`id`),
  UNIQUE KEY `craft_routes_urlPattern_unq_idx` (`urlPattern`),
  KEY `craft_routes_locale_idx` (`locale`)
) ENGINE=InnoDB DEFAULT CHARSET=utf8 COLLATE=utf8_unicode_ci;

DROP TABLE IF EXISTS `craft_searchindex`;


--
-- Schema for table `craft_searchindex`
--
CREATE TABLE `craft_searchindex` (
  `elementId` int(11) NOT NULL,
  `attribute` varchar(25) COLLATE utf8_unicode_ci NOT NULL,
  `fieldId` int(11) NOT NULL,
  `locale` char(12) COLLATE utf8_unicode_ci NOT NULL,
  `keywords` text COLLATE utf8_unicode_ci NOT NULL,
  PRIMARY KEY (`elementId`,`attribute`,`fieldId`,`locale`),
  FULLTEXT KEY `craft_searchindex_keywords_idx` (`keywords`)
) ENGINE=MyISAM DEFAULT CHARSET=utf8 COLLATE=utf8_unicode_ci;

--
-- Data for table `craft_searchindex`
--

INSERT INTO `craft_searchindex` (`elementId`, `attribute`, `fieldId`, `locale`, `keywords`) VALUES
 ('1', 'username', '0', 'en_us', ' shcc '),
 ('1', 'firstname', '0', 'en_us', ' superhero '),
 ('1', 'lastname', '0', 'en_us', ' cheesecake '),
 ('1', 'fullname', '0', 'en_us', ' superhero cheesecake '),
 ('1', 'email', '0', 'en_us', ' backend superherocheesecake com '),
 ('1', 'slug', '0', 'en_us', ''),
 ('10', 'field', '39', 'en_us', ' a quirky new online appearance for a soda brand '),
 ('19', 'field', '56', 'en_us', ' medium '),
 ('20', 'field', '63', 'en_us', ' medium '),
 ('20', 'field', '64', 'en_us', ' small '),
 ('29', 'field', '53', 'en_us', ' small '),
 ('25', 'field', '64', 'en_us', ' none '),
 ('25', 'field', '63', 'en_us', ' medium '),
 ('5', 'slug', '0', 'en_us', ' homepage '),
 ('5', 'title', '0', 'en_us', ' homepage '),
 ('6', 'slug', '0', 'en_us', ' about '),
 ('6', 'title', '0', 'en_us', ' about '),
 ('7', 'slug', '0', 'en_us', ' contact '),
 ('7', 'title', '0', 'en_us', ' contact '),
 ('29', 'field', '54', 'en_us', ' none '),
 ('22', 'field', '57', 'en_us', ' none '),
 ('69', 'slug', '0', 'en_us', ''),
 ('69', 'title', '0', 'en_us', ' work '),
 ('10', 'field', '40', 'en_us', ' orangina header background '),
 ('10', 'field', '41', 'en_us', ' orangina '),
 ('10', 'field', '43', 'en_us', ' responsive website '),
 ('10', 'field', '42', 'en_us', ' http orangina eu '),
 ('10', 'field', '31', 'en_us', ' inalise b v development '),
 ('10', 'field', '34', 'en_us', ' interaction design ux design creative direction concept strategy '),
 ('10', 'field', '36', 'en_us', ' fwa sotd fwa fwa motd fwa awwwards sotd awwwards '),
 ('10', 'field', '3', 'en_us', ' ffffff orangina refreshed their brand identity achtung kraftwerk wastasked to extend their newbrand identity to a fresh online experience small medium 000000 black 000000 orangina screen background orangina screen medium none black fdaa31 in general there were two main obectives informing people about the available range of orangina products and telling them about the history of orangina as a brand the homepage would then serve as a hub to these two objectives as well as to the orangina social channels strategy concept ux the content of the new orangina website was meant to be kept simple serving a few main purposes small none ffffff black fdaa31 orangina video cover medium none black reel2015 156418367 ffffff design elements colors for the orangina website were besides the brand s blue and yellow based on the labels of the different flavours small medium 000000 black ffffff orangina bottles small none black ffffff our hands on mentality can be found throughout the whole process we bring ideas to life early we prototype to keep improving along the way iconography orangina icons right to add on the playfull quirky identity of orangina we created an iconset that was used throughout the website big small 000000 black 092865 in general there were two main obectives informing people about the available range of orangina products and telling them about the history of orangina as a brand the homepage would then serve as a hub to these two objectives as well as to the orangina social channels final designs the content of the new orangina website was meantto be kept simple serving a few main purposes none medium ffffff white 092865 orangina slide 1 orangina slide 2 orangina slide 3 orangina slide 4 orangina slide 5 none small white '),
 ('10', 'slug', '0', 'en_us', ' orangina '),
 ('10', 'title', '0', 'en_us', ' orangina global website '),
 ('11', 'slug', '0', 'en_us', ''),
 ('5', 'field', '10', 'en_us', ' orangina global website chocomel brand portal test case layover with a local '),
 ('12', 'field', '29', 'en_us', ' orangina refreshed their brand identity achtung kraftwerk wastasked to extend their newbrand identity to a fresh online experience '),
 ('12', 'field', '30', 'en_us', ' ffffff '),
 ('12', 'slug', '0', 'en_us', ''),
 ('61', 'extension', '0', 'en_us', ' png '),
 ('61', 'kind', '0', 'en_us', ' image '),
 ('14', 'field', '14', 'en_us', ' orangina screen '),
 ('14', 'field', '15', 'en_us', ' orangina screen background '),
 ('14', 'field', '19', 'en_us', ' 000000 '),
 ('14', 'slug', '0', 'en_us', ''),
 ('60', 'kind', '0', 'en_us', ' image '),
 ('60', 'slug', '0', 'en_us', ' orangina screen background '),
 ('61', 'filename', '0', 'en_us', ' orangina screen png '),
 ('60', 'title', '0', 'en_us', ' orangina screen background '),
 ('60', 'extension', '0', 'en_us', ' png '),
 ('17', 'field', '25', 'en_us', ' strategy concept ux '),
 ('17', 'field', '26', 'en_us', ' the content of the new orangina website was meant to be kept simple serving a few main purposes '),
 ('17', 'field', '27', 'en_us', ' in general there were two main obectives informing people about the available range of orangina products and telling them about the history of orangina as a brand the homepage would then serve as a hub to these two objectives as well as to the orangina social channels '),
 ('17', 'field', '28', 'en_us', ' fdaa31 '),
 ('17', 'slug', '0', 'en_us', ''),
 ('12', 'field', '47', 'en_us', ' 000000 '),
 ('17', 'field', '44', 'en_us', ' ffffff '),
 ('18', 'filename', '0', 'en_us', ' reel2015 mp4 '),
 ('18', 'extension', '0', 'en_us', ' mp4 '),
 ('18', 'kind', '0', 'en_us', ' video '),
 ('18', 'slug', '0', 'en_us', ' reel2015 1 '),
 ('18', 'title', '0', 'en_us', ' reel2015 '),
 ('19', 'field', '12', 'en_us', ' orangina video cover '),
 ('19', 'field', '13', 'en_us', ' reel2015 '),
 ('19', 'field', '18', 'en_us', ' fdaa31 '),
 ('19', 'slug', '0', 'en_us', ''),
 ('20', 'field', '25', 'en_us', ' design elements '),
 ('20', 'field', '26', 'en_us', ' colors for the orangina website were besides the brand s blue and yellow based on the labels of the different flavours '),
 ('20', 'field', '27', 'en_us', ''),
 ('20', 'field', '44', 'en_us', ' 000000 '),
 ('20', 'field', '28', 'en_us', ' ffffff '),
 ('20', 'slug', '0', 'en_us', ''),
 ('60', 'filename', '0', 'en_us', ' orangina screen background png '),
 ('59', 'title', '0', 'en_us', ' orangina bottles '),
 ('59', 'slug', '0', 'en_us', ''),
 ('59', 'kind', '0', 'en_us', ' image '),
 ('22', 'field', '14', 'en_us', ' orangina bottles '),
 ('22', 'field', '15', 'en_us', ''),
 ('22', 'field', '19', 'en_us', ' ffffff '),
 ('22', 'slug', '0', 'en_us', ''),
 ('23', 'field', '4', 'en_us', ' iconography '),
 ('23', 'field', '5', 'en_us', ' to add on the playfull quirky identity of orangina we created an iconset that was used throughout the website '),
 ('23', 'field', '6', 'en_us', ' our hands on mentality can be found throughout the whole process we bring ideas to life early we prototype to keep improving along the way '),
 ('23', 'field', '7', 'en_us', ' orangina icons '),
 ('23', 'field', '45', 'en_us', ' 000000 '),
 ('23', 'field', '8', 'en_us', ' ffffff '),
 ('23', 'field', '9', 'en_us', ' right '),
 ('23', 'slug', '0', 'en_us', ''),
 ('56', 'slug', '0', 'en_us', ''),
 ('56', 'title', '0', 'en_us', ' orangina slide 2 '),
 ('56', 'kind', '0', 'en_us', ' image '),
 ('25', 'field', '25', 'en_us', ' final designs '),
 ('25', 'field', '26', 'en_us', ' the content of the new orangina website was meantto be kept simple serving a few main purposes '),
 ('25', 'field', '27', 'en_us', ' in general there were two main obectives informing people about the available range of orangina products and telling them about the history of orangina as a brand the homepage would then serve as a hub to these two objectives as well as to the orangina social channels '),
 ('25', 'field', '44', 'en_us', ' ffffff '),
 ('25', 'field', '28', 'en_us', ' 092865 '),
 ('25', 'slug', '0', 'en_us', ''),
 ('59', 'extension', '0', 'en_us', ' png '),
 ('59', 'filename', '0', 'en_us', ' orangina bottles png '),
 ('62', 'filename', '0', 'en_us', ' orangina header background jpg '),
 ('62', 'kind', '0', 'en_us', ' image ');
INSERT INTO `craft_searchindex` (`elementId`, `attribute`, `fieldId`, `locale`, `keywords`) VALUES
 ('62', 'slug', '0', 'en_us', ''),
 ('62', 'title', '0', 'en_us', ' orangina header background '),
 ('57', 'title', '0', 'en_us', ' orangina slide 1 '),
 ('57', 'slug', '0', 'en_us', ''),
 ('29', 'field', '11', 'en_us', ' orangina slide 1 orangina slide 2 orangina slide 3 orangina slide 4 orangina slide 5 '),
 ('29', 'field', '17', 'en_us', ' 092865 '),
 ('29', 'slug', '0', 'en_us', ''),
 ('30', 'field', '37', 'en_us', ' fwa sotd '),
 ('30', 'field', '38', 'en_us', ' fwa '),
 ('30', 'slug', '0', 'en_us', ''),
 ('32', 'kind', '0', 'en_us', ' image '),
 ('32', 'extension', '0', 'en_us', ' png '),
 ('32', 'filename', '0', 'en_us', ' logo fwa png '),
 ('32', 'slug', '0', 'en_us', ' logo fwa '),
 ('32', 'title', '0', 'en_us', ' fwa '),
 ('33', 'filename', '0', 'en_us', ' logo awwwards png '),
 ('33', 'extension', '0', 'en_us', ' png '),
 ('33', 'kind', '0', 'en_us', ' image '),
 ('33', 'slug', '0', 'en_us', ' logo awwwards '),
 ('33', 'title', '0', 'en_us', ' awwwards '),
 ('34', 'field', '37', 'en_us', ' fwa motd '),
 ('34', 'field', '38', 'en_us', ' fwa '),
 ('34', 'slug', '0', 'en_us', ''),
 ('35', 'field', '37', 'en_us', ' awwwards sotd '),
 ('35', 'field', '38', 'en_us', ' awwwards '),
 ('35', 'slug', '0', 'en_us', ''),
 ('36', 'field', '32', 'en_us', ' development '),
 ('36', 'field', '33', 'en_us', ' inalise b v '),
 ('36', 'slug', '0', 'en_us', ''),
 ('37', 'field', '35', 'en_us', ' interaction design '),
 ('37', 'slug', '0', 'en_us', ''),
 ('38', 'field', '35', 'en_us', ' ux design '),
 ('38', 'slug', '0', 'en_us', ''),
 ('39', 'field', '35', 'en_us', ' creative direction '),
 ('39', 'slug', '0', 'en_us', ''),
 ('40', 'field', '35', 'en_us', ' concept '),
 ('40', 'slug', '0', 'en_us', ''),
 ('41', 'field', '35', 'en_us', ' strategy '),
 ('41', 'slug', '0', 'en_us', ''),
 ('10', 'field', '50', 'en_us', ' orangina header image '),
 ('62', 'extension', '0', 'en_us', ' jpg '),
 ('61', 'slug', '0', 'en_us', ''),
 ('61', 'title', '0', 'en_us', ' orangina screen '),
 ('23', 'field', '49', 'en_us', ' big '),
 ('54', 'filename', '0', 'en_us', ' orangina icons png '),
 ('65', 'filename', '0', 'en_us', ' orangina video background png '),
 ('65', 'extension', '0', 'en_us', ' png '),
 ('64', 'filename', '0', 'en_us', ' orangina video cover jpg '),
 ('65', 'kind', '0', 'en_us', ' image '),
 ('56', 'filename', '0', 'en_us', ' orangina slide 2 jpg '),
 ('54', 'extension', '0', 'en_us', ' png '),
 ('54', 'kind', '0', 'en_us', ' image '),
 ('54', 'slug', '0', 'en_us', ' orangina icons '),
 ('54', 'title', '0', 'en_us', ' orangina icons '),
 ('55', 'filename', '0', 'en_us', ' orangina slide 3 jpg '),
 ('55', 'extension', '0', 'en_us', ' jpg '),
 ('55', 'kind', '0', 'en_us', ' image '),
 ('55', 'slug', '0', 'en_us', ''),
 ('55', 'title', '0', 'en_us', ' orangina slide 3 '),
 ('17', 'field', '63', 'en_us', ' none '),
 ('14', 'field', '58', 'en_us', ' medium '),
 ('14', 'field', '57', 'en_us', ' none '),
 ('17', 'field', '64', 'en_us', ' small '),
 ('19', 'field', '55', 'en_us', ' none '),
 ('12', 'field', '51', 'en_us', ' medium '),
 ('64', 'extension', '0', 'en_us', ' jpg '),
 ('64', 'kind', '0', 'en_us', ' image '),
 ('64', 'slug', '0', 'en_us', ''),
 ('64', 'title', '0', 'en_us', ' orangina video cover '),
 ('57', 'kind', '0', 'en_us', ' image '),
 ('57', 'extension', '0', 'en_us', ' jpg '),
 ('57', 'filename', '0', 'en_us', ' orangina slide 1 jpg '),
 ('56', 'extension', '0', 'en_us', ' jpg '),
 ('23', 'field', '48', 'en_us', ' small '),
 ('22', 'field', '58', 'en_us', ' small '),
 ('12', 'field', '52', 'en_us', ' small '),
 ('65', 'slug', '0', 'en_us', ' orangina video background '),
 ('65', 'title', '0', 'en_us', ' orangina video background '),
 ('19', 'field', '65', 'en_us', ''),
 ('23', 'field', '66', 'en_us', ' black '),
 ('66', 'field', '39', 'en_us', ' for the love of chocolate '),
 ('66', 'field', '40', 'en_us', ' header background '),
 ('66', 'field', '50', 'en_us', ' header image '),
 ('66', 'field', '41', 'en_us', ' chocomel '),
 ('66', 'field', '43', 'en_us', ' mobile application '),
 ('66', 'field', '42', 'en_us', ''),
 ('66', 'field', '31', 'en_us', ' efocus development '),
 ('66', 'field', '34', 'en_us', ' interaction design ux design creative direction concept strategy '),
 ('66', 'field', '36', 'en_us', ''),
 ('66', 'field', '3', 'en_us', ' ffffff a website that let s fans share their love for chocomel seamlessly integrated with a delicious product showcase big big 000000 black 391f12 chocomel wanted to position themselves as an a brand bevarage along with the common soft drinks their previous image was more cozy and soft the new image on the otherhand was to be more fashionable and exclusive designing for a love brand pak right when we were asked to design the brand portal for chocomel we knew it was about chocolate love a lot of loyal fans have a healthy obsession for this tasty chocolate drink big big ffffff white ffffff screen background screen big big black f0e9e4 in a mix of owned and shared content the homepage is build up from quotes on twitter fanphoto s on instagram and video s on youtube the voice of chocomel lovers blocks left instead of chocomel telling visitors how great chocomel really is we engaged the already big group of fans and let them speak for the brand big none 391f10 black 391f12 depending on the season we present the hero product in a warm mug or a cold glass since there is an ever lasting discussion on how chocomel should be consumed we gave users the option to switch enjoying your chocomel hot or cold winter or summer chocomel can be consumed both hot and cold small big ffffff white 000000 glas background glas small none white ffffff in a colorful design we showed visitors life size photography of the iconic chocomel pack paired with a hot mug or a cool glass the product pages has all the key information visitors want to know about their drink nutritional information ingredients pack sizes and tell about the durable chocolate that is used in the drink life sized photography when it comes to the product we let the iconic photography speak small small 000000 black ffffff screen 2 big small black f0e9e4 massive screens gets a 5 column grid while small screens like phone get a modified 2 columns grid a site that looks sharp accross every screen the grid view helps when scaling the website by defining the number of horizontal columns the site looks great across all devices and screens small big 3b1f10 black f0e9e4 devices big small black '),
 ('66', 'slug', '0', 'en_us', ' chocomel brand portal '),
 ('66', 'title', '0', 'en_us', ' chocomel brand portal '),
 ('67', 'filename', '0', 'en_us', ' header background jpg '),
 ('67', 'extension', '0', 'en_us', ' jpg '),
 ('67', 'kind', '0', 'en_us', ' image '),
 ('67', 'slug', '0', 'en_us', ''),
 ('67', 'title', '0', 'en_us', ' header background '),
 ('12', 'field', '73', 'en_us', ' black '),
 ('14', 'field', '69', 'en_us', ' black '),
 ('17', 'field', '72', 'en_us', ' black ');
INSERT INTO `craft_searchindex` (`elementId`, `attribute`, `fieldId`, `locale`, `keywords`) VALUES
 ('19', 'field', '68', 'en_us', ' black '),
 ('20', 'field', '72', 'en_us', ' black '),
 ('22', 'field', '69', 'en_us', ' black '),
 ('25', 'field', '72', 'en_us', ' white '),
 ('29', 'field', '67', 'en_us', ' white '),
 ('74', 'filename', '0', 'en_us', ' orangina slide 5 jpg '),
 ('71', 'filename', '0', 'en_us', ' orangina header image png '),
 ('71', 'extension', '0', 'en_us', ' png '),
 ('71', 'kind', '0', 'en_us', ' image '),
 ('71', 'slug', '0', 'en_us', ' orangina header image '),
 ('71', 'title', '0', 'en_us', ' orangina header image '),
 ('73', 'filename', '0', 'en_us', ' header image png '),
 ('73', 'extension', '0', 'en_us', ' png '),
 ('73', 'kind', '0', 'en_us', ' image '),
 ('73', 'slug', '0', 'en_us', ' header image '),
 ('73', 'title', '0', 'en_us', ' header image '),
 ('74', 'extension', '0', 'en_us', ' jpg '),
 ('74', 'kind', '0', 'en_us', ' image '),
 ('74', 'slug', '0', 'en_us', ''),
 ('74', 'title', '0', 'en_us', ' orangina slide 5 '),
 ('75', 'filename', '0', 'en_us', ' orangina slide 4 jpg '),
 ('75', 'extension', '0', 'en_us', ' jpg '),
 ('75', 'kind', '0', 'en_us', ' image '),
 ('75', 'slug', '0', 'en_us', ''),
 ('75', 'title', '0', 'en_us', ' orangina slide 4 '),
 ('77', 'filename', '0', 'en_us', ' screen shot 2016 03 01 at 14 56 18 png '),
 ('77', 'extension', '0', 'en_us', ' png '),
 ('77', 'kind', '0', 'en_us', ' image '),
 ('77', 'slug', '0', 'en_us', ' screen shot 2016 03 01 at 14 56 18 '),
 ('77', 'title', '0', 'en_us', ' screen shot 2016 03 01 at 14 56 18 '),
 ('96', 'kind', '0', 'en_us', ' image '),
 ('96', 'extension', '0', 'en_us', ' png '),
 ('96', 'filename', '0', 'en_us', ' screen shot 2016 03 01 at 14 56 18_160316_222532 png '),
 ('97', 'field', '39', 'en_us', ' test case '),
 ('96', 'slug', '0', 'en_us', ' screen shot 2016 03 01 at 14 56 18 '),
 ('96', 'title', '0', 'en_us', ' screen shot 2016 03 01 at 14 56 18 '),
 ('79', 'filename', '0', 'en_us', ' pak png '),
 ('79', 'extension', '0', 'en_us', ' png '),
 ('79', 'kind', '0', 'en_us', ' image '),
 ('79', 'slug', '0', 'en_us', ''),
 ('79', 'title', '0', 'en_us', ' pak '),
 ('80', 'field', '29', 'en_us', ' a website that let s fans share their love for chocomel seamlessly integrated with a delicious product showcase '),
 ('80', 'field', '47', 'en_us', ' 000000 '),
 ('80', 'field', '30', 'en_us', ' ffffff '),
 ('80', 'field', '51', 'en_us', ' big '),
 ('80', 'field', '52', 'en_us', ' big '),
 ('80', 'field', '73', 'en_us', ' black '),
 ('80', 'slug', '0', 'en_us', ''),
 ('81', 'field', '4', 'en_us', ' designing for a love brand '),
 ('81', 'field', '5', 'en_us', ' when we were asked to design the brand portal for chocomel we knew it was about chocolate love a lot of loyal fans have a healthy obsession for this tasty chocolate drink '),
 ('81', 'field', '6', 'en_us', ' chocomel wanted to position themselves as an a brand bevarage along with the common soft drinks their previous image was more cozy and soft the new image on the otherhand was to be more fashionable and exclusive '),
 ('81', 'field', '7', 'en_us', ' pak '),
 ('81', 'field', '45', 'en_us', ' ffffff '),
 ('81', 'field', '8', 'en_us', ' 391f12 '),
 ('81', 'field', '9', 'en_us', ' right '),
 ('81', 'field', '48', 'en_us', ' big '),
 ('81', 'field', '49', 'en_us', ' big '),
 ('81', 'field', '66', 'en_us', ' white '),
 ('81', 'slug', '0', 'en_us', ''),
 ('82', 'filename', '0', 'en_us', ' screen png '),
 ('82', 'extension', '0', 'en_us', ' png '),
 ('82', 'kind', '0', 'en_us', ' image '),
 ('82', 'slug', '0', 'en_us', ''),
 ('82', 'title', '0', 'en_us', ' screen '),
 ('83', 'field', '14', 'en_us', ' screen '),
 ('83', 'field', '15', 'en_us', ' screen background '),
 ('83', 'field', '19', 'en_us', ' ffffff '),
 ('83', 'field', '57', 'en_us', ' big '),
 ('83', 'field', '58', 'en_us', ' big '),
 ('83', 'field', '69', 'en_us', ' black '),
 ('83', 'slug', '0', 'en_us', ''),
 ('84', 'filename', '0', 'en_us', ' screen background png '),
 ('84', 'extension', '0', 'en_us', ' png '),
 ('84', 'kind', '0', 'en_us', ' image '),
 ('84', 'slug', '0', 'en_us', ''),
 ('84', 'title', '0', 'en_us', ' screen background '),
 ('85', 'filename', '0', 'en_us', ' blocks png '),
 ('85', 'extension', '0', 'en_us', ' png '),
 ('85', 'kind', '0', 'en_us', ' image '),
 ('85', 'slug', '0', 'en_us', ''),
 ('85', 'title', '0', 'en_us', ' blocks '),
 ('86', 'field', '4', 'en_us', ' the voice of chocomel lovers '),
 ('86', 'field', '5', 'en_us', ' instead of chocomel telling visitors how great chocomel really is we engaged the already big group of fans and let them speak for the brand '),
 ('86', 'field', '6', 'en_us', ' in a mix of owned and shared content the homepage is build up from quotes on twitter fanphoto s on instagram and video s on youtube '),
 ('86', 'field', '7', 'en_us', ' blocks '),
 ('86', 'field', '45', 'en_us', ' 391f10 '),
 ('86', 'field', '8', 'en_us', ' f0e9e4 '),
 ('86', 'field', '9', 'en_us', ' left '),
 ('86', 'field', '48', 'en_us', ' none '),
 ('86', 'field', '49', 'en_us', ' big '),
 ('86', 'field', '66', 'en_us', ' black '),
 ('86', 'slug', '0', 'en_us', ''),
 ('87', 'filename', '0', 'en_us', ' glas background png '),
 ('87', 'extension', '0', 'en_us', ' png '),
 ('87', 'kind', '0', 'en_us', ' image '),
 ('87', 'slug', '0', 'en_us', ' glas background '),
 ('87', 'title', '0', 'en_us', ' glas background '),
 ('88', 'filename', '0', 'en_us', ' glas png '),
 ('88', 'extension', '0', 'en_us', ' png '),
 ('88', 'kind', '0', 'en_us', ' image ');
INSERT INTO `craft_searchindex` (`elementId`, `attribute`, `fieldId`, `locale`, `keywords`) VALUES
 ('88', 'slug', '0', 'en_us', ''),
 ('88', 'title', '0', 'en_us', ' glas '),
 ('89', 'field', '25', 'en_us', ' enjoying your chocomel hot or cold '),
 ('89', 'field', '26', 'en_us', ' winter or summer chocomel can be consumed both hot and cold '),
 ('89', 'field', '27', 'en_us', ' depending on the season we present the hero product in a warm mug or a cold glass since there is an ever lasting discussion on how chocomel should be consumed we gave users the option to switch '),
 ('89', 'field', '44', 'en_us', ' ffffff '),
 ('89', 'field', '28', 'en_us', ' 391f12 '),
 ('89', 'field', '63', 'en_us', ' big '),
 ('89', 'field', '64', 'en_us', ' small '),
 ('89', 'field', '72', 'en_us', ' white '),
 ('89', 'slug', '0', 'en_us', ''),
 ('90', 'field', '14', 'en_us', ' glas '),
 ('90', 'field', '15', 'en_us', ' glas background '),
 ('90', 'field', '19', 'en_us', ' 000000 '),
 ('90', 'field', '57', 'en_us', ' none '),
 ('90', 'field', '58', 'en_us', ' small '),
 ('90', 'field', '69', 'en_us', ' white '),
 ('90', 'slug', '0', 'en_us', ''),
 ('91', 'field', '25', 'en_us', ' life sized photography '),
 ('91', 'field', '26', 'en_us', ' when it comes to the product we let the iconic photography speak '),
 ('91', 'field', '27', 'en_us', ' in a colorful design we showed visitors life size photography of the iconic chocomel pack paired with a hot mug or a cool glass the product pages has all the key information visitors want to know about their drink nutritional information ingredients pack sizes and tell about the durable chocolate that is used in the drink '),
 ('91', 'field', '44', 'en_us', ' 000000 '),
 ('91', 'field', '28', 'en_us', ' ffffff '),
 ('91', 'field', '63', 'en_us', ' small '),
 ('91', 'field', '64', 'en_us', ' small '),
 ('91', 'field', '72', 'en_us', ' black '),
 ('91', 'slug', '0', 'en_us', ''),
 ('92', 'filename', '0', 'en_us', ' screen 2 png '),
 ('92', 'extension', '0', 'en_us', ' png '),
 ('92', 'kind', '0', 'en_us', ' image '),
 ('92', 'slug', '0', 'en_us', ''),
 ('92', 'title', '0', 'en_us', ' screen 2 '),
 ('93', 'field', '14', 'en_us', ' screen 2 '),
 ('93', 'field', '15', 'en_us', ''),
 ('93', 'field', '19', 'en_us', ' ffffff '),
 ('93', 'field', '57', 'en_us', ' small '),
 ('93', 'field', '58', 'en_us', ' big '),
 ('93', 'field', '69', 'en_us', ' black '),
 ('93', 'slug', '0', 'en_us', ''),
 ('97', 'field', '40', 'en_us', ' screen shot 2016 03 01 at 14 56 18 '),
 ('97', 'field', '50', 'en_us', ''),
 ('97', 'field', '41', 'en_us', ' test '),
 ('97', 'field', '43', 'en_us', ' responsive website '),
 ('97', 'field', '42', 'en_us', ''),
 ('97', 'field', '31', 'en_us', ''),
 ('97', 'field', '34', 'en_us', ''),
 ('97', 'field', '36', 'en_us', ''),
 ('97', 'field', '3', 'en_us', ' 000000 lala none none white screen shot 2016 03 01 at 14 56 18 none none black '),
 ('97', 'slug', '0', 'en_us', ' test case '),
 ('97', 'title', '0', 'en_us', ' test case '),
 ('100', 'extension', '0', 'en_us', ' png '),
 ('100', 'filename', '0', 'en_us', ' devices png '),
 ('100', 'kind', '0', 'en_us', ' image '),
 ('100', 'slug', '0', 'en_us', ''),
 ('100', 'title', '0', 'en_us', ' devices '),
 ('101', 'field', '25', 'en_us', ' a site that looks sharp accross every screen '),
 ('101', 'field', '26', 'en_us', ' the grid view helps when scaling the website by defining the number of horizontal columns the site looks great across all devices and screens '),
 ('101', 'field', '27', 'en_us', ' massive screens gets a 5 column grid while small screens like phone get a modified 2 columns grid '),
 ('101', 'field', '44', 'en_us', ' 3b1f10 '),
 ('101', 'field', '28', 'en_us', ' f0e9e4 '),
 ('101', 'field', '63', 'en_us', ' big '),
 ('101', 'field', '64', 'en_us', ' small '),
 ('101', 'field', '72', 'en_us', ' black '),
 ('101', 'slug', '0', 'en_us', ''),
 ('102', 'field', '14', 'en_us', ' devices '),
 ('102', 'field', '15', 'en_us', ''),
 ('102', 'field', '19', 'en_us', ' f0e9e4 '),
 ('102', 'field', '57', 'en_us', ' small '),
 ('102', 'field', '58', 'en_us', ' big '),
 ('102', 'field', '69', 'en_us', ' black '),
 ('102', 'slug', '0', 'en_us', ''),
 ('103', 'field', '32', 'en_us', ' development '),
 ('103', 'field', '33', 'en_us', ' efocus '),
 ('103', 'slug', '0', 'en_us', ''),
 ('104', 'field', '35', 'en_us', ' interaction design '),
 ('104', 'slug', '0', 'en_us', ''),
 ('105', 'field', '35', 'en_us', ' ux design '),
 ('105', 'slug', '0', 'en_us', ''),
 ('106', 'field', '35', 'en_us', ' creative direction '),
 ('106', 'slug', '0', 'en_us', ''),
 ('107', 'field', '35', 'en_us', ' concept '),
 ('107', 'slug', '0', 'en_us', ''),
 ('108', 'field', '35', 'en_us', ' strategy '),
 ('108', 'slug', '0', 'en_us', ''),
 ('109', 'username', '0', 'en_us', ' kraftwerk '),
 ('109', 'firstname', '0', 'en_us', ' kraftwerk '),
 ('109', 'lastname', '0', 'en_us', ''),
 ('109', 'fullname', '0', 'en_us', ' kraftwerk '),
 ('109', 'email', '0', 'en_us', ' suzanne achtung nl '),
 ('109', 'slug', '0', 'en_us', ''),
 ('110', 'filename', '0', 'en_us', ' lala png '),
 ('110', 'extension', '0', 'en_us', ' png '),
 ('110', 'kind', '0', 'en_us', ' image '),
 ('110', 'slug', '0', 'en_us', ''),
 ('110', 'title', '0', 'en_us', ' lala '),
 ('111', 'field', '14', 'en_us', ' lala '),
 ('111', 'field', '15', 'en_us', ''),
 ('111', 'field', '19', 'en_us', ' 000000 '),
 ('111', 'field', '57', 'en_us', ' none '),
 ('111', 'field', '58', 'en_us', ' none ');
INSERT INTO `craft_searchindex` (`elementId`, `attribute`, `fieldId`, `locale`, `keywords`) VALUES
 ('111', 'field', '69', 'en_us', ' white '),
 ('111', 'slug', '0', 'en_us', ''),
 ('112', 'filename', '0', 'en_us', ' klm kraftwerk_bg png '),
 ('112', 'extension', '0', 'en_us', ' png '),
 ('112', 'kind', '0', 'en_us', ' image '),
 ('112', 'slug', '0', 'en_us', ''),
 ('112', 'title', '0', 'en_us', ' klm kraftwerk bg '),
 ('113', 'filename', '0', 'en_us', ' visual head png '),
 ('113', 'extension', '0', 'en_us', ' png '),
 ('113', 'kind', '0', 'en_us', ' image '),
 ('113', 'slug', '0', 'en_us', ''),
 ('113', 'title', '0', 'en_us', ' visual head '),
 ('114', 'filename', '0', 'en_us', ' klm kraftwerk_bg png '),
 ('114', 'extension', '0', 'en_us', ' png '),
 ('114', 'kind', '0', 'en_us', ' image '),
 ('114', 'slug', '0', 'en_us', ' klm kraftwerk bg '),
 ('114', 'title', '0', 'en_us', ' klm kraftwerk bg '),
 ('115', 'filename', '0', 'en_us', ' visual head png '),
 ('115', 'extension', '0', 'en_us', ' png '),
 ('115', 'kind', '0', 'en_us', ' image '),
 ('115', 'slug', '0', 'en_us', ''),
 ('115', 'title', '0', 'en_us', ' visual head '),
 ('116', 'filename', '0', 'en_us', ' visual head png '),
 ('116', 'extension', '0', 'en_us', ' png '),
 ('116', 'kind', '0', 'en_us', ' image '),
 ('116', 'slug', '0', 'en_us', ' visual head '),
 ('116', 'title', '0', 'en_us', ' visual head '),
 ('117', 'field', '39', 'en_us', ' turn your transfer into a trip '),
 ('117', 'field', '40', 'en_us', ' background image bg2 '),
 ('117', 'field', '50', 'en_us', ''),
 ('117', 'field', '41', 'en_us', ' klm royal dutch airlines '),
 ('117', 'field', '43', 'en_us', ' mobile application '),
 ('117', 'field', '42', 'en_us', ' http klm com layover '),
 ('117', 'field', '31', 'en_us', ' superhero cheesecake development '),
 ('117', 'field', '34', 'en_us', ' art direction ui design concept development service design character design animation ux design strategy '),
 ('117', 'field', '36', 'en_us', ''),
 ('117', 'field', '3', 'en_us', ' ffffff layover with a local offers klm travelers with a stop of 6 hours or more at amsterdam schiphol airport the opportunity to turn this transfer into a trip big big 000000 black ffffff video 1 small none black reel2015 123456 ffffff by connecting travelers to locals we turn waiting time into wander time and for klm it s just another way to take you somewhere 70% of travelers have a layover in amsterdam layover visual01 left with amsterdam central station just 15 minutes away why not make use of it adventure is just around the corner small big 000000 white ffffff therefore the app uses intelligent matchmaking based on interests shared languages and availability once the traveler requests a meetup we select 3 locals and notify them with a push notification intelligent matchmaking based on interests phone interests right the element of matching up passengers with locals through a social profile can give hesitation big big 000000 black 00a1de the layover guide is made up from dynamic cards that offer relevant actions at the appropiate times real time notifications ensure that the traveler returns to the airport in time a personal layover guide for travelers leaving the airport during a layover is potentially stressful that s why we created a personal layover guide that gives the traveler step by step directions small big ffffff white 00a1de cards transparant2 small none white ffffff video 1 big big black reel2015 123456 ffffff but there is more at selected bars they can get their first drink for free available through an in app coupon as a local you can set your availability so you can meet up with travelers only when you really want to an all inclusive mini trip phones3 right in collaboration with the national railway company we offer the traveler a free train ticket into the city small small 000000 black ffffff in collaboration with language schools the expat centre and local bars we make sure to find locals that are excited for a meetup one lucky local will win a ticket to the country of the traveler so how do we get the locals to sign up we re targeting locals that have an intrinsic motivation to meet up language students for example can practice their italian with a real italian big big 000000 black ffffff macoboks big big black cae3ed posters big big white '),
 ('117', 'slug', '0', 'en_us', ' layover with a local '),
 ('117', 'title', '0', 'en_us', ' klm layover with a local '),
 ('118', 'field', '32', 'en_us', ' development '),
 ('118', 'field', '33', 'en_us', ' superhero cheesecake '),
 ('118', 'slug', '0', 'en_us', ''),
 ('132', 'field', '77', 'en_us', ' 123456 '),
 ('120', 'filename', '0', 'en_us', ' background image bg png '),
 ('120', 'extension', '0', 'en_us', ' png '),
 ('120', 'kind', '0', 'en_us', ' image '),
 ('120', 'slug', '0', 'en_us', ''),
 ('120', 'title', '0', 'en_us', ' background image bg '),
 ('121', 'filename', '0', 'en_us', ' background image bg2 png '),
 ('121', 'extension', '0', 'en_us', ' png '),
 ('121', 'kind', '0', 'en_us', ' image '),
 ('121', 'slug', '0', 'en_us', ''),
 ('121', 'title', '0', 'en_us', ' background image bg2 '),
 ('122', 'field', '35', 'en_us', ' art direction '),
 ('122', 'slug', '0', 'en_us', ''),
 ('123', 'field', '35', 'en_us', ' ui design '),
 ('123', 'slug', '0', 'en_us', ''),
 ('124', 'field', '35', 'en_us', ' concept development '),
 ('124', 'slug', '0', 'en_us', ''),
 ('125', 'field', '35', 'en_us', ' service design '),
 ('125', 'slug', '0', 'en_us', ''),
 ('126', 'field', '35', 'en_us', ' character design '),
 ('126', 'slug', '0', 'en_us', ''),
 ('127', 'field', '35', 'en_us', ' animation '),
 ('127', 'slug', '0', 'en_us', ''),
 ('128', 'field', '35', 'en_us', ' ux design '),
 ('128', 'slug', '0', 'en_us', ''),
 ('129', 'field', '35', 'en_us', ' strategy '),
 ('129', 'slug', '0', 'en_us', ''),
 ('130', 'field', '29', 'en_us', ' layover with a local offers klm travelers with a stop of 6 hours or more at amsterdam schiphol airport the opportunity to turn this transfer into a trip '),
 ('130', 'field', '47', 'en_us', ' 000000 '),
 ('130', 'field', '30', 'en_us', ' ffffff '),
 ('130', 'field', '51', 'en_us', ' big '),
 ('130', 'field', '52', 'en_us', ' big '),
 ('130', 'field', '73', 'en_us', ' black '),
 ('130', 'slug', '0', 'en_us', ''),
 ('131', 'filename', '0', 'en_us', ' video 1 png '),
 ('131', 'extension', '0', 'en_us', ' png '),
 ('131', 'kind', '0', 'en_us', ' image '),
 ('131', 'slug', '0', 'en_us', ''),
 ('131', 'title', '0', 'en_us', ' video 1 '),
 ('132', 'field', '12', 'en_us', ' video 1 '),
 ('132', 'field', '13', 'en_us', ' reel2015 '),
 ('132', 'field', '18', 'en_us', ' ffffff '),
 ('132', 'field', '65', 'en_us', ''),
 ('132', 'field', '55', 'en_us', ' none '),
 ('132', 'field', '56', 'en_us', ' small '),
 ('132', 'field', '68', 'en_us', ' black '),
 ('132', 'slug', '0', 'en_us', ''),
 ('133', 'filename', '0', 'en_us', ' layover visual01 png '),
 ('133', 'extension', '0', 'en_us', ' png '),
 ('133', 'kind', '0', 'en_us', ' image '),
 ('133', 'slug', '0', 'en_us', ''),
 ('133', 'title', '0', 'en_us', ' layover visual01 '),
 ('134', 'field', '4', 'en_us', ' 70% of travelers have a layover in amsterdam '),
 ('134', 'field', '5', 'en_us', ' with amsterdam central station just 15 minutes away why not make use of it adventure is just around the corner '),
 ('134', 'field', '6', 'en_us', ' by connecting travelers to locals we turn waiting time into wander time and for klm it s just another way to take you somewhere '),
 ('134', 'field', '7', 'en_us', ' layover visual01 '),
 ('134', 'field', '45', 'en_us', ' 000000 '),
 ('134', 'field', '8', 'en_us', ' ffffff ');
INSERT INTO `craft_searchindex` (`elementId`, `attribute`, `fieldId`, `locale`, `keywords`) VALUES
 ('134', 'field', '9', 'en_us', ' left '),
 ('134', 'field', '48', 'en_us', ' big '),
 ('134', 'field', '49', 'en_us', ' small '),
 ('134', 'field', '66', 'en_us', ' white '),
 ('134', 'slug', '0', 'en_us', ''),
 ('135', 'filename', '0', 'en_us', ' phone interests png '),
 ('135', 'extension', '0', 'en_us', ' png '),
 ('135', 'kind', '0', 'en_us', ' image '),
 ('135', 'slug', '0', 'en_us', ''),
 ('135', 'title', '0', 'en_us', ' phone interests '),
 ('136', 'field', '4', 'en_us', ' intelligent matchmaking based on interests '),
 ('136', 'field', '5', 'en_us', ' the element of matching up passengers with locals through a social profile can give hesitation '),
 ('136', 'field', '6', 'en_us', ' therefore the app uses intelligent matchmaking based on interests shared languages and availability once the traveler requests a meetup we select 3 locals and notify them with a push notification '),
 ('136', 'field', '7', 'en_us', ' phone interests '),
 ('136', 'field', '45', 'en_us', ' 000000 '),
 ('136', 'field', '8', 'en_us', ' ffffff '),
 ('136', 'field', '9', 'en_us', ' right '),
 ('136', 'field', '48', 'en_us', ' big '),
 ('136', 'field', '49', 'en_us', ' big '),
 ('136', 'field', '66', 'en_us', ' black '),
 ('136', 'slug', '0', 'en_us', ''),
 ('137', 'field', '25', 'en_us', ' a personal layover guide for travelers '),
 ('137', 'field', '26', 'en_us', ' leaving the airport during a layover is potentially stressful that s why we created a personal layover guide that gives the traveler step by step directions '),
 ('137', 'field', '27', 'en_us', ' the layover guide is made up from dynamic cards that offer relevant actions at the appropiate times real time notifications ensure that the traveler returns to the airport in time '),
 ('137', 'field', '44', 'en_us', ' ffffff '),
 ('137', 'field', '28', 'en_us', ' 00a1de '),
 ('137', 'field', '63', 'en_us', ' big '),
 ('137', 'field', '64', 'en_us', ' small '),
 ('137', 'field', '72', 'en_us', ' white '),
 ('137', 'slug', '0', 'en_us', ''),
 ('138', 'filename', '0', 'en_us', ' card bg png '),
 ('138', 'extension', '0', 'en_us', ' png '),
 ('138', 'kind', '0', 'en_us', ' image '),
 ('138', 'slug', '0', 'en_us', ''),
 ('138', 'title', '0', 'en_us', ' card bg '),
 ('142', 'kind', '0', 'en_us', ' image '),
 ('142', 'extension', '0', 'en_us', ' png '),
 ('142', 'filename', '0', 'en_us', ' cards transparant2 png '),
 ('140', 'filename', '0', 'en_us', ' card transparant png '),
 ('140', 'extension', '0', 'en_us', ' png '),
 ('140', 'kind', '0', 'en_us', ' image '),
 ('140', 'slug', '0', 'en_us', ''),
 ('140', 'title', '0', 'en_us', ' card transparant '),
 ('141', 'field', '14', 'en_us', ' cards transparant2 '),
 ('141', 'field', '15', 'en_us', ''),
 ('141', 'field', '19', 'en_us', ' 00a1de '),
 ('141', 'field', '57', 'en_us', ' none '),
 ('141', 'field', '58', 'en_us', ' small '),
 ('141', 'field', '69', 'en_us', ' white '),
 ('141', 'slug', '0', 'en_us', ''),
 ('142', 'slug', '0', 'en_us', ''),
 ('142', 'title', '0', 'en_us', ' cards transparant2 '),
 ('143', 'field', '12', 'en_us', ' video 1 '),
 ('143', 'field', '13', 'en_us', ' reel2015 '),
 ('143', 'field', '18', 'en_us', ' ffffff '),
 ('143', 'field', '65', 'en_us', ''),
 ('143', 'field', '55', 'en_us', ' big '),
 ('143', 'field', '56', 'en_us', ' big '),
 ('143', 'field', '68', 'en_us', ' black '),
 ('143', 'slug', '0', 'en_us', ''),
 ('144', 'filename', '0', 'en_us', ' phones3 png '),
 ('144', 'extension', '0', 'en_us', ' png '),
 ('144', 'kind', '0', 'en_us', ' image '),
 ('144', 'slug', '0', 'en_us', ''),
 ('144', 'title', '0', 'en_us', ' phones3 '),
 ('145', 'field', '4', 'en_us', ' an all inclusive mini trip '),
 ('145', 'field', '5', 'en_us', ' in collaboration with the national railway company we offer the traveler a free train ticket into the city '),
 ('145', 'field', '6', 'en_us', ' but there is more at selected bars they can get their first drink for free available through an in app coupon as a local you can set your availability so you can meet up with travelers only when you really want to '),
 ('145', 'field', '7', 'en_us', ' phones3 '),
 ('145', 'field', '45', 'en_us', ' 000000 '),
 ('145', 'field', '8', 'en_us', ' ffffff '),
 ('145', 'field', '9', 'en_us', ' right '),
 ('145', 'field', '48', 'en_us', ' small '),
 ('145', 'field', '49', 'en_us', ' small '),
 ('145', 'field', '66', 'en_us', ' black '),
 ('145', 'slug', '0', 'en_us', ''),
 ('146', 'filename', '0', 'en_us', ' posters png '),
 ('146', 'extension', '0', 'en_us', ' png '),
 ('146', 'kind', '0', 'en_us', ' image '),
 ('146', 'slug', '0', 'en_us', ''),
 ('146', 'title', '0', 'en_us', ' posters '),
 ('147', 'field', '25', 'en_us', ' so how do we get the locals to sign up '),
 ('147', 'field', '26', 'en_us', ' we re targeting locals that have an intrinsic motivation to meet up language students for example can practice their italian with a real italian '),
 ('147', 'field', '27', 'en_us', ' in collaboration with language schools the expat centre and local bars we make sure to find locals that are excited for a meetup one lucky local will win a ticket to the country of the traveler '),
 ('147', 'field', '44', 'en_us', ' 000000 '),
 ('147', 'field', '28', 'en_us', ' ffffff '),
 ('147', 'field', '63', 'en_us', ' big '),
 ('147', 'field', '64', 'en_us', ' big '),
 ('147', 'field', '72', 'en_us', ' black '),
 ('147', 'slug', '0', 'en_us', ''),
 ('148', 'field', '14', 'en_us', ' posters '),
 ('148', 'field', '15', 'en_us', ''),
 ('148', 'field', '19', 'en_us', ' cae3ed '),
 ('148', 'field', '57', 'en_us', ' big '),
 ('148', 'field', '58', 'en_us', ' big '),
 ('148', 'field', '69', 'en_us', ' white '),
 ('148', 'slug', '0', 'en_us', ''),
 ('149', 'filename', '0', 'en_us', ' macoboks png '),
 ('149', 'extension', '0', 'en_us', ' png '),
 ('149', 'kind', '0', 'en_us', ' image ');
INSERT INTO `craft_searchindex` (`elementId`, `attribute`, `fieldId`, `locale`, `keywords`) VALUES
 ('149', 'slug', '0', 'en_us', ''),
 ('149', 'title', '0', 'en_us', ' macoboks '),
 ('150', 'field', '14', 'en_us', ' macoboks '),
 ('150', 'field', '15', 'en_us', ''),
 ('150', 'field', '19', 'en_us', ' ffffff '),
 ('150', 'field', '57', 'en_us', ' big '),
 ('150', 'field', '58', 'en_us', ' big '),
 ('150', 'field', '69', 'en_us', ' black '),
 ('150', 'slug', '0', 'en_us', ''),
 ('11', 'field', '74', 'en_us', ' ua 74942532 1 '),
 ('97', 'field', '75', 'en_us', ' gogo '),
 ('97', 'field', '76', 'en_us', ' http www google com '),
 ('10', 'field', '75', 'en_us', ' visit project '),
 ('10', 'field', '76', 'en_us', ' http orangina eu '),
 ('19', 'field', '77', 'en_us', ' 156418367 '),
 ('117', 'field', '75', 'en_us', ''),
 ('117', 'field', '76', 'en_us', ''),
 ('143', 'field', '77', 'en_us', ' 123456 '),
 ('151', 'filename', '0', 'en_us', ' chocomel overview jpg '),
 ('151', 'extension', '0', 'en_us', ' jpg '),
 ('151', 'kind', '0', 'en_us', ' image '),
 ('151', 'slug', '0', 'en_us', ''),
 ('151', 'title', '0', 'en_us', ' chocomel overview '),
 ('66', 'field', '83', 'en_us', ' chocomel overview '),
 ('66', 'field', '75', 'en_us', ''),
 ('66', 'field', '76', 'en_us', ''),
 ('80', 'field', '82', 'en_us', ''),
 ('81', 'field', '78', 'en_us', ''),
 ('86', 'field', '78', 'en_us', ''),
 ('89', 'field', '81', 'en_us', ''),
 ('91', 'field', '81', 'en_us', ''),
 ('101', 'field', '81', 'en_us', ''),
 ('10', 'field', '83', 'en_us', ' orangina header background '),
 ('117', 'field', '83', 'en_us', ' background image bg2 '),
 ('12', 'field', '82', 'en_us', ''),
 ('17', 'field', '81', 'en_us', ''),
 ('20', 'field', '81', 'en_us', ''),
 ('23', 'field', '78', 'en_us', ''),
 ('25', 'field', '81', 'en_us', ''),
 ('29', 'field', '79', 'en_us', ''),
 ('130', 'field', '82', 'en_us', ''),
 ('134', 'field', '78', 'en_us', ''),
 ('136', 'field', '78', 'en_us', ''),
 ('137', 'field', '81', 'en_us', ''),
 ('145', 'field', '78', 'en_us', ''),
 ('147', 'field', '81', 'en_us', ''),
 ('97', 'field', '83', 'en_us', ' screen shot 2016 03 01 at 14 56 18 '),
 ('152', 'field', '16', 'en_us', ' screen shot 2016 03 01 at 14 56 18 '),
 ('152', 'field', '59', 'en_us', ' none '),
 ('152', 'field', '60', 'en_us', ' none '),
 ('152', 'field', '70', 'en_us', ' black '),
 ('152', 'slug', '0', 'en_us', ''),
 ('153', 'filename', '0', 'en_us', ' chocomel png '),
 ('153', 'extension', '0', 'en_us', ' png '),
 ('153', 'kind', '0', 'en_us', ' image '),
 ('153', 'slug', '0', 'en_us', ''),
 ('153', 'title', '0', 'en_us', ' chocomel '),
 ('154', 'filename', '0', 'en_us', ' eneco png '),
 ('154', 'extension', '0', 'en_us', ' png '),
 ('154', 'kind', '0', 'en_us', ' image '),
 ('154', 'slug', '0', 'en_us', ''),
 ('154', 'title', '0', 'en_us', ' eneco '),
 ('155', 'filename', '0', 'en_us', ' orangina png '),
 ('155', 'extension', '0', 'en_us', ' png '),
 ('155', 'kind', '0', 'en_us', ' image '),
 ('155', 'slug', '0', 'en_us', ''),
 ('155', 'title', '0', 'en_us', ' orangina '),
 ('156', 'filename', '0', 'en_us', ' philips 2x png '),
 ('156', 'extension', '0', 'en_us', ' png '),
 ('156', 'kind', '0', 'en_us', ' image '),
 ('156', 'slug', '0', 'en_us', ''),
 ('156', 'title', '0', 'en_us', ' philips 2x '),
 ('157', 'filename', '0', 'en_us', ' volkswagen png '),
 ('157', 'extension', '0', 'en_us', ' png '),
 ('157', 'kind', '0', 'en_us', ' image '),
 ('157', 'slug', '0', 'en_us', ''),
 ('157', 'title', '0', 'en_us', ' volkswagen '),
 ('6', 'field', '84', 'en_us', ' chocomel eneco orangina volkswagen ');



DROP TABLE IF EXISTS `craft_sections`;


--
-- Schema for table `craft_sections`
--
CREATE TABLE `craft_sections` (
  `id` int(11) NOT NULL AUTO_INCREMENT,
  `structureId` int(11) DEFAULT NULL,
  `name` varchar(255) COLLATE utf8_unicode_ci NOT NULL,
  `handle` varchar(255) COLLATE utf8_unicode_ci NOT NULL,
  `type` enum('single','channel','structure') COLLATE utf8_unicode_ci NOT NULL DEFAULT 'channel',
  `hasUrls` tinyint(1) unsigned NOT NULL DEFAULT '1',
  `template` varchar(500) COLLATE utf8_unicode_ci DEFAULT NULL,
  `enableVersioning` tinyint(1) unsigned NOT NULL DEFAULT '0',
  `dateCreated` datetime NOT NULL,
  `dateUpdated` datetime NOT NULL,
  `uid` char(36) COLLATE utf8_unicode_ci NOT NULL DEFAULT '0',
  PRIMARY KEY (`id`),
  UNIQUE KEY `craft_sections_name_unq_idx` (`name`),
  UNIQUE KEY `craft_sections_handle_unq_idx` (`handle`),
  KEY `craft_sections_structureId_fk` (`structureId`)
) ENGINE=InnoDB AUTO_INCREMENT=10 DEFAULT CHARSET=utf8 COLLATE=utf8_unicode_ci;

--
-- Data for table `craft_sections`
--

INSERT INTO `craft_sections` (`id`, `structureId`, `name`, `handle`, `type`, `hasUrls`, `template`, `enableVersioning`, `dateCreated`, `dateUpdated`, `uid`) VALUES
 ('3', '1', 'Case', 'case', 'structure', '1', 'case/_entry', '1', '2016-02-25 13:47:27', '2016-03-07 12:16:15', '0f289536-489f-494b-b595-5f99f79e5d8a'),
 ('5', NULL, 'Homepage', 'homepage', 'single', '1', 'layouts/index', '1', '2016-02-25 13:49:09', '2016-03-07 12:52:11', '2c066dbe-4222-44a4-9bc5-ba0fa25b77d1'),
 ('6', NULL, 'About', 'about', 'single', '1', 'layouts/index', '1', '2016-02-25 13:49:30', '2016-03-07 12:52:26', '42d6190b-0660-4b92-a0be-00754f79e5ac'),
 ('7', NULL, 'Contact', 'contact', 'single', '1', 'layouts/index', '1', '2016-02-25 13:49:38', '2016-03-07 12:51:59', '39a13606-522c-426f-99a4-9e3ad711788e'),
 ('9', NULL, 'Work', 'work', 'single', '1', 'layouts/index', '1', '2016-03-07 15:36:18', '2016-03-07 15:36:18', '7161ef55-f095-4ef6-b9d2-4dc7c4ac7ec8');



DROP TABLE IF EXISTS `craft_sections_i18n`;


--
-- Schema for table `craft_sections_i18n`
--
CREATE TABLE `craft_sections_i18n` (
  `id` int(11) NOT NULL AUTO_INCREMENT,
  `sectionId` int(11) NOT NULL,
  `locale` char(12) COLLATE utf8_unicode_ci NOT NULL,
  `enabledByDefault` tinyint(1) unsigned NOT NULL DEFAULT '1',
  `urlFormat` text COLLATE utf8_unicode_ci,
  `nestedUrlFormat` text COLLATE utf8_unicode_ci,
  `dateCreated` datetime NOT NULL,
  `dateUpdated` datetime NOT NULL,
  `uid` char(36) COLLATE utf8_unicode_ci NOT NULL DEFAULT '0',
  PRIMARY KEY (`id`),
  UNIQUE KEY `craft_sections_i18n_sectionId_locale_unq_idx` (`sectionId`,`locale`),
  KEY `craft_sections_i18n_locale_fk` (`locale`)
) ENGINE=InnoDB AUTO_INCREMENT=10 DEFAULT CHARSET=utf8 COLLATE=utf8_unicode_ci;

--
-- Data for table `craft_sections_i18n`
--

INSERT INTO `craft_sections_i18n` (`id`, `sectionId`, `locale`, `enabledByDefault`, `urlFormat`, `nestedUrlFormat`, `dateCreated`, `dateUpdated`, `uid`) VALUES
 ('3', '3', 'en_us', '1', 'work/{slug}', NULL, '2016-02-25 13:47:27', '2016-03-09 16:42:28', '52f43946-6157-4b9f-9486-7559663fccd6'),
 ('5', '5', 'en_us', '1', '__home__', NULL, '2016-02-25 13:49:09', '2016-03-09 16:42:28', '2bc49b0d-91ae-4550-860e-b9c2e0a9b5a3'),
 ('6', '6', 'en_us', '1', 'about', NULL, '2016-02-25 13:49:30', '2016-03-09 16:42:28', '9ca54db3-8a61-422b-b102-f8414bcb2878'),
 ('7', '7', 'en_us', '1', 'contact', NULL, '2016-02-25 13:49:38', '2016-03-09 16:42:28', '8eac3c77-821e-41b4-8577-3b728a995cf9'),
 ('9', '9', 'en_us', '1', 'work', NULL, '2016-03-07 15:36:18', '2016-03-09 16:42:28', 'f1c41fca-5b45-4b87-9362-f9f6ede7f746');



DROP TABLE IF EXISTS `craft_sessions`;


--
-- Schema for table `craft_sessions`
--
CREATE TABLE `craft_sessions` (
  `id` int(11) NOT NULL AUTO_INCREMENT,
  `userId` int(11) NOT NULL,
  `token` char(100) COLLATE utf8_unicode_ci NOT NULL,
  `dateCreated` datetime NOT NULL,
  `dateUpdated` datetime NOT NULL,
  `uid` char(36) COLLATE utf8_unicode_ci NOT NULL DEFAULT '0',
  PRIMARY KEY (`id`),
  KEY `craft_sessions_uid_idx` (`uid`),
  KEY `craft_sessions_token_idx` (`token`),
  KEY `craft_sessions_dateUpdated_idx` (`dateUpdated`),
  KEY `craft_sessions_userId_fk` (`userId`)
) ENGINE=InnoDB AUTO_INCREMENT=10 DEFAULT CHARSET=utf8 COLLATE=utf8_unicode_ci;

DROP TABLE IF EXISTS `craft_shunnedmessages`;


--
-- Schema for table `craft_shunnedmessages`
--
CREATE TABLE `craft_shunnedmessages` (
  `id` int(11) NOT NULL AUTO_INCREMENT,
  `userId` int(11) NOT NULL,
  `message` varchar(255) COLLATE utf8_unicode_ci NOT NULL,
  `expiryDate` datetime DEFAULT NULL,
  `dateCreated` datetime NOT NULL,
  `dateUpdated` datetime NOT NULL,
  `uid` char(36) COLLATE utf8_unicode_ci NOT NULL DEFAULT '0',
  PRIMARY KEY (`id`),
  UNIQUE KEY `craft_shunnedmessages_userId_message_unq_idx` (`userId`,`message`)
) ENGINE=InnoDB DEFAULT CHARSET=utf8 COLLATE=utf8_unicode_ci;

DROP TABLE IF EXISTS `craft_structureelements`;


--
-- Schema for table `craft_structureelements`
--
CREATE TABLE `craft_structureelements` (
  `id` int(11) NOT NULL AUTO_INCREMENT,
  `structureId` int(11) NOT NULL,
  `elementId` int(11) DEFAULT NULL,
  `root` int(11) unsigned DEFAULT NULL,
  `lft` int(11) unsigned NOT NULL,
  `rgt` int(11) unsigned NOT NULL,
  `level` smallint(6) unsigned NOT NULL,
  `dateCreated` datetime NOT NULL,
  `dateUpdated` datetime NOT NULL,
  `uid` char(36) COLLATE utf8_unicode_ci NOT NULL DEFAULT '0',
  PRIMARY KEY (`id`),
  UNIQUE KEY `craft_structureelements_structureId_elementId_unq_idx` (`structureId`,`elementId`),
  KEY `craft_structureelements_root_idx` (`root`),
  KEY `craft_structureelements_lft_idx` (`lft`),
  KEY `craft_structureelements_rgt_idx` (`rgt`),
  KEY `craft_structureelements_level_idx` (`level`),
  KEY `craft_structureelements_elementId_fk` (`elementId`)
) ENGINE=InnoDB AUTO_INCREMENT=9 DEFAULT CHARSET=utf8 COLLATE=utf8_unicode_ci;

--
-- Data for table `craft_structureelements`
--

INSERT INTO `craft_structureelements` (`id`, `structureId`, `elementId`, `root`, `lft`, `rgt`, `level`, `dateCreated`, `dateUpdated`, `uid`) VALUES
 ('1', '1', NULL, '1', '1', '10', '0', '2016-02-25 14:42:11', '2016-02-25 14:42:11', 'ac49b33a-2fb3-4bed-9710-b92750cca985'),
 ('3', '1', '10', '1', '2', '3', '1', '2016-02-25 14:42:24', '2016-02-25 14:42:24', 'e990b2d6-3b55-482a-82fc-19b55480e5e1'),
 ('5', '1', '66', '1', '4', '5', '1', '2016-03-07 15:04:49', '2016-03-07 15:04:49', '17de1f4d-cc8f-4cea-9f50-33be21ac84b1'),
 ('7', '1', '97', '1', '6', '7', '1', '2016-03-16 21:25:32', '2016-03-16 21:25:32', '7e9cdb33-8fdd-4f7e-9463-1a3d6b5423a0'),
 ('8', '1', '117', '1', '8', '9', '1', '2016-03-18 14:24:57', '2016-03-18 14:24:57', '5314b771-c19e-4c10-81d6-f000b5f2bed8');



DROP TABLE IF EXISTS `craft_structures`;


--
-- Schema for table `craft_structures`
--
CREATE TABLE `craft_structures` (
  `id` int(11) NOT NULL AUTO_INCREMENT,
  `maxLevels` smallint(6) unsigned DEFAULT NULL,
  `dateCreated` datetime NOT NULL,
  `dateUpdated` datetime NOT NULL,
  `uid` char(36) COLLATE utf8_unicode_ci NOT NULL DEFAULT '0',
  PRIMARY KEY (`id`)
) ENGINE=InnoDB AUTO_INCREMENT=2 DEFAULT CHARSET=utf8 COLLATE=utf8_unicode_ci;

--
-- Data for table `craft_structures`
--

INSERT INTO `craft_structures` (`id`, `maxLevels`, `dateCreated`, `dateUpdated`, `uid`) VALUES
 ('1', '1', '2016-02-25 14:42:11', '2016-03-07 12:16:15', '54a066d6-3981-4ae0-be93-5371dc6b0ca3');



DROP TABLE IF EXISTS `craft_systemsettings`;


--
-- Schema for table `craft_systemsettings`
--
CREATE TABLE `craft_systemsettings` (
  `id` int(11) NOT NULL AUTO_INCREMENT,
  `category` varchar(15) COLLATE utf8_unicode_ci NOT NULL,
  `settings` text COLLATE utf8_unicode_ci,
  `dateCreated` datetime NOT NULL,
  `dateUpdated` datetime NOT NULL,
  `uid` char(36) COLLATE utf8_unicode_ci NOT NULL DEFAULT '0',
  PRIMARY KEY (`id`),
  UNIQUE KEY `craft_systemsettings_category_unq_idx` (`category`)
) ENGINE=InnoDB AUTO_INCREMENT=2 DEFAULT CHARSET=utf8 COLLATE=utf8_unicode_ci;

--
-- Data for table `craft_systemsettings`
--

INSERT INTO `craft_systemsettings` (`id`, `category`, `settings`, `dateCreated`, `dateUpdated`, `uid`) VALUES
 ('1', 'email', '{\"protocol\":\"php\",\"emailAddress\":\"sara@superherocheesecake.com\",\"senderName\":\"[Kraftwerk] Kraftwerk website\"}', '2016-02-25 11:25:17', '2016-02-25 11:25:17', '3735bf9a-2473-4b6e-8b38-5e9850f987ef');



DROP TABLE IF EXISTS `craft_taggroups`;


--
-- Schema for table `craft_taggroups`
--
CREATE TABLE `craft_taggroups` (
  `id` int(11) NOT NULL AUTO_INCREMENT,
  `name` varchar(255) COLLATE utf8_unicode_ci NOT NULL,
  `handle` varchar(255) COLLATE utf8_unicode_ci NOT NULL,
  `fieldLayoutId` int(10) DEFAULT NULL,
  `dateCreated` datetime NOT NULL,
  `dateUpdated` datetime NOT NULL,
  `uid` char(36) COLLATE utf8_unicode_ci NOT NULL DEFAULT '0',
  PRIMARY KEY (`id`),
  UNIQUE KEY `craft_taggroups_name_unq_idx` (`name`),
  UNIQUE KEY `craft_taggroups_handle_unq_idx` (`handle`),
  KEY `craft_taggroups_fieldLayoutId_fk` (`fieldLayoutId`)
) ENGINE=InnoDB AUTO_INCREMENT=2 DEFAULT CHARSET=utf8 COLLATE=utf8_unicode_ci;

--
-- Data for table `craft_taggroups`
--

INSERT INTO `craft_taggroups` (`id`, `name`, `handle`, `fieldLayoutId`, `dateCreated`, `dateUpdated`, `uid`) VALUES
 ('1', 'Default', 'default', '1', '2016-02-25 11:25:17', '2016-02-25 11:25:17', 'bd03e42b-7841-4a6c-8872-253c21fd63d9');



DROP TABLE IF EXISTS `craft_tags`;


--
-- Schema for table `craft_tags`
--
CREATE TABLE `craft_tags` (
  `id` int(11) NOT NULL,
  `groupId` int(11) NOT NULL,
  `dateCreated` datetime NOT NULL,
  `dateUpdated` datetime NOT NULL,
  `uid` char(36) COLLATE utf8_unicode_ci NOT NULL DEFAULT '0',
  PRIMARY KEY (`id`),
  KEY `craft_tags_groupId_fk` (`groupId`)
) ENGINE=InnoDB DEFAULT CHARSET=utf8 COLLATE=utf8_unicode_ci;

DROP TABLE IF EXISTS `craft_tasks`;


--
-- Schema for table `craft_tasks`
--
CREATE TABLE `craft_tasks` (
  `id` int(11) NOT NULL AUTO_INCREMENT,
  `root` int(11) unsigned DEFAULT NULL,
  `lft` int(11) unsigned NOT NULL,
  `rgt` int(11) unsigned NOT NULL,
  `level` smallint(6) unsigned NOT NULL,
  `currentStep` int(11) unsigned DEFAULT NULL,
  `totalSteps` int(11) unsigned DEFAULT NULL,
  `status` enum('pending','error','running') COLLATE utf8_unicode_ci DEFAULT NULL,
  `type` varchar(150) COLLATE utf8_unicode_ci NOT NULL,
  `description` varchar(255) COLLATE utf8_unicode_ci DEFAULT NULL,
  `settings` text COLLATE utf8_unicode_ci,
  `dateCreated` datetime NOT NULL,
  `dateUpdated` datetime NOT NULL,
  `uid` char(36) COLLATE utf8_unicode_ci NOT NULL DEFAULT '0',
  PRIMARY KEY (`id`),
  KEY `craft_tasks_root_idx` (`root`),
  KEY `craft_tasks_lft_idx` (`lft`),
  KEY `craft_tasks_rgt_idx` (`rgt`),
  KEY `craft_tasks_level_idx` (`level`)
) ENGINE=InnoDB AUTO_INCREMENT=22 DEFAULT CHARSET=utf8 COLLATE=utf8_unicode_ci;

DROP TABLE IF EXISTS `craft_templatecachecriteria`;


--
-- Schema for table `craft_templatecachecriteria`
--
CREATE TABLE `craft_templatecachecriteria` (
  `id` int(11) NOT NULL AUTO_INCREMENT,
  `cacheId` int(11) NOT NULL,
  `type` varchar(150) COLLATE utf8_unicode_ci NOT NULL,
  `criteria` text COLLATE utf8_unicode_ci NOT NULL,
  PRIMARY KEY (`id`),
  KEY `craft_templatecachecriteria_cacheId_fk` (`cacheId`),
  KEY `craft_templatecachecriteria_type_idx` (`type`)
) ENGINE=InnoDB DEFAULT CHARSET=utf8 COLLATE=utf8_unicode_ci;

DROP TABLE IF EXISTS `craft_templatecacheelements`;


--
-- Schema for table `craft_templatecacheelements`
--
CREATE TABLE `craft_templatecacheelements` (
  `cacheId` int(11) NOT NULL,
  `elementId` int(11) NOT NULL,
  KEY `craft_templatecacheelements_cacheId_fk` (`cacheId`),
  KEY `craft_templatecacheelements_elementId_fk` (`elementId`)
) ENGINE=InnoDB DEFAULT CHARSET=utf8 COLLATE=utf8_unicode_ci;

DROP TABLE IF EXISTS `craft_templatecaches`;


--
-- Schema for table `craft_templatecaches`
--
CREATE TABLE `craft_templatecaches` (
  `id` int(11) NOT NULL AUTO_INCREMENT,
  `cacheKey` varchar(255) COLLATE utf8_unicode_ci NOT NULL,
  `locale` char(12) COLLATE utf8_unicode_ci NOT NULL,
  `path` varchar(255) COLLATE utf8_unicode_ci DEFAULT NULL,
  `expiryDate` datetime NOT NULL,
  `body` mediumtext COLLATE utf8_unicode_ci NOT NULL,
  PRIMARY KEY (`id`),
  KEY `craft_templatecaches_expiryDate_cacheKey_locale_path_idx` (`expiryDate`,`cacheKey`,`locale`,`path`),
  KEY `craft_templatecaches_locale_fk` (`locale`)
) ENGINE=InnoDB DEFAULT CHARSET=utf8 COLLATE=utf8_unicode_ci;

DROP TABLE IF EXISTS `craft_tokens`;


--
-- Schema for table `craft_tokens`
--
CREATE TABLE `craft_tokens` (
  `id` int(11) NOT NULL AUTO_INCREMENT,
  `token` char(32) COLLATE utf8_unicode_ci NOT NULL,
  `route` text COLLATE utf8_unicode_ci,
  `usageLimit` tinyint(3) unsigned DEFAULT NULL,
  `usageCount` tinyint(3) unsigned DEFAULT NULL,
  `expiryDate` datetime NOT NULL,
  `dateCreated` datetime NOT NULL,
  `dateUpdated` datetime NOT NULL,
  `uid` char(36) COLLATE utf8_unicode_ci NOT NULL DEFAULT '0',
  PRIMARY KEY (`id`),
  UNIQUE KEY `craft_tokens_token_unq_idx` (`token`),
  KEY `craft_tokens_expiryDate_idx` (`expiryDate`)
) ENGINE=InnoDB DEFAULT CHARSET=utf8 COLLATE=utf8_unicode_ci;

DROP TABLE IF EXISTS `craft_usergroups`;


--
-- Schema for table `craft_usergroups`
--
CREATE TABLE `craft_usergroups` (
  `id` int(11) NOT NULL AUTO_INCREMENT,
  `name` varchar(255) COLLATE utf8_unicode_ci NOT NULL,
  `handle` varchar(255) COLLATE utf8_unicode_ci NOT NULL,
  `dateCreated` datetime NOT NULL,
  `dateUpdated` datetime NOT NULL,
  `uid` char(36) COLLATE utf8_unicode_ci NOT NULL DEFAULT '0',
  PRIMARY KEY (`id`)
) ENGINE=InnoDB DEFAULT CHARSET=utf8 COLLATE=utf8_unicode_ci;

DROP TABLE IF EXISTS `craft_usergroups_users`;


--
-- Schema for table `craft_usergroups_users`
--
CREATE TABLE `craft_usergroups_users` (
  `id` int(11) NOT NULL AUTO_INCREMENT,
  `groupId` int(11) NOT NULL,
  `userId` int(11) NOT NULL,
  `dateCreated` datetime NOT NULL,
  `dateUpdated` datetime NOT NULL,
  `uid` char(36) COLLATE utf8_unicode_ci NOT NULL DEFAULT '0',
  PRIMARY KEY (`id`),
  UNIQUE KEY `craft_usergroups_users_groupId_userId_unq_idx` (`groupId`,`userId`),
  KEY `craft_usergroups_users_userId_fk` (`userId`)
) ENGINE=InnoDB DEFAULT CHARSET=utf8 COLLATE=utf8_unicode_ci;

DROP TABLE IF EXISTS `craft_userpermissions`;


--
-- Schema for table `craft_userpermissions`
--
CREATE TABLE `craft_userpermissions` (
  `id` int(11) NOT NULL AUTO_INCREMENT,
  `name` varchar(255) COLLATE utf8_unicode_ci NOT NULL,
  `dateCreated` datetime NOT NULL,
  `dateUpdated` datetime NOT NULL,
  `uid` char(36) COLLATE utf8_unicode_ci NOT NULL DEFAULT '0',
  PRIMARY KEY (`id`),
  UNIQUE KEY `craft_userpermissions_name_unq_idx` (`name`)
) ENGINE=InnoDB AUTO_INCREMENT=41 DEFAULT CHARSET=utf8 COLLATE=utf8_unicode_ci;

--
-- Data for table `craft_userpermissions`
--

INSERT INTO `craft_userpermissions` (`id`, `name`, `dateCreated`, `dateUpdated`, `uid`) VALUES
 ('1', 'publishentries:6', '2016-03-18 09:37:31', '2016-03-18 09:37:31', '015b14ae-42f9-49d4-b8f9-206a7930894e'),
 ('2', 'publishpeerentrydrafts:6', '2016-03-18 09:37:31', '2016-03-18 09:37:31', '09581e9b-cee3-484c-84a5-11ad7a912bc4'),
 ('3', 'deletepeerentrydrafts:6', '2016-03-18 09:37:31', '2016-03-18 09:37:31', '7f3ea43b-205d-4cff-84dc-39d73fff6c6b'),
 ('4', 'editpeerentrydrafts:6', '2016-03-18 09:37:31', '2016-03-18 09:37:31', '76c3da71-9d75-4fc3-a721-12bb4594390d'),
 ('5', 'editentries:6', '2016-03-18 09:37:31', '2016-03-18 09:37:31', '51a02eec-4ba8-4313-98c8-666f4cba557d'),
 ('6', 'createentries:3', '2016-03-18 09:37:31', '2016-03-18 09:37:31', '068d7598-f1b7-4d46-a95e-d84d8e1dfe48'),
 ('7', 'publishentries:3', '2016-03-18 09:37:31', '2016-03-18 09:37:31', 'c7f6324f-c7e1-45b6-9831-e4aa7041a1d5'),
 ('8', 'deleteentries:3', '2016-03-18 09:37:31', '2016-03-18 09:37:31', 'ff28202a-1926-4a06-9691-87bf8905cbd6'),
 ('9', 'publishpeerentries:3', '2016-03-18 09:37:31', '2016-03-18 09:37:31', '9b54eb93-663a-4c2a-b33f-3d00d7903827'),
 ('10', 'deletepeerentries:3', '2016-03-18 09:37:31', '2016-03-18 09:37:31', 'f01b1bff-8c54-4fa0-a961-453046b374dc'),
 ('11', 'editpeerentries:3', '2016-03-18 09:37:31', '2016-03-18 09:37:31', '22d76899-3f97-4ad8-9c49-13b3f49fdeef'),
 ('12', 'publishpeerentrydrafts:3', '2016-03-18 09:37:31', '2016-03-18 09:37:31', 'b3a5e24f-ad54-47e1-a9bd-2fa1e6a66bc3'),
 ('13', 'deletepeerentrydrafts:3', '2016-03-18 09:37:31', '2016-03-18 09:37:31', '3dcee9cb-7d8b-4845-acd5-e1921de37c38'),
 ('14', 'editpeerentrydrafts:3', '2016-03-18 09:37:31', '2016-03-18 09:37:31', 'f1d8a663-4b1e-400f-9c5c-4ed33beaf404'),
 ('15', 'editentries:3', '2016-03-18 09:37:31', '2016-03-18 09:37:31', 'ad07e87b-8a35-4df2-ae2d-5416d61ad810'),
 ('16', 'publishentries:7', '2016-03-18 09:37:31', '2016-03-18 09:37:31', '3e24f387-aee1-47e6-a58a-1c1bef11ad38'),
 ('17', 'publishpeerentrydrafts:7', '2016-03-18 09:37:31', '2016-03-18 09:37:31', '48818a06-f40a-46b7-ad37-da885718eaaf'),
 ('18', 'deletepeerentrydrafts:7', '2016-03-18 09:37:31', '2016-03-18 09:37:31', '2905c20e-cb91-4002-a4c3-fd392eeb3d1d'),
 ('19', 'editpeerentrydrafts:7', '2016-03-18 09:37:31', '2016-03-18 09:37:31', 'e62445b9-ee4d-4719-8086-45330993407f'),
 ('20', 'editentries:7', '2016-03-18 09:37:31', '2016-03-18 09:37:31', '65ba611e-2deb-44d3-9c62-51eeb332f552'),
 ('21', 'publishentries:5', '2016-03-18 09:37:31', '2016-03-18 09:37:31', '27c535b8-f300-4583-9a54-688f3c3299ed'),
 ('22', 'publishpeerentrydrafts:5', '2016-03-18 09:37:31', '2016-03-18 09:37:31', 'f28c6132-3a84-4394-bb34-db0693d5d0ff'),
 ('23', 'deletepeerentrydrafts:5', '2016-03-18 09:37:31', '2016-03-18 09:37:31', 'c3a80412-a484-466d-b5c8-e6a534172bba'),
 ('24', 'editpeerentrydrafts:5', '2016-03-18 09:37:31', '2016-03-18 09:37:31', 'e26fea71-2041-4ebb-ba99-34b137d1100f'),
 ('25', 'editentries:5', '2016-03-18 09:37:31', '2016-03-18 09:37:31', '76cd1191-34fd-4b94-bccb-928b9e19b3ff'),
 ('26', 'publishentries:9', '2016-03-18 09:37:31', '2016-03-18 09:37:31', '735e962a-fa6f-40d6-97c5-b0e4ce596ef4'),
 ('27', 'publishpeerentrydrafts:9', '2016-03-18 09:37:31', '2016-03-18 09:37:31', 'd8df2ee2-2620-4837-a31c-6936ffef7969'),
 ('28', 'deletepeerentrydrafts:9', '2016-03-18 09:37:31', '2016-03-18 09:37:31', '2fed2b25-603d-42ed-a0c9-f9b61088ad66'),
 ('29', 'editpeerentrydrafts:9', '2016-03-18 09:37:31', '2016-03-18 09:37:31', 'd5e68336-e981-4ce9-848a-729f49cface6'),
 ('30', 'editentries:9', '2016-03-18 09:37:31', '2016-03-18 09:37:31', '426ef41f-bc92-40d7-a1c0-0c680f26fac9'),
 ('31', 'uploadtoassetsource:1', '2016-03-18 09:37:31', '2016-03-18 09:37:31', '1bcb84d5-f9b9-4e30-87cb-4825cc7e66d2'),
 ('32', 'removefromassetsource:1', '2016-03-18 09:37:31', '2016-03-18 09:37:31', '1a654636-f856-4984-8d00-6f30cefcd2ee'),
 ('33', 'viewassetsource:1', '2016-03-18 09:37:31', '2016-03-18 09:37:31', '2f05392f-47a9-44f8-9aab-c8bc4131f3a6'),
 ('34', 'uploadtoassetsource:2', '2016-03-18 09:37:31', '2016-03-18 09:37:31', '971b4563-bffd-4692-a573-1682f5478732'),
 ('35', 'removefromassetsource:2', '2016-03-18 09:37:31', '2016-03-18 09:37:31', 'edd1481b-2802-455d-8c4b-c5588642c779'),
 ('36', 'viewassetsource:2', '2016-03-18 09:37:31', '2016-03-18 09:37:31', '359e11f3-31db-4c37-99c1-e5390ed44746'),
 ('37', 'uploadtoassetsource:3', '2016-03-18 09:37:31', '2016-03-18 09:37:31', '3356a1b9-04f1-4cc1-bc22-498ae0b7ca9b'),
 ('38', 'removefromassetsource:3', '2016-03-18 09:37:31', '2016-03-18 09:37:31', 'e467c073-6868-492c-ae39-42a29d801822'),
 ('39', 'viewassetsource:3', '2016-03-18 09:37:31', '2016-03-18 09:37:31', 'f7f269ec-b4f3-4b6f-a5e5-691553c3b2a7'),
 ('40', 'accesscp', '2016-03-18 09:51:48', '2016-03-18 09:51:48', 'aa1e1fea-2b6c-49b7-ba03-c139fc9c8e3b');



DROP TABLE IF EXISTS `craft_userpermissions_usergroups`;


--
-- Schema for table `craft_userpermissions_usergroups`
--
CREATE TABLE `craft_userpermissions_usergroups` (
  `id` int(11) NOT NULL AUTO_INCREMENT,
  `permissionId` int(11) NOT NULL,
  `groupId` int(11) NOT NULL,
  `dateCreated` datetime NOT NULL,
  `dateUpdated` datetime NOT NULL,
  `uid` char(36) COLLATE utf8_unicode_ci NOT NULL DEFAULT '0',
  PRIMARY KEY (`id`),
  UNIQUE KEY `craft_userpermissions_usergroups_permissionId_groupId_unq_idx` (`permissionId`,`groupId`),
  KEY `craft_userpermissions_usergroups_groupId_fk` (`groupId`)
) ENGINE=InnoDB DEFAULT CHARSET=utf8 COLLATE=utf8_unicode_ci;

DROP TABLE IF EXISTS `craft_userpermissions_users`;


--
-- Schema for table `craft_userpermissions_users`
--
CREATE TABLE `craft_userpermissions_users` (
  `id` int(11) NOT NULL AUTO_INCREMENT,
  `permissionId` int(11) NOT NULL,
  `userId` int(11) NOT NULL,
  `dateCreated` datetime NOT NULL,
  `dateUpdated` datetime NOT NULL,
  `uid` char(36) COLLATE utf8_unicode_ci NOT NULL DEFAULT '0',
  PRIMARY KEY (`id`),
  UNIQUE KEY `craft_userpermissions_users_permissionId_userId_unq_idx` (`permissionId`,`userId`),
  KEY `craft_userpermissions_users_userId_fk` (`userId`)
) ENGINE=InnoDB AUTO_INCREMENT=120 DEFAULT CHARSET=utf8 COLLATE=utf8_unicode_ci;

--
-- Data for table `craft_userpermissions_users`
--

INSERT INTO `craft_userpermissions_users` (`id`, `permissionId`, `userId`, `dateCreated`, `dateUpdated`, `uid`) VALUES
 ('80', '40', '109', '2016-03-18 09:52:02', '2016-03-18 09:52:02', 'e05941bb-dc83-4f25-a945-4ad305b31c3f'),
 ('81', '1', '109', '2016-03-18 09:52:02', '2016-03-18 09:52:02', '482eb847-651c-4ff5-9099-bf9777f77d06'),
 ('82', '2', '109', '2016-03-18 09:52:02', '2016-03-18 09:52:02', '8f698399-461e-40a7-b39b-a9388aa3b37a'),
 ('83', '3', '109', '2016-03-18 09:52:02', '2016-03-18 09:52:02', 'efc733fc-f963-4eff-897e-d2b8f3ac8bad'),
 ('84', '4', '109', '2016-03-18 09:52:02', '2016-03-18 09:52:02', '07cfc8a4-e900-4881-8a02-12f94f6251d6'),
 ('85', '5', '109', '2016-03-18 09:52:02', '2016-03-18 09:52:02', '6df564bd-34a4-445c-8cfe-69c01a57e995'),
 ('86', '6', '109', '2016-03-18 09:52:02', '2016-03-18 09:52:02', '5285f1b7-dbe1-45e1-8696-102185a09312'),
 ('87', '7', '109', '2016-03-18 09:52:02', '2016-03-18 09:52:02', '01875961-c02b-46d3-8e7d-3ac10657d8e1'),
 ('88', '8', '109', '2016-03-18 09:52:02', '2016-03-18 09:52:02', '3537db5d-baf1-4ddc-816c-5a29d7be7d21'),
 ('89', '9', '109', '2016-03-18 09:52:02', '2016-03-18 09:52:02', '021354da-ca48-4f6c-aa49-81b9c0f702ce'),
 ('90', '10', '109', '2016-03-18 09:52:02', '2016-03-18 09:52:02', 'b23c2894-db88-4439-a3fc-6cb129c0b49d'),
 ('91', '11', '109', '2016-03-18 09:52:02', '2016-03-18 09:52:02', '19a70b14-baea-4750-8e01-4b1e99c5bd51'),
 ('92', '12', '109', '2016-03-18 09:52:02', '2016-03-18 09:52:02', '9965c12e-3054-4b07-b841-e2c42ea1731d'),
 ('93', '13', '109', '2016-03-18 09:52:02', '2016-03-18 09:52:02', '8242d97d-1bc3-4806-945b-f2df4726b6e4'),
 ('94', '14', '109', '2016-03-18 09:52:02', '2016-03-18 09:52:02', '16da9ed9-f91a-4a60-833e-c0685374926b'),
 ('95', '15', '109', '2016-03-18 09:52:02', '2016-03-18 09:52:02', '98b24ece-c87b-4bfc-af6e-1328ed1cd304'),
 ('96', '16', '109', '2016-03-18 09:52:02', '2016-03-18 09:52:02', '705e23fe-e76c-4697-85ae-be5c493f16ed'),
 ('97', '17', '109', '2016-03-18 09:52:02', '2016-03-18 09:52:02', '7b320385-85e3-445a-8231-7f7f2281cd02'),
 ('98', '18', '109', '2016-03-18 09:52:02', '2016-03-18 09:52:02', '70c26fea-237e-458f-849f-52933730aeed'),
 ('99', '19', '109', '2016-03-18 09:52:02', '2016-03-18 09:52:02', 'b827409c-1564-49bf-b3a1-2c965da90fdb'),
 ('100', '20', '109', '2016-03-18 09:52:02', '2016-03-18 09:52:02', '1199506b-2e19-47dd-89ca-8f5af15eeef0'),
 ('101', '21', '109', '2016-03-18 09:52:02', '2016-03-18 09:52:02', 'ec3b60cd-38ef-42c3-a0e8-8cadc877d722'),
 ('102', '22', '109', '2016-03-18 09:52:02', '2016-03-18 09:52:02', '99955b61-13bf-491e-a1cc-bf18e16bdefb'),
 ('103', '23', '109', '2016-03-18 09:52:02', '2016-03-18 09:52:02', 'e719e4e1-ec15-44af-ae22-a030d815c019'),
 ('104', '24', '109', '2016-03-18 09:52:02', '2016-03-18 09:52:02', '90d0b80a-8780-4487-94e8-217f536ad250'),
 ('105', '25', '109', '2016-03-18 09:52:02', '2016-03-18 09:52:02', 'a9b49d29-a158-4bc6-b24c-56a944963d62'),
 ('106', '26', '109', '2016-03-18 09:52:02', '2016-03-18 09:52:02', '5c6a17a7-4be6-4bc0-b966-09d245cc6481'),
 ('107', '27', '109', '2016-03-18 09:52:02', '2016-03-18 09:52:02', '0ed37887-f9b9-4b09-89c9-3f65610d43bb'),
 ('108', '28', '109', '2016-03-18 09:52:02', '2016-03-18 09:52:02', '1a2ec6b7-9a44-4ace-b59b-b0cff0eb5e6f'),
 ('109', '29', '109', '2016-03-18 09:52:02', '2016-03-18 09:52:02', '12af3653-1638-447b-b1da-647337418626'),
 ('110', '30', '109', '2016-03-18 09:52:02', '2016-03-18 09:52:02', '01834a77-0e61-4564-80f4-57070373ae2a'),
 ('111', '31', '109', '2016-03-18 09:52:02', '2016-03-18 09:52:02', 'd2993a5a-f906-4521-a008-347c9ef87db7'),
 ('112', '32', '109', '2016-03-18 09:52:02', '2016-03-18 09:52:02', '21aa75ce-fddf-49f0-a04b-0b829f61ae6f'),
 ('113', '33', '109', '2016-03-18 09:52:02', '2016-03-18 09:52:02', 'd426ab5e-47b2-487f-9219-31c0d2d71537'),
 ('114', '34', '109', '2016-03-18 09:52:02', '2016-03-18 09:52:02', 'ec900c2a-3120-40e7-89c1-1da1e352456c'),
 ('115', '35', '109', '2016-03-18 09:52:02', '2016-03-18 09:52:02', 'e8e16c16-4b1b-410a-9649-98ea4e8b73ca'),
 ('116', '36', '109', '2016-03-18 09:52:02', '2016-03-18 09:52:02', '09077bd7-7ce5-497d-8d29-aff9e5a03614'),
 ('117', '37', '109', '2016-03-18 09:52:02', '2016-03-18 09:52:02', 'ca82c38f-251a-4ec4-882d-109e654ece58'),
 ('118', '38', '109', '2016-03-18 09:52:02', '2016-03-18 09:52:02', '04b8128b-004b-4d72-bcfb-d31517d1c70c'),
 ('119', '39', '109', '2016-03-18 09:52:02', '2016-03-18 09:52:02', '30410811-88c2-42dc-a99e-f7306015d715');



DROP TABLE IF EXISTS `craft_users`;


--
-- Schema for table `craft_users`
--
CREATE TABLE `craft_users` (
  `id` int(11) NOT NULL,
  `username` varchar(100) COLLATE utf8_unicode_ci NOT NULL,
  `photo` varchar(100) COLLATE utf8_unicode_ci DEFAULT NULL,
  `firstName` varchar(100) COLLATE utf8_unicode_ci DEFAULT NULL,
  `lastName` varchar(100) COLLATE utf8_unicode_ci DEFAULT NULL,
  `email` varchar(255) COLLATE utf8_unicode_ci NOT NULL,
  `password` char(255) COLLATE utf8_unicode_ci DEFAULT NULL,
  `preferredLocale` char(12) COLLATE utf8_unicode_ci DEFAULT NULL,
  `weekStartDay` tinyint(1) unsigned NOT NULL DEFAULT '0',
  `admin` tinyint(1) unsigned NOT NULL DEFAULT '0',
  `client` tinyint(1) unsigned NOT NULL DEFAULT '0',
  `locked` tinyint(1) unsigned NOT NULL DEFAULT '0',
  `suspended` tinyint(1) unsigned NOT NULL DEFAULT '0',
  `pending` tinyint(1) unsigned NOT NULL DEFAULT '0',
  `archived` tinyint(1) unsigned NOT NULL DEFAULT '0',
  `lastLoginDate` datetime DEFAULT NULL,
  `lastLoginAttemptIPAddress` varchar(45) COLLATE utf8_unicode_ci DEFAULT NULL,
  `invalidLoginWindowStart` datetime DEFAULT NULL,
  `invalidLoginCount` tinyint(4) unsigned DEFAULT NULL,
  `lastInvalidLoginDate` datetime DEFAULT NULL,
  `lockoutDate` datetime DEFAULT NULL,
  `verificationCode` char(100) COLLATE utf8_unicode_ci DEFAULT NULL,
  `verificationCodeIssuedDate` datetime DEFAULT NULL,
  `unverifiedEmail` varchar(255) COLLATE utf8_unicode_ci DEFAULT NULL,
  `passwordResetRequired` tinyint(1) unsigned NOT NULL DEFAULT '0',
  `lastPasswordChangeDate` datetime DEFAULT NULL,
  `dateCreated` datetime NOT NULL,
  `dateUpdated` datetime NOT NULL,
  `uid` char(36) COLLATE utf8_unicode_ci NOT NULL DEFAULT '0',
  PRIMARY KEY (`id`),
  UNIQUE KEY `craft_users_username_unq_idx` (`username`),
  UNIQUE KEY `craft_users_email_unq_idx` (`email`),
  KEY `craft_users_verificationCode_idx` (`verificationCode`),
  KEY `craft_users_uid_idx` (`uid`),
  KEY `craft_users_preferredLocale_fk` (`preferredLocale`)
) ENGINE=InnoDB DEFAULT CHARSET=utf8 COLLATE=utf8_unicode_ci;

--
-- Data for table `craft_users`
--

INSERT INTO `craft_users` (`id`, `username`, `photo`, `firstName`, `lastName`, `email`, `password`, `preferredLocale`, `weekStartDay`, `admin`, `client`, `locked`, `suspended`, `pending`, `archived`, `lastLoginDate`, `lastLoginAttemptIPAddress`, `invalidLoginWindowStart`, `invalidLoginCount`, `lastInvalidLoginDate`, `lockoutDate`, `verificationCode`, `verificationCodeIssuedDate`, `unverifiedEmail`, `passwordResetRequired`, `lastPasswordChangeDate`, `dateCreated`, `dateUpdated`, `uid`) VALUES
 ('1', 'shcc', NULL, 'Superhero ', 'Cheesecake', 'backend@superherocheesecake.com', '$2y$13$j/auA452MFR4bFvP.CNsAesWg6reEjdcwLhZufBx4PNCN1VcTsca.', NULL, '1', '1', '0', '0', '0', '0', '0', '2016-04-01 08:15:51', '10.0.0.1', NULL, NULL, '2016-03-16 19:01:42', NULL, NULL, NULL, NULL, '0', '2016-03-17 13:38:38', '2016-02-25 11:25:17', '2016-04-01 08:15:51', 'dfb1ea83-dc50-4720-ab26-bfeb103e4027'),
 ('109', 'kraftwerk', NULL, 'Kraftwerk', '', 'suzanne@achtung.nl', '$2y$13$AUESNtuP90v6LZvqOn1pluhZgTq/Ko2gkMhG5p3RqcF.i0cZ7sXY2', NULL, '0', '0', '1', '0', '0', '0', '0', '2016-03-22 10:55:17', '95.97.15.251', NULL, NULL, NULL, NULL, NULL, NULL, NULL, '0', '2016-03-18 14:16:05', '2016-03-18 09:37:31', '2016-03-22 10:55:17', 'f5bc0a0c-bd16-4424-841d-096d5c88e0ee');



DROP TABLE IF EXISTS `craft_widgets`;


--
-- Schema for table `craft_widgets`
--
CREATE TABLE `craft_widgets` (
  `id` int(11) NOT NULL AUTO_INCREMENT,
  `userId` int(11) NOT NULL,
  `type` varchar(150) COLLATE utf8_unicode_ci NOT NULL,
  `sortOrder` smallint(6) unsigned DEFAULT NULL,
  `colspan` tinyint(4) unsigned DEFAULT NULL,
  `settings` text COLLATE utf8_unicode_ci,
  `enabled` tinyint(1) unsigned NOT NULL DEFAULT '1',
  `dateCreated` datetime NOT NULL,
  `dateUpdated` datetime NOT NULL,
  `uid` char(36) COLLATE utf8_unicode_ci NOT NULL DEFAULT '0',
  PRIMARY KEY (`id`),
  KEY `craft_widgets_userId_fk` (`userId`)
) ENGINE=InnoDB AUTO_INCREMENT=7 DEFAULT CHARSET=utf8 COLLATE=utf8_unicode_ci;

--
-- Data for table `craft_widgets`
--

INSERT INTO `craft_widgets` (`id`, `userId`, `type`, `sortOrder`, `colspan`, `settings`, `enabled`, `dateCreated`, `dateUpdated`, `uid`) VALUES
 ('1', '1', 'RecentEntries', '1', NULL, NULL, '1', '2016-02-25 11:25:19', '2016-02-25 11:25:19', '9cf71045-d4b6-4e4b-96f9-fd3dc4a6d4ec'),
 ('2', '1', 'GetHelp', '2', NULL, NULL, '0', '2016-02-25 11:25:19', '2016-02-25 15:50:05', '55e551e1-ddf0-4854-bdfc-ce603f71ccbe'),
 ('3', '1', 'Updates', '3', NULL, NULL, '1', '2016-02-25 11:25:19', '2016-02-25 11:25:19', 'c702e52e-4d2d-4165-99b0-f662081a4fd5'),
 ('4', '1', 'Feed', '4', NULL, '{\"url\":\"https:\\/\\/craftcms.com\\/news.rss\",\"title\":\"Craft News\"}', '0', '2016-02-25 11:25:19', '2016-02-25 15:50:11', 'a3530f4b-bd69-4641-ad80-4814303cb49b'),
 ('5', '109', 'RecentEntries', '1', NULL, NULL, '1', '2016-03-18 09:52:13', '2016-03-18 09:52:13', '75747611-3b0c-4bed-a881-bc0cd82c1491'),
 ('6', '109', 'Feed', '2', NULL, '{\"url\":\"https:\\/\\/craftcms.com\\/news.rss\",\"title\":\"Craft News\"}', '0', '2016-03-18 09:52:13', '2016-03-18 09:52:35', '889ca7f9-1e81-4cb5-862d-807360a8c2b0');


--
-- Constraints for tables
--


--
-- Constraints for table `craft_assetfiles`
--
ALTER TABLE `craft_assetfiles`
	ADD CONSTRAINT `craft_assetfiles_folderId_fk` FOREIGN KEY (`folderId`) REFERENCES `craft_assetfolders` (`id`) ON DELETE CASCADE,
	ADD CONSTRAINT `craft_assetfiles_id_fk` FOREIGN KEY (`id`) REFERENCES `craft_elements` (`id`) ON DELETE CASCADE,
	ADD CONSTRAINT `craft_assetfiles_sourceId_fk` FOREIGN KEY (`sourceId`) REFERENCES `craft_assetsources` (`id`) ON DELETE CASCADE;

--
-- Constraints for table `craft_assetfolders`
--
ALTER TABLE `craft_assetfolders`
	ADD CONSTRAINT `craft_assetfolders_parentId_fk` FOREIGN KEY (`parentId`) REFERENCES `craft_assetfolders` (`id`) ON DELETE CASCADE,
	ADD CONSTRAINT `craft_assetfolders_sourceId_fk` FOREIGN KEY (`sourceId`) REFERENCES `craft_assetsources` (`id`) ON DELETE CASCADE;

--
-- Constraints for table `craft_assetindexdata`
--
ALTER TABLE `craft_assetindexdata`
	ADD CONSTRAINT `craft_assetindexdata_sourceId_fk` FOREIGN KEY (`sourceId`) REFERENCES `craft_assetsources` (`id`) ON DELETE CASCADE;

--
-- Constraints for table `craft_assetsources`
--
ALTER TABLE `craft_assetsources`
	ADD CONSTRAINT `craft_assetsources_fieldLayoutId_fk` FOREIGN KEY (`fieldLayoutId`) REFERENCES `craft_fieldlayouts` (`id`) ON DELETE SET NULL;

--
-- Constraints for table `craft_categories`
--
ALTER TABLE `craft_categories`
	ADD CONSTRAINT `craft_categories_groupId_fk` FOREIGN KEY (`groupId`) REFERENCES `craft_categorygroups` (`id`) ON DELETE CASCADE,
	ADD CONSTRAINT `craft_categories_id_fk` FOREIGN KEY (`id`) REFERENCES `craft_elements` (`id`) ON DELETE CASCADE;

--
-- Constraints for table `craft_categorygroups`
--
ALTER TABLE `craft_categorygroups`
	ADD CONSTRAINT `craft_categorygroups_fieldLayoutId_fk` FOREIGN KEY (`fieldLayoutId`) REFERENCES `craft_fieldlayouts` (`id`) ON DELETE SET NULL,
	ADD CONSTRAINT `craft_categorygroups_structureId_fk` FOREIGN KEY (`structureId`) REFERENCES `craft_structures` (`id`) ON DELETE CASCADE;

--
-- Constraints for table `craft_categorygroups_i18n`
--
ALTER TABLE `craft_categorygroups_i18n`
	ADD CONSTRAINT `craft_categorygroups_i18n_groupId_fk` FOREIGN KEY (`groupId`) REFERENCES `craft_categorygroups` (`id`) ON DELETE CASCADE,
	ADD CONSTRAINT `craft_categorygroups_i18n_locale_fk` FOREIGN KEY (`locale`) REFERENCES `craft_locales` (`locale`) ON DELETE CASCADE ON UPDATE CASCADE;

--
-- Constraints for table `craft_content`
--
ALTER TABLE `craft_content`
	ADD CONSTRAINT `craft_content_elementId_fk` FOREIGN KEY (`elementId`) REFERENCES `craft_elements` (`id`) ON DELETE CASCADE,
	ADD CONSTRAINT `craft_content_locale_fk` FOREIGN KEY (`locale`) REFERENCES `craft_locales` (`locale`) ON DELETE CASCADE ON UPDATE CASCADE;

--
-- Constraints for table `craft_elements_i18n`
--
ALTER TABLE `craft_elements_i18n`
	ADD CONSTRAINT `craft_elements_i18n_elementId_fk` FOREIGN KEY (`elementId`) REFERENCES `craft_elements` (`id`) ON DELETE CASCADE,
	ADD CONSTRAINT `craft_elements_i18n_locale_fk` FOREIGN KEY (`locale`) REFERENCES `craft_locales` (`locale`) ON DELETE CASCADE ON UPDATE CASCADE;

--
-- Constraints for table `craft_emailmessages`
--
ALTER TABLE `craft_emailmessages`
	ADD CONSTRAINT `craft_emailmessages_locale_fk` FOREIGN KEY (`locale`) REFERENCES `craft_locales` (`locale`) ON DELETE CASCADE ON UPDATE CASCADE;

--
-- Constraints for table `craft_entries`
--
ALTER TABLE `craft_entries`
	ADD CONSTRAINT `craft_entries_authorId_fk` FOREIGN KEY (`authorId`) REFERENCES `craft_users` (`id`) ON DELETE CASCADE,
	ADD CONSTRAINT `craft_entries_id_fk` FOREIGN KEY (`id`) REFERENCES `craft_elements` (`id`) ON DELETE CASCADE,
	ADD CONSTRAINT `craft_entries_sectionId_fk` FOREIGN KEY (`sectionId`) REFERENCES `craft_sections` (`id`) ON DELETE CASCADE,
	ADD CONSTRAINT `craft_entries_typeId_fk` FOREIGN KEY (`typeId`) REFERENCES `craft_entrytypes` (`id`) ON DELETE CASCADE;

--
-- Constraints for table `craft_entrydrafts`
--
ALTER TABLE `craft_entrydrafts`
	ADD CONSTRAINT `craft_entrydrafts_creatorId_fk` FOREIGN KEY (`creatorId`) REFERENCES `craft_users` (`id`) ON DELETE CASCADE,
	ADD CONSTRAINT `craft_entrydrafts_entryId_fk` FOREIGN KEY (`entryId`) REFERENCES `craft_entries` (`id`) ON DELETE CASCADE,
	ADD CONSTRAINT `craft_entrydrafts_locale_fk` FOREIGN KEY (`locale`) REFERENCES `craft_locales` (`locale`) ON DELETE CASCADE ON UPDATE CASCADE,
	ADD CONSTRAINT `craft_entrydrafts_sectionId_fk` FOREIGN KEY (`sectionId`) REFERENCES `craft_sections` (`id`) ON DELETE CASCADE;

--
-- Constraints for table `craft_entrytypes`
--
ALTER TABLE `craft_entrytypes`
	ADD CONSTRAINT `craft_entrytypes_fieldLayoutId_fk` FOREIGN KEY (`fieldLayoutId`) REFERENCES `craft_fieldlayouts` (`id`) ON DELETE SET NULL,
	ADD CONSTRAINT `craft_entrytypes_sectionId_fk` FOREIGN KEY (`sectionId`) REFERENCES `craft_sections` (`id`) ON DELETE CASCADE;

--
-- Constraints for table `craft_entryversions`
--
ALTER TABLE `craft_entryversions`
	ADD CONSTRAINT `craft_entryversions_creatorId_fk` FOREIGN KEY (`creatorId`) REFERENCES `craft_users` (`id`) ON DELETE SET NULL,
	ADD CONSTRAINT `craft_entryversions_entryId_fk` FOREIGN KEY (`entryId`) REFERENCES `craft_entries` (`id`) ON DELETE CASCADE,
	ADD CONSTRAINT `craft_entryversions_locale_fk` FOREIGN KEY (`locale`) REFERENCES `craft_locales` (`locale`) ON DELETE CASCADE ON UPDATE CASCADE,
	ADD CONSTRAINT `craft_entryversions_sectionId_fk` FOREIGN KEY (`sectionId`) REFERENCES `craft_sections` (`id`) ON DELETE CASCADE;

--
-- Constraints for table `craft_fieldlayoutfields`
--
ALTER TABLE `craft_fieldlayoutfields`
	ADD CONSTRAINT `craft_fieldlayoutfields_fieldId_fk` FOREIGN KEY (`fieldId`) REFERENCES `craft_fields` (`id`) ON DELETE CASCADE,
	ADD CONSTRAINT `craft_fieldlayoutfields_layoutId_fk` FOREIGN KEY (`layoutId`) REFERENCES `craft_fieldlayouts` (`id`) ON DELETE CASCADE,
	ADD CONSTRAINT `craft_fieldlayoutfields_tabId_fk` FOREIGN KEY (`tabId`) REFERENCES `craft_fieldlayouttabs` (`id`) ON DELETE CASCADE;

--
-- Constraints for table `craft_fieldlayouttabs`
--
ALTER TABLE `craft_fieldlayouttabs`
	ADD CONSTRAINT `craft_fieldlayouttabs_layoutId_fk` FOREIGN KEY (`layoutId`) REFERENCES `craft_fieldlayouts` (`id`) ON DELETE CASCADE;

--
-- Constraints for table `craft_fields`
--
ALTER TABLE `craft_fields`
	ADD CONSTRAINT `craft_fields_groupId_fk` FOREIGN KEY (`groupId`) REFERENCES `craft_fieldgroups` (`id`) ON DELETE CASCADE;

--
-- Constraints for table `craft_globalsets`
--
ALTER TABLE `craft_globalsets`
	ADD CONSTRAINT `craft_globalsets_fieldLayoutId_fk` FOREIGN KEY (`fieldLayoutId`) REFERENCES `craft_fieldlayouts` (`id`) ON DELETE SET NULL,
	ADD CONSTRAINT `craft_globalsets_id_fk` FOREIGN KEY (`id`) REFERENCES `craft_elements` (`id`) ON DELETE CASCADE;

--
-- Constraints for table `craft_matrixblocks`
--
ALTER TABLE `craft_matrixblocks`
	ADD CONSTRAINT `craft_matrixblocks_fieldId_fk` FOREIGN KEY (`fieldId`) REFERENCES `craft_fields` (`id`) ON DELETE CASCADE,
	ADD CONSTRAINT `craft_matrixblocks_id_fk` FOREIGN KEY (`id`) REFERENCES `craft_elements` (`id`) ON DELETE CASCADE,
	ADD CONSTRAINT `craft_matrixblocks_ownerId_fk` FOREIGN KEY (`ownerId`) REFERENCES `craft_elements` (`id`) ON DELETE CASCADE,
	ADD CONSTRAINT `craft_matrixblocks_ownerLocale_fk` FOREIGN KEY (`ownerLocale`) REFERENCES `craft_locales` (`locale`) ON DELETE CASCADE ON UPDATE CASCADE,
	ADD CONSTRAINT `craft_matrixblocks_typeId_fk` FOREIGN KEY (`typeId`) REFERENCES `craft_matrixblocktypes` (`id`) ON DELETE CASCADE;

--
-- Constraints for table `craft_matrixblocktypes`
--
ALTER TABLE `craft_matrixblocktypes`
	ADD CONSTRAINT `craft_matrixblocktypes_fieldId_fk` FOREIGN KEY (`fieldId`) REFERENCES `craft_fields` (`id`) ON DELETE CASCADE,
	ADD CONSTRAINT `craft_matrixblocktypes_fieldLayoutId_fk` FOREIGN KEY (`fieldLayoutId`) REFERENCES `craft_fieldlayouts` (`id`) ON DELETE SET NULL;

--
-- Constraints for table `craft_matrixcontent_casesections`
--
ALTER TABLE `craft_matrixcontent_casesections`
	ADD CONSTRAINT `craft_matrixcontent_casesections_elementId_fk` FOREIGN KEY (`elementId`) REFERENCES `craft_elements` (`id`) ON DELETE CASCADE,
	ADD CONSTRAINT `craft_matrixcontent_casesections_locale_fk` FOREIGN KEY (`locale`) REFERENCES `craft_locales` (`locale`) ON DELETE CASCADE ON UPDATE CASCADE;

--
-- Constraints for table `craft_matrixcontent_credits`
--
ALTER TABLE `craft_matrixcontent_credits`
	ADD CONSTRAINT `craft_matrixcontent_credits_elementId_fk` FOREIGN KEY (`elementId`) REFERENCES `craft_elements` (`id`) ON DELETE CASCADE,
	ADD CONSTRAINT `craft_matrixcontent_credits_locale_fk` FOREIGN KEY (`locale`) REFERENCES `craft_locales` (`locale`) ON DELETE CASCADE ON UPDATE CASCADE;

--
-- Constraints for table `craft_matrixcontent_honours`
--
ALTER TABLE `craft_matrixcontent_honours`
	ADD CONSTRAINT `craft_matrixcontent_honours_elementId_fk` FOREIGN KEY (`elementId`) REFERENCES `craft_elements` (`id`) ON DELETE CASCADE,
	ADD CONSTRAINT `craft_matrixcontent_honours_locale_fk` FOREIGN KEY (`locale`) REFERENCES `craft_locales` (`locale`) ON DELETE CASCADE ON UPDATE CASCADE;

--
-- Constraints for table `craft_matrixcontent_roles`
--
ALTER TABLE `craft_matrixcontent_roles`
	ADD CONSTRAINT `craft_matrixcontent_roles_elementId_fk` FOREIGN KEY (`elementId`) REFERENCES `craft_elements` (`id`) ON DELETE CASCADE,
	ADD CONSTRAINT `craft_matrixcontent_roles_locale_fk` FOREIGN KEY (`locale`) REFERENCES `craft_locales` (`locale`) ON DELETE CASCADE ON UPDATE CASCADE;

--
-- Constraints for table `craft_migrations`
--
ALTER TABLE `craft_migrations`
	ADD CONSTRAINT `craft_migrations_pluginId_fk` FOREIGN KEY (`pluginId`) REFERENCES `craft_plugins` (`id`) ON DELETE CASCADE;

--
-- Constraints for table `craft_relations`
--
ALTER TABLE `craft_relations`
	ADD CONSTRAINT `craft_relations_fieldId_fk` FOREIGN KEY (`fieldId`) REFERENCES `craft_fields` (`id`) ON DELETE CASCADE,
	ADD CONSTRAINT `craft_relations_sourceId_fk` FOREIGN KEY (`sourceId`) REFERENCES `craft_elements` (`id`) ON DELETE CASCADE,
	ADD CONSTRAINT `craft_relations_sourceLocale_fk` FOREIGN KEY (`sourceLocale`) REFERENCES `craft_locales` (`locale`) ON DELETE CASCADE ON UPDATE CASCADE,
	ADD CONSTRAINT `craft_relations_targetId_fk` FOREIGN KEY (`targetId`) REFERENCES `craft_elements` (`id`) ON DELETE CASCADE;

--
-- Constraints for table `craft_routes`
--
ALTER TABLE `craft_routes`
	ADD CONSTRAINT `craft_routes_locale_fk` FOREIGN KEY (`locale`) REFERENCES `craft_locales` (`locale`) ON DELETE CASCADE ON UPDATE CASCADE;

--
-- Constraints for table `craft_sections`
--
ALTER TABLE `craft_sections`
	ADD CONSTRAINT `craft_sections_structureId_fk` FOREIGN KEY (`structureId`) REFERENCES `craft_structures` (`id`) ON DELETE SET NULL;

--
-- Constraints for table `craft_sections_i18n`
--
ALTER TABLE `craft_sections_i18n`
	ADD CONSTRAINT `craft_sections_i18n_locale_fk` FOREIGN KEY (`locale`) REFERENCES `craft_locales` (`locale`) ON DELETE CASCADE ON UPDATE CASCADE,
	ADD CONSTRAINT `craft_sections_i18n_sectionId_fk` FOREIGN KEY (`sectionId`) REFERENCES `craft_sections` (`id`) ON DELETE CASCADE;

--
-- Constraints for table `craft_sessions`
--
ALTER TABLE `craft_sessions`
	ADD CONSTRAINT `craft_sessions_userId_fk` FOREIGN KEY (`userId`) REFERENCES `craft_users` (`id`) ON DELETE CASCADE;

--
-- Constraints for table `craft_shunnedmessages`
--
ALTER TABLE `craft_shunnedmessages`
	ADD CONSTRAINT `craft_shunnedmessages_userId_fk` FOREIGN KEY (`userId`) REFERENCES `craft_users` (`id`) ON DELETE CASCADE;

--
-- Constraints for table `craft_structureelements`
--
ALTER TABLE `craft_structureelements`
	ADD CONSTRAINT `craft_structureelements_elementId_fk` FOREIGN KEY (`elementId`) REFERENCES `craft_elements` (`id`) ON DELETE CASCADE,
	ADD CONSTRAINT `craft_structureelements_structureId_fk` FOREIGN KEY (`structureId`) REFERENCES `craft_structures` (`id`) ON DELETE CASCADE;

--
-- Constraints for table `craft_taggroups`
--
ALTER TABLE `craft_taggroups`
	ADD CONSTRAINT `craft_taggroups_fieldLayoutId_fk` FOREIGN KEY (`fieldLayoutId`) REFERENCES `craft_fieldlayouts` (`id`) ON DELETE SET NULL;

--
-- Constraints for table `craft_tags`
--
ALTER TABLE `craft_tags`
	ADD CONSTRAINT `craft_tags_groupId_fk` FOREIGN KEY (`groupId`) REFERENCES `craft_taggroups` (`id`) ON DELETE CASCADE,
	ADD CONSTRAINT `craft_tags_id_fk` FOREIGN KEY (`id`) REFERENCES `craft_elements` (`id`) ON DELETE CASCADE;

--
-- Constraints for table `craft_templatecachecriteria`
--
ALTER TABLE `craft_templatecachecriteria`
	ADD CONSTRAINT `craft_templatecachecriteria_cacheId_fk` FOREIGN KEY (`cacheId`) REFERENCES `craft_templatecaches` (`id`) ON DELETE CASCADE;

--
-- Constraints for table `craft_templatecacheelements`
--
ALTER TABLE `craft_templatecacheelements`
	ADD CONSTRAINT `craft_templatecacheelements_cacheId_fk` FOREIGN KEY (`cacheId`) REFERENCES `craft_templatecaches` (`id`) ON DELETE CASCADE,
	ADD CONSTRAINT `craft_templatecacheelements_elementId_fk` FOREIGN KEY (`elementId`) REFERENCES `craft_elements` (`id`) ON DELETE CASCADE;

--
-- Constraints for table `craft_templatecaches`
--
ALTER TABLE `craft_templatecaches`
	ADD CONSTRAINT `craft_templatecaches_locale_fk` FOREIGN KEY (`locale`) REFERENCES `craft_locales` (`locale`) ON DELETE CASCADE ON UPDATE CASCADE;

--
-- Constraints for table `craft_usergroups_users`
--
ALTER TABLE `craft_usergroups_users`
	ADD CONSTRAINT `craft_usergroups_users_groupId_fk` FOREIGN KEY (`groupId`) REFERENCES `craft_usergroups` (`id`) ON DELETE CASCADE,
	ADD CONSTRAINT `craft_usergroups_users_userId_fk` FOREIGN KEY (`userId`) REFERENCES `craft_users` (`id`) ON DELETE CASCADE;

--
-- Constraints for table `craft_userpermissions_usergroups`
--
ALTER TABLE `craft_userpermissions_usergroups`
	ADD CONSTRAINT `craft_userpermissions_usergroups_groupId_fk` FOREIGN KEY (`groupId`) REFERENCES `craft_usergroups` (`id`) ON DELETE CASCADE,
	ADD CONSTRAINT `craft_userpermissions_usergroups_permissionId_fk` FOREIGN KEY (`permissionId`) REFERENCES `craft_userpermissions` (`id`) ON DELETE CASCADE;

--
-- Constraints for table `craft_userpermissions_users`
--
ALTER TABLE `craft_userpermissions_users`
	ADD CONSTRAINT `craft_userpermissions_users_permissionId_fk` FOREIGN KEY (`permissionId`) REFERENCES `craft_userpermissions` (`id`) ON DELETE CASCADE,
	ADD CONSTRAINT `craft_userpermissions_users_userId_fk` FOREIGN KEY (`userId`) REFERENCES `craft_users` (`id`) ON DELETE CASCADE;

--
-- Constraints for table `craft_users`
--
ALTER TABLE `craft_users`
	ADD CONSTRAINT `craft_users_id_fk` FOREIGN KEY (`id`) REFERENCES `craft_elements` (`id`) ON DELETE CASCADE,
	ADD CONSTRAINT `craft_users_preferredLocale_fk` FOREIGN KEY (`preferredLocale`) REFERENCES `craft_locales` (`locale`) ON DELETE SET NULL ON UPDATE CASCADE;

--
-- Constraints for table `craft_widgets`
--
ALTER TABLE `craft_widgets`
	ADD CONSTRAINT `craft_widgets_userId_fk` FOREIGN KEY (`userId`) REFERENCES `craft_users` (`id`) ON DELETE CASCADE;

SET FOREIGN_KEY_CHECKS = 1;
