-- Generated by Craft v2.6.2776 on Mar 17, 2016, 1:39:53 PM.

--
-- Disable foreign key checks and autocommit.
--

SET FOREIGN_KEY_CHECKS = 0;
SET SQL_MODE = "NO_AUTO_VALUE_ON_ZERO";
SET AUTOCOMMIT = 0;
SET NAMES utf8;


DROP TABLE IF EXISTS `craft_assetfiles`;


--
-- Schema for table `craft_assetfiles`
--
CREATE TABLE `craft_assetfiles` (
  `id` int(11) NOT NULL,
  `sourceId` int(11) DEFAULT NULL,
  `folderId` int(11) NOT NULL,
  `filename` varchar(255) COLLATE utf8_unicode_ci NOT NULL,
  `kind` varchar(50) COLLATE utf8_unicode_ci NOT NULL DEFAULT 'unknown',
  `width` int(11) unsigned DEFAULT NULL,
  `height` int(11) unsigned DEFAULT NULL,
  `size` int(11) unsigned DEFAULT NULL,
  `dateModified` datetime DEFAULT NULL,
  `dateCreated` datetime NOT NULL,
  `dateUpdated` datetime NOT NULL,
  `uid` char(36) COLLATE utf8_unicode_ci NOT NULL DEFAULT '0',
  PRIMARY KEY (`id`),
  UNIQUE KEY `craft_assetfiles_filename_folderId_unq_idx` (`filename`,`folderId`),
  KEY `craft_assetfiles_sourceId_fk` (`sourceId`),
  KEY `craft_assetfiles_folderId_fk` (`folderId`)
) ENGINE=InnoDB DEFAULT CHARSET=utf8 COLLATE=utf8_unicode_ci;

--
-- Data for table `craft_assetfiles`
--

INSERT INTO `craft_assetfiles` (`id`, `sourceId`, `folderId`, `filename`, `kind`, `width`, `height`, `size`, `dateModified`, `dateCreated`, `dateUpdated`, `uid`) VALUES
 ('18', '1', '1', 'reel2015.mp4', 'video', NULL, NULL, '6172718', '2016-02-26 13:52:31', '2016-02-26 13:52:31', '2016-02-26 13:52:49', '5745c266-6132-4fb2-8ca1-13e626ca9b4f'),
 ('32', '3', '3', 'logo-fwa.png', 'image', '69', '25', '1863', '2016-03-16 09:46:51', '2016-02-29 09:57:45', '2016-03-16 09:46:54', 'de1a015c-161f-4711-ade9-c4eae2a7115b'),
 ('33', '3', '3', 'logo-awwwards.png', 'image', '34', '42', '1039', '2016-02-29 10:00:48', '2016-02-29 10:00:49', '2016-02-29 10:00:49', '2a2febfb-3860-497b-bf67-ca8cacd2caa1'),
 ('54', '2', '5', 'orangina-icons.png', 'image', '320', '338', '25169', '2016-02-29 12:28:31', '2016-02-29 11:46:14', '2016-02-29 12:28:36', '6ef4df1d-53f9-46e9-b49a-1255e18a8cca'),
 ('55', '2', '5', 'orangina-slide-3.jpg', 'image', '1151', '720', '152920', '2016-02-29 12:28:30', '2016-02-29 12:28:30', '2016-02-29 12:28:30', '7ae3f087-8b5c-4273-966c-b77ab8637dec'),
 ('56', '2', '5', 'orangina-slide-2.jpg', 'image', '1151', '720', '121027', '2016-02-29 12:28:30', '2016-02-29 12:28:30', '2016-02-29 12:28:30', 'fb1200fb-e522-44ed-ad17-3bdc12a6c17b'),
 ('57', '2', '5', 'orangina-slide-1.jpg', 'image', '1151', '720', '132436', '2016-02-29 12:28:30', '2016-02-29 12:28:31', '2016-02-29 12:28:31', 'ca56961d-c1f3-45d8-a913-d87db4be66e1'),
 ('59', '2', '5', 'orangina-bottles.png', 'image', '1085', '442', '312445', '2016-02-29 12:28:31', '2016-02-29 12:28:32', '2016-02-29 12:28:32', '0bff4d15-09fe-4098-8588-c21bff554092'),
 ('60', '2', '5', 'orangina-screen-background.png', 'image', '1440', '718', '8795', '2016-03-16 21:02:12', '2016-02-29 12:28:32', '2016-03-16 21:02:22', '4e019e86-2d25-4b7b-9229-68ec8fb87624'),
 ('61', '2', '5', 'orangina-screen.png', 'image', '1103', '640', '556193', '2016-02-29 12:28:33', '2016-02-29 12:28:33', '2016-02-29 12:28:33', '7ec6da7c-2377-490c-bba4-af3dc0386928'),
 ('62', '2', '5', 'orangina-header-background.jpg', 'image', '1440', '900', '39755', '2016-02-29 13:23:59', '2016-02-29 13:24:00', '2016-02-29 13:24:00', 'b3663c7f-1f78-4716-8612-462d80538ae2'),
 ('64', '2', '5', 'orangina-video-cover.jpg', 'image', '1152', '660', '192505', '2016-03-01 13:46:37', '2016-03-01 13:46:38', '2016-03-01 13:46:38', '1019c172-8b59-4710-925d-c2eee3d09d71'),
 ('65', '2', '5', 'orangina-video-background.png', 'image', '1440', '901', '10045', '2016-03-16 21:06:53', '2016-03-01 13:50:58', '2016-03-16 21:07:03', '94c8cc4f-c4fa-4243-a79b-fd668cb1d819'),
 ('67', '2', '18', 'header-background.jpg', 'image', '1440', '900', '19517', '2016-03-07 15:11:29', '2016-03-07 15:11:29', '2016-03-07 15:11:29', '0595591e-5182-4e96-b828-5b9df2d78b89'),
 ('71', '2', '5', 'orangina-header-image.png', 'image', '422', '702', '444108', '2016-03-15 13:58:30', '2016-03-15 13:58:36', '2016-03-15 13:58:36', '78de463d-1832-4f0b-a3f7-0b3405c8d60a'),
 ('73', '2', '18', 'header-image.png', 'image', '283', '403', '189512', '2016-03-15 13:58:59', '2016-03-15 13:59:05', '2016-03-15 13:59:05', '50bc2646-b3b6-4414-be83-cd098cbd0a4e'),
 ('74', '2', '5', 'orangina-slide-5.jpg', 'image', '1151', '720', '121027', '2016-03-15 14:46:51', '2016-03-15 14:46:56', '2016-03-15 14:46:56', '620ba8a2-a340-4eeb-9870-ee6733171ad8'),
 ('75', '2', '5', 'orangina-slide-4.jpg', 'image', '1151', '720', '132436', '2016-03-15 14:46:51', '2016-03-15 14:46:57', '2016-03-15 14:46:57', '05dd7728-1b05-4bb8-b83f-79734e1a9d0e'),
 ('77', '2', '19', 'Screen-Shot-2016-03-01-at-14.56.18.png', 'image', '164', '104', '20162', '2016-03-16 12:58:37', '2016-03-16 12:58:43', '2016-03-16 12:58:55', '5fd45814-b856-4f4d-93e0-6d747a086556'),
 ('79', '2', '18', 'pak.png', 'image', '364', '808', '251479', '2016-03-16 15:27:33', '2016-03-16 15:27:43', '2016-03-16 15:27:43', '454c63d4-d5fc-419c-b6c2-e853e3274c52'),
 ('82', '2', '18', 'screen.png', 'image', '1039', '870', '850550', '2016-03-16 15:32:39', '2016-03-16 15:32:49', '2016-03-16 15:32:49', '1df6708d-8c0b-4192-a528-5501a956ee89'),
 ('84', '2', '18', 'screen-background.png', 'image', '1440', '992', '9636', '2016-03-16 15:36:15', '2016-03-16 15:36:15', '2016-03-16 15:36:15', 'efd0ee6c-6ba5-4461-a7e6-9444078905f1'),
 ('85', '2', '18', 'blocks.png', 'image', '661', '532', '364521', '2016-03-16 15:45:57', '2016-03-16 15:45:57', '2016-03-16 15:45:57', '168f3e31-3c36-48a6-8d60-43b68080ab4b'),
 ('87', '2', '18', 'glas-background.png', 'image', '1440', '475', '5717', '2016-03-17 00:19:38', '2016-03-16 15:54:29', '2016-03-17 00:19:43', 'ff666883-45fc-4005-b85e-9c47f796b5ec'),
 ('88', '2', '18', 'glas.png', 'image', '503', '538', '251096', '2016-03-16 15:54:29', '2016-03-16 15:54:30', '2016-03-16 15:54:30', 'c13cdb9a-a050-41b3-bcd1-3bb4e326da65'),
 ('92', '2', '18', 'screen-2.png', 'image', '1146', '657', '456982', '2016-03-16 16:53:18', '2016-03-16 16:53:21', '2016-03-16 16:53:21', 'f24037e8-e3b0-4bac-84ad-4ff9e829ed3a'),
 ('96', '2', '19', 'Screen-Shot-2016-03-01-at-14.56.18_160316_222532.png', 'image', '164', '104', '20162', '2016-03-16 21:25:18', '2016-03-16 21:25:26', '2016-03-16 21:25:32', '1cd1bc00-7e43-42ae-915d-e7acd2827375'),
 ('100', '2', '18', 'devices.png', 'image', '1112', '589', '693598', '2016-03-17 00:25:15', '2016-03-17 00:25:18', '2016-03-17 00:25:18', '2886d0c5-277b-4d7a-8ee0-a7a58a5d255d');



DROP TABLE IF EXISTS `craft_assetfolders`;


--
-- Schema for table `craft_assetfolders`
--
CREATE TABLE `craft_assetfolders` (
  `id` int(11) NOT NULL AUTO_INCREMENT,
  `parentId` int(11) DEFAULT NULL,
  `sourceId` int(11) DEFAULT NULL,
  `name` varchar(255) COLLATE utf8_unicode_ci NOT NULL,
  `path` varchar(255) COLLATE utf8_unicode_ci DEFAULT NULL,
  `dateCreated` datetime NOT NULL,
  `dateUpdated` datetime NOT NULL,
  `uid` char(36) COLLATE utf8_unicode_ci NOT NULL DEFAULT '0',
  PRIMARY KEY (`id`),
  UNIQUE KEY `craft_assetfolders_name_parentId_sourceId_unq_idx` (`name`,`parentId`,`sourceId`),
  KEY `craft_assetfolders_parentId_fk` (`parentId`),
  KEY `craft_assetfolders_sourceId_fk` (`sourceId`)
) ENGINE=InnoDB AUTO_INCREMENT=20 DEFAULT CHARSET=utf8 COLLATE=utf8_unicode_ci;

--
-- Data for table `craft_assetfolders`
--

INSERT INTO `craft_assetfolders` (`id`, `parentId`, `sourceId`, `name`, `path`, `dateCreated`, `dateUpdated`, `uid`) VALUES
 ('1', NULL, '1', 'Video\'s', '', '2016-02-25 14:03:09', '2016-02-25 14:03:09', 'a1517dbf-9fb5-4ff2-9bc7-d440138460c4'),
 ('2', NULL, '2', 'Images', '', '2016-02-25 14:04:54', '2016-02-25 14:04:54', '8575c608-474d-4eeb-8143-61b8a06a3861'),
 ('3', NULL, '3', 'Honours', '', '2016-02-29 09:54:08', '2016-02-29 09:54:08', '0c983bb2-aa4b-491a-8804-c2f375aa382b'),
 ('4', '2', '2', 'passat-500', 'passat-500/', '2016-02-29 10:56:32', '2016-02-29 10:56:32', '7efbf8f4-c6d0-4f3f-8ee2-1bb4925d7fcc'),
 ('5', '2', '2', 'orangina', 'orangina/', '2016-02-29 10:56:46', '2016-02-29 10:56:46', '3a66cefa-8bc2-4463-bba8-9b6eadd2b8c8'),
 ('6', NULL, NULL, 'Temporary source', NULL, '2016-02-29 11:27:02', '2016-02-29 11:27:02', '01fff2f2-e84a-47f9-bea4-ee4062109b38'),
 ('7', '6', NULL, 'user_1', NULL, '2016-02-29 11:27:02', '2016-02-29 11:27:02', '76504120-14bd-4e7f-b5ef-e4e087070be1'),
 ('8', '7', NULL, 'field_7', 'field_7/', '2016-02-29 11:27:02', '2016-02-29 11:27:02', '431e0f0f-f369-49fa-afba-92563ab374c2'),
 ('9', '1', '1', 'orangina', 'orangina/', '2016-02-29 11:43:20', '2016-02-29 11:43:20', '44fe7020-736d-460e-8a8a-c91f96f9b7b5'),
 ('10', '7', NULL, 'field_40', 'field_40/', '2016-03-07 15:04:25', '2016-03-07 15:04:25', '6d479290-ba36-4335-827f-297753534ac1'),
 ('11', '7', NULL, 'field_50', 'field_50/', '2016-03-07 15:04:25', '2016-03-07 15:04:25', '3d1e3d43-415b-4ea0-bbd9-8c269036ef83'),
 ('12', '7', NULL, 'field_11', 'field_11/', '2016-03-07 15:04:26', '2016-03-07 15:04:26', '7a9e894b-82a8-45d7-8eda-3bfb8a95f901'),
 ('13', '7', NULL, 'field_12', 'field_12/', '2016-03-07 15:04:26', '2016-03-07 15:04:26', '4143f70e-9fe5-4d7c-ac4c-66bac15bf644'),
 ('14', '7', NULL, 'field_65', 'field_65/', '2016-03-07 15:04:26', '2016-03-07 15:04:26', 'ccfda04d-3c43-448f-bac7-5257dbdef4bc'),
 ('15', '7', NULL, 'field_14', 'field_14/', '2016-03-07 15:04:26', '2016-03-07 15:04:26', '5b54af10-4c1b-4228-ae97-363bb4c1d6f7'),
 ('16', '7', NULL, 'field_15', 'field_15/', '2016-03-07 15:04:26', '2016-03-07 15:04:26', '80f90547-2891-46f4-9efc-e8adacb9c85d'),
 ('17', '7', NULL, 'field_16', 'field_16/', '2016-03-07 15:04:26', '2016-03-07 15:04:26', '6b71793c-b632-4bb2-b1b3-1449c43010d6'),
 ('18', '2', '2', 'chocomel-brand-portal', 'chocomel-brand-portal/', '2016-03-07 15:09:25', '2016-03-07 15:09:25', '8715de60-afad-4789-bef6-42946c62beba'),
 ('19', '2', '2', 'test-case', 'test-case/', '2016-03-16 12:58:55', '2016-03-16 12:58:55', '7a61aef0-2228-4e4d-8c6e-1e1e61bf5911');



DROP TABLE IF EXISTS `craft_assetindexdata`;


--
-- Schema for table `craft_assetindexdata`
--
CREATE TABLE `craft_assetindexdata` (
  `id` int(11) NOT NULL AUTO_INCREMENT,
  `sessionId` varchar(36) COLLATE utf8_unicode_ci NOT NULL DEFAULT '',
  `sourceId` int(10) NOT NULL,
  `offset` int(10) NOT NULL,
  `uri` varchar(255) COLLATE utf8_unicode_ci DEFAULT NULL,
  `size` int(10) DEFAULT NULL,
  `recordId` int(10) DEFAULT NULL,
  `dateCreated` datetime NOT NULL,
  `dateUpdated` datetime NOT NULL,
  `uid` char(36) COLLATE utf8_unicode_ci NOT NULL DEFAULT '0',
  PRIMARY KEY (`id`),
  UNIQUE KEY `craft_assetindexdata_sessionId_sourceId_offset_unq_idx` (`sessionId`,`sourceId`,`offset`),
  KEY `craft_assetindexdata_sourceId_fk` (`sourceId`)
) ENGINE=InnoDB DEFAULT CHARSET=utf8 COLLATE=utf8_unicode_ci;

DROP TABLE IF EXISTS `craft_assetsources`;


--
-- Schema for table `craft_assetsources`
--
CREATE TABLE `craft_assetsources` (
  `id` int(11) NOT NULL AUTO_INCREMENT,
  `name` varchar(255) COLLATE utf8_unicode_ci NOT NULL,
  `handle` varchar(255) COLLATE utf8_unicode_ci NOT NULL,
  `type` varchar(150) COLLATE utf8_unicode_ci NOT NULL,
  `settings` text COLLATE utf8_unicode_ci,
  `sortOrder` smallint(6) unsigned DEFAULT NULL,
  `fieldLayoutId` int(10) DEFAULT NULL,
  `dateCreated` datetime NOT NULL,
  `dateUpdated` datetime NOT NULL,
  `uid` char(36) COLLATE utf8_unicode_ci NOT NULL DEFAULT '0',
  PRIMARY KEY (`id`),
  UNIQUE KEY `craft_assetsources_name_unq_idx` (`name`),
  UNIQUE KEY `craft_assetsources_handle_unq_idx` (`handle`),
  KEY `craft_assetsources_fieldLayoutId_fk` (`fieldLayoutId`)
) ENGINE=InnoDB AUTO_INCREMENT=4 DEFAULT CHARSET=utf8 COLLATE=utf8_unicode_ci;

--
-- Data for table `craft_assetsources`
--

INSERT INTO `craft_assetsources` (`id`, `name`, `handle`, `type`, `settings`, `sortOrder`, `fieldLayoutId`, `dateCreated`, `dateUpdated`, `uid`) VALUES
 ('1', 'Video\'s', 'videos', 'Local', '{\"path\":\"content\\/videos\\/\",\"url\":\"\\/content\\/videos\\/\",\"publicURLs\":true}', '1', '75', '2016-02-25 14:03:09', '2016-03-09 16:42:28', '955a2581-ca22-455a-baf3-699ab7624683'),
 ('2', 'Images', 'images', 'Local', '{\"path\":\"content\\/images\\/\",\"url\":\"\\/content\\/images\\/\",\"publicURLs\":true}', '2', '57', '2016-02-25 14:04:54', '2016-03-09 16:42:28', 'eedfaa64-6031-453d-8990-d94ff7b14792'),
 ('3', 'Honours', 'honours', 'Local', '{\"path\":\"content\\/images\\/honours\\/\",\"url\":\"\\/content\\/images\\/honours\\/\",\"publicURLs\":true}', '3', '94', '2016-02-29 09:54:08', '2016-03-09 16:42:28', 'fccca845-d8c1-42a1-8af4-5ffb28c1704c');



DROP TABLE IF EXISTS `craft_assettransformindex`;


--
-- Schema for table `craft_assettransformindex`
--
CREATE TABLE `craft_assettransformindex` (
  `id` int(11) NOT NULL AUTO_INCREMENT,
  `fileId` int(11) NOT NULL,
  `filename` varchar(255) COLLATE utf8_unicode_ci DEFAULT NULL,
  `format` varchar(255) COLLATE utf8_unicode_ci DEFAULT NULL,
  `location` varchar(255) COLLATE utf8_unicode_ci NOT NULL,
  `sourceId` int(11) DEFAULT NULL,
  `fileExists` tinyint(1) DEFAULT NULL,
  `inProgress` tinyint(1) DEFAULT NULL,
  `dateIndexed` datetime DEFAULT NULL,
  `dateCreated` datetime NOT NULL,
  `dateUpdated` datetime NOT NULL,
  `uid` char(36) COLLATE utf8_unicode_ci NOT NULL DEFAULT '0',
  PRIMARY KEY (`id`),
  KEY `craft_assettransformindex_sourceId_fileId_location_idx` (`sourceId`,`fileId`,`location`)
) ENGINE=InnoDB DEFAULT CHARSET=utf8 COLLATE=utf8_unicode_ci;

DROP TABLE IF EXISTS `craft_assettransforms`;


--
-- Schema for table `craft_assettransforms`
--
CREATE TABLE `craft_assettransforms` (
  `id` int(11) NOT NULL AUTO_INCREMENT,
  `name` varchar(255) COLLATE utf8_unicode_ci NOT NULL,
  `handle` varchar(255) COLLATE utf8_unicode_ci NOT NULL,
  `mode` enum('stretch','fit','crop') COLLATE utf8_unicode_ci NOT NULL DEFAULT 'crop',
  `position` enum('top-left','top-center','top-right','center-left','center-center','center-right','bottom-left','bottom-center','bottom-right') COLLATE utf8_unicode_ci NOT NULL DEFAULT 'center-center',
  `height` int(10) DEFAULT NULL,
  `width` int(10) DEFAULT NULL,
  `format` varchar(255) COLLATE utf8_unicode_ci DEFAULT NULL,
  `quality` int(10) DEFAULT NULL,
  `dimensionChangeTime` datetime DEFAULT NULL,
  `dateCreated` datetime NOT NULL,
  `dateUpdated` datetime NOT NULL,
  `uid` char(36) COLLATE utf8_unicode_ci NOT NULL DEFAULT '0',
  PRIMARY KEY (`id`),
  UNIQUE KEY `craft_assettransforms_name_unq_idx` (`name`),
  UNIQUE KEY `craft_assettransforms_handle_unq_idx` (`handle`)
) ENGINE=InnoDB AUTO_INCREMENT=3 DEFAULT CHARSET=utf8 COLLATE=utf8_unicode_ci;

DROP TABLE IF EXISTS `craft_categories`;


--
-- Schema for table `craft_categories`
--
CREATE TABLE `craft_categories` (
  `id` int(11) NOT NULL,
  `groupId` int(11) NOT NULL,
  `dateCreated` datetime NOT NULL,
  `dateUpdated` datetime NOT NULL,
  `uid` char(36) COLLATE utf8_unicode_ci NOT NULL DEFAULT '0',
  PRIMARY KEY (`id`),
  KEY `craft_categories_groupId_fk` (`groupId`)
) ENGINE=InnoDB DEFAULT CHARSET=utf8 COLLATE=utf8_unicode_ci;

DROP TABLE IF EXISTS `craft_categorygroups`;


--
-- Schema for table `craft_categorygroups`
--
CREATE TABLE `craft_categorygroups` (
  `id` int(11) NOT NULL AUTO_INCREMENT,
  `structureId` int(11) NOT NULL,
  `fieldLayoutId` int(11) DEFAULT NULL,
  `name` varchar(255) COLLATE utf8_unicode_ci NOT NULL,
  `handle` varchar(255) COLLATE utf8_unicode_ci NOT NULL,
  `hasUrls` tinyint(1) unsigned NOT NULL DEFAULT '1',
  `template` varchar(500) COLLATE utf8_unicode_ci DEFAULT NULL,
  `dateCreated` datetime NOT NULL,
  `dateUpdated` datetime NOT NULL,
  `uid` char(36) COLLATE utf8_unicode_ci NOT NULL DEFAULT '0',
  PRIMARY KEY (`id`),
  UNIQUE KEY `craft_categorygroups_name_unq_idx` (`name`),
  UNIQUE KEY `craft_categorygroups_handle_unq_idx` (`handle`),
  KEY `craft_categorygroups_structureId_fk` (`structureId`),
  KEY `craft_categorygroups_fieldLayoutId_fk` (`fieldLayoutId`)
) ENGINE=InnoDB DEFAULT CHARSET=utf8 COLLATE=utf8_unicode_ci;

DROP TABLE IF EXISTS `craft_categorygroups_i18n`;


--
-- Schema for table `craft_categorygroups_i18n`
--
CREATE TABLE `craft_categorygroups_i18n` (
  `id` int(11) NOT NULL AUTO_INCREMENT,
  `groupId` int(11) NOT NULL,
  `locale` char(12) COLLATE utf8_unicode_ci NOT NULL,
  `urlFormat` text COLLATE utf8_unicode_ci,
  `nestedUrlFormat` text COLLATE utf8_unicode_ci,
  `dateCreated` datetime NOT NULL,
  `dateUpdated` datetime NOT NULL,
  `uid` char(36) COLLATE utf8_unicode_ci NOT NULL DEFAULT '0',
  PRIMARY KEY (`id`),
  UNIQUE KEY `craft_categorygroups_i18n_groupId_locale_unq_idx` (`groupId`,`locale`),
  KEY `craft_categorygroups_i18n_locale_fk` (`locale`)
) ENGINE=InnoDB DEFAULT CHARSET=utf8 COLLATE=utf8_unicode_ci;

DROP TABLE IF EXISTS `craft_content`;


--
-- Schema for table `craft_content`
--
CREATE TABLE `craft_content` (
  `id` int(11) NOT NULL AUTO_INCREMENT,
  `elementId` int(11) NOT NULL,
  `locale` char(12) COLLATE utf8_unicode_ci NOT NULL,
  `title` varchar(255) COLLATE utf8_unicode_ci DEFAULT NULL,
  `field_heading` text COLLATE utf8_unicode_ci,
  `field_client` text COLLATE utf8_unicode_ci,
  `field_projectUrl` text COLLATE utf8_unicode_ci,
  `field_projectType` varchar(255) COLLATE utf8_unicode_ci DEFAULT NULL,
  `dateCreated` datetime NOT NULL,
  `dateUpdated` datetime NOT NULL,
  `uid` char(36) COLLATE utf8_unicode_ci NOT NULL DEFAULT '0',
  PRIMARY KEY (`id`),
  UNIQUE KEY `craft_content_elementId_locale_unq_idx` (`elementId`,`locale`),
  KEY `craft_content_title_idx` (`title`),
  KEY `craft_content_locale_fk` (`locale`)
) ENGINE=InnoDB AUTO_INCREMENT=72 DEFAULT CHARSET=utf8 COLLATE=utf8_unicode_ci;

--
-- Data for table `craft_content`
--

INSERT INTO `craft_content` (`id`, `elementId`, `locale`, `title`, `field_heading`, `field_client`, `field_projectUrl`, `field_projectType`, `dateCreated`, `dateUpdated`, `uid`) VALUES
 ('1', '1', 'en_us', NULL, NULL, NULL, NULL, NULL, '2016-02-25 11:25:17', '2016-03-17 13:38:38', 'fe67134b-b0d4-4ebd-98e2-19c1e6a71c4d'),
 ('5', '5', 'en_us', 'Homepage', NULL, NULL, NULL, NULL, '2016-02-25 13:49:09', '2016-03-16 21:25:48', '746c5466-6f17-4a1d-b373-22d8558b7aa7'),
 ('6', '6', 'en_us', 'About', NULL, NULL, NULL, NULL, '2016-02-25 13:49:30', '2016-03-07 12:52:26', '68e6f1e4-3f18-4cde-a90c-7f0f4ab0ef74'),
 ('7', '7', 'en_us', 'Contact', NULL, NULL, NULL, NULL, '2016-02-25 13:49:38', '2016-03-07 12:52:00', '71b9574a-7ee9-42d4-b34d-bf9e8a528964'),
 ('9', '10', 'en_us', 'Orangina global website', 'A quirky new online appearance for a soda brand', 'Orangina', 'http://orangina.eu/', 'Responsive Website', '2016-02-25 14:42:24', '2016-03-16 21:07:07', '7dc7b57e-6116-4d87-aa34-f2a203ed3de7'),
 ('10', '11', 'en_us', NULL, NULL, NULL, NULL, NULL, '2016-02-25 14:50:24', '2016-02-25 14:50:24', 'bc74844b-931c-4d98-b786-33713a78d44b'),
 ('14', '18', 'en_us', 'Reel2015', NULL, NULL, NULL, NULL, '2016-02-26 13:52:31', '2016-02-26 13:52:54', '68d289f8-82ed-4f17-bd6d-9f51f6a5ab72'),
 ('21', '32', 'en_us', 'FWA', NULL, NULL, NULL, NULL, '2016-02-29 09:57:45', '2016-03-16 09:46:54', 'da2da9ab-890a-4fc2-aad6-fe2d4216ab50'),
 ('22', '33', 'en_us', 'Awwwards', NULL, NULL, NULL, NULL, '2016-02-29 10:00:49', '2016-02-29 10:01:19', '96426cd5-f5f3-4e60-88d9-b49ad4d7c1f6'),
 ('33', '54', 'en_us', 'Orangina Icons', NULL, NULL, NULL, NULL, '2016-02-29 11:46:14', '2016-02-29 12:28:36', '2788055f-a34c-4fb2-b77a-469e488f0a29'),
 ('34', '55', 'en_us', 'Orangina Slide 3', NULL, NULL, NULL, NULL, '2016-02-29 12:28:30', '2016-02-29 12:28:30', 'cf93d7b3-9c5d-4d8c-9e30-ddd871a3715d'),
 ('35', '56', 'en_us', 'Orangina Slide 2', NULL, NULL, NULL, NULL, '2016-02-29 12:28:30', '2016-02-29 12:28:30', '985aa7b2-bb3f-4323-afd4-b764bc9eccc4'),
 ('36', '57', 'en_us', 'Orangina Slide 1', NULL, NULL, NULL, NULL, '2016-02-29 12:28:31', '2016-02-29 12:28:31', 'cd82e32d-42aa-4cbe-8bcf-a0e2c1bf01a4'),
 ('38', '59', 'en_us', 'Orangina Bottles', NULL, NULL, NULL, NULL, '2016-02-29 12:28:32', '2016-02-29 12:28:32', '5b143731-d51a-4c32-9373-7c6334208391'),
 ('39', '60', 'en_us', 'Orangina Screen Background', NULL, NULL, NULL, NULL, '2016-02-29 12:28:32', '2016-03-16 21:02:22', 'a26d6b52-6c24-4f06-a521-dbffe12c8be9'),
 ('40', '61', 'en_us', 'Orangina Screen', NULL, NULL, NULL, NULL, '2016-02-29 12:28:33', '2016-02-29 12:28:33', 'a5feeff5-eb32-474f-8d9f-40e548c054ae'),
 ('41', '62', 'en_us', 'Orangina Header Background', NULL, NULL, NULL, NULL, '2016-02-29 13:24:00', '2016-02-29 13:24:00', 'd974ecb4-907b-4c55-8f62-b5c291c3e440'),
 ('43', '64', 'en_us', 'Orangina Video Cover', NULL, NULL, NULL, NULL, '2016-03-01 13:46:38', '2016-03-01 13:46:38', '61e82b09-2a76-415a-ac07-22f03773bf22'),
 ('44', '65', 'en_us', 'Orangina Video Background', NULL, NULL, NULL, NULL, '2016-03-01 13:50:58', '2016-03-16 21:07:03', 'b901c4a4-9b31-49ae-b101-7a5b1d39d56a'),
 ('45', '66', 'en_us', 'Chocomel brand portal', 'For the love of chocolate', 'Chocomel', '', 'Mobile Application', '2016-03-07 15:04:49', '2016-03-17 00:27:11', '74a321a3-8df3-4b75-847c-32025f352d22'),
 ('46', '67', 'en_us', 'Header Background', NULL, NULL, NULL, NULL, '2016-03-07 15:11:29', '2016-03-07 15:11:29', 'bbb8c954-71db-4337-9765-31fdbc391834'),
 ('48', '69', 'en_us', 'Work', NULL, NULL, NULL, NULL, '2016-03-07 15:36:18', '2016-03-07 15:36:18', '832008c6-477f-4470-af20-ddb25a083612'),
 ('50', '71', 'en_us', 'Orangina Header Image', NULL, NULL, NULL, NULL, '2016-03-15 13:58:36', '2016-03-15 13:58:36', '7420b418-6a65-4a29-b08f-d185edec4513'),
 ('52', '73', 'en_us', 'Header Image', NULL, NULL, NULL, NULL, '2016-03-15 13:59:05', '2016-03-15 13:59:05', '7b38dd54-0494-47a9-8fe2-a3c8953cc012'),
 ('53', '74', 'en_us', 'Orangina Slide 5', NULL, NULL, NULL, NULL, '2016-03-15 14:46:56', '2016-03-15 14:46:56', 'e9df5ff6-b530-414f-9999-ed457da7d9ea'),
 ('54', '75', 'en_us', 'Orangina Slide 4', NULL, NULL, NULL, NULL, '2016-03-15 14:46:57', '2016-03-15 14:46:57', '4cc91646-1ce8-49b1-b751-80034eed8c73'),
 ('56', '77', 'en_us', 'Screen Shot 2016 03 01 At 14 56 18', NULL, NULL, NULL, NULL, '2016-03-16 12:58:43', '2016-03-16 12:58:55', 'b1bd31b1-c712-439f-88d0-dcabe33da601'),
 ('58', '79', 'en_us', 'Pak', NULL, NULL, NULL, NULL, '2016-03-16 15:27:43', '2016-03-16 15:27:43', 'fec05e72-2a3a-401a-9a17-1619da0899bc'),
 ('59', '82', 'en_us', 'Screen', NULL, NULL, NULL, NULL, '2016-03-16 15:32:49', '2016-03-16 15:32:49', '04be0152-12c1-4e0f-8bbd-9ca8c6b98f39'),
 ('60', '84', 'en_us', 'Screen Background', NULL, NULL, NULL, NULL, '2016-03-16 15:36:15', '2016-03-16 15:36:15', '9fad7c2a-45fd-4515-9dc4-9790a219c8af'),
 ('61', '85', 'en_us', 'Blocks', NULL, NULL, NULL, NULL, '2016-03-16 15:45:57', '2016-03-16 15:45:57', '98ca2f61-4697-4d8f-997f-ac140127f105'),
 ('62', '87', 'en_us', 'Glas Background', NULL, NULL, NULL, NULL, '2016-03-16 15:54:29', '2016-03-17 00:19:43', '0edba9ee-f122-461b-88f2-559ed52bf3d0'),
 ('63', '88', 'en_us', 'Glas', NULL, NULL, NULL, NULL, '2016-03-16 15:54:30', '2016-03-16 15:54:30', '6f1c03f9-42eb-4930-a35c-21cffc30ebf3'),
 ('64', '92', 'en_us', 'Screen 2', NULL, NULL, NULL, NULL, '2016-03-16 16:53:21', '2016-03-16 16:53:21', '84ecf891-3ea8-47d2-8614-ed576a497854'),
 ('67', '96', 'en_us', 'Screen Shot 2016 03 01 At 14 56 18', NULL, NULL, NULL, NULL, '2016-03-16 21:25:26', '2016-03-16 21:25:32', '1b821587-7fa8-4b33-8520-f82928018e3b'),
 ('68', '97', 'en_us', 'Test case', 'Test case', 'Test', '', '', '2016-03-16 21:25:32', '2016-03-16 21:39:52', 'bde82ca3-fc2a-4599-9f9d-5b4ca498f45c'),
 ('71', '100', 'en_us', 'Devices', NULL, NULL, NULL, NULL, '2016-03-17 00:25:18', '2016-03-17 00:25:18', '35b45684-31fc-4b5f-9693-5fbbf15dfdb8');



DROP TABLE IF EXISTS `craft_deprecationerrors`;


--
-- Schema for table `craft_deprecationerrors`
--
CREATE TABLE `craft_deprecationerrors` (
  `id` int(11) NOT NULL AUTO_INCREMENT,
  `key` varchar(255) COLLATE utf8_unicode_ci NOT NULL,
  `fingerprint` varchar(255) COLLATE utf8_unicode_ci NOT NULL,
  `lastOccurrence` datetime NOT NULL,
  `file` varchar(255) COLLATE utf8_unicode_ci NOT NULL,
  `line` smallint(6) unsigned NOT NULL,
  `class` varchar(255) COLLATE utf8_unicode_ci DEFAULT NULL,
  `method` varchar(255) COLLATE utf8_unicode_ci DEFAULT NULL,
  `template` varchar(255) COLLATE utf8_unicode_ci DEFAULT NULL,
  `templateLine` smallint(6) unsigned DEFAULT NULL,
  `message` varchar(255) COLLATE utf8_unicode_ci DEFAULT NULL,
  `traces` text COLLATE utf8_unicode_ci,
  `dateCreated` datetime NOT NULL,
  `dateUpdated` datetime NOT NULL,
  `uid` char(36) COLLATE utf8_unicode_ci NOT NULL DEFAULT '0',
  PRIMARY KEY (`id`),
  UNIQUE KEY `craft_deprecationerrors_key_fingerprint_unq_idx` (`key`,`fingerprint`)
) ENGINE=InnoDB DEFAULT CHARSET=utf8 COLLATE=utf8_unicode_ci;

DROP TABLE IF EXISTS `craft_elementindexsettings`;


--
-- Schema for table `craft_elementindexsettings`
--
CREATE TABLE `craft_elementindexsettings` (
  `id` int(11) NOT NULL AUTO_INCREMENT,
  `type` varchar(150) COLLATE utf8_unicode_ci NOT NULL,
  `settings` text COLLATE utf8_unicode_ci,
  `dateCreated` datetime NOT NULL,
  `dateUpdated` datetime NOT NULL,
  `uid` char(36) COLLATE utf8_unicode_ci NOT NULL DEFAULT '0',
  PRIMARY KEY (`id`),
  UNIQUE KEY `craft_elementindexsettings_type_unq_idx` (`type`)
) ENGINE=InnoDB DEFAULT CHARSET=utf8 COLLATE=utf8_unicode_ci;

DROP TABLE IF EXISTS `craft_elements`;


--
-- Schema for table `craft_elements`
--
CREATE TABLE `craft_elements` (
  `id` int(11) NOT NULL AUTO_INCREMENT,
  `type` varchar(150) COLLATE utf8_unicode_ci NOT NULL,
  `enabled` tinyint(1) unsigned NOT NULL DEFAULT '1',
  `archived` tinyint(1) unsigned NOT NULL DEFAULT '0',
  `dateCreated` datetime NOT NULL,
  `dateUpdated` datetime NOT NULL,
  `uid` char(36) COLLATE utf8_unicode_ci NOT NULL DEFAULT '0',
  PRIMARY KEY (`id`),
  KEY `craft_elements_type_idx` (`type`),
  KEY `craft_elements_enabled_idx` (`enabled`),
  KEY `craft_elements_archived_dateCreated_idx` (`archived`,`dateCreated`)
) ENGINE=InnoDB AUTO_INCREMENT=109 DEFAULT CHARSET=utf8 COLLATE=utf8_unicode_ci;

--
-- Data for table `craft_elements`
--

INSERT INTO `craft_elements` (`id`, `type`, `enabled`, `archived`, `dateCreated`, `dateUpdated`, `uid`) VALUES
 ('1', 'User', '1', '0', '2016-02-25 11:25:16', '2016-03-17 13:38:38', '5f69b00d-5925-458c-9c88-ce6d24ffde09'),
 ('5', 'Entry', '1', '0', '2016-02-25 13:49:09', '2016-03-16 21:25:48', '7e3ad9f8-6639-4471-882a-e6c7063df490'),
 ('6', 'Entry', '1', '0', '2016-02-25 13:49:30', '2016-03-07 12:52:26', 'eff01035-65cc-4307-99c9-d92fd4a7edf2'),
 ('7', 'Entry', '1', '0', '2016-02-25 13:49:38', '2016-03-07 12:52:00', '144695b5-f576-4cbb-afbb-87b434b9f581'),
 ('10', 'Entry', '1', '0', '2016-02-25 14:42:24', '2016-03-16 21:07:07', '2db9a673-e419-4cc1-89c0-48ee3f28d9e6'),
 ('11', 'GlobalSet', '1', '0', '2016-02-25 14:50:24', '2016-02-25 14:50:24', '2a0da4b4-ca3a-4178-971b-3a988c5c2dbc'),
 ('12', 'MatrixBlock', '1', '0', '2016-02-26 10:46:08', '2016-03-16 21:07:07', '5f96c0ab-78a6-43d0-9c1d-654cc290d770'),
 ('14', 'MatrixBlock', '1', '0', '2016-02-26 11:34:33', '2016-03-16 21:07:07', '79a6c46f-47e0-4c6f-83c3-3520cbd2656a'),
 ('17', 'MatrixBlock', '1', '0', '2016-02-26 13:29:08', '2016-03-16 21:07:08', '7b6044b2-a1ee-41aa-9948-04f6c3a93965'),
 ('18', 'Asset', '1', '0', '2016-02-26 13:52:31', '2016-02-26 13:52:54', '2ffe0f11-eafb-470b-8297-90d4645fc301'),
 ('19', 'MatrixBlock', '1', '0', '2016-02-26 13:53:26', '2016-03-16 21:07:08', 'ac34440c-ca1a-48de-91d6-c09a64d558cd'),
 ('20', 'MatrixBlock', '1', '0', '2016-02-26 14:02:48', '2016-03-16 21:07:08', '5c7021e0-590d-45c2-9a41-f625da9a66d7'),
 ('22', 'MatrixBlock', '1', '0', '2016-02-26 14:08:10', '2016-03-16 21:07:08', '7ab9be08-deba-443b-b8e3-cbc3c9b0d7ec'),
 ('23', 'MatrixBlock', '1', '0', '2016-02-26 14:13:03', '2016-03-16 21:07:08', '304177fc-8899-45ab-85aa-17afa40f7dec'),
 ('25', 'MatrixBlock', '1', '0', '2016-02-29 09:37:51', '2016-03-16 21:07:08', '7a7c0dc7-1517-4e68-8c6a-e503a323ea19'),
 ('29', 'MatrixBlock', '1', '0', '2016-02-29 09:41:30', '2016-03-16 21:07:08', 'd224c83a-359f-4d00-b71f-4c140b8c57d3'),
 ('30', 'MatrixBlock', '1', '0', '2016-02-29 09:51:11', '2016-03-16 21:07:07', 'f84dd5cd-e54d-409b-95c4-8dfbe0004883'),
 ('32', 'Asset', '1', '0', '2016-02-29 09:57:45', '2016-03-16 09:46:54', '63459fac-7dd9-4a3f-adbe-3ca6a4798fd7'),
 ('33', 'Asset', '1', '0', '2016-02-29 10:00:49', '2016-02-29 10:01:19', '68bd90b1-bd15-423b-8561-38a423053dc2'),
 ('34', 'MatrixBlock', '1', '0', '2016-02-29 10:00:59', '2016-03-16 21:07:07', '6f3f8c03-a8f2-419f-82e8-6da793b6ce35'),
 ('35', 'MatrixBlock', '1', '0', '2016-02-29 10:00:59', '2016-03-16 21:07:07', '553bd274-5556-4132-8ddc-4f50a780b432'),
 ('36', 'MatrixBlock', '1', '0', '2016-02-29 10:03:07', '2016-03-16 21:07:07', 'f7343a2f-adb3-45cd-b6e3-2956ba5962a7'),
 ('37', 'MatrixBlock', '1', '0', '2016-02-29 10:03:07', '2016-03-16 21:07:07', '5a8ec184-c503-405d-a508-2374d6432de9'),
 ('38', 'MatrixBlock', '1', '0', '2016-02-29 10:03:07', '2016-03-16 21:07:07', '8b1bbe1e-4bd8-4554-a971-3569ebca4365'),
 ('39', 'MatrixBlock', '1', '0', '2016-02-29 10:03:07', '2016-03-16 21:07:07', '51457c77-f814-48da-827f-216dec82fd83'),
 ('40', 'MatrixBlock', '1', '0', '2016-02-29 10:03:07', '2016-03-16 21:07:07', '90c909d2-01d9-4c1a-a473-8bf95f86e71d'),
 ('41', 'MatrixBlock', '1', '0', '2016-02-29 10:03:07', '2016-03-16 21:07:07', 'a5da267e-c5c9-4dd0-97ba-08443c52b837'),
 ('54', 'Asset', '1', '0', '2016-02-29 11:46:14', '2016-02-29 12:28:36', '15abd837-b186-4f69-915e-6070690dbbca'),
 ('55', 'Asset', '1', '0', '2016-02-29 12:28:30', '2016-02-29 12:28:30', 'eb070a42-220d-4b73-8d06-8e0c15fa9c42'),
 ('56', 'Asset', '1', '0', '2016-02-29 12:28:30', '2016-02-29 12:28:30', 'b6cb0036-0136-45ac-916b-f122c5cce50b'),
 ('57', 'Asset', '1', '0', '2016-02-29 12:28:31', '2016-02-29 12:28:31', '67d8b21b-2b09-4ae7-bd1b-4a4d3f5a7434'),
 ('59', 'Asset', '1', '0', '2016-02-29 12:28:32', '2016-02-29 12:28:32', 'b0f22cc7-e355-4044-ac54-308fafd34204'),
 ('60', 'Asset', '1', '0', '2016-02-29 12:28:32', '2016-03-16 21:02:22', '359d30d6-1af4-45bf-ad15-8e544c43a6f9'),
 ('61', 'Asset', '1', '0', '2016-02-29 12:28:33', '2016-02-29 12:28:33', '40948f68-8a10-473c-abd6-4975b88917ab'),
 ('62', 'Asset', '1', '0', '2016-02-29 13:24:00', '2016-02-29 13:24:00', '90ee59ab-9c6a-43ac-9317-db582eab615e'),
 ('64', 'Asset', '1', '0', '2016-03-01 13:46:38', '2016-03-01 13:46:38', '6fc02250-190d-4af4-8d4c-8bba015ab6e8'),
 ('65', 'Asset', '1', '0', '2016-03-01 13:50:58', '2016-03-16 21:07:03', '234025a0-b044-486b-b943-1b8beacfbb8e'),
 ('66', 'Entry', '1', '0', '2016-03-07 15:04:49', '2016-03-17 00:27:11', '5f8eafd6-96d7-4f88-86e3-fd8bd2dbfd50'),
 ('67', 'Asset', '1', '0', '2016-03-07 15:11:29', '2016-03-07 15:11:29', '8ae4d806-6f9a-4e75-adce-24170867b601'),
 ('69', 'Entry', '1', '0', '2016-03-07 15:36:18', '2016-03-07 15:36:18', '399597c3-2697-4625-b0b5-d47d0f8fe1bc'),
 ('71', 'Asset', '1', '0', '2016-03-15 13:58:36', '2016-03-15 13:58:36', 'e351a43f-42f3-4682-97e4-1b028a9be9f7'),
 ('73', 'Asset', '1', '0', '2016-03-15 13:59:05', '2016-03-15 13:59:05', 'd70e9b27-ab5a-432f-b083-f393dd1c9ce3'),
 ('74', 'Asset', '1', '0', '2016-03-15 14:46:56', '2016-03-15 14:46:56', 'ef95d601-144b-437f-842f-8a843192a135'),
 ('75', 'Asset', '1', '0', '2016-03-15 14:46:57', '2016-03-15 14:46:57', 'f99f7503-00f8-4f65-8393-ab7ecd9cf5ab'),
 ('77', 'Asset', '1', '0', '2016-03-16 12:58:43', '2016-03-16 12:58:55', 'ed7e7996-4818-4f02-8c7e-8dfb983dd8c6'),
 ('79', 'Asset', '1', '0', '2016-03-16 15:27:43', '2016-03-16 15:27:43', 'f6aa3167-9655-4484-ada2-20fe02c4e02f'),
 ('80', 'MatrixBlock', '1', '0', '2016-03-16 15:28:59', '2016-03-17 00:27:11', 'c5d78936-3718-4d9f-b4e9-8fb68eef5833'),
 ('81', 'MatrixBlock', '1', '0', '2016-03-16 15:28:59', '2016-03-17 00:27:11', 'd1abdead-177b-493d-b381-8afa0e4d4b21'),
 ('82', 'Asset', '1', '0', '2016-03-16 15:32:49', '2016-03-16 15:32:49', '06fcd992-d8f6-4620-b9e0-e6f1641ec7bb'),
 ('83', 'MatrixBlock', '1', '0', '2016-03-16 15:33:25', '2016-03-17 00:27:11', '17f86b69-b045-4335-ac67-ebc52b8d3879'),
 ('84', 'Asset', '1', '0', '2016-03-16 15:36:15', '2016-03-16 15:36:15', '0d565d9e-f5c9-436b-96f9-0b9a0b91a7b8'),
 ('85', 'Asset', '1', '0', '2016-03-16 15:45:57', '2016-03-16 15:45:57', '3c06d74a-61d4-4583-afb4-79283eb76b9b'),
 ('86', 'MatrixBlock', '1', '0', '2016-03-16 15:46:55', '2016-03-17 00:27:11', 'd9ae7dba-19ad-4c63-ad41-a37e23c49c83'),
 ('87', 'Asset', '1', '0', '2016-03-16 15:54:29', '2016-03-17 00:19:43', 'f76f0677-0dc0-4f81-b9b8-705f60c6f165'),
 ('88', 'Asset', '1', '0', '2016-03-16 15:54:30', '2016-03-16 15:54:30', '09001c30-0f19-48ff-84a4-ecb59870e5c5'),
 ('89', 'MatrixBlock', '1', '0', '2016-03-16 15:54:54', '2016-03-17 00:27:11', '46fa9ccf-d970-4605-8cc9-18e576bf5470'),
 ('90', 'MatrixBlock', '1', '0', '2016-03-16 15:54:54', '2016-03-17 00:27:11', '745ca726-1e5d-4f12-91c6-5479ae48b1fd'),
 ('91', 'MatrixBlock', '1', '0', '2016-03-16 16:47:03', '2016-03-17 00:27:11', '79cc0852-8173-4ffc-aa3e-5c6644bde03d'),
 ('92', 'Asset', '1', '0', '2016-03-16 16:53:21', '2016-03-16 16:53:21', '7c211777-0118-41cd-bb6f-b91536319f9b'),
 ('93', 'MatrixBlock', '1', '0', '2016-03-16 16:53:30', '2016-03-17 00:27:11', 'dfc27b68-2dee-49aa-85eb-040c632d9e89'),
 ('96', 'Asset', '1', '0', '2016-03-16 21:25:26', '2016-03-16 21:25:32', 'f59d5f7f-a887-4eaa-8a4c-f7973be58846'),
 ('97', 'Entry', '1', '0', '2016-03-16 21:25:32', '2016-03-16 21:39:52', 'b088d4eb-118f-4fab-95b8-fdb7e8f40a80'),
 ('100', 'Asset', '1', '0', '2016-03-17 00:25:18', '2016-03-17 00:25:18', '3e523ac1-189b-4471-895f-3db2852a6cbc'),
 ('101', 'MatrixBlock', '1', '0', '2016-03-17 00:25:22', '2016-03-17 00:27:11', 'b7856da9-d763-43f6-a5fa-fd673c7a4440'),
 ('102', 'MatrixBlock', '1', '0', '2016-03-17 00:25:22', '2016-03-17 00:27:11', '6d4a7397-d9fa-4b1c-b167-225051fef6a9'),
 ('103', 'MatrixBlock', '1', '0', '2016-03-17 00:27:11', '2016-03-17 00:27:11', '3c3f62fe-8a50-4fb6-b829-e5857a6ba96b'),
 ('104', 'MatrixBlock', '1', '0', '2016-03-17 00:27:11', '2016-03-17 00:27:11', '7f2018ca-e562-4907-b41d-f21ef590a23a'),
 ('105', 'MatrixBlock', '1', '0', '2016-03-17 00:27:11', '2016-03-17 00:27:11', '94cf7bbf-2ab2-42e8-9b5a-8e9518d95deb'),
 ('106', 'MatrixBlock', '1', '0', '2016-03-17 00:27:11', '2016-03-17 00:27:11', 'a766bedc-4601-474e-8844-4964c4802529'),
 ('107', 'MatrixBlock', '1', '0', '2016-03-17 00:27:11', '2016-03-17 00:27:11', '70287ea9-e0a5-4f29-842d-069341b1d2f5'),
 ('108', 'MatrixBlock', '1', '0', '2016-03-17 00:27:11', '2016-03-17 00:27:11', '8cfded17-732e-4888-894c-f98420b412bb');



DROP TABLE IF EXISTS `craft_elements_i18n`;


--
-- Schema for table `craft_elements_i18n`
--
CREATE TABLE `craft_elements_i18n` (
  `id` int(11) NOT NULL AUTO_INCREMENT,
  `elementId` int(11) NOT NULL,
  `locale` char(12) COLLATE utf8_unicode_ci NOT NULL,
  `slug` varchar(255) COLLATE utf8_unicode_ci DEFAULT NULL,
  `uri` varchar(255) COLLATE utf8_unicode_ci DEFAULT NULL,
  `enabled` tinyint(1) unsigned NOT NULL DEFAULT '1',
  `dateCreated` datetime NOT NULL,
  `dateUpdated` datetime NOT NULL,
  `uid` char(36) COLLATE utf8_unicode_ci NOT NULL DEFAULT '0',
  PRIMARY KEY (`id`),
  UNIQUE KEY `craft_elements_i18n_elementId_locale_unq_idx` (`elementId`,`locale`),
  UNIQUE KEY `craft_elements_i18n_uri_locale_unq_idx` (`uri`,`locale`),
  KEY `craft_elements_i18n_slug_locale_idx` (`slug`,`locale`),
  KEY `craft_elements_i18n_enabled_idx` (`enabled`),
  KEY `craft_elements_i18n_locale_fk` (`locale`)
) ENGINE=InnoDB AUTO_INCREMENT=109 DEFAULT CHARSET=utf8 COLLATE=utf8_unicode_ci;

--
-- Data for table `craft_elements_i18n`
--

INSERT INTO `craft_elements_i18n` (`id`, `elementId`, `locale`, `slug`, `uri`, `enabled`, `dateCreated`, `dateUpdated`, `uid`) VALUES
 ('1', '1', 'en_us', '', NULL, '1', '2016-02-25 11:25:17', '2016-03-17 13:38:38', '7d050433-7386-48a6-b99c-1f2de4530d58'),
 ('5', '5', 'en_us', 'homepage', '__home__', '1', '2016-02-25 13:49:09', '2016-03-16 21:25:48', '54c556b6-a9c7-4c82-b414-571d7bdb255f'),
 ('6', '6', 'en_us', 'about', 'about', '1', '2016-02-25 13:49:30', '2016-03-07 12:52:26', '77fed08a-14a6-454f-a009-7ecb9d412e93'),
 ('7', '7', 'en_us', 'contact', 'contact', '1', '2016-02-25 13:49:38', '2016-03-07 12:52:00', '7f1f5810-4d3e-43a5-ae44-438fb9a12621'),
 ('10', '10', 'en_us', 'orangina', 'work/orangina', '1', '2016-02-25 14:42:24', '2016-03-16 21:07:07', '0ba3b896-0d81-411b-ba27-1a711002349f'),
 ('11', '11', 'en_us', '', NULL, '1', '2016-02-25 14:50:24', '2016-02-25 14:50:24', 'cc92bfa1-4c61-4184-a159-5d46dac2b47f'),
 ('12', '12', 'en_us', '', NULL, '1', '2016-02-26 10:46:08', '2016-03-16 21:07:07', 'ad89bc02-5d9f-4d1e-9ebd-9f1f91b5c241'),
 ('14', '14', 'en_us', '', NULL, '1', '2016-02-26 11:34:33', '2016-03-16 21:07:07', '74056f40-47c7-4c7c-9640-49f9cb243605'),
 ('17', '17', 'en_us', '', NULL, '1', '2016-02-26 13:29:08', '2016-03-16 21:07:08', '7d01b2e9-a8d5-4e9e-b1cb-1bb5b6ab380e'),
 ('18', '18', 'en_us', 'reel2015-1', NULL, '1', '2016-02-26 13:52:31', '2016-02-26 13:52:54', '487d9c92-8ae2-4448-9eac-cc737f0e125c'),
 ('19', '19', 'en_us', '', NULL, '1', '2016-02-26 13:53:26', '2016-03-16 21:07:08', 'c5356b28-b687-46ac-8a54-44a580c5b84d'),
 ('20', '20', 'en_us', '', NULL, '1', '2016-02-26 14:02:48', '2016-03-16 21:07:08', 'c761cd52-6e23-4f8f-a18b-64f5990519ef'),
 ('22', '22', 'en_us', '', NULL, '1', '2016-02-26 14:08:10', '2016-03-16 21:07:08', '4e4905fb-b44e-4c6e-8d89-51f0d5f5690c'),
 ('23', '23', 'en_us', '', NULL, '1', '2016-02-26 14:13:03', '2016-03-16 21:07:08', '8ecc7b9e-69a9-4ca7-9d78-db2db27359ee'),
 ('25', '25', 'en_us', '', NULL, '1', '2016-02-29 09:37:51', '2016-03-16 21:07:08', 'be2e8117-d837-4682-90b0-c096162f60cc'),
 ('29', '29', 'en_us', '', NULL, '1', '2016-02-29 09:41:30', '2016-03-16 21:07:08', '7539ae39-09a4-4c6d-9c74-541163f86c2a'),
 ('30', '30', 'en_us', '', NULL, '1', '2016-02-29 09:51:11', '2016-03-16 21:07:07', 'c07f7a3d-c065-4884-a43f-052281ca90c2'),
 ('32', '32', 'en_us', 'logo-fwa', NULL, '1', '2016-02-29 09:57:45', '2016-03-16 09:46:54', '3987d57c-5924-430b-8a18-c92e45c31946'),
 ('33', '33', 'en_us', 'logo-awwwards', NULL, '1', '2016-02-29 10:00:49', '2016-02-29 10:01:19', 'a0252398-c44a-41f8-9e5e-73b625c920b7'),
 ('34', '34', 'en_us', '', NULL, '1', '2016-02-29 10:00:59', '2016-03-16 21:07:07', '1a65b299-db26-4e29-bd61-91f590e31be5'),
 ('35', '35', 'en_us', '', NULL, '1', '2016-02-29 10:00:59', '2016-03-16 21:07:07', '9fe469de-13a3-4a21-9091-e572aa3199a5'),
 ('36', '36', 'en_us', '', NULL, '1', '2016-02-29 10:03:07', '2016-03-16 21:07:07', '3036f21d-ffe5-4447-ac5f-063ece05df0a'),
 ('37', '37', 'en_us', '', NULL, '1', '2016-02-29 10:03:07', '2016-03-16 21:07:07', '08e88361-fde9-4d13-8760-186f7d845b54'),
 ('38', '38', 'en_us', '', NULL, '1', '2016-02-29 10:03:07', '2016-03-16 21:07:07', '1d2f4b1f-3db3-4bfb-a053-fd8bea2f43f9'),
 ('39', '39', 'en_us', '', NULL, '1', '2016-02-29 10:03:07', '2016-03-16 21:07:07', '63bf3cb6-3334-4d39-8835-e48f63f10da6'),
 ('40', '40', 'en_us', '', NULL, '1', '2016-02-29 10:03:07', '2016-03-16 21:07:07', 'c30b5a75-8e8a-4898-ac48-fa770a093ac3'),
 ('41', '41', 'en_us', '', NULL, '1', '2016-02-29 10:03:07', '2016-03-16 21:07:07', 'a9d875ef-b91a-4474-8546-73d65f6d0ce2'),
 ('54', '54', 'en_us', 'orangina-icons', NULL, '1', '2016-02-29 11:46:14', '2016-02-29 12:28:36', '15d3fc8d-d243-41c3-9e36-6b9eceb55b4e'),
 ('55', '55', 'en_us', 'orangina-slide-3', NULL, '1', '2016-02-29 12:28:30', '2016-02-29 12:28:30', '697ad665-9938-4744-99d2-45813b9dd7fd'),
 ('56', '56', 'en_us', 'orangina-slide-2', NULL, '1', '2016-02-29 12:28:30', '2016-02-29 12:28:30', '975b6c2a-1599-4751-bc4a-80b66a458574'),
 ('57', '57', 'en_us', 'orangina-slide-1', NULL, '1', '2016-02-29 12:28:31', '2016-02-29 12:28:31', '845059f8-4cef-4fed-b39a-ec82d7731bb8'),
 ('59', '59', 'en_us', 'orangina-bottles', NULL, '1', '2016-02-29 12:28:32', '2016-02-29 12:28:32', 'cb5dfdb5-fedf-4d2a-a0d3-2d05bb6daba4'),
 ('60', '60', 'en_us', 'orangina-screen-background', NULL, '1', '2016-02-29 12:28:32', '2016-03-16 21:02:22', '9d88e6ac-7b7f-4a17-bdf0-38b297f95a9b'),
 ('61', '61', 'en_us', 'orangina-screen', NULL, '1', '2016-02-29 12:28:33', '2016-02-29 12:28:33', '5cd16626-8631-489a-aa07-6ea2b9edecf0'),
 ('62', '62', 'en_us', 'orangina-header-background', NULL, '1', '2016-02-29 13:24:00', '2016-02-29 13:24:00', 'e81cc01b-cc55-4732-b93d-c70c4b796690'),
 ('64', '64', 'en_us', 'orangina-video-cover', NULL, '1', '2016-03-01 13:46:38', '2016-03-01 13:46:38', '2fb6da8a-07b6-4a24-b5d0-8a11380e5e06'),
 ('65', '65', 'en_us', 'orangina-video-background', NULL, '1', '2016-03-01 13:50:58', '2016-03-16 21:07:03', '7922f5ee-8c9e-4196-b51e-1ee85e351b7a'),
 ('66', '66', 'en_us', 'chocomel-brand-portal', 'work/chocomel-brand-portal', '1', '2016-03-07 15:04:49', '2016-03-17 00:27:11', '90e93722-0d7d-4b3a-b717-0bb03e29c7a0'),
 ('67', '67', 'en_us', 'header-background', NULL, '1', '2016-03-07 15:11:29', '2016-03-07 15:11:29', '38b8f9af-3347-4812-abc3-5cf26e227e26'),
 ('69', '69', 'en_us', 'work', 'work', '1', '2016-03-07 15:36:18', '2016-03-07 15:36:18', 'ee953002-0146-45b9-9a8e-bfa122cc86ed'),
 ('71', '71', 'en_us', 'orangina-header-image', NULL, '1', '2016-03-15 13:58:36', '2016-03-15 13:58:36', 'c1dc0fc5-9579-4213-aeb6-267dad4fc357'),
 ('73', '73', 'en_us', 'header-image', NULL, '1', '2016-03-15 13:59:05', '2016-03-15 13:59:05', 'e364c163-d2bb-4cd7-8984-09d9b459757f'),
 ('74', '74', 'en_us', 'orangina-slide-5', NULL, '1', '2016-03-15 14:46:56', '2016-03-15 14:46:56', '30260118-a084-479d-8373-a08d8f30becb'),
 ('75', '75', 'en_us', 'orangina-slide-4', NULL, '1', '2016-03-15 14:46:57', '2016-03-15 14:46:57', '906af4c5-1955-49f9-ae2b-f70c8bab9f12'),
 ('77', '77', 'en_us', 'screen-shot-2016-03-01-at-14-56-18', NULL, '1', '2016-03-16 12:58:43', '2016-03-16 12:58:55', 'cab748b4-34f7-4187-8549-d824db71f2a2'),
 ('79', '79', 'en_us', 'pak', NULL, '1', '2016-03-16 15:27:43', '2016-03-16 15:27:43', '80151fe2-be44-49c5-bf4e-53bd1de7a363'),
 ('80', '80', 'en_us', '', NULL, '1', '2016-03-16 15:28:59', '2016-03-17 00:27:11', '016a7cd7-5c35-4b3f-9f92-51c06ac59d0c'),
 ('81', '81', 'en_us', '', NULL, '1', '2016-03-16 15:28:59', '2016-03-17 00:27:11', '3d88094b-dc24-49e4-9513-922b54677087'),
 ('82', '82', 'en_us', 'screen', NULL, '1', '2016-03-16 15:32:49', '2016-03-16 15:32:49', '3e87c817-ddd3-46e3-8292-0ce87593e4d9'),
 ('83', '83', 'en_us', '', NULL, '1', '2016-03-16 15:33:25', '2016-03-17 00:27:11', '55864a1b-2542-4ae2-8171-c95c88bdabc9'),
 ('84', '84', 'en_us', 'screen-background', NULL, '1', '2016-03-16 15:36:15', '2016-03-16 15:36:15', 'fc6ce50e-ca4a-4c6e-b49b-8fe9afcf716a'),
 ('85', '85', 'en_us', 'blocks', NULL, '1', '2016-03-16 15:45:57', '2016-03-16 15:45:57', '4585efd5-957e-4adb-8e3d-fbfdb7c5d7e2'),
 ('86', '86', 'en_us', '', NULL, '1', '2016-03-16 15:46:55', '2016-03-17 00:27:11', 'b02a9d1c-0a7e-4cb0-9144-eacbc365f1e3'),
 ('87', '87', 'en_us', 'glas-background', NULL, '1', '2016-03-16 15:54:29', '2016-03-17 00:19:43', '04ed33e0-cefa-4d19-9f39-943c7e72f84b'),
 ('88', '88', 'en_us', 'glas', NULL, '1', '2016-03-16 15:54:30', '2016-03-16 15:54:30', '65132cde-d4b8-49ec-9744-74bb17fa7ca3'),
 ('89', '89', 'en_us', '', NULL, '1', '2016-03-16 15:54:54', '2016-03-17 00:27:11', 'ecb98038-872c-488a-be72-9fb7a639eab4'),
 ('90', '90', 'en_us', '', NULL, '1', '2016-03-16 15:54:54', '2016-03-17 00:27:11', 'daef1972-5f72-421c-abf0-893f0b6f1892'),
 ('91', '91', 'en_us', '', NULL, '1', '2016-03-16 16:47:03', '2016-03-17 00:27:11', '9f1b081e-1d1d-4d02-8107-6148e901f02e'),
 ('92', '92', 'en_us', 'screen-2', NULL, '1', '2016-03-16 16:53:21', '2016-03-16 16:53:21', '6d106a3f-faff-41f3-a9b4-e00c1f38d934'),
 ('93', '93', 'en_us', '', NULL, '1', '2016-03-16 16:53:30', '2016-03-17 00:27:11', 'ea9b4fbc-cb02-44dd-ac65-f0cff23b8507'),
 ('96', '96', 'en_us', 'screen-shot-2016-03-01-at-14-56-18', NULL, '1', '2016-03-16 21:25:26', '2016-03-16 21:25:32', '72b83699-665c-486f-936f-8f4ab94b4e8a'),
 ('97', '97', 'en_us', 'test-case', 'work/test-case', '1', '2016-03-16 21:25:32', '2016-03-16 21:39:52', '95fc3d6a-fd5c-45e4-bc38-2f90cd50bd78'),
 ('100', '100', 'en_us', 'devices', NULL, '1', '2016-03-17 00:25:18', '2016-03-17 00:25:18', 'ce001fc0-ccf9-4978-8116-03f42b11004d'),
 ('101', '101', 'en_us', '', NULL, '1', '2016-03-17 00:25:22', '2016-03-17 00:27:11', '008808b6-2bc6-4bde-8b7c-15efbc535ee0'),
 ('102', '102', 'en_us', '', NULL, '1', '2016-03-17 00:25:22', '2016-03-17 00:27:11', '8608d20e-3898-40a5-8b38-4d6a8638f386'),
 ('103', '103', 'en_us', '', NULL, '1', '2016-03-17 00:27:11', '2016-03-17 00:27:11', '95109a22-ada8-4037-bdff-f6c58111b309'),
 ('104', '104', 'en_us', '', NULL, '1', '2016-03-17 00:27:11', '2016-03-17 00:27:11', '8c81f332-9989-46a6-bec5-1b779cb1aeef'),
 ('105', '105', 'en_us', '', NULL, '1', '2016-03-17 00:27:11', '2016-03-17 00:27:11', 'e7072b0a-d69a-490d-845d-fdf2565d1430'),
 ('106', '106', 'en_us', '', NULL, '1', '2016-03-17 00:27:11', '2016-03-17 00:27:11', 'fa016fbe-ae45-4898-bcbf-e769c0e997c7'),
 ('107', '107', 'en_us', '', NULL, '1', '2016-03-17 00:27:11', '2016-03-17 00:27:11', 'fc048ad6-2715-450b-be2b-dd3ff9128ff3'),
 ('108', '108', 'en_us', '', NULL, '1', '2016-03-17 00:27:11', '2016-03-17 00:27:11', '66322bcd-73a9-439b-8a36-6eaf1e763ae5');



DROP TABLE IF EXISTS `craft_emailmessages`;


--
-- Schema for table `craft_emailmessages`
--
CREATE TABLE `craft_emailmessages` (
  `id` int(11) NOT NULL AUTO_INCREMENT,
  `key` char(150) COLLATE utf8_unicode_ci NOT NULL,
  `locale` char(12) COLLATE utf8_unicode_ci NOT NULL,
  `subject` varchar(1000) COLLATE utf8_unicode_ci NOT NULL,
  `body` text COLLATE utf8_unicode_ci NOT NULL,
  `dateCreated` datetime NOT NULL,
  `dateUpdated` datetime NOT NULL,
  `uid` char(36) COLLATE utf8_unicode_ci NOT NULL DEFAULT '0',
  PRIMARY KEY (`id`),
  UNIQUE KEY `craft_emailmessages_key_locale_unq_idx` (`key`,`locale`),
  KEY `craft_emailmessages_locale_fk` (`locale`)
) ENGINE=InnoDB DEFAULT CHARSET=utf8 COLLATE=utf8_unicode_ci;

DROP TABLE IF EXISTS `craft_entries`;


--
-- Schema for table `craft_entries`
--
CREATE TABLE `craft_entries` (
  `id` int(11) NOT NULL,
  `sectionId` int(11) NOT NULL,
  `typeId` int(11) DEFAULT NULL,
  `authorId` int(11) DEFAULT NULL,
  `postDate` datetime DEFAULT NULL,
  `expiryDate` datetime DEFAULT NULL,
  `dateCreated` datetime NOT NULL,
  `dateUpdated` datetime NOT NULL,
  `uid` char(36) COLLATE utf8_unicode_ci NOT NULL DEFAULT '0',
  PRIMARY KEY (`id`),
  KEY `craft_entries_sectionId_idx` (`sectionId`),
  KEY `craft_entries_typeId_idx` (`typeId`),
  KEY `craft_entries_postDate_idx` (`postDate`),
  KEY `craft_entries_expiryDate_idx` (`expiryDate`),
  KEY `craft_entries_authorId_fk` (`authorId`)
) ENGINE=InnoDB DEFAULT CHARSET=utf8 COLLATE=utf8_unicode_ci;

--
-- Data for table `craft_entries`
--

INSERT INTO `craft_entries` (`id`, `sectionId`, `typeId`, `authorId`, `postDate`, `expiryDate`, `dateCreated`, `dateUpdated`, `uid`) VALUES
 ('5', '5', '5', NULL, '2016-03-07 12:52:11', NULL, '2016-02-25 13:49:09', '2016-03-16 21:25:48', 'd82b5182-8faf-43f8-99dd-0a88f1f653ad'),
 ('6', '6', '6', NULL, '2016-03-07 12:52:26', NULL, '2016-02-25 13:49:30', '2016-03-07 12:52:26', 'ef6aff0e-3375-4302-b897-fcd23240ba2c'),
 ('7', '7', '7', NULL, '2016-03-07 12:51:59', NULL, '2016-02-25 13:49:38', '2016-03-07 12:51:59', 'cdafba9e-aafe-4a9f-90d4-787431bee5be'),
 ('10', '3', '3', '1', '2016-02-25 14:42:00', NULL, '2016-02-25 14:42:24', '2016-03-16 21:07:08', 'ac6659b7-25ba-4087-adb2-a6f334ebf210'),
 ('66', '3', '3', '1', '2016-03-07 15:04:00', NULL, '2016-03-07 15:04:49', '2016-03-17 00:27:11', 'fd4814ce-ef20-42fc-99d4-c70e32d7dbd5'),
 ('69', '9', NULL, NULL, '2016-03-07 15:36:18', NULL, '2016-03-07 15:36:18', '2016-03-07 15:36:18', 'b9a807ae-fc1b-4274-9e70-bec12dbd8e98'),
 ('97', '3', '3', '1', '2016-03-16 21:25:00', NULL, '2016-03-16 21:25:32', '2016-03-16 21:39:52', '3decaf39-2fea-4c5e-9e2a-3a4623250552');



DROP TABLE IF EXISTS `craft_entrydrafts`;


--
-- Schema for table `craft_entrydrafts`
--
CREATE TABLE `craft_entrydrafts` (
  `id` int(11) NOT NULL AUTO_INCREMENT,
  `entryId` int(11) NOT NULL,
  `sectionId` int(11) NOT NULL,
  `creatorId` int(11) NOT NULL,
  `locale` char(12) COLLATE utf8_unicode_ci NOT NULL,
  `name` varchar(255) COLLATE utf8_unicode_ci NOT NULL,
  `notes` tinytext COLLATE utf8_unicode_ci,
  `data` mediumtext COLLATE utf8_unicode_ci NOT NULL,
  `dateCreated` datetime NOT NULL,
  `dateUpdated` datetime NOT NULL,
  `uid` char(36) COLLATE utf8_unicode_ci NOT NULL DEFAULT '0',
  PRIMARY KEY (`id`),
  KEY `craft_entrydrafts_entryId_locale_idx` (`entryId`,`locale`),
  KEY `craft_entrydrafts_sectionId_fk` (`sectionId`),
  KEY `craft_entrydrafts_creatorId_fk` (`creatorId`),
  KEY `craft_entrydrafts_locale_fk` (`locale`)
) ENGINE=InnoDB DEFAULT CHARSET=utf8 COLLATE=utf8_unicode_ci;

DROP TABLE IF EXISTS `craft_entrytypes`;


--
-- Schema for table `craft_entrytypes`
--
CREATE TABLE `craft_entrytypes` (
  `id` int(11) NOT NULL AUTO_INCREMENT,
  `sectionId` int(11) NOT NULL,
  `fieldLayoutId` int(11) DEFAULT NULL,
  `name` varchar(255) COLLATE utf8_unicode_ci NOT NULL,
  `handle` varchar(255) COLLATE utf8_unicode_ci NOT NULL,
  `hasTitleField` tinyint(1) unsigned NOT NULL DEFAULT '1',
  `titleLabel` varchar(255) COLLATE utf8_unicode_ci DEFAULT 'Title',
  `titleFormat` varchar(255) COLLATE utf8_unicode_ci DEFAULT NULL,
  `sortOrder` smallint(6) unsigned DEFAULT NULL,
  `dateCreated` datetime NOT NULL,
  `dateUpdated` datetime NOT NULL,
  `uid` char(36) COLLATE utf8_unicode_ci NOT NULL DEFAULT '0',
  PRIMARY KEY (`id`),
  UNIQUE KEY `craft_entrytypes_name_sectionId_unq_idx` (`name`,`sectionId`),
  UNIQUE KEY `craft_entrytypes_handle_sectionId_unq_idx` (`handle`,`sectionId`),
  KEY `craft_entrytypes_sectionId_fk` (`sectionId`),
  KEY `craft_entrytypes_fieldLayoutId_fk` (`fieldLayoutId`)
) ENGINE=InnoDB AUTO_INCREMENT=10 DEFAULT CHARSET=utf8 COLLATE=utf8_unicode_ci;

--
-- Data for table `craft_entrytypes`
--

INSERT INTO `craft_entrytypes` (`id`, `sectionId`, `fieldLayoutId`, `name`, `handle`, `hasTitleField`, `titleLabel`, `titleFormat`, `sortOrder`, `dateCreated`, `dateUpdated`, `uid`) VALUES
 ('3', '3', '237', 'Case', 'case', '1', 'Title', NULL, NULL, '2016-02-25 13:47:27', '2016-03-15 13:55:31', 'cb004f6d-0bc8-4d9e-81aa-64d851a517a2'),
 ('5', '5', '13', 'Homepage', 'homepage', '0', NULL, '{section.name|raw}', NULL, '2016-02-25 13:49:09', '2016-02-25 14:01:29', '95c6d4b6-aa2c-453a-9772-3ab576afd0bc'),
 ('6', '6', '9', 'About', 'about', '0', NULL, '{section.name|raw}', NULL, '2016-02-25 13:49:30', '2016-02-25 13:49:30', '6947e25a-6658-446f-a386-7a2241cc7fd5'),
 ('7', '7', '10', 'Contact', 'contact', '0', NULL, '{section.name|raw}', NULL, '2016-02-25 13:49:38', '2016-02-25 13:49:38', '8ecdf7a1-747f-41b0-aa91-976e47f49c4b'),
 ('9', '9', '228', 'Work', 'work', '0', NULL, '{section.name|raw}', NULL, '2016-03-07 15:36:18', '2016-03-07 15:36:18', '29806935-6328-4153-8c6e-5551f4bca992');



DROP TABLE IF EXISTS `craft_entryversions`;


--
-- Schema for table `craft_entryversions`
--
CREATE TABLE `craft_entryversions` (
  `id` int(11) NOT NULL AUTO_INCREMENT,
  `entryId` int(11) NOT NULL,
  `sectionId` int(11) NOT NULL,
  `creatorId` int(11) DEFAULT NULL,
  `locale` char(12) COLLATE utf8_unicode_ci NOT NULL,
  `num` smallint(6) unsigned NOT NULL,
  `notes` tinytext COLLATE utf8_unicode_ci,
  `data` mediumtext COLLATE utf8_unicode_ci NOT NULL,
  `dateCreated` datetime NOT NULL,
  `dateUpdated` datetime NOT NULL,
  `uid` char(36) COLLATE utf8_unicode_ci NOT NULL DEFAULT '0',
  PRIMARY KEY (`id`),
  KEY `craft_entryversions_entryId_locale_idx` (`entryId`,`locale`),
  KEY `craft_entryversions_sectionId_fk` (`sectionId`),
  KEY `craft_entryversions_creatorId_fk` (`creatorId`),
  KEY `craft_entryversions_locale_fk` (`locale`)
) ENGINE=InnoDB AUTO_INCREMENT=118 DEFAULT CHARSET=utf8 COLLATE=utf8_unicode_ci;

--
-- Data for table `craft_entryversions`
--

INSERT INTO `craft_entryversions` (`id`, `entryId`, `sectionId`, `creatorId`, `locale`, `num`, `notes`, `data`, `dateCreated`, `dateUpdated`, `uid`) VALUES
 ('5', '5', '5', '1', 'en_us', '1', NULL, '{\"typeId\":\"5\",\"authorId\":null,\"title\":\"Homepage\",\"slug\":\"homepage\",\"postDate\":1456408149,\"expiryDate\":null,\"enabled\":1,\"parentId\":null,\"fields\":[]}', '2016-02-25 13:49:09', '2016-02-25 13:49:09', '615f89bc-6956-4658-84f2-ec94edfd5f75'),
 ('6', '6', '6', '1', 'en_us', '1', NULL, '{\"typeId\":\"6\",\"authorId\":null,\"title\":\"About\",\"slug\":\"about\",\"postDate\":1456408170,\"expiryDate\":null,\"enabled\":1,\"parentId\":null,\"fields\":[]}', '2016-02-25 13:49:30', '2016-02-25 13:49:30', '76b53f0d-e235-49ef-b58f-2dab0635a6e7'),
 ('7', '7', '7', '1', 'en_us', '1', NULL, '{\"typeId\":\"7\",\"authorId\":null,\"title\":\"Contact\",\"slug\":\"contact\",\"postDate\":1456408178,\"expiryDate\":null,\"enabled\":1,\"parentId\":null,\"fields\":[]}', '2016-02-25 13:49:38', '2016-02-25 13:49:38', 'b184767b-9b5d-4a20-a817-e96ffbb46b40'),
 ('9', '10', '3', '1', 'en_us', '1', '', '{\"typeId\":null,\"authorId\":\"1\",\"title\":\"Orangina\",\"slug\":\"orangina\",\"postDate\":1456411344,\"expiryDate\":null,\"enabled\":1,\"parentId\":null,\"fields\":{\"3\":\"\",\"41\":\"\",\"31\":\"\",\"40\":\"\",\"39\":\"\",\"36\":\"\",\"43\":\"\",\"42\":\"\",\"34\":\"\"}}', '2016-02-25 14:42:24', '2016-02-25 14:42:24', 'bc9e79f3-9248-460b-a73d-b100bc9c963a'),
 ('10', '5', '5', '1', 'en_us', '2', '', '{\"typeId\":\"5\",\"authorId\":null,\"title\":\"Homepage\",\"slug\":\"homepage\",\"postDate\":1456416420,\"expiryDate\":null,\"enabled\":1,\"parentId\":null,\"fields\":{\"10\":[\"10\"]}}', '2016-02-25 16:08:33', '2016-02-25 16:08:33', 'acb129a4-06d9-4928-9122-881abd3d98fe'),
 ('11', '5', '5', '1', 'en_us', '3', '', '{\"typeId\":\"5\",\"authorId\":null,\"title\":\"Homepage\",\"slug\":\"homepage\",\"postDate\":1456416420,\"expiryDate\":null,\"enabled\":1,\"parentId\":null,\"fields\":{\"10\":[\"10\"]}}', '2016-02-25 16:08:37', '2016-02-25 16:08:37', '97d35edb-89b5-48dc-b7e4-38c14c067a19'),
 ('12', '10', '3', '1', 'en_us', '2', '', '{\"typeId\":\"3\",\"authorId\":\"1\",\"title\":\"Orangina\",\"slug\":\"orangina\",\"postDate\":1456411320,\"expiryDate\":null,\"enabled\":1,\"parentId\":null,\"fields\":{\"3\":\"\",\"41\":\"\",\"31\":\"\",\"40\":\"\",\"39\":\"\",\"36\":\"\",\"43\":\"responsiveWebsite\",\"42\":\"\",\"34\":\"\"}}', '2016-02-25 16:08:55', '2016-02-25 16:08:55', '8724385f-f0fe-49aa-8fc6-75870c5a3863'),
 ('13', '10', '3', '1', 'en_us', '3', '', '{\"typeId\":\"3\",\"authorId\":\"1\",\"title\":\"Orangina global website\",\"slug\":\"orangina\",\"postDate\":1456411320,\"expiryDate\":null,\"enabled\":1,\"parentId\":null,\"fields\":{\"3\":\"\",\"41\":\"Orangina\",\"31\":\"\",\"40\":\"\",\"39\":\"A quirky new online appearance for a soda brand \",\"36\":\"\",\"43\":\"responsiveWebsite\",\"42\":\"\",\"34\":\"\"}}', '2016-02-26 10:45:33', '2016-02-26 10:45:33', '678438f1-bd20-4379-a1b5-a0763b569a43'),
 ('14', '10', '3', '1', 'en_us', '4', '', '{\"typeId\":\"3\",\"authorId\":\"1\",\"title\":\"Orangina global website\",\"slug\":\"orangina\",\"postDate\":1456411320,\"expiryDate\":null,\"enabled\":1,\"parentId\":null,\"fields\":{\"3\":{\"new1\":{\"type\":\"textFullWidth\",\"enabled\":\"1\",\"fields\":{\"body\":\"Orangina refreshed their brand identity Achtung!\\/Kraftwerk wastasked to extend their newbrand identity to a fresh online experience. \",\"backgroundColor\":\"#ffffff\"}}},\"41\":\"Orangina\",\"31\":\"\",\"40\":\"\",\"39\":\"A quirky new online appearance for a soda brand \",\"36\":\"\",\"43\":\"responsiveWebsite\",\"42\":\"\",\"34\":\"\"}}', '2016-02-26 10:46:08', '2016-02-26 10:46:08', 'f5d7099a-f4a8-4d3e-934e-e2908a6aefd8'),
 ('15', '10', '3', '1', 'en_us', '5', '', '{\"typeId\":\"3\",\"authorId\":\"1\",\"title\":\"Orangina global website\",\"slug\":\"orangina\",\"postDate\":1456411320,\"expiryDate\":null,\"enabled\":1,\"parentId\":null,\"fields\":{\"3\":{\"12\":{\"type\":\"textFullWidth\",\"enabled\":\"1\",\"fields\":{\"body\":\"Orangina refreshed their brand identity Achtung!\\/Kraftwerk wastasked to extend their newbrand identity to a fresh online experience. \",\"backgroundColor\":\"#ffffff\"}}},\"41\":\"Orangina\",\"31\":\"\",\"40\":\"\",\"39\":\"A quirky new online appearance for a soda brand \",\"36\":\"\",\"43\":\"responsiveWebsite\",\"42\":\"\",\"34\":\"\"}}', '2016-02-26 10:48:09', '2016-02-26 10:48:09', 'cb9f1d1b-5fae-4d4e-a233-380d460dd378'),
 ('16', '10', '3', '1', 'en_us', '6', '', '{\"typeId\":\"3\",\"authorId\":\"1\",\"title\":\"Orangina global website\",\"slug\":\"orangina\",\"postDate\":1456411320,\"expiryDate\":null,\"enabled\":1,\"parentId\":null,\"fields\":{\"3\":{\"12\":{\"type\":\"textFullWidth\",\"enabled\":\"1\",\"fields\":{\"body\":\"Orangina refreshed their brand identity Achtung!\\/Kraftwerk wastasked to extend their newbrand identity to a fresh online experience. \",\"backgroundColor\":\"#ffffff\"}},\"new1\":{\"type\":\"largeImage\",\"enabled\":\"1\",\"fields\":{\"image\":[\"13\"],\"backgroundImage\":\"\",\"backgroundColor\":\"#000000\"}}},\"41\":\"Orangina\",\"31\":\"\",\"40\":\"\",\"39\":\"A quirky new online appearance for a soda brand \",\"36\":\"\",\"43\":\"responsiveWebsite\",\"42\":\"\",\"34\":\"\"}}', '2016-02-26 11:34:33', '2016-02-26 11:34:33', '5bbd0d0e-b0b7-4927-badb-0491db548617'),
 ('17', '10', '3', '1', 'en_us', '7', '', '{\"typeId\":\"3\",\"authorId\":\"1\",\"title\":\"Orangina global website\",\"slug\":\"orangina\",\"postDate\":1456411320,\"expiryDate\":null,\"enabled\":1,\"parentId\":null,\"fields\":{\"3\":{\"12\":{\"type\":\"textFullWidth\",\"enabled\":\"1\",\"fields\":{\"body\":\"Orangina refreshed their brand identity Achtung!\\/Kraftwerk wastasked to extend their newbrand identity to a fresh online experience. \",\"backgroundColor\":\"#ffffff\"}},\"14\":{\"type\":\"largeImage\",\"enabled\":\"1\",\"fields\":{\"image\":[\"13\"],\"backgroundImage\":\"\",\"backgroundColor\":\"#000000\"}}},\"41\":\"Orangina\",\"31\":\"\",\"40\":\"\",\"39\":\"A quirky new online appearance for a soda brand \",\"36\":\"\",\"43\":\"responsiveWebsite\",\"42\":\"\",\"34\":\"\"}}', '2016-02-26 12:15:20', '2016-02-26 12:15:20', 'd6053f1a-6a70-4ce5-ab4a-85a5c5560199'),
 ('18', '10', '3', '1', 'en_us', '8', '', '{\"typeId\":\"3\",\"authorId\":\"1\",\"title\":\"Orangina global website\",\"slug\":\"orangina\",\"postDate\":1456411320,\"expiryDate\":null,\"enabled\":1,\"parentId\":null,\"fields\":{\"3\":{\"12\":{\"type\":\"textFullWidth\",\"enabled\":\"1\",\"fields\":{\"body\":\"Orangina refreshed their brand identity Achtung!\\/Kraftwerk wastasked to extend their newbrand identity to a fresh online experience. \",\"backgroundColor\":\"#ffffff\"}},\"14\":{\"type\":\"largeImage\",\"enabled\":\"1\",\"fields\":{\"image\":[\"13\"],\"backgroundImage\":\"\",\"backgroundColor\":\"#000000\"}}},\"41\":\"Orangina\",\"31\":\"\",\"40\":\"\",\"39\":\"A quirky new online appearance for a soda brand \",\"36\":\"\",\"43\":\"responsiveWebsite\",\"42\":\"\",\"34\":\"\"}}', '2016-02-26 12:34:45', '2016-02-26 12:34:45', 'dbe7867d-67eb-44e5-8192-30b0b65ec737'),
 ('19', '10', '3', '1', 'en_us', '9', '', '{\"typeId\":\"3\",\"authorId\":\"1\",\"title\":\"Orangina global website\",\"slug\":\"orangina\",\"postDate\":1456411320,\"expiryDate\":null,\"enabled\":1,\"parentId\":null,\"fields\":{\"3\":{\"12\":{\"type\":\"textFullWidth\",\"enabled\":\"1\",\"fields\":{\"body\":\"Orangina refreshed their brand identity Achtung!\\/Kraftwerk wastasked to extend their newbrand identity to a fresh online experience. \",\"backgroundColor\":\"#ffffff\"}},\"14\":{\"type\":\"largeImage\",\"enabled\":\"1\",\"fields\":{\"image\":[\"13\"],\"backgroundImage\":\"\",\"backgroundColor\":\"#000000\"}}},\"41\":\"Orangina\",\"31\":\"\",\"40\":\"\",\"39\":\"A quirky new online appearance for a soda brand \",\"36\":\"\",\"43\":\"responsiveWebsite\",\"42\":\"\",\"34\":\"\"}}', '2016-02-26 12:42:22', '2016-02-26 12:42:22', 'd7fd81a9-de52-4af3-9955-a40fab8a327d'),
 ('20', '10', '3', '1', 'en_us', '10', '', '{\"typeId\":\"3\",\"authorId\":\"1\",\"title\":\"Orangina global website\",\"slug\":\"orangina\",\"postDate\":1456411320,\"expiryDate\":null,\"enabled\":1,\"parentId\":null,\"fields\":{\"3\":{\"12\":{\"type\":\"textFullWidth\",\"enabled\":\"1\",\"fields\":{\"body\":\"Orangina refreshed their brand identity Achtung!\\/Kraftwerk wastasked to extend their newbrand identity to a fresh online experience. \",\"backgroundColor\":\"#ffffff\"}},\"14\":{\"type\":\"largeImage\",\"enabled\":\"1\",\"fields\":{\"image\":[\"13\"],\"backgroundImage\":\"\",\"backgroundColor\":\"#000000\"}}},\"41\":\"Orangina\",\"31\":\"\",\"40\":\"\",\"39\":\"A quirky new online appearance for a soda brand \",\"36\":\"\",\"43\":\"responsiveWebsite\",\"42\":\"\",\"34\":\"\"}}', '2016-02-26 12:43:23', '2016-02-26 12:43:23', '5d6d8168-4460-460f-a328-805c623f402c'),
 ('21', '10', '3', '1', 'en_us', '11', '', '{\"typeId\":\"3\",\"authorId\":\"1\",\"title\":\"Orangina global website\",\"slug\":\"orangina\",\"postDate\":1456411320,\"expiryDate\":null,\"enabled\":1,\"parentId\":null,\"fields\":{\"3\":{\"12\":{\"type\":\"textFullWidth\",\"enabled\":\"1\",\"fields\":{\"body\":\"Orangina refreshed their brand identity Achtung!\\/Kraftwerk wastasked to extend their newbrand identity to a fresh online experience. \",\"backgroundColor\":\"#ffffff\"}},\"14\":{\"type\":\"largeImage\",\"enabled\":\"1\",\"fields\":{\"image\":[\"13\"],\"backgroundImage\":[\"13\"],\"backgroundColor\":\"#000000\"}}},\"41\":\"Orangina\",\"31\":\"\",\"40\":\"\",\"39\":\"A quirky new online appearance for a soda brand \",\"36\":\"\",\"43\":\"responsiveWebsite\",\"42\":\"\",\"34\":\"\"}}', '2016-02-26 12:59:26', '2016-02-26 12:59:26', '936695d7-d176-4d13-9661-aea7455692df'),
 ('22', '10', '3', '1', 'en_us', '12', '', '{\"typeId\":\"3\",\"authorId\":\"1\",\"title\":\"Orangina global website\",\"slug\":\"orangina\",\"postDate\":1456411320,\"expiryDate\":null,\"enabled\":1,\"parentId\":null,\"fields\":{\"3\":{\"12\":{\"type\":\"textFullWidth\",\"enabled\":\"1\",\"fields\":{\"body\":\"Orangina refreshed their brand identity Achtung!\\/Kraftwerk wastasked to extend their newbrand identity to a fresh online experience. \",\"backgroundColor\":\"#ffffff\"}},\"14\":{\"type\":\"largeImage\",\"enabled\":\"1\",\"fields\":{\"image\":[\"13\"],\"backgroundImage\":[\"16\"],\"backgroundColor\":\"#000000\"}}},\"41\":\"Orangina\",\"31\":\"\",\"40\":\"\",\"39\":\"A quirky new online appearance for a soda brand \",\"36\":\"\",\"43\":\"responsiveWebsite\",\"42\":\"\",\"34\":\"\"}}', '2016-02-26 13:20:41', '2016-02-26 13:20:41', 'a84a20cc-9ffa-4c36-aabc-e7cd475a4511'),
 ('23', '10', '3', '1', 'en_us', '13', '', '{\"typeId\":\"3\",\"authorId\":\"1\",\"title\":\"Orangina global website\",\"slug\":\"orangina\",\"postDate\":1456411320,\"expiryDate\":null,\"enabled\":1,\"parentId\":null,\"fields\":{\"3\":{\"12\":{\"type\":\"textFullWidth\",\"enabled\":\"1\",\"fields\":{\"body\":\"Orangina refreshed their brand identity Achtung!\\/Kraftwerk wastasked to extend their newbrand identity to a fresh online experience. \",\"backgroundColor\":\"#ffffff\"}},\"14\":{\"type\":\"largeImage\",\"enabled\":\"1\",\"fields\":{\"image\":[\"13\"],\"backgroundImage\":[\"16\"],\"backgroundColor\":\"#000000\"}},\"new1\":{\"type\":\"textTwoColumns\",\"enabled\":\"1\",\"fields\":{\"heading\":\"Strategy, Concept & UX\",\"intro\":\"The content of the new Orangina website was meantto be kept simple serving a few main purposes.\",\"body\":\"In general there were two main obectives, informing people about the available range of Orangina products and telling them about the history of Orangina as a brand. The homepage would then serve as a hub to these two objectives, as well as to the Orangina social channels.\",\"backgroundColor\":\"#fda519\"}}},\"41\":\"Orangina\",\"31\":\"\",\"40\":\"\",\"39\":\"A quirky new online appearance for a soda brand \",\"36\":\"\",\"43\":\"responsiveWebsite\",\"42\":\"\",\"34\":\"\"}}', '2016-02-26 13:29:08', '2016-02-26 13:29:08', 'b1a17ac7-68ea-4fef-9818-bd29c64083a3'),
 ('24', '10', '3', '1', 'en_us', '14', '', '{\"typeId\":\"3\",\"authorId\":\"1\",\"title\":\"Orangina global website\",\"slug\":\"orangina\",\"postDate\":1456411320,\"expiryDate\":null,\"enabled\":1,\"parentId\":null,\"fields\":{\"3\":{\"12\":{\"type\":\"textFullWidth\",\"enabled\":\"1\",\"fields\":{\"body\":\"Orangina refreshed their brand identity Achtung!\\/Kraftwerk wastasked to extend their newbrand identity to a fresh online experience. \",\"textColor\":\"#000000\",\"backgroundColor\":\"#ffffff\"}},\"14\":{\"type\":\"largeImage\",\"enabled\":\"1\",\"fields\":{\"image\":[\"13\"],\"backgroundImage\":[\"16\"],\"backgroundColor\":\"#000000\"}},\"17\":{\"type\":\"textTwoColumns\",\"enabled\":\"1\",\"fields\":{\"heading\":\"Strategy, Concept & UX\",\"intro\":\"The content of the new Orangina website was meantto be kept simple serving a few main purposes.\",\"body\":\"In general there were two main obectives, informing people about the available range of Orangina products and telling them about the history of Orangina as a brand. The homepage would then serve as a hub to these two objectives, as well as to the Orangina social channels.\",\"textColor\":\"#ffffff\",\"backgroundColor\":\"#fda519\"}}},\"41\":\"Orangina\",\"31\":\"\",\"40\":\"\",\"39\":\"A quirky new online appearance for a soda brand \",\"36\":\"\",\"43\":\"responsiveWebsite\",\"42\":\"\",\"34\":\"\"}}', '2016-02-26 13:39:28', '2016-02-26 13:39:28', 'dfba6fcf-b661-46a9-ad68-e79753b21582'),
 ('25', '10', '3', '1', 'en_us', '15', '', '{\"typeId\":\"3\",\"authorId\":\"1\",\"title\":\"Orangina global website\",\"slug\":\"orangina\",\"postDate\":1456411320,\"expiryDate\":null,\"enabled\":1,\"parentId\":null,\"fields\":{\"3\":{\"12\":{\"type\":\"textFullWidth\",\"enabled\":\"1\",\"fields\":{\"body\":\"Orangina refreshed their brand identity Achtung!\\/Kraftwerk wastasked to extend their newbrand identity to a fresh online experience. \",\"textColor\":\"#000000\",\"backgroundColor\":\"#ffffff\"}},\"14\":{\"type\":\"largeImage\",\"enabled\":\"1\",\"fields\":{\"image\":[\"13\"],\"backgroundImage\":[\"16\"],\"backgroundColor\":\"#000000\"}},\"17\":{\"type\":\"textTwoColumns\",\"enabled\":\"1\",\"fields\":{\"heading\":\"Strategy, Concept & UX\",\"intro\":\"The content of the new Orangina website was meantto be kept simple serving a few main purposes.\",\"body\":\"In general there were two main obectives, informing people about the available range of Orangina products and telling them about the history of Orangina as a brand. The homepage would then serve as a hub to these two objectives, as well as to the Orangina social channels.\",\"textColor\":\"#ffffff\",\"backgroundColor\":\"#fda519\"}},\"new1\":{\"type\":\"video\",\"enabled\":\"1\",\"fields\":{\"coverImage\":\"\",\"video\":[\"18\"],\"backgroundColor\":\"#ffa600\"}}},\"41\":\"Orangina\",\"31\":\"\",\"40\":\"\",\"39\":\"A quirky new online appearance for a soda brand \",\"36\":\"\",\"43\":\"responsiveWebsite\",\"42\":\"\",\"34\":\"\"}}', '2016-02-26 13:53:26', '2016-02-26 13:53:26', '1ea55b9b-64f0-4365-a43d-3d86ed39292e'),
 ('26', '10', '3', '1', 'en_us', '16', '', '{\"typeId\":\"3\",\"authorId\":\"1\",\"title\":\"Orangina global website\",\"slug\":\"orangina\",\"postDate\":1456411320,\"expiryDate\":null,\"enabled\":1,\"parentId\":null,\"fields\":{\"3\":{\"12\":{\"type\":\"textFullWidth\",\"enabled\":\"1\",\"fields\":{\"body\":\"Orangina refreshed their brand identity Achtung!\\/Kraftwerk wastasked to extend their newbrand identity to a fresh online experience. \",\"textColor\":\"#000000\",\"backgroundColor\":\"#ffffff\"}},\"14\":{\"type\":\"largeImage\",\"enabled\":\"1\",\"fields\":{\"image\":[\"13\"],\"backgroundImage\":[\"16\"],\"backgroundColor\":\"#000000\"}},\"17\":{\"type\":\"textTwoColumns\",\"enabled\":\"1\",\"fields\":{\"heading\":\"Strategy, Concept & UX\",\"intro\":\"The content of the new Orangina website was meantto be kept simple serving a few main purposes.\",\"body\":\"In general there were two main obectives, informing people about the available range of Orangina products and telling them about the history of Orangina as a brand. The homepage would then serve as a hub to these two objectives, as well as to the Orangina social channels.\",\"textColor\":\"#ffffff\",\"backgroundColor\":\"#fda519\"}},\"19\":{\"type\":\"video\",\"enabled\":\"1\",\"fields\":{\"coverImage\":\"\",\"video\":[\"18\"],\"backgroundColor\":\"#ffa600\"}},\"new1\":{\"type\":\"textTwoColumns\",\"enabled\":\"1\",\"fields\":{\"heading\":\"Design elements\",\"intro\":\"Colors for the Orangina website were besides the brand\\u2019s Blue and Yellow, based on the labels of the different flavours. \",\"body\":\"\",\"textColor\":\"#000000\",\"backgroundColor\":\"#000000\"}}},\"41\":\"Orangina\",\"31\":\"\",\"40\":\"\",\"39\":\"A quirky new online appearance for a soda brand \",\"36\":\"\",\"43\":\"responsiveWebsite\",\"42\":\"\",\"34\":\"\"}}', '2016-02-26 14:02:48', '2016-02-26 14:02:48', '0fae07e1-60f2-4d35-8da7-a650d405bd62'),
 ('27', '10', '3', '1', 'en_us', '17', '', '{\"typeId\":\"3\",\"authorId\":\"1\",\"title\":\"Orangina global website\",\"slug\":\"orangina\",\"postDate\":1456411320,\"expiryDate\":null,\"enabled\":1,\"parentId\":null,\"fields\":{\"3\":{\"12\":{\"type\":\"textFullWidth\",\"enabled\":\"1\",\"fields\":{\"body\":\"Orangina refreshed their brand identity Achtung!\\/Kraftwerk wastasked to extend their newbrand identity to a fresh online experience. \",\"textColor\":\"#000000\",\"backgroundColor\":\"#ffffff\"}},\"14\":{\"type\":\"largeImage\",\"enabled\":\"1\",\"fields\":{\"image\":[\"13\"],\"backgroundImage\":[\"16\"],\"backgroundColor\":\"#000000\"}},\"17\":{\"type\":\"textTwoColumns\",\"enabled\":\"1\",\"fields\":{\"heading\":\"Strategy, Concept & UX\",\"intro\":\"The content of the new Orangina website was meantto be kept simple serving a few main purposes.\",\"body\":\"In general there were two main obectives, informing people about the available range of Orangina products and telling them about the history of Orangina as a brand. The homepage would then serve as a hub to these two objectives, as well as to the Orangina social channels.\",\"textColor\":\"#ffffff\",\"backgroundColor\":\"#fda519\"}},\"19\":{\"type\":\"video\",\"enabled\":\"1\",\"fields\":{\"coverImage\":\"\",\"video\":[\"18\"],\"backgroundColor\":\"#ffa600\"}},\"20\":{\"type\":\"textTwoColumns\",\"enabled\":\"1\",\"fields\":{\"heading\":\"Design elements\",\"intro\":\"Colors for the Orangina website were besides the brand\\u2019s Blue and Yellow, based on the labels of the different flavours. \",\"body\":\"\",\"textColor\":\"#000000\",\"backgroundColor\":\"#ffffff\"}}},\"41\":\"Orangina\",\"31\":\"\",\"40\":\"\",\"39\":\"A quirky new online appearance for a soda brand \",\"36\":\"\",\"43\":\"responsiveWebsite\",\"42\":\"\",\"34\":\"\"}}', '2016-02-26 14:03:04', '2016-02-26 14:03:04', 'a0aabc5e-5817-4243-a8c8-535b64d63fd3'),
 ('28', '10', '3', '1', 'en_us', '18', '', '{\"typeId\":\"3\",\"authorId\":\"1\",\"title\":\"Orangina global website\",\"slug\":\"orangina\",\"postDate\":1456411320,\"expiryDate\":null,\"enabled\":1,\"parentId\":null,\"fields\":{\"3\":{\"12\":{\"type\":\"textFullWidth\",\"enabled\":\"1\",\"fields\":{\"body\":\"Orangina refreshed their brand identity Achtung!\\/Kraftwerk wastasked to extend their newbrand identity to a fresh online experience. \",\"textColor\":\"#000000\",\"backgroundColor\":\"#ffffff\"}},\"14\":{\"type\":\"largeImage\",\"enabled\":\"1\",\"fields\":{\"image\":[\"13\"],\"backgroundImage\":[\"16\"],\"backgroundColor\":\"#000000\"}},\"17\":{\"type\":\"textTwoColumns\",\"enabled\":\"1\",\"fields\":{\"heading\":\"Strategy, Concept & UX\",\"intro\":\"The content of the new Orangina website was meantto be kept simple serving a few main purposes.\",\"body\":\"In general there were two main obectives, informing people about the available range of Orangina products and telling them about the history of Orangina as a brand. The homepage would then serve as a hub to these two objectives, as well as to the Orangina social channels.\",\"textColor\":\"#ffffff\",\"backgroundColor\":\"#fda519\"}},\"19\":{\"type\":\"video\",\"enabled\":\"1\",\"fields\":{\"coverImage\":\"\",\"video\":[\"18\"],\"backgroundColor\":\"#ffa600\"}},\"20\":{\"type\":\"textTwoColumns\",\"enabled\":\"1\",\"fields\":{\"heading\":\"Design elements\",\"intro\":\"Colors for the Orangina website were besides the brand\\u2019s Blue and Yellow, based on the labels of the different flavours. \",\"body\":\"\",\"textColor\":\"#000000\",\"backgroundColor\":\"#ffffff\"}},\"new1\":{\"type\":\"largeImage\",\"enabled\":\"1\",\"fields\":{\"image\":[\"21\"],\"backgroundImage\":\"\",\"backgroundColor\":\"#ffffff\"}}},\"41\":\"Orangina\",\"31\":\"\",\"40\":\"\",\"39\":\"A quirky new online appearance for a soda brand \",\"36\":\"\",\"43\":\"responsiveWebsite\",\"42\":\"\",\"34\":\"\"}}', '2016-02-26 14:08:10', '2016-02-26 14:08:10', '80c9f5d1-11c6-4009-bc5c-576d102980d2'),
 ('29', '10', '3', '1', 'en_us', '19', '', '{\"typeId\":\"3\",\"authorId\":\"1\",\"title\":\"Orangina global website\",\"slug\":\"orangina\",\"postDate\":1456411320,\"expiryDate\":null,\"enabled\":1,\"parentId\":null,\"fields\":{\"3\":{\"12\":{\"type\":\"textFullWidth\",\"enabled\":\"1\",\"fields\":{\"body\":\"Orangina refreshed their brand identity Achtung!\\/Kraftwerk wastasked to extend their newbrand identity to a fresh online experience. \",\"textColor\":\"#000000\",\"backgroundColor\":\"#ffffff\"}},\"14\":{\"type\":\"largeImage\",\"enabled\":\"1\",\"fields\":{\"image\":[\"13\"],\"backgroundImage\":[\"16\"],\"backgroundColor\":\"#000000\"}},\"17\":{\"type\":\"textTwoColumns\",\"enabled\":\"1\",\"fields\":{\"heading\":\"Strategy, Concept & UX\",\"intro\":\"The content of the new Orangina website was meantto be kept simple serving a few main purposes.\",\"body\":\"In general there were two main obectives, informing people about the available range of Orangina products and telling them about the history of Orangina as a brand. The homepage would then serve as a hub to these two objectives, as well as to the Orangina social channels.\",\"textColor\":\"#ffffff\",\"backgroundColor\":\"#fda519\"}},\"19\":{\"type\":\"video\",\"enabled\":\"1\",\"fields\":{\"coverImage\":\"\",\"video\":[\"18\"],\"backgroundColor\":\"#ffa600\"}},\"20\":{\"type\":\"textTwoColumns\",\"enabled\":\"1\",\"fields\":{\"heading\":\"Design elements\",\"intro\":\"Colors for the Orangina website were besides the brand\\u2019s Blue and Yellow, based on the labels of the different flavours. \",\"body\":\"\",\"textColor\":\"#000000\",\"backgroundColor\":\"#ffffff\"}},\"22\":{\"type\":\"largeImage\",\"enabled\":\"1\",\"fields\":{\"image\":[\"21\"],\"backgroundImage\":\"\",\"backgroundColor\":\"#ffffff\"}},\"new1\":{\"type\":\"textWithImage\",\"enabled\":\"1\",\"fields\":{\"heading\":\"Iconography\",\"intro\":\"To add on the playfull, quirky identity of Orangina, we created an iconset that was used throughout the website.\",\"body\":\"Our hands on mentality can be found throughout the whole process. We bring ideas to life early. We prototype to keep improving along the way. \",\"image\":\"\",\"textColor\":\"#000000\",\"backgroundColor\":\"#ffffff\",\"imagePosition\":\"left\"}}},\"41\":\"Orangina\",\"31\":\"\",\"40\":\"\",\"39\":\"A quirky new online appearance for a soda brand \",\"36\":\"\",\"43\":\"responsiveWebsite\",\"42\":\"\",\"34\":\"\"}}', '2016-02-26 14:13:03', '2016-02-26 14:13:03', '0cfafbdb-97a8-4a5a-8c52-f61abfd37356'),
 ('30', '10', '3', '1', 'en_us', '20', '', '{\"typeId\":\"3\",\"authorId\":\"1\",\"title\":\"Orangina global website\",\"slug\":\"orangina\",\"postDate\":1456411320,\"expiryDate\":null,\"enabled\":1,\"parentId\":null,\"fields\":{\"3\":{\"12\":{\"type\":\"textFullWidth\",\"enabled\":\"1\",\"fields\":{\"body\":\"Orangina refreshed their brand identity Achtung!\\/Kraftwerk wastasked to extend their newbrand identity to a fresh online experience. \",\"textColor\":\"#000000\",\"backgroundColor\":\"#ffffff\"}},\"14\":{\"type\":\"largeImage\",\"enabled\":\"1\",\"fields\":{\"image\":[\"13\"],\"backgroundImage\":[\"16\"],\"backgroundColor\":\"#000000\"}},\"17\":{\"type\":\"textTwoColumns\",\"enabled\":\"1\",\"fields\":{\"heading\":\"Strategy, Concept & UX\",\"intro\":\"The content of the new Orangina website was meantto be kept simple serving a few main purposes.\",\"body\":\"In general there were two main obectives, informing people about the available range of Orangina products and telling them about the history of Orangina as a brand. The homepage would then serve as a hub to these two objectives, as well as to the Orangina social channels.\",\"textColor\":\"#ffffff\",\"backgroundColor\":\"#fda519\"}},\"19\":{\"type\":\"video\",\"enabled\":\"1\",\"fields\":{\"coverImage\":\"\",\"video\":[\"18\"],\"backgroundColor\":\"#ffa600\"}},\"20\":{\"type\":\"textTwoColumns\",\"enabled\":\"1\",\"fields\":{\"heading\":\"Design elements\",\"intro\":\"Colors for the Orangina website were besides the brand\\u2019s Blue and Yellow, based on the labels of the different flavours. \",\"body\":\"\",\"textColor\":\"#000000\",\"backgroundColor\":\"#ffffff\"}},\"22\":{\"type\":\"largeImage\",\"enabled\":\"1\",\"fields\":{\"image\":[\"21\"],\"backgroundImage\":\"\",\"backgroundColor\":\"#ffffff\"}},\"23\":{\"type\":\"textWithImage\",\"enabled\":\"1\",\"fields\":{\"heading\":\"Iconography\",\"intro\":\"To add on the playfull, quirky identity of Orangina, we created an iconset that was used throughout the website.\",\"body\":\"Our hands on mentality can be found throughout the whole process. We bring ideas to life early. We prototype to keep improving along the way. \",\"image\":\"\",\"textColor\":\"#000000\",\"backgroundColor\":\"#ffffff\",\"imagePosition\":\"left\"}}},\"41\":\"Orangina\",\"31\":\"\",\"40\":\"\",\"39\":\"A quirky new online appearance for a soda brand \",\"36\":\"\",\"43\":\"responsiveWebsite\",\"42\":\"\",\"34\":\"\"}}', '2016-02-26 14:14:11', '2016-02-26 14:14:11', '70c599bb-e15b-4926-bb6c-13454c8b5d3a'),
 ('31', '10', '3', '1', 'en_us', '21', '', '{\"typeId\":\"3\",\"authorId\":\"1\",\"title\":\"Orangina global website\",\"slug\":\"orangina\",\"postDate\":1456411320,\"expiryDate\":null,\"enabled\":1,\"parentId\":null,\"fields\":{\"3\":{\"12\":{\"type\":\"textFullWidth\",\"enabled\":\"1\",\"fields\":{\"body\":\"Orangina refreshed their brand identity Achtung!\\/Kraftwerk wastasked to extend their newbrand identity to a fresh online experience. \",\"textColor\":\"#000000\",\"backgroundColor\":\"#ffffff\"}},\"14\":{\"type\":\"largeImage\",\"enabled\":\"1\",\"fields\":{\"image\":[\"13\"],\"backgroundImage\":[\"16\"],\"backgroundColor\":\"#000000\"}},\"17\":{\"type\":\"textTwoColumns\",\"enabled\":\"1\",\"fields\":{\"heading\":\"Strategy, Concept & UX\",\"intro\":\"The content of the new Orangina website was meantto be kept simple serving a few main purposes.\",\"body\":\"In general there were two main obectives, informing people about the available range of Orangina products and telling them about the history of Orangina as a brand. The homepage would then serve as a hub to these two objectives, as well as to the Orangina social channels.\",\"textColor\":\"#ffffff\",\"backgroundColor\":\"#fda519\"}},\"19\":{\"type\":\"video\",\"enabled\":\"1\",\"fields\":{\"coverImage\":\"\",\"video\":[\"18\"],\"backgroundColor\":\"#ffa600\"}},\"20\":{\"type\":\"textTwoColumns\",\"enabled\":\"1\",\"fields\":{\"heading\":\"Design elements\",\"intro\":\"Colors for the Orangina website were besides the brand\\u2019s Blue and Yellow, based on the labels of the different flavours. \",\"body\":\"\",\"textColor\":\"#000000\",\"backgroundColor\":\"#ffffff\"}},\"22\":{\"type\":\"largeImage\",\"enabled\":\"1\",\"fields\":{\"image\":[\"21\"],\"backgroundImage\":\"\",\"backgroundColor\":\"#ffffff\"}},\"23\":{\"type\":\"textWithImage\",\"enabled\":\"1\",\"fields\":{\"heading\":\"Iconography\",\"intro\":\"To add on the playfull, quirky identity of Orangina, we created an iconset that was used throughout the website.\",\"body\":\"Our hands on mentality can be found throughout the whole process. We bring ideas to life early. We prototype to keep improving along the way. \",\"image\":\"\",\"textColor\":\"#000000\",\"backgroundColor\":\"#ffffff\",\"imagePosition\":\"left\"}}},\"41\":\"Orangina\",\"31\":\"\",\"40\":\"\",\"39\":\"A quirky new online appearance for a soda brand \",\"36\":\"\",\"43\":\"responsiveWebsite\",\"42\":\"\",\"34\":\"\"}}', '2016-02-29 09:22:55', '2016-02-29 09:22:55', '42c7d36b-7551-414a-9db0-0ca85bec7aa8'),
 ('32', '10', '3', '1', 'en_us', '22', '', '{\"typeId\":\"3\",\"authorId\":\"1\",\"title\":\"Orangina global website\",\"slug\":\"orangina\",\"postDate\":1456411320,\"expiryDate\":null,\"enabled\":1,\"parentId\":null,\"fields\":{\"3\":{\"12\":{\"type\":\"textFullWidth\",\"enabled\":\"1\",\"fields\":{\"body\":\"Orangina refreshed their brand identity Achtung!\\/Kraftwerk wastasked to extend their newbrand identity to a fresh online experience. \",\"textColor\":\"#000000\",\"backgroundColor\":\"#ffffff\"}},\"14\":{\"type\":\"largeImage\",\"enabled\":\"1\",\"fields\":{\"image\":[\"13\"],\"backgroundImage\":[\"16\"],\"backgroundColor\":\"#000000\"}},\"17\":{\"type\":\"textTwoColumns\",\"enabled\":\"1\",\"fields\":{\"heading\":\"Strategy, Concept & UX\",\"intro\":\"The content of the new Orangina website was meantto be kept simple serving a few main purposes.\",\"body\":\"In general there were two main obectives, informing people about the available range of Orangina products and telling them about the history of Orangina as a brand. The homepage would then serve as a hub to these two objectives, as well as to the Orangina social channels.\",\"textColor\":\"#ffffff\",\"backgroundColor\":\"#fda519\"}},\"19\":{\"type\":\"video\",\"enabled\":\"1\",\"fields\":{\"coverImage\":\"\",\"video\":[\"18\"],\"backgroundColor\":\"#ffa600\"}},\"20\":{\"type\":\"textTwoColumns\",\"enabled\":\"1\",\"fields\":{\"heading\":\"Design elements\",\"intro\":\"Colors for the Orangina website were besides the brand\\u2019s Blue and Yellow, based on the labels of the different flavours. \",\"body\":\"\",\"textColor\":\"#000000\",\"backgroundColor\":\"#ffffff\"}},\"22\":{\"type\":\"largeImage\",\"enabled\":\"1\",\"fields\":{\"image\":[\"21\"],\"backgroundImage\":\"\",\"backgroundColor\":\"#ffffff\"}},\"23\":{\"type\":\"textWithImage\",\"enabled\":\"1\",\"fields\":{\"heading\":\"Iconography\",\"intro\":\"To add on the playfull, quirky identity of Orangina, we created an iconset that was used throughout the website.\",\"body\":\"Our hands on mentality can be found throughout the whole process. We bring ideas to life early. We prototype to keep improving along the way. \",\"image\":[\"24\"],\"textColor\":\"#000000\",\"backgroundColor\":\"#ffffff\",\"imagePosition\":\"left\"}}},\"41\":\"Orangina\",\"31\":\"\",\"40\":\"\",\"39\":\"A quirky new online appearance for a soda brand \",\"36\":\"\",\"43\":\"responsiveWebsite\",\"42\":\"\",\"34\":\"\"}}', '2016-02-29 09:29:05', '2016-02-29 09:29:05', '4207d07c-287c-4e14-9f37-dcff9c0abdb6'),
 ('33', '10', '3', '1', 'en_us', '23', '', '{\"typeId\":\"3\",\"authorId\":\"1\",\"title\":\"Orangina global website\",\"slug\":\"orangina\",\"postDate\":1456411320,\"expiryDate\":null,\"enabled\":1,\"parentId\":null,\"fields\":{\"3\":{\"12\":{\"type\":\"textFullWidth\",\"enabled\":\"1\",\"fields\":{\"body\":\"Orangina refreshed their brand identity Achtung!\\/Kraftwerk wastasked to extend their newbrand identity to a fresh online experience. \",\"textColor\":\"#000000\",\"backgroundColor\":\"#ffffff\"}},\"14\":{\"type\":\"largeImage\",\"enabled\":\"1\",\"fields\":{\"image\":[\"13\"],\"backgroundImage\":[\"16\"],\"backgroundColor\":\"#000000\"}},\"17\":{\"type\":\"textTwoColumns\",\"enabled\":\"1\",\"fields\":{\"heading\":\"Strategy, Concept & UX\",\"intro\":\"The content of the new Orangina website was meantto be kept simple serving a few main purposes.\",\"body\":\"In general there were two main obectives, informing people about the available range of Orangina products and telling them about the history of Orangina as a brand. The homepage would then serve as a hub to these two objectives, as well as to the Orangina social channels.\",\"textColor\":\"#ffffff\",\"backgroundColor\":\"#fda519\"}},\"19\":{\"type\":\"video\",\"enabled\":\"1\",\"fields\":{\"coverImage\":\"\",\"video\":[\"18\"],\"backgroundColor\":\"#ffa600\"}},\"20\":{\"type\":\"textTwoColumns\",\"enabled\":\"1\",\"fields\":{\"heading\":\"Design elements\",\"intro\":\"Colors for the Orangina website were besides the brand\\u2019s Blue and Yellow, based on the labels of the different flavours. \",\"body\":\"\",\"textColor\":\"#000000\",\"backgroundColor\":\"#ffffff\"}},\"22\":{\"type\":\"largeImage\",\"enabled\":\"1\",\"fields\":{\"image\":[\"21\"],\"backgroundImage\":\"\",\"backgroundColor\":\"#ffffff\"}},\"23\":{\"type\":\"textWithImage\",\"enabled\":\"1\",\"fields\":{\"heading\":\"Iconography\",\"intro\":\"To add on the playfull, quirky identity of Orangina, we created an iconset that was used throughout the website.\",\"body\":\"Our hands on mentality can be found throughout the whole process. We bring ideas to life early. We prototype to keep improving along the way. \",\"image\":[\"24\"],\"textColor\":\"#000000\",\"backgroundColor\":\"#ffffff\",\"imagePosition\":\"right\"}}},\"41\":\"Orangina\",\"31\":\"\",\"40\":\"\",\"39\":\"A quirky new online appearance for a soda brand \",\"36\":\"\",\"43\":\"responsiveWebsite\",\"42\":\"\",\"34\":\"\"}}', '2016-02-29 09:29:41', '2016-02-29 09:29:41', '1889cabf-b6c7-4aa9-b613-88e65d5fd685'),
 ('34', '10', '3', '1', 'en_us', '24', '', '{\"typeId\":\"3\",\"authorId\":\"1\",\"title\":\"Orangina global website\",\"slug\":\"orangina\",\"postDate\":1456411320,\"expiryDate\":null,\"enabled\":1,\"parentId\":null,\"fields\":{\"3\":{\"12\":{\"type\":\"textFullWidth\",\"enabled\":\"1\",\"fields\":{\"body\":\"Orangina refreshed their brand identity Achtung!\\/Kraftwerk wastasked to extend their newbrand identity to a fresh online experience. \",\"textColor\":\"#000000\",\"backgroundColor\":\"#ffffff\"}},\"14\":{\"type\":\"largeImage\",\"enabled\":\"1\",\"fields\":{\"image\":[\"13\"],\"backgroundImage\":[\"16\"],\"backgroundColor\":\"#000000\"}},\"17\":{\"type\":\"textTwoColumns\",\"enabled\":\"1\",\"fields\":{\"heading\":\"Strategy, Concept & UX\",\"intro\":\"The content of the new Orangina website was meantto be kept simple serving a few main purposes.\",\"body\":\"In general there were two main obectives, informing people about the available range of Orangina products and telling them about the history of Orangina as a brand. The homepage would then serve as a hub to these two objectives, as well as to the Orangina social channels.\",\"textColor\":\"#ffffff\",\"backgroundColor\":\"#fda519\"}},\"19\":{\"type\":\"video\",\"enabled\":\"1\",\"fields\":{\"coverImage\":\"\",\"video\":[\"18\"],\"backgroundColor\":\"#ffa600\"}},\"20\":{\"type\":\"textTwoColumns\",\"enabled\":\"1\",\"fields\":{\"heading\":\"Design elements\",\"intro\":\"Colors for the Orangina website were besides the brand\\u2019s Blue and Yellow, based on the labels of the different flavours. \",\"body\":\"\",\"textColor\":\"#000000\",\"backgroundColor\":\"#ffffff\"}},\"22\":{\"type\":\"largeImage\",\"enabled\":\"1\",\"fields\":{\"image\":[\"21\"],\"backgroundImage\":\"\",\"backgroundColor\":\"#ffffff\"}},\"23\":{\"type\":\"textWithImage\",\"enabled\":\"1\",\"fields\":{\"heading\":\"Iconography\",\"intro\":\"To add on the playfull, quirky identity of Orangina, we created an iconset that was used throughout the website.\",\"body\":\"Our hands on mentality can be found throughout the whole process. We bring ideas to life early. We prototype to keep improving along the way. \",\"image\":[\"24\"],\"textColor\":\"#000000\",\"backgroundColor\":\"#ffffff\",\"imagePosition\":\"right\"}},\"new1\":{\"type\":\"textTwoColumns\",\"enabled\":\"1\",\"fields\":{\"heading\":\"Final Designs\",\"intro\":\"The content of the new Orangina website was meantto be kept simple serving a few main purposes.\",\"body\":\"In general there were two main obectives, informing people about the available range of Orangina products and telling them about the history of Orangina as a brand. The homepage would then serve as a hub to these two objectives, as well as to the Orangina social channels.\",\"textColor\":\"#ffffff\",\"backgroundColor\":\"#092865\"}}},\"41\":\"Orangina\",\"31\":\"\",\"40\":\"\",\"39\":\"A quirky new online appearance for a soda brand \",\"36\":\"\",\"43\":\"responsiveWebsite\",\"42\":\"\",\"34\":\"\"}}', '2016-02-29 09:37:51', '2016-02-29 09:37:51', '5cb84c78-ab2b-4895-82ad-fb5cde1b8d53'),
 ('35', '10', '3', '1', 'en_us', '25', '', '{\"typeId\":\"3\",\"authorId\":\"1\",\"title\":\"Orangina global website\",\"slug\":\"orangina\",\"postDate\":1456411320,\"expiryDate\":null,\"enabled\":1,\"parentId\":null,\"fields\":{\"3\":{\"12\":{\"type\":\"textFullWidth\",\"enabled\":\"1\",\"fields\":{\"body\":\"Orangina refreshed their brand identity Achtung!\\/Kraftwerk wastasked to extend their newbrand identity to a fresh online experience. \",\"textColor\":\"#000000\",\"backgroundColor\":\"#ffffff\"}},\"14\":{\"type\":\"largeImage\",\"enabled\":\"1\",\"fields\":{\"image\":[\"13\"],\"backgroundImage\":[\"16\"],\"backgroundColor\":\"#000000\"}},\"17\":{\"type\":\"textTwoColumns\",\"enabled\":\"1\",\"fields\":{\"heading\":\"Strategy, Concept & UX\",\"intro\":\"The content of the new Orangina website was meantto be kept simple serving a few main purposes.\",\"body\":\"In general there were two main obectives, informing people about the available range of Orangina products and telling them about the history of Orangina as a brand. The homepage would then serve as a hub to these two objectives, as well as to the Orangina social channels.\",\"textColor\":\"#ffffff\",\"backgroundColor\":\"#fda519\"}},\"19\":{\"type\":\"video\",\"enabled\":\"1\",\"fields\":{\"coverImage\":\"\",\"video\":[\"18\"],\"backgroundColor\":\"#ffa600\"}},\"20\":{\"type\":\"textTwoColumns\",\"enabled\":\"1\",\"fields\":{\"heading\":\"Design elements\",\"intro\":\"Colors for the Orangina website were besides the brand\\u2019s Blue and Yellow, based on the labels of the different flavours. \",\"body\":\"\",\"textColor\":\"#000000\",\"backgroundColor\":\"#ffffff\"}},\"22\":{\"type\":\"largeImage\",\"enabled\":\"1\",\"fields\":{\"image\":[\"21\"],\"backgroundImage\":\"\",\"backgroundColor\":\"#ffffff\"}},\"23\":{\"type\":\"textWithImage\",\"enabled\":\"1\",\"fields\":{\"heading\":\"Iconography\",\"intro\":\"To add on the playfull, quirky identity of Orangina, we created an iconset that was used throughout the website.\",\"body\":\"Our hands on mentality can be found throughout the whole process. We bring ideas to life early. We prototype to keep improving along the way. \",\"image\":[\"24\"],\"textColor\":\"#000000\",\"backgroundColor\":\"#ffffff\",\"imagePosition\":\"right\"}},\"25\":{\"type\":\"textTwoColumns\",\"enabled\":\"1\",\"fields\":{\"heading\":\"Final Designs\",\"intro\":\"The content of the new Orangina website was meantto be kept simple serving a few main purposes.\",\"body\":\"In general there were two main obectives, informing people about the available range of Orangina products and telling them about the history of Orangina as a brand. The homepage would then serve as a hub to these two objectives, as well as to the Orangina social channels.\",\"textColor\":\"#ffffff\",\"backgroundColor\":\"#092865\"}},\"new1\":{\"type\":\"imageGallery\",\"enabled\":\"1\",\"fields\":{\"images\":[\"26\",\"28\",\"27\"],\"backgroundColor\":\"#092865\"}}},\"41\":\"Orangina\",\"31\":\"\",\"40\":\"\",\"39\":\"A quirky new online appearance for a soda brand \",\"36\":\"\",\"43\":\"responsiveWebsite\",\"42\":\"\",\"34\":\"\"}}', '2016-02-29 09:41:30', '2016-02-29 09:41:30', 'a34f0605-507b-47d4-bbd4-9b3811251aee'),
 ('36', '10', '3', '1', 'en_us', '26', '', '{\"typeId\":\"3\",\"authorId\":\"1\",\"title\":\"Orangina global website\",\"slug\":\"orangina\",\"postDate\":1456411320,\"expiryDate\":null,\"enabled\":1,\"parentId\":null,\"fields\":{\"3\":{\"12\":{\"type\":\"textFullWidth\",\"enabled\":\"1\",\"fields\":{\"body\":\"Orangina refreshed their brand identity Achtung!\\/Kraftwerk wastasked to extend their newbrand identity to a fresh online experience. \",\"textColor\":\"#000000\",\"backgroundColor\":\"#ffffff\"}},\"14\":{\"type\":\"largeImage\",\"enabled\":\"1\",\"fields\":{\"image\":[\"13\"],\"backgroundImage\":[\"16\"],\"backgroundColor\":\"#000000\"}},\"17\":{\"type\":\"textTwoColumns\",\"enabled\":\"1\",\"fields\":{\"heading\":\"Strategy, Concept & UX\",\"intro\":\"The content of the new Orangina website was meantto be kept simple serving a few main purposes.\",\"body\":\"In general there were two main obectives, informing people about the available range of Orangina products and telling them about the history of Orangina as a brand. The homepage would then serve as a hub to these two objectives, as well as to the Orangina social channels.\",\"textColor\":\"#ffffff\",\"backgroundColor\":\"#fda519\"}},\"19\":{\"type\":\"video\",\"enabled\":\"1\",\"fields\":{\"coverImage\":\"\",\"video\":[\"18\"],\"backgroundColor\":\"#ffa600\"}},\"20\":{\"type\":\"textTwoColumns\",\"enabled\":\"1\",\"fields\":{\"heading\":\"Design elements\",\"intro\":\"Colors for the Orangina website were besides the brand\\u2019s Blue and Yellow, based on the labels of the different flavours. \",\"body\":\"\",\"textColor\":\"#000000\",\"backgroundColor\":\"#ffffff\"}},\"22\":{\"type\":\"largeImage\",\"enabled\":\"1\",\"fields\":{\"image\":[\"21\"],\"backgroundImage\":\"\",\"backgroundColor\":\"#ffffff\"}},\"23\":{\"type\":\"textWithImage\",\"enabled\":\"1\",\"fields\":{\"heading\":\"Iconography\",\"intro\":\"To add on the playfull, quirky identity of Orangina, we created an iconset that was used throughout the website.\",\"body\":\"Our hands on mentality can be found throughout the whole process. We bring ideas to life early. We prototype to keep improving along the way. \",\"image\":[\"24\"],\"textColor\":\"#000000\",\"backgroundColor\":\"#ffffff\",\"imagePosition\":\"right\"}},\"25\":{\"type\":\"textTwoColumns\",\"enabled\":\"1\",\"fields\":{\"heading\":\"Final Designs\",\"intro\":\"The content of the new Orangina website was meantto be kept simple serving a few main purposes.\",\"body\":\"In general there were two main obectives, informing people about the available range of Orangina products and telling them about the history of Orangina as a brand. The homepage would then serve as a hub to these two objectives, as well as to the Orangina social channels.\",\"textColor\":\"#ffffff\",\"backgroundColor\":\"#092865\"}},\"29\":{\"type\":\"imageGallery\",\"enabled\":\"1\",\"fields\":{\"images\":[\"26\",\"28\",\"27\"],\"backgroundColor\":\"#092865\"}}},\"41\":\"Orangina\",\"31\":\"\",\"40\":\"\",\"39\":\"A quirky new online appearance for a soda brand \",\"36\":{\"new1\":{\"type\":\"honour\",\"enabled\":\"1\",\"fields\":{\"honorName\":\"FWA SOTD\",\"logo\":\"\"},\"collapsed\":\"\"}},\"43\":\"responsiveWebsite\",\"42\":\"\",\"34\":\"\"}}', '2016-02-29 09:51:11', '2016-02-29 09:51:11', 'f9a7375e-2742-402f-9e70-96220b7bb820'),
 ('37', '10', '3', '1', 'en_us', '27', '', '{\"typeId\":\"3\",\"authorId\":\"1\",\"title\":\"Orangina global website\",\"slug\":\"orangina\",\"postDate\":1456411320,\"expiryDate\":null,\"enabled\":1,\"parentId\":null,\"fields\":{\"3\":{\"12\":{\"type\":\"textFullWidth\",\"enabled\":\"1\",\"fields\":{\"body\":\"Orangina refreshed their brand identity Achtung!\\/Kraftwerk wastasked to extend their newbrand identity to a fresh online experience. \",\"textColor\":\"#000000\",\"backgroundColor\":\"#ffffff\"}},\"14\":{\"type\":\"largeImage\",\"enabled\":\"1\",\"fields\":{\"image\":[\"13\"],\"backgroundImage\":[\"16\"],\"backgroundColor\":\"#000000\"}},\"17\":{\"type\":\"textTwoColumns\",\"enabled\":\"1\",\"fields\":{\"heading\":\"Strategy, Concept & UX\",\"intro\":\"The content of the new Orangina website was meantto be kept simple serving a few main purposes.\",\"body\":\"In general there were two main obectives, informing people about the available range of Orangina products and telling them about the history of Orangina as a brand. The homepage would then serve as a hub to these two objectives, as well as to the Orangina social channels.\",\"textColor\":\"#ffffff\",\"backgroundColor\":\"#fda519\"}},\"19\":{\"type\":\"video\",\"enabled\":\"1\",\"fields\":{\"coverImage\":\"\",\"video\":[\"18\"],\"backgroundColor\":\"#ffa600\"}},\"20\":{\"type\":\"textTwoColumns\",\"enabled\":\"1\",\"fields\":{\"heading\":\"Design elements\",\"intro\":\"Colors for the Orangina website were besides the brand\\u2019s Blue and Yellow, based on the labels of the different flavours. \",\"body\":\"\",\"textColor\":\"#000000\",\"backgroundColor\":\"#ffffff\"}},\"22\":{\"type\":\"largeImage\",\"enabled\":\"1\",\"fields\":{\"image\":[\"21\"],\"backgroundImage\":\"\",\"backgroundColor\":\"#ffffff\"}},\"23\":{\"type\":\"textWithImage\",\"enabled\":\"1\",\"fields\":{\"heading\":\"Iconography\",\"intro\":\"To add on the playfull, quirky identity of Orangina, we created an iconset that was used throughout the website.\",\"body\":\"Our hands on mentality can be found throughout the whole process. We bring ideas to life early. We prototype to keep improving along the way. \",\"image\":[\"24\"],\"textColor\":\"#000000\",\"backgroundColor\":\"#ffffff\",\"imagePosition\":\"right\"}},\"25\":{\"type\":\"textTwoColumns\",\"enabled\":\"1\",\"fields\":{\"heading\":\"Final Designs\",\"intro\":\"The content of the new Orangina website was meantto be kept simple serving a few main purposes.\",\"body\":\"In general there were two main obectives, informing people about the available range of Orangina products and telling them about the history of Orangina as a brand. The homepage would then serve as a hub to these two objectives, as well as to the Orangina social channels.\",\"textColor\":\"#ffffff\",\"backgroundColor\":\"#092865\"}},\"29\":{\"type\":\"imageGallery\",\"enabled\":\"1\",\"fields\":{\"images\":[\"26\",\"28\",\"27\"],\"backgroundColor\":\"#092865\"}}},\"41\":\"Orangina\",\"31\":\"\",\"40\":\"\",\"39\":\"A quirky new online appearance for a soda brand \",\"36\":{\"30\":{\"type\":\"honour\",\"enabled\":\"1\",\"fields\":{\"honorName\":\"FWA SOTD\",\"logo\":\"\"}}},\"43\":\"responsiveWebsite\",\"42\":\"\",\"34\":\"\"}}', '2016-02-29 09:51:42', '2016-02-29 09:51:42', 'f081b67b-0cf2-4117-ba21-1438c4fba57e'),
 ('38', '10', '3', '1', 'en_us', '28', '', '{\"typeId\":\"3\",\"authorId\":\"1\",\"title\":\"Orangina global website\",\"slug\":\"orangina\",\"postDate\":1456411320,\"expiryDate\":null,\"enabled\":1,\"parentId\":null,\"fields\":{\"3\":{\"12\":{\"type\":\"textFullWidth\",\"enabled\":\"1\",\"fields\":{\"body\":\"Orangina refreshed their brand identity Achtung!\\/Kraftwerk wastasked to extend their newbrand identity to a fresh online experience. \",\"textColor\":\"#000000\",\"backgroundColor\":\"#ffffff\"}},\"14\":{\"type\":\"largeImage\",\"enabled\":\"1\",\"fields\":{\"image\":[\"13\"],\"backgroundImage\":[\"16\"],\"backgroundColor\":\"#000000\"}},\"17\":{\"type\":\"textTwoColumns\",\"enabled\":\"1\",\"fields\":{\"heading\":\"Strategy, Concept & UX\",\"intro\":\"The content of the new Orangina website was meantto be kept simple serving a few main purposes.\",\"body\":\"In general there were two main obectives, informing people about the available range of Orangina products and telling them about the history of Orangina as a brand. The homepage would then serve as a hub to these two objectives, as well as to the Orangina social channels.\",\"textColor\":\"#ffffff\",\"backgroundColor\":\"#fda519\"}},\"19\":{\"type\":\"video\",\"enabled\":\"1\",\"fields\":{\"coverImage\":\"\",\"video\":[\"18\"],\"backgroundColor\":\"#ffa600\"}},\"20\":{\"type\":\"textTwoColumns\",\"enabled\":\"1\",\"fields\":{\"heading\":\"Design elements\",\"intro\":\"Colors for the Orangina website were besides the brand\\u2019s Blue and Yellow, based on the labels of the different flavours. \",\"body\":\"\",\"textColor\":\"#000000\",\"backgroundColor\":\"#ffffff\"}},\"22\":{\"type\":\"largeImage\",\"enabled\":\"1\",\"fields\":{\"image\":[\"21\"],\"backgroundImage\":\"\",\"backgroundColor\":\"#ffffff\"}},\"23\":{\"type\":\"textWithImage\",\"enabled\":\"1\",\"fields\":{\"heading\":\"Iconography\",\"intro\":\"To add on the playfull, quirky identity of Orangina, we created an iconset that was used throughout the website.\",\"body\":\"Our hands on mentality can be found throughout the whole process. We bring ideas to life early. We prototype to keep improving along the way. \",\"image\":[\"24\"],\"textColor\":\"#000000\",\"backgroundColor\":\"#ffffff\",\"imagePosition\":\"right\"}},\"25\":{\"type\":\"textTwoColumns\",\"enabled\":\"1\",\"fields\":{\"heading\":\"Final Designs\",\"intro\":\"The content of the new Orangina website was meantto be kept simple serving a few main purposes.\",\"body\":\"In general there were two main obectives, informing people about the available range of Orangina products and telling them about the history of Orangina as a brand. The homepage would then serve as a hub to these two objectives, as well as to the Orangina social channels.\",\"textColor\":\"#ffffff\",\"backgroundColor\":\"#092865\"}},\"29\":{\"type\":\"imageGallery\",\"enabled\":\"1\",\"fields\":{\"images\":[\"26\",\"28\",\"27\"],\"backgroundColor\":\"#092865\"}}},\"41\":\"Orangina\",\"31\":\"\",\"40\":\"\",\"39\":\"A quirky new online appearance for a soda brand \",\"36\":{\"30\":{\"type\":\"honour\",\"enabled\":\"1\",\"fields\":{\"honorName\":\"FWA SOTD\",\"logo\":[\"31\"]}}},\"43\":\"responsiveWebsite\",\"42\":\"\",\"34\":\"\"}}', '2016-02-29 09:56:09', '2016-02-29 09:56:09', 'ae5288ae-6ebe-4a91-9ad6-0bf81046f980'),
 ('39', '10', '3', '1', 'en_us', '29', '', '{\"typeId\":\"3\",\"authorId\":\"1\",\"title\":\"Orangina global website\",\"slug\":\"orangina\",\"postDate\":1456411320,\"expiryDate\":null,\"enabled\":1,\"parentId\":null,\"fields\":{\"3\":{\"12\":{\"type\":\"textFullWidth\",\"enabled\":\"1\",\"fields\":{\"body\":\"Orangina refreshed their brand identity Achtung!\\/Kraftwerk wastasked to extend their newbrand identity to a fresh online experience. \",\"textColor\":\"#000000\",\"backgroundColor\":\"#ffffff\"}},\"14\":{\"type\":\"largeImage\",\"enabled\":\"1\",\"fields\":{\"image\":[\"13\"],\"backgroundImage\":[\"16\"],\"backgroundColor\":\"#000000\"}},\"17\":{\"type\":\"textTwoColumns\",\"enabled\":\"1\",\"fields\":{\"heading\":\"Strategy, Concept & UX\",\"intro\":\"The content of the new Orangina website was meantto be kept simple serving a few main purposes.\",\"body\":\"In general there were two main obectives, informing people about the available range of Orangina products and telling them about the history of Orangina as a brand. The homepage would then serve as a hub to these two objectives, as well as to the Orangina social channels.\",\"textColor\":\"#ffffff\",\"backgroundColor\":\"#fda519\"}},\"19\":{\"type\":\"video\",\"enabled\":\"1\",\"fields\":{\"coverImage\":\"\",\"video\":[\"18\"],\"backgroundColor\":\"#ffa600\"}},\"20\":{\"type\":\"textTwoColumns\",\"enabled\":\"1\",\"fields\":{\"heading\":\"Design elements\",\"intro\":\"Colors for the Orangina website were besides the brand\\u2019s Blue and Yellow, based on the labels of the different flavours. \",\"body\":\"\",\"textColor\":\"#000000\",\"backgroundColor\":\"#ffffff\"}},\"22\":{\"type\":\"largeImage\",\"enabled\":\"1\",\"fields\":{\"image\":[\"21\"],\"backgroundImage\":\"\",\"backgroundColor\":\"#ffffff\"}},\"23\":{\"type\":\"textWithImage\",\"enabled\":\"1\",\"fields\":{\"heading\":\"Iconography\",\"intro\":\"To add on the playfull, quirky identity of Orangina, we created an iconset that was used throughout the website.\",\"body\":\"Our hands on mentality can be found throughout the whole process. We bring ideas to life early. We prototype to keep improving along the way. \",\"image\":[\"24\"],\"textColor\":\"#000000\",\"backgroundColor\":\"#ffffff\",\"imagePosition\":\"right\"}},\"25\":{\"type\":\"textTwoColumns\",\"enabled\":\"1\",\"fields\":{\"heading\":\"Final Designs\",\"intro\":\"The content of the new Orangina website was meantto be kept simple serving a few main purposes.\",\"body\":\"In general there were two main obectives, informing people about the available range of Orangina products and telling them about the history of Orangina as a brand. The homepage would then serve as a hub to these two objectives, as well as to the Orangina social channels.\",\"textColor\":\"#ffffff\",\"backgroundColor\":\"#092865\"}},\"29\":{\"type\":\"imageGallery\",\"enabled\":\"1\",\"fields\":{\"images\":[\"26\",\"28\",\"27\"],\"backgroundColor\":\"#092865\"}}},\"41\":\"Orangina\",\"31\":\"\",\"40\":\"\",\"39\":\"A quirky new online appearance for a soda brand \",\"36\":{\"30\":{\"type\":\"honour\",\"enabled\":\"1\",\"fields\":{\"honorName\":\"FWA SOTD\",\"logo\":[\"32\"]}}},\"43\":\"responsiveWebsite\",\"42\":\"\",\"34\":\"\"}}', '2016-02-29 09:58:11', '2016-02-29 09:58:11', 'd222ae8b-1bd7-4c65-bb2a-0b61e281625b'),
 ('40', '10', '3', '1', 'en_us', '30', '', '{\"typeId\":\"3\",\"authorId\":\"1\",\"title\":\"Orangina global website\",\"slug\":\"orangina\",\"postDate\":1456411320,\"expiryDate\":null,\"enabled\":1,\"parentId\":null,\"fields\":{\"3\":{\"12\":{\"type\":\"textFullWidth\",\"enabled\":\"1\",\"fields\":{\"body\":\"Orangina refreshed their brand identity Achtung!\\/Kraftwerk wastasked to extend their newbrand identity to a fresh online experience. \",\"textColor\":\"#000000\",\"backgroundColor\":\"#ffffff\"}},\"14\":{\"type\":\"largeImage\",\"enabled\":\"1\",\"fields\":{\"image\":[\"13\"],\"backgroundImage\":[\"16\"],\"backgroundColor\":\"#000000\"}},\"17\":{\"type\":\"textTwoColumns\",\"enabled\":\"1\",\"fields\":{\"heading\":\"Strategy, Concept & UX\",\"intro\":\"The content of the new Orangina website was meantto be kept simple serving a few main purposes.\",\"body\":\"In general there were two main obectives, informing people about the available range of Orangina products and telling them about the history of Orangina as a brand. The homepage would then serve as a hub to these two objectives, as well as to the Orangina social channels.\",\"textColor\":\"#ffffff\",\"backgroundColor\":\"#fda519\"}},\"19\":{\"type\":\"video\",\"enabled\":\"1\",\"fields\":{\"coverImage\":\"\",\"video\":[\"18\"],\"backgroundColor\":\"#ffa600\"}},\"20\":{\"type\":\"textTwoColumns\",\"enabled\":\"1\",\"fields\":{\"heading\":\"Design elements\",\"intro\":\"Colors for the Orangina website were besides the brand\\u2019s Blue and Yellow, based on the labels of the different flavours. \",\"body\":\"\",\"textColor\":\"#000000\",\"backgroundColor\":\"#ffffff\"}},\"22\":{\"type\":\"largeImage\",\"enabled\":\"1\",\"fields\":{\"image\":[\"21\"],\"backgroundImage\":\"\",\"backgroundColor\":\"#ffffff\"}},\"23\":{\"type\":\"textWithImage\",\"enabled\":\"1\",\"fields\":{\"heading\":\"Iconography\",\"intro\":\"To add on the playfull, quirky identity of Orangina, we created an iconset that was used throughout the website.\",\"body\":\"Our hands on mentality can be found throughout the whole process. We bring ideas to life early. We prototype to keep improving along the way. \",\"image\":[\"24\"],\"textColor\":\"#000000\",\"backgroundColor\":\"#ffffff\",\"imagePosition\":\"right\"}},\"25\":{\"type\":\"textTwoColumns\",\"enabled\":\"1\",\"fields\":{\"heading\":\"Final Designs\",\"intro\":\"The content of the new Orangina website was meantto be kept simple serving a few main purposes.\",\"body\":\"In general there were two main obectives, informing people about the available range of Orangina products and telling them about the history of Orangina as a brand. The homepage would then serve as a hub to these two objectives, as well as to the Orangina social channels.\",\"textColor\":\"#ffffff\",\"backgroundColor\":\"#092865\"}},\"29\":{\"type\":\"imageGallery\",\"enabled\":\"1\",\"fields\":{\"images\":[\"26\",\"28\",\"27\"],\"backgroundColor\":\"#092865\"}}},\"41\":\"Orangina\",\"31\":\"\",\"40\":\"\",\"39\":\"A quirky new online appearance for a soda brand \",\"36\":{\"30\":{\"type\":\"honour\",\"enabled\":\"1\",\"fields\":{\"honorName\":\"FWA SOTD\",\"logo\":[\"32\"]}},\"new1\":{\"type\":\"honour\",\"enabled\":\"1\",\"fields\":{\"honorName\":\"FWA MOTD\",\"logo\":[\"32\"]}},\"new2\":{\"type\":\"honour\",\"enabled\":\"1\",\"fields\":{\"honorName\":\"AWWWARDS SOTD\",\"logo\":[\"33\"]}}},\"43\":\"responsiveWebsite\",\"42\":\"\",\"34\":\"\"}}', '2016-02-29 10:00:59', '2016-02-29 10:00:59', 'd33f5816-eaf8-42b9-bc7c-5e2ff650dc83'),
 ('41', '10', '3', '1', 'en_us', '31', '', '{\"typeId\":\"3\",\"authorId\":\"1\",\"title\":\"Orangina global website\",\"slug\":\"orangina\",\"postDate\":1456411320,\"expiryDate\":null,\"enabled\":1,\"parentId\":null,\"fields\":{\"3\":{\"12\":{\"type\":\"textFullWidth\",\"enabled\":\"1\",\"fields\":{\"body\":\"Orangina refreshed their brand identity Achtung!\\/Kraftwerk wastasked to extend their newbrand identity to a fresh online experience. \",\"textColor\":\"#000000\",\"backgroundColor\":\"#ffffff\"}},\"14\":{\"type\":\"largeImage\",\"enabled\":\"1\",\"fields\":{\"image\":[\"13\"],\"backgroundImage\":[\"16\"],\"backgroundColor\":\"#000000\"}},\"17\":{\"type\":\"textTwoColumns\",\"enabled\":\"1\",\"fields\":{\"heading\":\"Strategy, Concept & UX\",\"intro\":\"The content of the new Orangina website was meantto be kept simple serving a few main purposes.\",\"body\":\"In general there were two main obectives, informing people about the available range of Orangina products and telling them about the history of Orangina as a brand. The homepage would then serve as a hub to these two objectives, as well as to the Orangina social channels.\",\"textColor\":\"#ffffff\",\"backgroundColor\":\"#fda519\"}},\"19\":{\"type\":\"video\",\"enabled\":\"1\",\"fields\":{\"coverImage\":\"\",\"video\":[\"18\"],\"backgroundColor\":\"#ffa600\"}},\"20\":{\"type\":\"textTwoColumns\",\"enabled\":\"1\",\"fields\":{\"heading\":\"Design elements\",\"intro\":\"Colors for the Orangina website were besides the brand\\u2019s Blue and Yellow, based on the labels of the different flavours. \",\"body\":\"\",\"textColor\":\"#000000\",\"backgroundColor\":\"#ffffff\"}},\"22\":{\"type\":\"largeImage\",\"enabled\":\"1\",\"fields\":{\"image\":[\"21\"],\"backgroundImage\":\"\",\"backgroundColor\":\"#ffffff\"}},\"23\":{\"type\":\"textWithImage\",\"enabled\":\"1\",\"fields\":{\"heading\":\"Iconography\",\"intro\":\"To add on the playfull, quirky identity of Orangina, we created an iconset that was used throughout the website.\",\"body\":\"Our hands on mentality can be found throughout the whole process. We bring ideas to life early. We prototype to keep improving along the way. \",\"image\":[\"24\"],\"textColor\":\"#000000\",\"backgroundColor\":\"#ffffff\",\"imagePosition\":\"right\"}},\"25\":{\"type\":\"textTwoColumns\",\"enabled\":\"1\",\"fields\":{\"heading\":\"Final Designs\",\"intro\":\"The content of the new Orangina website was meantto be kept simple serving a few main purposes.\",\"body\":\"In general there were two main obectives, informing people about the available range of Orangina products and telling them about the history of Orangina as a brand. The homepage would then serve as a hub to these two objectives, as well as to the Orangina social channels.\",\"textColor\":\"#ffffff\",\"backgroundColor\":\"#092865\"}},\"29\":{\"type\":\"imageGallery\",\"enabled\":\"1\",\"fields\":{\"images\":[\"26\",\"28\",\"27\"],\"backgroundColor\":\"#092865\"}}},\"41\":\"Orangina\",\"31\":{\"new1\":{\"type\":\"item\",\"enabled\":\"1\",\"fields\":{\"role\":\"Development\",\"contributorName\":\"Inalise B.V.\"}}},\"40\":\"\",\"39\":\"A quirky new online appearance for a soda brand \",\"36\":{\"30\":{\"type\":\"honour\",\"enabled\":\"1\",\"fields\":{\"honorName\":\"FWA SOTD\",\"logo\":[\"32\"]}},\"34\":{\"type\":\"honour\",\"enabled\":\"1\",\"fields\":{\"honorName\":\"FWA MOTD\",\"logo\":[\"32\"]}},\"35\":{\"type\":\"honour\",\"enabled\":\"1\",\"fields\":{\"honorName\":\"Awwwards SOTD\",\"logo\":[\"33\"]}}},\"43\":\"responsiveWebsite\",\"42\":\"\",\"34\":{\"new1\":{\"type\":\"role\",\"enabled\":\"1\",\"fields\":{\"role\":\"Interaction design\"}},\"new2\":{\"type\":\"role\",\"enabled\":\"1\",\"fields\":{\"role\":\"UX Design\"}},\"new3\":{\"type\":\"role\",\"enabled\":\"1\",\"fields\":{\"role\":\"Creative direction\"}},\"new4\":{\"type\":\"role\",\"enabled\":\"1\",\"fields\":{\"role\":\"Concept\"}},\"new5\":{\"type\":\"role\",\"enabled\":\"1\",\"fields\":{\"role\":\"Strategy\"}}}}}', '2016-02-29 10:03:07', '2016-02-29 10:03:07', '6884f669-0764-464a-9a7e-fa514034ad56'),
 ('42', '10', '3', '1', 'en_us', '32', '', '{\"typeId\":\"3\",\"authorId\":\"1\",\"title\":\"Orangina global website\",\"slug\":\"orangina\",\"postDate\":1456411320,\"expiryDate\":null,\"enabled\":1,\"parentId\":null,\"fields\":{\"3\":{\"12\":{\"type\":\"textFullWidth\",\"enabled\":\"1\",\"fields\":{\"body\":\"Orangina refreshed their brand identity Achtung!\\/Kraftwerk wastasked to extend their newbrand identity to a fresh online experience. \",\"textColor\":\"#000000\",\"backgroundColor\":\"#ffffff\"}},\"14\":{\"type\":\"largeImage\",\"enabled\":\"1\",\"fields\":{\"image\":[\"13\"],\"backgroundImage\":[\"16\"],\"backgroundColor\":\"#000000\"}},\"17\":{\"type\":\"textTwoColumns\",\"enabled\":\"1\",\"fields\":{\"heading\":\"Strategy, Concept & UX\",\"intro\":\"The content of the new Orangina website was meantto be kept simple serving a few main purposes.\",\"body\":\"In general there were two main obectives, informing people about the available range of Orangina products and telling them about the history of Orangina as a brand. The homepage would then serve as a hub to these two objectives, as well as to the Orangina social channels.\",\"textColor\":\"#ffffff\",\"backgroundColor\":\"#fda519\"}},\"19\":{\"type\":\"video\",\"enabled\":\"1\",\"fields\":{\"coverImage\":\"\",\"video\":[\"18\"],\"backgroundColor\":\"#ffa600\"}},\"20\":{\"type\":\"textTwoColumns\",\"enabled\":\"1\",\"fields\":{\"heading\":\"Design elements\",\"intro\":\"Colors for the Orangina website were besides the brand\\u2019s Blue and Yellow, based on the labels of the different flavours. \",\"body\":\"\",\"textColor\":\"#000000\",\"backgroundColor\":\"#ffffff\"}},\"22\":{\"type\":\"largeImage\",\"enabled\":\"1\",\"fields\":{\"image\":[\"21\"],\"backgroundImage\":\"\",\"backgroundColor\":\"#ffffff\"}},\"23\":{\"type\":\"textWithImage\",\"enabled\":\"1\",\"fields\":{\"heading\":\"Iconography\",\"intro\":\"To add on the playfull, quirky identity of Orangina, we created an iconset that was used throughout the website.\",\"body\":\"Our hands on mentality can be found throughout the whole process. We bring ideas to life early. We prototype to keep improving along the way. \",\"image\":[\"24\"],\"textColor\":\"#000000\",\"backgroundColor\":\"#ffffff\",\"imagePosition\":\"right\"}},\"25\":{\"type\":\"textTwoColumns\",\"enabled\":\"1\",\"fields\":{\"heading\":\"Final Designs\",\"intro\":\"The content of the new Orangina website was meantto be kept simple serving a few main purposes.\",\"body\":\"In general there were two main obectives, informing people about the available range of Orangina products and telling them about the history of Orangina as a brand. The homepage would then serve as a hub to these two objectives, as well as to the Orangina social channels.\",\"textColor\":\"#ffffff\",\"backgroundColor\":\"#092865\"}},\"29\":{\"type\":\"imageGallery\",\"enabled\":\"1\",\"fields\":{\"images\":[\"26\",\"28\",\"27\"],\"backgroundColor\":\"#092865\"}}},\"41\":\"Orangina\",\"31\":{\"36\":{\"type\":\"item\",\"enabled\":\"1\",\"fields\":{\"role\":\"Development\",\"contributorName\":\"Inalise B.V.\"}}},\"40\":\"\",\"39\":\"A quirky new online appearance for a soda brand \",\"36\":{\"30\":{\"type\":\"honour\",\"enabled\":\"1\",\"fields\":{\"honorName\":\"FWA SOTD\",\"logo\":[\"32\"]}},\"34\":{\"type\":\"honour\",\"enabled\":\"1\",\"fields\":{\"honorName\":\"FWA MOTD\",\"logo\":[\"32\"]}},\"35\":{\"type\":\"honour\",\"enabled\":\"1\",\"fields\":{\"honorName\":\"Awwwards SOTD\",\"logo\":[\"33\"]}}},\"43\":\"responsiveWebsite\",\"42\":\"http:\\/\\/orangina.eu\\/\",\"34\":{\"37\":{\"type\":\"role\",\"enabled\":\"1\",\"fields\":{\"role\":\"Interaction design\"}},\"38\":{\"type\":\"role\",\"enabled\":\"1\",\"fields\":{\"role\":\"UX Design\"}},\"39\":{\"type\":\"role\",\"enabled\":\"1\",\"fields\":{\"role\":\"Creative direction\"}},\"40\":{\"type\":\"role\",\"enabled\":\"1\",\"fields\":{\"role\":\"Concept\"}},\"41\":{\"type\":\"role\",\"enabled\":\"1\",\"fields\":{\"role\":\"Strategy\"}}}}}', '2016-02-29 10:18:44', '2016-02-29 10:18:44', '53f005c0-ab6d-4c72-b139-1c2ae0182282'),
 ('43', '10', '3', '1', 'en_us', '33', '', '{\"typeId\":\"3\",\"authorId\":\"1\",\"title\":\"Orangina global website\",\"slug\":\"orangina\",\"postDate\":1456411320,\"expiryDate\":null,\"enabled\":1,\"parentId\":null,\"fields\":{\"3\":{\"12\":{\"type\":\"textFullWidth\",\"enabled\":\"1\",\"fields\":{\"body\":\"Orangina refreshed their brand identity Achtung!\\/Kraftwerk wastasked to extend their newbrand identity to a fresh online experience. \",\"textColor\":\"#000000\",\"backgroundColor\":\"#ffffff\"}},\"14\":{\"type\":\"largeImage\",\"enabled\":\"1\",\"fields\":{\"image\":[\"13\"],\"backgroundImage\":[\"16\"],\"backgroundColor\":\"#000000\"}},\"17\":{\"type\":\"textTwoColumns\",\"enabled\":\"1\",\"fields\":{\"heading\":\"Strategy, Concept & UX\",\"intro\":\"The content of the new Orangina website was meantto be kept simple serving a few main purposes.\",\"body\":\"In general there were two main obectives, informing people about the available range of Orangina products and telling them about the history of Orangina as a brand. The homepage would then serve as a hub to these two objectives, as well as to the Orangina social channels.\",\"textColor\":\"#ffffff\",\"backgroundColor\":\"#fda519\"}},\"19\":{\"type\":\"video\",\"enabled\":\"1\",\"fields\":{\"coverImage\":\"\",\"video\":[\"18\"],\"backgroundColor\":\"#ffa600\"}},\"20\":{\"type\":\"textTwoColumns\",\"enabled\":\"1\",\"fields\":{\"heading\":\"Design elements\",\"intro\":\"Colors for the Orangina website were besides the brand\\u2019s Blue and Yellow, based on the labels of the different flavours. \",\"body\":\"\",\"textColor\":\"#000000\",\"backgroundColor\":\"#ffffff\"}},\"22\":{\"type\":\"largeImage\",\"enabled\":\"1\",\"fields\":{\"image\":[\"21\"],\"backgroundImage\":\"\",\"backgroundColor\":\"#ffffff\"}},\"23\":{\"type\":\"textWithImage\",\"enabled\":\"1\",\"fields\":{\"heading\":\"Iconography\",\"intro\":\"To add on the playfull, quirky identity of Orangina, we created an iconset that was used throughout the website.\",\"body\":\"Our hands on mentality can be found throughout the whole process. We bring ideas to life early. We prototype to keep improving along the way. \",\"image\":[\"24\"],\"textColor\":\"#000000\",\"backgroundColor\":\"#ffffff\",\"imagePosition\":\"right\"}},\"25\":{\"type\":\"textTwoColumns\",\"enabled\":\"1\",\"fields\":{\"heading\":\"Final Designs\",\"intro\":\"The content of the new Orangina website was meantto be kept simple serving a few main purposes.\",\"body\":\"In general there were two main obectives, informing people about the available range of Orangina products and telling them about the history of Orangina as a brand. The homepage would then serve as a hub to these two objectives, as well as to the Orangina social channels.\",\"textColor\":\"#ffffff\",\"backgroundColor\":\"#092865\"}},\"29\":{\"type\":\"imageGallery\",\"enabled\":\"1\",\"fields\":{\"images\":[\"26\",\"28\",\"27\"],\"backgroundColor\":\"#092865\"}}},\"41\":\"Orangina\",\"31\":{\"36\":{\"type\":\"item\",\"enabled\":\"1\",\"fields\":{\"role\":\"Development\",\"contributorName\":\"Inalise B.V.\"}}},\"40\":\"\",\"39\":\"A quirky new online appearance for a soda brand \",\"36\":{\"30\":{\"type\":\"honour\",\"enabled\":\"1\",\"fields\":{\"honorName\":\"FWA SOTD\",\"logo\":[\"32\"]}},\"34\":{\"type\":\"honour\",\"enabled\":\"1\",\"fields\":{\"honorName\":\"FWA MOTD\",\"logo\":[\"32\"]}},\"35\":{\"type\":\"honour\",\"enabled\":\"1\",\"fields\":{\"honorName\":\"Awwwards SOTD\",\"logo\":[\"33\"]}}},\"43\":\"Responsive Website\",\"42\":\"http:\\/\\/orangina.eu\\/\",\"34\":{\"37\":{\"type\":\"role\",\"enabled\":\"1\",\"fields\":{\"role\":\"Interaction design\"}},\"38\":{\"type\":\"role\",\"enabled\":\"1\",\"fields\":{\"role\":\"UX Design\"}},\"39\":{\"type\":\"role\",\"enabled\":\"1\",\"fields\":{\"role\":\"Creative direction\"}},\"40\":{\"type\":\"role\",\"enabled\":\"1\",\"fields\":{\"role\":\"Concept\"}},\"41\":{\"type\":\"role\",\"enabled\":\"1\",\"fields\":{\"role\":\"Strategy\"}}}}}', '2016-02-29 10:22:17', '2016-02-29 10:22:17', '670e2896-1354-4721-bd47-9102f8fd6b31'),
 ('48', '10', '3', '1', 'en_us', '34', '', '{\"typeId\":\"3\",\"authorId\":\"1\",\"title\":\"Orangina global website\",\"slug\":\"orangina\",\"postDate\":1456411320,\"expiryDate\":null,\"enabled\":1,\"parentId\":null,\"fields\":{\"3\":{\"12\":{\"type\":\"textFullWidth\",\"enabled\":\"1\",\"fields\":{\"body\":\"Orangina refreshed their brand identity Achtung!\\/Kraftwerk wastasked to extend their newbrand identity to a fresh online experience. \",\"textColor\":\"#000000\",\"backgroundColor\":\"#ffffff\"}},\"14\":{\"type\":\"largeImage\",\"enabled\":\"1\",\"fields\":{\"image\":[\"13\"],\"backgroundImage\":[\"16\"],\"backgroundColor\":\"#000000\"}},\"17\":{\"type\":\"textTwoColumns\",\"enabled\":\"1\",\"fields\":{\"heading\":\"Strategy, Concept & UX\",\"intro\":\"The content of the new Orangina website was meantto be kept simple serving a few main purposes.\",\"body\":\"In general there were two main obectives, informing people about the available range of Orangina products and telling them about the history of Orangina as a brand. The homepage would then serve as a hub to these two objectives, as well as to the Orangina social channels.\",\"textColor\":\"#ffffff\",\"backgroundColor\":\"#fda519\"}},\"19\":{\"type\":\"video\",\"enabled\":\"1\",\"fields\":{\"coverImage\":\"\",\"video\":[\"18\"],\"backgroundColor\":\"#ffa600\"}},\"20\":{\"type\":\"textTwoColumns\",\"enabled\":\"1\",\"fields\":{\"heading\":\"Design elements\",\"intro\":\"Colors for the Orangina website were besides the brand\\u2019s Blue and Yellow, based on the labels of the different flavours. \",\"body\":\"\",\"textColor\":\"#000000\",\"backgroundColor\":\"#ffffff\"}},\"22\":{\"type\":\"largeImage\",\"enabled\":\"1\",\"fields\":{\"image\":[\"21\"],\"backgroundImage\":\"\",\"backgroundColor\":\"#ffffff\"}},\"23\":{\"type\":\"textWithImage\",\"enabled\":\"1\",\"fields\":{\"heading\":\"Iconography\",\"intro\":\"To add on the playfull, quirky identity of Orangina, we created an iconset that was used throughout the website.\",\"body\":\"Our hands on mentality can be found throughout the whole process. We bring ideas to life early. We prototype to keep improving along the way. \",\"image\":[\"24\"],\"textColor\":\"#000000\",\"backgroundColor\":\"#ffffff\",\"imagePosition\":\"right\"}},\"25\":{\"type\":\"textTwoColumns\",\"enabled\":\"1\",\"fields\":{\"heading\":\"Final Designs\",\"intro\":\"The content of the new Orangina website was meantto be kept simple serving a few main purposes.\",\"body\":\"In general there were two main obectives, informing people about the available range of Orangina products and telling them about the history of Orangina as a brand. The homepage would then serve as a hub to these two objectives, as well as to the Orangina social channels.\",\"textColor\":\"#ffffff\",\"backgroundColor\":\"#092865\"}},\"29\":{\"type\":\"imageGallery\",\"enabled\":\"1\",\"fields\":{\"images\":[\"26\",\"28\",\"27\"],\"backgroundColor\":\"#092865\"}}},\"41\":\"Orangina\",\"31\":{\"36\":{\"type\":\"item\",\"enabled\":\"1\",\"fields\":{\"role\":\"Development\",\"contributorName\":\"Inalise B.V.\"}}},\"40\":\"\",\"39\":\"A quirky new online appearance for a soda brand\",\"36\":{\"30\":{\"type\":\"honour\",\"enabled\":\"1\",\"fields\":{\"honorName\":\"FWA SOTD\",\"logo\":[\"32\"]}},\"34\":{\"type\":\"honour\",\"enabled\":\"1\",\"fields\":{\"honorName\":\"FWA MOTD\",\"logo\":[\"32\"]}},\"35\":{\"type\":\"honour\",\"enabled\":\"1\",\"fields\":{\"honorName\":\"Awwwards SOTD\",\"logo\":[\"33\"]}}},\"43\":\"Responsive Website\",\"42\":\"http:\\/\\/orangina.eu\\/\",\"34\":{\"37\":{\"type\":\"role\",\"enabled\":\"1\",\"fields\":{\"role\":\"Interaction design\"}},\"38\":{\"type\":\"role\",\"enabled\":\"1\",\"fields\":{\"role\":\"UX Design\"}},\"39\":{\"type\":\"role\",\"enabled\":\"1\",\"fields\":{\"role\":\"Creative direction\"}},\"40\":{\"type\":\"role\",\"enabled\":\"1\",\"fields\":{\"role\":\"Concept\"}},\"41\":{\"type\":\"role\",\"enabled\":\"1\",\"fields\":{\"role\":\"Strategy\"}}}}}', '2016-02-29 11:00:23', '2016-02-29 11:00:23', '6af8e0ca-520e-4daa-836f-884c133439e6'),
 ('49', '10', '3', '1', 'en_us', '35', '', '{\"typeId\":\"3\",\"authorId\":\"1\",\"title\":\"Orangina global website\",\"slug\":\"orangina\",\"postDate\":1456411320,\"expiryDate\":null,\"enabled\":1,\"parentId\":null,\"fields\":{\"3\":{\"12\":{\"type\":\"textFullWidth\",\"enabled\":\"1\",\"fields\":{\"body\":\"Orangina refreshed their brand identity Achtung!\\/Kraftwerk wastasked to extend their newbrand identity to a fresh online experience. \",\"textColor\":\"#000000\",\"backgroundColor\":\"#ffffff\"}},\"14\":{\"type\":\"largeImage\",\"enabled\":\"1\",\"fields\":{\"image\":[\"13\"],\"backgroundImage\":[\"16\"],\"backgroundColor\":\"#000000\"}},\"17\":{\"type\":\"textTwoColumns\",\"enabled\":\"1\",\"fields\":{\"heading\":\"Strategy, Concept & UX\",\"intro\":\"The content of the new Orangina website was meantto be kept simple serving a few main purposes.\",\"body\":\"In general there were two main obectives, informing people about the available range of Orangina products and telling them about the history of Orangina as a brand. The homepage would then serve as a hub to these two objectives, as well as to the Orangina social channels.\",\"textColor\":\"#ffffff\",\"backgroundColor\":\"#fda519\"}},\"19\":{\"type\":\"video\",\"enabled\":\"1\",\"fields\":{\"coverImage\":\"\",\"video\":[\"18\"],\"backgroundColor\":\"#ffa600\"}},\"20\":{\"type\":\"textTwoColumns\",\"enabled\":\"1\",\"fields\":{\"heading\":\"Design elements\",\"intro\":\"Colors for the Orangina website were besides the brand\\u2019s Blue and Yellow, based on the labels of the different flavours. \",\"body\":\"\",\"textColor\":\"#000000\",\"backgroundColor\":\"#ffffff\"}},\"22\":{\"type\":\"largeImage\",\"enabled\":\"1\",\"fields\":{\"image\":[\"21\"],\"backgroundImage\":\"\",\"backgroundColor\":\"#ffffff\"}},\"23\":{\"type\":\"textWithImage\",\"enabled\":\"1\",\"fields\":{\"heading\":\"Iconography\",\"intro\":\"To add on the playfull, quirky identity of Orangina, we created an iconset that was used throughout the website.\",\"body\":\"Our hands on mentality can be found throughout the whole process. We bring ideas to life early. We prototype to keep improving along the way. \",\"image\":[\"24\"],\"textColor\":\"#000000\",\"backgroundColor\":\"#ffffff\",\"imagePosition\":\"right\",\"paddingTop\":\"50\"}},\"25\":{\"type\":\"textTwoColumns\",\"enabled\":\"1\",\"fields\":{\"heading\":\"Final Designs\",\"intro\":\"The content of the new Orangina website was meantto be kept simple serving a few main purposes.\",\"body\":\"In general there were two main obectives, informing people about the available range of Orangina products and telling them about the history of Orangina as a brand. The homepage would then serve as a hub to these two objectives, as well as to the Orangina social channels.\",\"textColor\":\"#ffffff\",\"backgroundColor\":\"#092865\"}},\"29\":{\"type\":\"imageGallery\",\"enabled\":\"1\",\"fields\":{\"images\":[\"26\",\"28\",\"27\"],\"backgroundColor\":\"#092865\"}}},\"41\":\"Orangina\",\"31\":{\"36\":{\"type\":\"item\",\"enabled\":\"1\",\"fields\":{\"role\":\"Development\",\"contributorName\":\"Inalise B.V.\"}}},\"40\":\"\",\"39\":\"A quirky new online appearance for a soda brand\",\"36\":{\"30\":{\"type\":\"honour\",\"enabled\":\"1\",\"fields\":{\"honorName\":\"FWA SOTD\",\"logo\":[\"32\"]}},\"34\":{\"type\":\"honour\",\"enabled\":\"1\",\"fields\":{\"honorName\":\"FWA MOTD\",\"logo\":[\"32\"]}},\"35\":{\"type\":\"honour\",\"enabled\":\"1\",\"fields\":{\"honorName\":\"Awwwards SOTD\",\"logo\":[\"33\"]}}},\"43\":\"Responsive Website\",\"42\":\"http:\\/\\/orangina.eu\\/\",\"34\":{\"37\":{\"type\":\"role\",\"enabled\":\"1\",\"fields\":{\"role\":\"Interaction design\"}},\"38\":{\"type\":\"role\",\"enabled\":\"1\",\"fields\":{\"role\":\"UX Design\"}},\"39\":{\"type\":\"role\",\"enabled\":\"1\",\"fields\":{\"role\":\"Creative direction\"}},\"40\":{\"type\":\"role\",\"enabled\":\"1\",\"fields\":{\"role\":\"Concept\"}},\"41\":{\"type\":\"role\",\"enabled\":\"1\",\"fields\":{\"role\":\"Strategy\"}}}}}', '2016-02-29 11:06:44', '2016-02-29 11:06:44', '04d76975-849c-4546-bdf9-8a57bb4120bd'),
 ('50', '10', '3', '1', 'en_us', '36', '', '{\"typeId\":\"3\",\"authorId\":\"1\",\"title\":\"Orangina global website\",\"slug\":\"orangina\",\"postDate\":1456411320,\"expiryDate\":null,\"enabled\":1,\"parentId\":null,\"fields\":{\"3\":{\"12\":{\"type\":\"textFullWidth\",\"enabled\":\"1\",\"fields\":{\"body\":\"Orangina refreshed their brand identity Achtung!\\/Kraftwerk wastasked to extend their newbrand identity to a fresh online experience. \",\"textColor\":\"#000000\",\"backgroundColor\":\"#ffffff\"}},\"14\":{\"type\":\"largeImage\",\"enabled\":\"1\",\"fields\":{\"image\":[\"52\"],\"backgroundImage\":[\"53\"],\"backgroundColor\":\"#000000\"}},\"17\":{\"type\":\"textTwoColumns\",\"enabled\":\"1\",\"fields\":{\"heading\":\"Strategy, Concept & UX\",\"intro\":\"The content of the new Orangina website was meantto be kept simple serving a few main purposes.\",\"body\":\"In general there were two main obectives, informing people about the available range of Orangina products and telling them about the history of Orangina as a brand. The homepage would then serve as a hub to these two objectives, as well as to the Orangina social channels.\",\"textColor\":\"#ffffff\",\"backgroundColor\":\"#fda519\"}},\"19\":{\"type\":\"video\",\"enabled\":\"1\",\"fields\":{\"coverImage\":\"\",\"video\":[\"18\"],\"backgroundColor\":\"#ffa600\"}},\"20\":{\"type\":\"textTwoColumns\",\"enabled\":\"1\",\"fields\":{\"heading\":\"Design elements\",\"intro\":\"Colors for the Orangina website were besides the brand\\u2019s Blue and Yellow, based on the labels of the different flavours. \",\"body\":\"\",\"textColor\":\"#000000\",\"backgroundColor\":\"#ffffff\"}},\"22\":{\"type\":\"largeImage\",\"enabled\":\"1\",\"fields\":{\"image\":[\"21\"],\"backgroundImage\":\"\",\"backgroundColor\":\"#ffffff\"}},\"23\":{\"type\":\"textWithImage\",\"enabled\":\"1\",\"fields\":{\"heading\":\"Iconography\",\"intro\":\"To add on the playfull, quirky identity of Orangina, we created an iconset that was used throughout the website.\",\"body\":\"Our hands on mentality can be found throughout the whole process. We bring ideas to life early. We prototype to keep improving along the way. \",\"image\":[\"24\"],\"textColor\":\"#000000\",\"backgroundColor\":\"#ffffff\",\"imagePosition\":\"right\",\"paddingTop\":\"50\",\"paddingBottom\":\"0\"}},\"25\":{\"type\":\"textTwoColumns\",\"enabled\":\"1\",\"fields\":{\"heading\":\"Final Designs\",\"intro\":\"The content of the new Orangina website was meantto be kept simple serving a few main purposes.\",\"body\":\"In general there were two main obectives, informing people about the available range of Orangina products and telling them about the history of Orangina as a brand. The homepage would then serve as a hub to these two objectives, as well as to the Orangina social channels.\",\"textColor\":\"#ffffff\",\"backgroundColor\":\"#092865\"}},\"29\":{\"type\":\"imageGallery\",\"enabled\":\"1\",\"fields\":{\"images\":[\"26\",\"28\",\"27\"],\"backgroundColor\":\"#092865\"}}},\"41\":\"Orangina\",\"31\":{\"36\":{\"type\":\"item\",\"enabled\":\"1\",\"fields\":{\"role\":\"Development\",\"contributorName\":\"Inalise B.V.\"}}},\"40\":\"\",\"39\":\"A quirky new online appearance for a soda brand\",\"36\":{\"30\":{\"type\":\"honour\",\"enabled\":\"1\",\"fields\":{\"honorName\":\"FWA SOTD\",\"logo\":[\"32\"]}},\"34\":{\"type\":\"honour\",\"enabled\":\"1\",\"fields\":{\"honorName\":\"FWA MOTD\",\"logo\":[\"32\"]}},\"35\":{\"type\":\"honour\",\"enabled\":\"1\",\"fields\":{\"honorName\":\"Awwwards SOTD\",\"logo\":[\"33\"]}}},\"43\":\"Responsive Website\",\"42\":\"http:\\/\\/orangina.eu\\/\",\"34\":{\"37\":{\"type\":\"role\",\"enabled\":\"1\",\"fields\":{\"role\":\"Interaction design\"}},\"38\":{\"type\":\"role\",\"enabled\":\"1\",\"fields\":{\"role\":\"UX Design\"}},\"39\":{\"type\":\"role\",\"enabled\":\"1\",\"fields\":{\"role\":\"Creative direction\"}},\"40\":{\"type\":\"role\",\"enabled\":\"1\",\"fields\":{\"role\":\"Concept\"}},\"41\":{\"type\":\"role\",\"enabled\":\"1\",\"fields\":{\"role\":\"Strategy\"}}}}}', '2016-02-29 11:44:18', '2016-02-29 11:44:18', '5241f814-a0da-41e8-acd6-05859f6f3189'),
 ('51', '10', '3', '1', 'en_us', '37', '', '{\"typeId\":\"3\",\"authorId\":\"1\",\"title\":\"Orangina global website\",\"slug\":\"orangina\",\"postDate\":1456411320,\"expiryDate\":null,\"enabled\":1,\"parentId\":null,\"fields\":{\"3\":{\"12\":{\"type\":\"textFullWidth\",\"enabled\":\"1\",\"fields\":{\"body\":\"Orangina refreshed their brand identity Achtung!\\/Kraftwerk wastasked to extend their newbrand identity to a fresh online experience. \",\"textColor\":\"#000000\",\"backgroundColor\":\"#ffffff\"}},\"14\":{\"type\":\"largeImage\",\"enabled\":\"1\",\"fields\":{\"image\":[\"61\"],\"backgroundImage\":[\"60\"],\"backgroundColor\":\"#000000\"}},\"17\":{\"type\":\"textTwoColumns\",\"enabled\":\"1\",\"fields\":{\"heading\":\"Strategy, Concept & UX\",\"intro\":\"The content of the new Orangina website was meantto be kept simple serving a few main purposes.\",\"body\":\"In general there were two main obectives, informing people about the available range of Orangina products and telling them about the history of Orangina as a brand. The homepage would then serve as a hub to these two objectives, as well as to the Orangina social channels.\",\"textColor\":\"#ffffff\",\"backgroundColor\":\"#fda519\"}},\"19\":{\"type\":\"video\",\"enabled\":\"1\",\"fields\":{\"coverImage\":\"\",\"video\":[\"18\"],\"backgroundColor\":\"#ffa600\"}},\"20\":{\"type\":\"textTwoColumns\",\"enabled\":\"1\",\"fields\":{\"heading\":\"Design elements\",\"intro\":\"Colors for the Orangina website were besides the brand\\u2019s Blue and Yellow, based on the labels of the different flavours. \",\"body\":\"\",\"textColor\":\"#000000\",\"backgroundColor\":\"#ffffff\"}},\"22\":{\"type\":\"largeImage\",\"enabled\":\"1\",\"fields\":{\"image\":[\"59\"],\"backgroundImage\":\"\",\"backgroundColor\":\"#ffffff\"}},\"23\":{\"type\":\"textWithImage\",\"enabled\":\"1\",\"fields\":{\"heading\":\"Iconography\",\"intro\":\"To add on the playfull, quirky identity of Orangina, we created an iconset that was used throughout the website.\",\"body\":\"Our hands on mentality can be found throughout the whole process. We bring ideas to life early. We prototype to keep improving along the way. \",\"image\":[\"54\"],\"textColor\":\"#000000\",\"backgroundColor\":\"#ffffff\",\"imagePosition\":\"right\",\"paddingTop\":\"50\",\"paddingBottom\":\"0\"}},\"25\":{\"type\":\"textTwoColumns\",\"enabled\":\"1\",\"fields\":{\"heading\":\"Final Designs\",\"intro\":\"The content of the new Orangina website was meantto be kept simple serving a few main purposes.\",\"body\":\"In general there were two main obectives, informing people about the available range of Orangina products and telling them about the history of Orangina as a brand. The homepage would then serve as a hub to these two objectives, as well as to the Orangina social channels.\",\"textColor\":\"#ffffff\",\"backgroundColor\":\"#092865\"}},\"29\":{\"type\":\"imageGallery\",\"enabled\":\"1\",\"fields\":{\"images\":[\"55\",\"57\",\"56\"],\"backgroundColor\":\"#092865\"}}},\"41\":\"Orangina\",\"31\":{\"36\":{\"type\":\"item\",\"enabled\":\"1\",\"fields\":{\"role\":\"Development\",\"contributorName\":\"Inalise B.V.\"}}},\"40\":\"\",\"39\":\"A quirky new online appearance for a soda brand\",\"36\":{\"30\":{\"type\":\"honour\",\"enabled\":\"1\",\"fields\":{\"honorName\":\"FWA SOTD\",\"logo\":[\"32\"]}},\"34\":{\"type\":\"honour\",\"enabled\":\"1\",\"fields\":{\"honorName\":\"FWA MOTD\",\"logo\":[\"32\"]}},\"35\":{\"type\":\"honour\",\"enabled\":\"1\",\"fields\":{\"honorName\":\"Awwwards SOTD\",\"logo\":[\"33\"]}}},\"43\":\"Responsive Website\",\"42\":\"http:\\/\\/orangina.eu\\/\",\"34\":{\"37\":{\"type\":\"role\",\"enabled\":\"1\",\"fields\":{\"role\":\"Interaction design\"}},\"38\":{\"type\":\"role\",\"enabled\":\"1\",\"fields\":{\"role\":\"UX Design\"}},\"39\":{\"type\":\"role\",\"enabled\":\"1\",\"fields\":{\"role\":\"Creative direction\"}},\"40\":{\"type\":\"role\",\"enabled\":\"1\",\"fields\":{\"role\":\"Concept\"}},\"41\":{\"type\":\"role\",\"enabled\":\"1\",\"fields\":{\"role\":\"Strategy\"}}}}}', '2016-02-29 12:29:24', '2016-02-29 12:29:24', '9e0b98a7-4927-4864-b6f8-1d5a530ef471'),
 ('52', '10', '3', '1', 'en_us', '38', '', '{\"typeId\":\"3\",\"authorId\":\"1\",\"title\":\"Orangina global website\",\"slug\":\"orangina\",\"postDate\":1456411320,\"expiryDate\":null,\"enabled\":1,\"parentId\":null,\"fields\":{\"3\":{\"12\":{\"type\":\"textFullWidth\",\"enabled\":\"1\",\"fields\":{\"body\":\"Orangina refreshed their brand identity Achtung!\\/Kraftwerk wastasked to extend their newbrand identity to a fresh online experience. \",\"textColor\":\"#000000\",\"backgroundColor\":\"#ffffff\"}},\"14\":{\"type\":\"largeImage\",\"enabled\":\"1\",\"fields\":{\"image\":[\"61\"],\"backgroundImage\":[\"60\"],\"backgroundColor\":\"#000000\"}},\"17\":{\"type\":\"textTwoColumns\",\"enabled\":\"1\",\"fields\":{\"heading\":\"Strategy, Concept & UX\",\"intro\":\"The content of the new Orangina website was meantto be kept simple serving a few main purposes.\",\"body\":\"In general there were two main obectives, informing people about the available range of Orangina products and telling them about the history of Orangina as a brand. The homepage would then serve as a hub to these two objectives, as well as to the Orangina social channels.\",\"textColor\":\"#ffffff\",\"backgroundColor\":\"#fda519\"}},\"19\":{\"type\":\"video\",\"enabled\":\"1\",\"fields\":{\"coverImage\":\"\",\"video\":[\"18\"],\"backgroundColor\":\"#ffa600\"}},\"20\":{\"type\":\"textTwoColumns\",\"enabled\":\"1\",\"fields\":{\"heading\":\"Design elements\",\"intro\":\"Colors for the Orangina website were besides the brand\\u2019s Blue and Yellow, based on the labels of the different flavours. \",\"body\":\"\",\"textColor\":\"#000000\",\"backgroundColor\":\"#ffffff\"}},\"22\":{\"type\":\"largeImage\",\"enabled\":\"1\",\"fields\":{\"image\":[\"59\"],\"backgroundImage\":\"\",\"backgroundColor\":\"#ffffff\"}},\"23\":{\"type\":\"textWithImage\",\"enabled\":\"1\",\"fields\":{\"heading\":\"Iconography\",\"intro\":\"To add on the playfull, quirky identity of Orangina, we created an iconset that was used throughout the website.\",\"body\":\"Our hands on mentality can be found throughout the whole process. We bring ideas to life early. We prototype to keep improving along the way. \",\"image\":[\"54\"],\"textColor\":\"#000000\",\"backgroundColor\":\"#ffffff\",\"imagePosition\":\"right\",\"paddingTop\":\"50\",\"paddingBottom\":\"0\"}},\"25\":{\"type\":\"textTwoColumns\",\"enabled\":\"1\",\"fields\":{\"heading\":\"Final Designs\",\"intro\":\"The content of the new Orangina website was meantto be kept simple serving a few main purposes.\",\"body\":\"In general there were two main obectives, informing people about the available range of Orangina products and telling them about the history of Orangina as a brand. The homepage would then serve as a hub to these two objectives, as well as to the Orangina social channels.\",\"textColor\":\"#ffffff\",\"backgroundColor\":\"#092865\"}},\"29\":{\"type\":\"imageGallery\",\"enabled\":\"1\",\"fields\":{\"images\":[\"55\",\"57\",\"56\"],\"backgroundColor\":\"#092865\"}}},\"41\":\"Orangina\",\"31\":{\"36\":{\"type\":\"item\",\"enabled\":\"1\",\"fields\":{\"role\":\"Development\",\"contributorName\":\"Inalise B.V.\"}}},\"40\":[\"62\"],\"50\":\"\",\"39\":\"A quirky new online appearance for a soda brand\",\"36\":{\"30\":{\"type\":\"honour\",\"enabled\":\"1\",\"fields\":{\"honorName\":\"FWA SOTD\",\"logo\":[\"32\"]}},\"34\":{\"type\":\"honour\",\"enabled\":\"1\",\"fields\":{\"honorName\":\"FWA MOTD\",\"logo\":[\"32\"]}},\"35\":{\"type\":\"honour\",\"enabled\":\"1\",\"fields\":{\"honorName\":\"Awwwards SOTD\",\"logo\":[\"33\"]}}},\"43\":\"Responsive Website\",\"42\":\"http:\\/\\/orangina.eu\\/\",\"34\":{\"37\":{\"type\":\"role\",\"enabled\":\"1\",\"fields\":{\"role\":\"Interaction design\"}},\"38\":{\"type\":\"role\",\"enabled\":\"1\",\"fields\":{\"role\":\"UX Design\"}},\"39\":{\"type\":\"role\",\"enabled\":\"1\",\"fields\":{\"role\":\"Creative direction\"}},\"40\":{\"type\":\"role\",\"enabled\":\"1\",\"fields\":{\"role\":\"Concept\"}},\"41\":{\"type\":\"role\",\"enabled\":\"1\",\"fields\":{\"role\":\"Strategy\"}}}}}', '2016-02-29 13:24:06', '2016-02-29 13:24:06', '33ea12bc-3cc5-4f93-a947-a4d3a3caf5de'),
 ('53', '10', '3', '1', 'en_us', '39', '', '{\"typeId\":\"3\",\"authorId\":\"1\",\"title\":\"Orangina global website\",\"slug\":\"orangina\",\"postDate\":1456411320,\"expiryDate\":null,\"enabled\":1,\"parentId\":null,\"fields\":{\"3\":{\"12\":{\"type\":\"textFullWidth\",\"enabled\":\"1\",\"fields\":{\"body\":\"Orangina refreshed their brand identity Achtung!\\/Kraftwerk wastasked to extend their newbrand identity to a fresh online experience. \",\"textColor\":\"#000000\",\"backgroundColor\":\"#ffffff\",\"paddingTop\":\"100\",\"paddingBottom\":\"60\"}},\"14\":{\"type\":\"largeImage\",\"enabled\":\"1\",\"fields\":{\"image\":[\"61\"],\"backgroundImage\":[\"60\"],\"backgroundColor\":\"#000000\"}},\"17\":{\"type\":\"textTwoColumns\",\"enabled\":\"1\",\"fields\":{\"heading\":\"Strategy, Concept & UX\",\"intro\":\"The content of the new Orangina website was meantto be kept simple serving a few main purposes.\",\"body\":\"In general there were two main obectives, informing people about the available range of Orangina products and telling them about the history of Orangina as a brand. The homepage would then serve as a hub to these two objectives, as well as to the Orangina social channels.\",\"textColor\":\"#ffffff\",\"backgroundColor\":\"#fda519\"}},\"19\":{\"type\":\"video\",\"enabled\":\"1\",\"fields\":{\"coverImage\":\"\",\"video\":[\"18\"],\"backgroundColor\":\"#ffa600\"}},\"20\":{\"type\":\"textTwoColumns\",\"enabled\":\"1\",\"fields\":{\"heading\":\"Design elements\",\"intro\":\"Colors for the Orangina website were besides the brand\\u2019s Blue and Yellow, based on the labels of the different flavours. \",\"body\":\"\",\"textColor\":\"#000000\",\"backgroundColor\":\"#ffffff\"}},\"22\":{\"type\":\"largeImage\",\"enabled\":\"1\",\"fields\":{\"image\":[\"59\"],\"backgroundImage\":\"\",\"backgroundColor\":\"#ffffff\"}},\"23\":{\"type\":\"textWithImage\",\"enabled\":\"1\",\"fields\":{\"heading\":\"Iconography\",\"intro\":\"To add on the playfull, quirky identity of Orangina, we created an iconset that was used throughout the website.\",\"body\":\"Our hands on mentality can be found throughout the whole process. We bring ideas to life early. We prototype to keep improving along the way. \",\"image\":[\"54\"],\"textColor\":\"#000000\",\"backgroundColor\":\"#ffffff\",\"imagePosition\":\"right\",\"paddingTop\":\"50\",\"paddingBottom\":\"0\"}},\"25\":{\"type\":\"textTwoColumns\",\"enabled\":\"1\",\"fields\":{\"heading\":\"Final Designs\",\"intro\":\"The content of the new Orangina website was meantto be kept simple serving a few main purposes.\",\"body\":\"In general there were two main obectives, informing people about the available range of Orangina products and telling them about the history of Orangina as a brand. The homepage would then serve as a hub to these two objectives, as well as to the Orangina social channels.\",\"textColor\":\"#ffffff\",\"backgroundColor\":\"#092865\"}},\"29\":{\"type\":\"imageGallery\",\"enabled\":\"1\",\"fields\":{\"images\":[\"55\",\"57\",\"56\"],\"backgroundColor\":\"#092865\"}}},\"41\":\"Orangina\",\"31\":{\"36\":{\"type\":\"item\",\"enabled\":\"1\",\"fields\":{\"role\":\"Development\",\"contributorName\":\"Inalise B.V.\"}}},\"40\":[\"62\"],\"50\":\"\",\"39\":\"A quirky new online appearance for a soda brand\",\"36\":{\"30\":{\"type\":\"honour\",\"enabled\":\"1\",\"fields\":{\"honorName\":\"FWA SOTD\",\"logo\":[\"32\"]}},\"34\":{\"type\":\"honour\",\"enabled\":\"1\",\"fields\":{\"honorName\":\"FWA MOTD\",\"logo\":[\"32\"]}},\"35\":{\"type\":\"honour\",\"enabled\":\"1\",\"fields\":{\"honorName\":\"Awwwards SOTD\",\"logo\":[\"33\"]}}},\"43\":\"Responsive Website\",\"42\":\"http:\\/\\/orangina.eu\\/\",\"34\":{\"37\":{\"type\":\"role\",\"enabled\":\"1\",\"fields\":{\"role\":\"Interaction design\"}},\"38\":{\"type\":\"role\",\"enabled\":\"1\",\"fields\":{\"role\":\"UX Design\"}},\"39\":{\"type\":\"role\",\"enabled\":\"1\",\"fields\":{\"role\":\"Creative direction\"}},\"40\":{\"type\":\"role\",\"enabled\":\"1\",\"fields\":{\"role\":\"Concept\"}},\"41\":{\"type\":\"role\",\"enabled\":\"1\",\"fields\":{\"role\":\"Strategy\"}}}}}', '2016-03-01 12:59:29', '2016-03-01 12:59:29', '5665c340-9a82-4975-8985-33b7f578bfb0'),
 ('54', '10', '3', '1', 'en_us', '40', '', '{\"typeId\":\"3\",\"authorId\":\"1\",\"title\":\"Orangina global website\",\"slug\":\"orangina\",\"postDate\":1456411320,\"expiryDate\":null,\"enabled\":1,\"parentId\":null,\"fields\":{\"3\":{\"12\":{\"type\":\"textFullWidth\",\"enabled\":\"1\",\"fields\":{\"body\":\"Orangina refreshed their brand identity Achtung!\\/Kraftwerk wastasked to extend their newbrand identity to a fresh online experience. \",\"textColor\":\"#000000\",\"backgroundColor\":\"#ffffff\",\"paddingTop\":\"100\",\"paddingBottom\":\"60\"}},\"14\":{\"type\":\"largeImage\",\"enabled\":\"1\",\"fields\":{\"image\":[\"61\"],\"backgroundImage\":[\"60\"],\"backgroundColor\":\"#000000\",\"paddingTop\":\"0\",\"paddingBottom\":\"80\"}},\"17\":{\"type\":\"textTwoColumns\",\"enabled\":\"1\",\"fields\":{\"heading\":\"Strategy, Concept & UX\",\"intro\":\"The content of the new Orangina website was meantto be kept simple serving a few main purposes.\",\"body\":\"In general there were two main obectives, informing people about the available range of Orangina products and telling them about the history of Orangina as a brand. The homepage would then serve as a hub to these two objectives, as well as to the Orangina social channels.\",\"textColor\":\"#ffffff\",\"backgroundColor\":\"#fda519\",\"paddingTop\":\"0\",\"paddingBottom\":\"0\"}},\"19\":{\"type\":\"video\",\"enabled\":\"1\",\"fields\":{\"coverImage\":\"\",\"video\":[\"18\"],\"backgroundColor\":\"#ffa600\",\"paddingTop\":\"0\",\"paddingBottom\":\"0\"}},\"20\":{\"type\":\"textTwoColumns\",\"enabled\":\"1\",\"fields\":{\"heading\":\"Design elements\",\"intro\":\"Colors for the Orangina website were besides the brand\\u2019s Blue and Yellow, based on the labels of the different flavours. \",\"body\":\"\",\"textColor\":\"#000000\",\"backgroundColor\":\"#ffffff\",\"paddingTop\":\"0\",\"paddingBottom\":\"0\"}},\"22\":{\"type\":\"largeImage\",\"enabled\":\"1\",\"fields\":{\"image\":[\"59\"],\"backgroundImage\":\"\",\"backgroundColor\":\"#ffffff\",\"paddingTop\":\"0\",\"paddingBottom\":\"0\"}},\"23\":{\"type\":\"textWithImage\",\"enabled\":\"1\",\"fields\":{\"heading\":\"Iconography\",\"intro\":\"To add on the playfull, quirky identity of Orangina, we created an iconset that was used throughout the website.\",\"body\":\"Our hands on mentality can be found throughout the whole process. We bring ideas to life early. We prototype to keep improving along the way. \",\"image\":[\"54\"],\"textColor\":\"#000000\",\"backgroundColor\":\"#ffffff\",\"imagePosition\":\"right\",\"paddingTop\":\"50\",\"paddingBottom\":\"0\"}},\"25\":{\"type\":\"textTwoColumns\",\"enabled\":\"1\",\"fields\":{\"heading\":\"Final Designs\",\"intro\":\"The content of the new Orangina website was meantto be kept simple serving a few main purposes.\",\"body\":\"In general there were two main obectives, informing people about the available range of Orangina products and telling them about the history of Orangina as a brand. The homepage would then serve as a hub to these two objectives, as well as to the Orangina social channels.\",\"textColor\":\"#ffffff\",\"backgroundColor\":\"#092865\",\"paddingTop\":\"0\",\"paddingBottom\":\"0\"}},\"29\":{\"type\":\"imageGallery\",\"enabled\":\"1\",\"fields\":{\"images\":[\"55\",\"57\",\"56\"],\"backgroundColor\":\"#092865\",\"paddingTop\":\"0\",\"paddingBottom\":\"0\"}}},\"41\":\"Orangina\",\"31\":{\"36\":{\"type\":\"item\",\"enabled\":\"1\",\"fields\":{\"role\":\"Development\",\"contributorName\":\"Inalise B.V.\"}}},\"40\":[\"62\"],\"50\":\"\",\"39\":\"A quirky new online appearance for a soda brand\",\"36\":{\"30\":{\"type\":\"honour\",\"enabled\":\"1\",\"fields\":{\"honorName\":\"FWA SOTD\",\"logo\":[\"32\"]}},\"34\":{\"type\":\"honour\",\"enabled\":\"1\",\"fields\":{\"honorName\":\"FWA MOTD\",\"logo\":[\"32\"]}},\"35\":{\"type\":\"honour\",\"enabled\":\"1\",\"fields\":{\"honorName\":\"Awwwards SOTD\",\"logo\":[\"33\"]}}},\"43\":\"Responsive Website\",\"42\":\"http:\\/\\/orangina.eu\\/\",\"34\":{\"37\":{\"type\":\"role\",\"enabled\":\"1\",\"fields\":{\"role\":\"Interaction design\"}},\"38\":{\"type\":\"role\",\"enabled\":\"1\",\"fields\":{\"role\":\"UX Design\"}},\"39\":{\"type\":\"role\",\"enabled\":\"1\",\"fields\":{\"role\":\"Creative direction\"}},\"40\":{\"type\":\"role\",\"enabled\":\"1\",\"fields\":{\"role\":\"Concept\"}},\"41\":{\"type\":\"role\",\"enabled\":\"1\",\"fields\":{\"role\":\"Strategy\"}}}}}', '2016-03-01 13:11:12', '2016-03-01 13:11:12', 'fa5264a3-91b7-4330-a6f7-57f15b889614'),
 ('55', '10', '3', '1', 'en_us', '41', '', '{\"typeId\":\"3\",\"authorId\":\"1\",\"title\":\"Orangina global website\",\"slug\":\"orangina\",\"postDate\":1456411320,\"expiryDate\":null,\"enabled\":1,\"parentId\":null,\"fields\":{\"3\":{\"12\":{\"type\":\"textFullWidth\",\"enabled\":\"1\",\"fields\":{\"body\":\"Orangina refreshed their brand identity Achtung!\\/Kraftwerk wastasked to extend their newbrand identity to a fresh online experience. \",\"textColor\":\"#000000\",\"backgroundColor\":\"#ffffff\",\"paddingTop\":\"100\",\"paddingBottom\":\"60\"}},\"14\":{\"type\":\"largeImage\",\"enabled\":\"1\",\"fields\":{\"image\":[\"61\"],\"backgroundImage\":[\"60\"],\"backgroundColor\":\"#000000\",\"paddingTop\":\"0\",\"paddingBottom\":\"80\"}},\"17\":{\"type\":\"textTwoColumns\",\"enabled\":\"1\",\"fields\":{\"heading\":\"Strategy, Concept & UX\",\"intro\":\"The content of the new Orangina website was meantto be kept simple serving a few main purposes.\",\"body\":\"In general there were two main obectives, informing people about the available range of Orangina products and telling them about the history of Orangina as a brand. The homepage would then serve as a hub to these two objectives, as well as to the Orangina social channels.\",\"textColor\":\"#ffffff\",\"backgroundColor\":\"#ffab18\",\"paddingTop\":\"0\",\"paddingBottom\":\"0\"}},\"19\":{\"type\":\"video\",\"enabled\":\"1\",\"fields\":{\"coverImage\":\"\",\"video\":[\"18\"],\"backgroundColor\":\"#ffa600\",\"paddingTop\":\"0\",\"paddingBottom\":\"0\"}},\"20\":{\"type\":\"textTwoColumns\",\"enabled\":\"1\",\"fields\":{\"heading\":\"Design elements\",\"intro\":\"Colors for the Orangina website were besides the brand\\u2019s Blue and Yellow, based on the labels of the different flavours. \",\"body\":\"\",\"textColor\":\"#000000\",\"backgroundColor\":\"#ffffff\",\"paddingTop\":\"0\",\"paddingBottom\":\"0\"}},\"22\":{\"type\":\"largeImage\",\"enabled\":\"1\",\"fields\":{\"image\":[\"59\"],\"backgroundImage\":\"\",\"backgroundColor\":\"#ffffff\",\"paddingTop\":\"0\",\"paddingBottom\":\"0\"}},\"23\":{\"type\":\"textWithImage\",\"enabled\":\"1\",\"fields\":{\"heading\":\"Iconography\",\"intro\":\"To add on the playfull, quirky identity of Orangina, we created an iconset that was used throughout the website.\",\"body\":\"Our hands on mentality can be found throughout the whole process. We bring ideas to life early. We prototype to keep improving along the way. \",\"image\":[\"54\"],\"textColor\":\"#000000\",\"backgroundColor\":\"#ffffff\",\"imagePosition\":\"right\",\"paddingTop\":\"50\",\"paddingBottom\":\"0\"}},\"25\":{\"type\":\"textTwoColumns\",\"enabled\":\"1\",\"fields\":{\"heading\":\"Final Designs\",\"intro\":\"The content of the new Orangina website was meantto be kept simple serving a few main purposes.\",\"body\":\"In general there were two main obectives, informing people about the available range of Orangina products and telling them about the history of Orangina as a brand. The homepage would then serve as a hub to these two objectives, as well as to the Orangina social channels.\",\"textColor\":\"#ffffff\",\"backgroundColor\":\"#092865\",\"paddingTop\":\"0\",\"paddingBottom\":\"0\"}},\"29\":{\"type\":\"imageGallery\",\"enabled\":\"1\",\"fields\":{\"images\":[\"55\",\"57\",\"56\"],\"backgroundColor\":\"#092865\",\"paddingTop\":\"0\",\"paddingBottom\":\"0\"}}},\"41\":\"Orangina\",\"31\":{\"36\":{\"type\":\"item\",\"enabled\":\"1\",\"fields\":{\"role\":\"Development\",\"contributorName\":\"Inalise B.V.\"}}},\"40\":[\"62\"],\"50\":\"\",\"39\":\"A quirky new online appearance for a soda brand\",\"36\":{\"30\":{\"type\":\"honour\",\"enabled\":\"1\",\"fields\":{\"honorName\":\"FWA SOTD\",\"logo\":[\"32\"]}},\"34\":{\"type\":\"honour\",\"enabled\":\"1\",\"fields\":{\"honorName\":\"FWA MOTD\",\"logo\":[\"32\"]}},\"35\":{\"type\":\"honour\",\"enabled\":\"1\",\"fields\":{\"honorName\":\"Awwwards SOTD\",\"logo\":[\"33\"]}}},\"43\":\"Responsive Website\",\"42\":\"http:\\/\\/orangina.eu\\/\",\"34\":{\"37\":{\"type\":\"role\",\"enabled\":\"1\",\"fields\":{\"role\":\"Interaction design\"}},\"38\":{\"type\":\"role\",\"enabled\":\"1\",\"fields\":{\"role\":\"UX Design\"}},\"39\":{\"type\":\"role\",\"enabled\":\"1\",\"fields\":{\"role\":\"Creative direction\"}},\"40\":{\"type\":\"role\",\"enabled\":\"1\",\"fields\":{\"role\":\"Concept\"}},\"41\":{\"type\":\"role\",\"enabled\":\"1\",\"fields\":{\"role\":\"Strategy\"}}}}}', '2016-03-01 13:36:01', '2016-03-01 13:36:01', '4717d3e8-2fb2-4caf-8317-328b7c0e084d'),
 ('56', '10', '3', '1', 'en_us', '42', '', '{\"typeId\":\"3\",\"authorId\":\"1\",\"title\":\"Orangina global website\",\"slug\":\"orangina\",\"postDate\":1456411320,\"expiryDate\":null,\"enabled\":1,\"parentId\":null,\"fields\":{\"3\":{\"12\":{\"type\":\"textFullWidth\",\"enabled\":\"1\",\"fields\":{\"body\":\"Orangina refreshed their brand identity Achtung!\\/Kraftwerk wastasked to extend their newbrand identity to a fresh online experience. \",\"textColor\":\"#000000\",\"backgroundColor\":\"#ffffff\",\"paddingTop\":\"100\",\"paddingBottom\":\"60\"}},\"14\":{\"type\":\"largeImage\",\"enabled\":\"1\",\"fields\":{\"image\":[\"61\"],\"backgroundImage\":[\"60\"],\"backgroundColor\":\"#000000\",\"paddingTop\":\"0\",\"paddingBottom\":\"80\"}},\"17\":{\"type\":\"textTwoColumns\",\"enabled\":\"1\",\"fields\":{\"heading\":\"Strategy, Concept & UX\",\"intro\":\"The content of the new Orangina website was meantto be kept simple serving a few main purposes.\",\"body\":\"In general there were two main obectives, informing people about the available range of Orangina products and telling them about the history of Orangina as a brand. The homepage would then serve as a hub to these two objectives, as well as to the Orangina social channels.\",\"textColor\":\"#ffffff\",\"backgroundColor\":\"#ffab18\",\"paddingTop\":\"0\",\"paddingBottom\":\"0\"}},\"19\":{\"type\":\"video\",\"enabled\":\"1\",\"fields\":{\"coverImage\":\"\",\"video\":[\"18\"],\"backgroundColor\":\"#ffa600\",\"paddingTop\":\"0\",\"paddingBottom\":\"0\"}},\"20\":{\"type\":\"textTwoColumns\",\"enabled\":\"1\",\"fields\":{\"heading\":\"Design elements\",\"intro\":\"Colors for the Orangina website were besides the brand\\u2019s Blue and Yellow, based on the labels of the different flavours. \",\"body\":\"\",\"textColor\":\"#000000\",\"backgroundColor\":\"#ffffff\",\"paddingTop\":\"0\",\"paddingBottom\":\"0\"}},\"22\":{\"type\":\"largeImage\",\"enabled\":\"1\",\"fields\":{\"image\":[\"59\"],\"backgroundImage\":\"\",\"backgroundColor\":\"#ffffff\",\"paddingTop\":\"0\",\"paddingBottom\":\"0\"}},\"23\":{\"type\":\"textWithImage\",\"enabled\":\"1\",\"fields\":{\"heading\":\"Iconography\",\"intro\":\"To add on the playfull, quirky identity of Orangina, we created an iconset that was used throughout the website.\",\"body\":\"Our hands on mentality can be found throughout the whole process. We bring ideas to life early. We prototype to keep improving along the way. \",\"image\":[\"54\"],\"textColor\":\"#000000\",\"backgroundColor\":\"#ffffff\",\"imagePosition\":\"right\",\"paddingTop\":\"50\",\"paddingBottom\":\"0\"}},\"25\":{\"type\":\"textTwoColumns\",\"enabled\":\"1\",\"fields\":{\"heading\":\"Final Designs\",\"intro\":\"The content of the new Orangina website was meantto be kept simple serving a few main purposes.\",\"body\":\"In general there were two main obectives, informing people about the available range of Orangina products and telling them about the history of Orangina as a brand. The homepage would then serve as a hub to these two objectives, as well as to the Orangina social channels.\",\"textColor\":\"#ffffff\",\"backgroundColor\":\"#092865\",\"paddingTop\":\"0\",\"paddingBottom\":\"0\"}},\"29\":{\"type\":\"imageGallery\",\"enabled\":\"1\",\"fields\":{\"images\":[\"55\",\"57\",\"56\"],\"backgroundColor\":\"#092865\",\"paddingTop\":\"0\",\"paddingBottom\":\"0\"}}},\"41\":\"Orangina\",\"31\":{\"36\":{\"type\":\"item\",\"enabled\":\"1\",\"fields\":{\"role\":\"Development\",\"contributorName\":\"Inalise B.V.\"}}},\"40\":[\"62\"],\"50\":\"\",\"39\":\"A quirky new online appearance for a soda brand\",\"36\":{\"30\":{\"type\":\"honour\",\"enabled\":\"1\",\"fields\":{\"honorName\":\"FWA SOTD\",\"logo\":[\"32\"]}},\"34\":{\"type\":\"honour\",\"enabled\":\"1\",\"fields\":{\"honorName\":\"FWA MOTD\",\"logo\":[\"32\"]}},\"35\":{\"type\":\"honour\",\"enabled\":\"1\",\"fields\":{\"honorName\":\"Awwwards SOTD\",\"logo\":[\"33\"]}}},\"43\":\"Responsive Website\",\"42\":\"http:\\/\\/orangina.eu\\/\",\"34\":{\"37\":{\"type\":\"role\",\"enabled\":\"1\",\"fields\":{\"role\":\"Interaction design\"}},\"38\":{\"type\":\"role\",\"enabled\":\"1\",\"fields\":{\"role\":\"UX Design\"}},\"39\":{\"type\":\"role\",\"enabled\":\"1\",\"fields\":{\"role\":\"Creative direction\"}},\"40\":{\"type\":\"role\",\"enabled\":\"1\",\"fields\":{\"role\":\"Concept\"}},\"41\":{\"type\":\"role\",\"enabled\":\"1\",\"fields\":{\"role\":\"Strategy\"}}}}}', '2016-03-01 13:39:02', '2016-03-01 13:39:02', '9620953b-cbea-405c-96f3-e675af272db5'),
 ('57', '10', '3', '1', 'en_us', '43', '', '{\"typeId\":\"3\",\"authorId\":\"1\",\"title\":\"Orangina global website\",\"slug\":\"orangina\",\"postDate\":1456411320,\"expiryDate\":null,\"enabled\":1,\"parentId\":null,\"fields\":{\"3\":{\"12\":{\"type\":\"textFullWidth\",\"enabled\":\"1\",\"fields\":{\"body\":\"Orangina refreshed their brand identity Achtung!\\/Kraftwerk wastasked to extend their newbrand identity to a fresh online experience. \",\"textColor\":\"#000000\",\"backgroundColor\":\"#ffffff\",\"paddingTop\":\"100\",\"paddingBottom\":\"60\"}},\"14\":{\"type\":\"largeImage\",\"enabled\":\"1\",\"fields\":{\"image\":[\"61\"],\"backgroundImage\":[\"60\"],\"backgroundColor\":\"#000000\",\"paddingTop\":\"0\",\"paddingBottom\":\"80\"}},\"17\":{\"type\":\"textTwoColumns\",\"enabled\":\"1\",\"fields\":{\"heading\":\"Strategy, Concept & UX\",\"intro\":\"The content of the new Orangina website was meantto be kept simple serving a few main purposes.\",\"body\":\"In general there were two main obectives, informing people about the available range of Orangina products and telling them about the history of Orangina as a brand. The homepage would then serve as a hub to these two objectives, as well as to the Orangina social channels.\",\"textColor\":\"#ffffff\",\"backgroundColor\":\"#ffab18\",\"paddingTop\":\"0\",\"paddingBottom\":\"0\"}},\"19\":{\"type\":\"video\",\"enabled\":\"1\",\"fields\":{\"coverImage\":\"\",\"video\":[\"18\"],\"backgroundColor\":\"#ffa600\",\"paddingTop\":\"0\",\"paddingBottom\":\"0\"}},\"20\":{\"type\":\"textTwoColumns\",\"enabled\":\"1\",\"fields\":{\"heading\":\"Design elements\",\"intro\":\"Colors for the Orangina website were besides the brand\\u2019s Blue and Yellow, based on the labels of the different flavours. \",\"body\":\"\",\"textColor\":\"#000000\",\"backgroundColor\":\"#ffffff\",\"paddingTop\":\"0\",\"paddingBottom\":\"0\"}},\"22\":{\"type\":\"largeImage\",\"enabled\":\"1\",\"fields\":{\"image\":[\"59\"],\"backgroundImage\":\"\",\"backgroundColor\":\"#ffffff\",\"paddingTop\":\"0\",\"paddingBottom\":\"0\"}},\"23\":{\"type\":\"textWithImage\",\"enabled\":\"1\",\"fields\":{\"heading\":\"Iconography\",\"intro\":\"To add on the playfull, quirky identity of Orangina, we created an iconset that was used throughout the website.\",\"body\":\"Our hands on mentality can be found throughout the whole process. We bring ideas to life early. We prototype to keep improving along the way. \",\"image\":[\"54\"],\"textColor\":\"#000000\",\"backgroundColor\":\"#ffffff\",\"imagePosition\":\"right\",\"paddingTop\":\"50\",\"paddingBottom\":\"0\"}},\"25\":{\"type\":\"textTwoColumns\",\"enabled\":\"1\",\"fields\":{\"heading\":\"Final Designs\",\"intro\":\"The content of the new Orangina website was meantto be kept simple serving a few main purposes.\",\"body\":\"In general there were two main obectives, informing people about the available range of Orangina products and telling them about the history of Orangina as a brand. The homepage would then serve as a hub to these two objectives, as well as to the Orangina social channels.\",\"textColor\":\"#ffffff\",\"backgroundColor\":\"#092865\",\"paddingTop\":\"0\",\"paddingBottom\":\"0\"}},\"29\":{\"type\":\"imageGallery\",\"enabled\":\"1\",\"fields\":{\"images\":[\"55\",\"57\",\"56\"],\"backgroundColor\":\"#092865\",\"paddingTop\":\"0\",\"paddingBottom\":\"0\"}}},\"41\":\"Orangina\",\"31\":{\"36\":{\"type\":\"item\",\"enabled\":\"1\",\"fields\":{\"role\":\"Development\",\"contributorName\":\"Inalise B.V.\"}}},\"40\":[\"62\"],\"50\":\"\",\"39\":\"A quirky new online appearance for a soda brand\",\"36\":{\"30\":{\"type\":\"honour\",\"enabled\":\"1\",\"fields\":{\"honorName\":\"FWA SOTD\",\"logo\":[\"32\"]}},\"34\":{\"type\":\"honour\",\"enabled\":\"1\",\"fields\":{\"honorName\":\"FWA MOTD\",\"logo\":[\"32\"]}},\"35\":{\"type\":\"honour\",\"enabled\":\"1\",\"fields\":{\"honorName\":\"Awwwards SOTD\",\"logo\":[\"33\"]}}},\"43\":\"Responsive Website\",\"42\":\"http:\\/\\/orangina.eu\\/\",\"34\":{\"37\":{\"type\":\"role\",\"enabled\":\"1\",\"fields\":{\"role\":\"Interaction design\"}},\"38\":{\"type\":\"role\",\"enabled\":\"1\",\"fields\":{\"role\":\"UX Design\"}},\"39\":{\"type\":\"role\",\"enabled\":\"1\",\"fields\":{\"role\":\"Creative direction\"}},\"40\":{\"type\":\"role\",\"enabled\":\"1\",\"fields\":{\"role\":\"Concept\"}},\"41\":{\"type\":\"role\",\"enabled\":\"1\",\"fields\":{\"role\":\"Strategy\"}}}}}', '2016-03-01 13:39:56', '2016-03-01 13:39:56', 'bd04bd49-5037-4352-a7f9-104f232a7d41'),
 ('58', '10', '3', '1', 'en_us', '44', '', '{\"typeId\":\"3\",\"authorId\":\"1\",\"title\":\"Orangina global website\",\"slug\":\"orangina\",\"postDate\":1456411320,\"expiryDate\":null,\"enabled\":1,\"parentId\":null,\"fields\":{\"3\":{\"12\":{\"type\":\"textFullWidth\",\"enabled\":\"1\",\"fields\":{\"body\":\"Orangina refreshed their brand identity Achtung!\\/Kraftwerk wastasked to extend their newbrand identity to a fresh online experience. \",\"textColor\":\"#000000\",\"backgroundColor\":\"#ffffff\"}},\"14\":{\"type\":\"largeImage\",\"enabled\":\"1\",\"fields\":{\"image\":[\"61\"],\"backgroundImage\":[\"60\"],\"backgroundColor\":\"#000000\"}},\"17\":{\"type\":\"textTwoColumns\",\"enabled\":\"1\",\"fields\":{\"heading\":\"Strategy, Concept & UX\",\"intro\":\"The content of the new Orangina website was meantto be kept simple serving a few main purposes.\",\"body\":\"In general there were two main obectives, informing people about the available range of Orangina products and telling them about the history of Orangina as a brand. The homepage would then serve as a hub to these two objectives, as well as to the Orangina social channels.\",\"textColor\":\"#ffffff\",\"backgroundColor\":\"#fda519\"}},\"19\":{\"type\":\"video\",\"enabled\":\"1\",\"fields\":{\"coverImage\":\"\",\"video\":[\"18\"],\"backgroundColor\":\"#ffa600\"}},\"20\":{\"type\":\"textTwoColumns\",\"enabled\":\"1\",\"fields\":{\"heading\":\"Design elements\",\"intro\":\"Colors for the Orangina website were besides the brand\\u2019s Blue and Yellow, based on the labels of the different flavours. \",\"body\":\"\",\"textColor\":\"#d6d4d6\",\"backgroundColor\":\"#ffffff\"}},\"22\":{\"type\":\"largeImage\",\"enabled\":\"1\",\"fields\":{\"image\":[\"59\"],\"backgroundImage\":\"\",\"backgroundColor\":\"#ffffff\"}},\"23\":{\"type\":\"textWithImage\",\"enabled\":\"1\",\"fields\":{\"heading\":\"Iconography\",\"intro\":\"To add on the playfull, quirky identity of Orangina, we created an iconset that was used throughout the website.\",\"body\":\"Our hands on mentality can be found throughout the whole process. We bring ideas to life early. We prototype to keep improving along the way. \",\"image\":[\"54\"],\"textColor\":\"#000000\",\"backgroundColor\":\"#ffffff\",\"imagePosition\":\"right\",\"paddingTop\":\"50\",\"paddingBottom\":\"0\"}},\"25\":{\"type\":\"textTwoColumns\",\"enabled\":\"1\",\"fields\":{\"heading\":\"Final Designs\",\"intro\":\"The content of the new Orangina website was meantto be kept simple serving a few main purposes.\",\"body\":\"In general there were two main obectives, informing people about the available range of Orangina products and telling them about the history of Orangina as a brand. The homepage would then serve as a hub to these two objectives, as well as to the Orangina social channels.\",\"textColor\":\"#ffffff\",\"backgroundColor\":\"#092865\"}},\"29\":{\"type\":\"imageGallery\",\"enabled\":\"1\",\"fields\":{\"images\":[\"55\",\"57\",\"56\"],\"backgroundColor\":\"#092865\"}}},\"41\":\"Orangina\",\"31\":{\"36\":{\"type\":\"item\",\"enabled\":\"1\",\"fields\":{\"role\":\"Development\",\"contributorName\":\"Inalise B.V.\"}}},\"40\":[\"62\"],\"50\":\"\",\"39\":\"A quirky new online appearance for a soda brand\",\"36\":{\"30\":{\"type\":\"honour\",\"enabled\":\"1\",\"fields\":{\"honorName\":\"FWA SOTD\",\"logo\":[\"32\"]}},\"34\":{\"type\":\"honour\",\"enabled\":\"1\",\"fields\":{\"honorName\":\"FWA MOTD\",\"logo\":[\"32\"]}},\"35\":{\"type\":\"honour\",\"enabled\":\"1\",\"fields\":{\"honorName\":\"Awwwards SOTD\",\"logo\":[\"33\"]}}},\"43\":\"Responsive Website\",\"42\":\"http:\\/\\/orangina.eu\\/\",\"34\":{\"37\":{\"type\":\"role\",\"enabled\":\"1\",\"fields\":{\"role\":\"Interaction design\"}},\"38\":{\"type\":\"role\",\"enabled\":\"1\",\"fields\":{\"role\":\"UX Design\"}},\"39\":{\"type\":\"role\",\"enabled\":\"1\",\"fields\":{\"role\":\"Creative direction\"}},\"40\":{\"type\":\"role\",\"enabled\":\"1\",\"fields\":{\"role\":\"Concept\"}},\"41\":{\"type\":\"role\",\"enabled\":\"1\",\"fields\":{\"role\":\"Strategy\"}}}}}', '2016-03-01 13:42:12', '2016-03-01 13:42:12', 'd48e656a-d955-4970-b3ee-e97eebf551f2'),
 ('59', '10', '3', '1', 'en_us', '45', '', '{\"typeId\":\"3\",\"authorId\":\"1\",\"title\":\"Orangina global website\",\"slug\":\"orangina\",\"postDate\":1456411320,\"expiryDate\":null,\"enabled\":1,\"parentId\":null,\"fields\":{\"3\":{\"12\":{\"type\":\"textFullWidth\",\"enabled\":\"1\",\"fields\":{\"body\":\"Orangina refreshed their brand identity Achtung!\\/Kraftwerk wastasked to extend their newbrand identity to a fresh online experience. \",\"textColor\":\"#000000\",\"backgroundColor\":\"#ffffff\",\"paddingTop\":\"100\",\"paddingBottom\":\"60\"}},\"14\":{\"type\":\"largeImage\",\"enabled\":\"1\",\"fields\":{\"image\":[\"61\"],\"backgroundImage\":[\"60\"],\"backgroundColor\":\"#000000\",\"paddingTop\":\"0\",\"paddingBottom\":\"80\"}},\"17\":{\"type\":\"textTwoColumns\",\"enabled\":\"1\",\"fields\":{\"heading\":\"Strategy, Concept & UX\",\"intro\":\"The content of the new Orangina website was meantto be kept simple serving a few main purposes.\",\"body\":\"In general there were two main obectives, informing people about the available range of Orangina products and telling them about the history of Orangina as a brand. The homepage would then serve as a hub to these two objectives, as well as to the Orangina social channels.\",\"textColor\":\"#ffffff\",\"backgroundColor\":\"#fda519\",\"paddingTop\":\"80\",\"paddingBottom\":\"60\"}},\"19\":{\"type\":\"video\",\"enabled\":\"1\",\"fields\":{\"coverImage\":\"\",\"video\":[\"18\"],\"backgroundColor\":\"#ffa600\",\"paddingTop\":\"0\",\"paddingBottom\":\"0\"}},\"20\":{\"type\":\"textTwoColumns\",\"enabled\":\"1\",\"fields\":{\"heading\":\"Design elements\",\"intro\":\"Colors for the Orangina website were besides the brand\\u2019s Blue and Yellow, based on the labels of the different flavours. \",\"body\":\"\",\"textColor\":\"#d6d4d6\",\"backgroundColor\":\"#ffffff\",\"paddingTop\":\"0\",\"paddingBottom\":\"0\"}},\"22\":{\"type\":\"largeImage\",\"enabled\":\"1\",\"fields\":{\"image\":[\"59\"],\"backgroundImage\":\"\",\"backgroundColor\":\"#ffffff\",\"paddingTop\":\"0\",\"paddingBottom\":\"0\"}},\"23\":{\"type\":\"textWithImage\",\"enabled\":\"1\",\"fields\":{\"heading\":\"Iconography\",\"intro\":\"To add on the playfull, quirky identity of Orangina, we created an iconset that was used throughout the website.\",\"body\":\"Our hands on mentality can be found throughout the whole process. We bring ideas to life early. We prototype to keep improving along the way. \",\"image\":[\"54\"],\"textColor\":\"#000000\",\"backgroundColor\":\"#ffffff\",\"imagePosition\":\"right\",\"paddingTop\":\"50\",\"paddingBottom\":\"0\"}},\"25\":{\"type\":\"textTwoColumns\",\"enabled\":\"1\",\"fields\":{\"heading\":\"Final Designs\",\"intro\":\"The content of the new Orangina website was meantto be kept simple serving a few main purposes.\",\"body\":\"In general there were two main obectives, informing people about the available range of Orangina products and telling them about the history of Orangina as a brand. The homepage would then serve as a hub to these two objectives, as well as to the Orangina social channels.\",\"textColor\":\"#ffffff\",\"backgroundColor\":\"#092865\",\"paddingTop\":\"0\",\"paddingBottom\":\"0\"}},\"29\":{\"type\":\"imageGallery\",\"enabled\":\"1\",\"fields\":{\"images\":[\"55\",\"57\",\"56\"],\"backgroundColor\":\"#092865\",\"paddingTop\":\"0\",\"paddingBottom\":\"0\"}}},\"41\":\"Orangina\",\"31\":{\"36\":{\"type\":\"item\",\"enabled\":\"1\",\"fields\":{\"role\":\"Development\",\"contributorName\":\"Inalise B.V.\"}}},\"40\":[\"62\"],\"50\":\"\",\"39\":\"A quirky new online appearance for a soda brand\",\"36\":{\"30\":{\"type\":\"honour\",\"enabled\":\"1\",\"fields\":{\"honorName\":\"FWA SOTD\",\"logo\":[\"32\"]}},\"34\":{\"type\":\"honour\",\"enabled\":\"1\",\"fields\":{\"honorName\":\"FWA MOTD\",\"logo\":[\"32\"]}},\"35\":{\"type\":\"honour\",\"enabled\":\"1\",\"fields\":{\"honorName\":\"Awwwards SOTD\",\"logo\":[\"33\"]}}},\"43\":\"Responsive Website\",\"42\":\"http:\\/\\/orangina.eu\\/\",\"34\":{\"37\":{\"type\":\"role\",\"enabled\":\"1\",\"fields\":{\"role\":\"Interaction design\"}},\"38\":{\"type\":\"role\",\"enabled\":\"1\",\"fields\":{\"role\":\"UX Design\"}},\"39\":{\"type\":\"role\",\"enabled\":\"1\",\"fields\":{\"role\":\"Creative direction\"}},\"40\":{\"type\":\"role\",\"enabled\":\"1\",\"fields\":{\"role\":\"Concept\"}},\"41\":{\"type\":\"role\",\"enabled\":\"1\",\"fields\":{\"role\":\"Strategy\"}}}}}', '2016-03-01 13:42:23', '2016-03-01 13:42:23', '11cb1f1d-4cd6-45dc-9dd8-5cc9c87a767f'),
 ('60', '10', '3', '1', 'en_us', '46', '', '{\"typeId\":\"3\",\"authorId\":\"1\",\"title\":\"Orangina global website\",\"slug\":\"orangina\",\"postDate\":1456411320,\"expiryDate\":null,\"enabled\":1,\"parentId\":null,\"fields\":{\"3\":{\"12\":{\"type\":\"textFullWidth\",\"enabled\":\"1\",\"fields\":{\"body\":\"Orangina refreshed their brand identity Achtung!\\/Kraftwerk wastasked to extend their newbrand identity to a fresh online experience. \",\"textColor\":\"#000000\",\"backgroundColor\":\"#ffffff\",\"paddingTop\":\"100\",\"paddingBottom\":\"60\"}},\"14\":{\"type\":\"largeImage\",\"enabled\":\"1\",\"fields\":{\"image\":[\"61\"],\"backgroundImage\":[\"60\"],\"backgroundColor\":\"#000000\",\"paddingTop\":\"0\",\"paddingBottom\":\"80\"}},\"17\":{\"type\":\"textTwoColumns\",\"enabled\":\"1\",\"fields\":{\"heading\":\"Strategy, Concept & UX\",\"intro\":\"The content of the new Orangina website was meantto be kept simple serving a few main purposes.\",\"body\":\"In general there were two main obectives, informing people about the available range of Orangina products and telling them about the history of Orangina as a brand. The homepage would then serve as a hub to these two objectives, as well as to the Orangina social channels.\",\"textColor\":\"#ffffff\",\"backgroundColor\":\"#fda519\",\"paddingTop\":\"80\",\"paddingBottom\":\"60\"}},\"19\":{\"type\":\"video\",\"enabled\":\"1\",\"fields\":{\"coverImage\":[\"64\"],\"video\":[\"18\"],\"backgroundColor\":\"#ffa600\",\"paddingTop\":\"0\",\"paddingBottom\":\"0\"}},\"20\":{\"type\":\"textTwoColumns\",\"enabled\":\"1\",\"fields\":{\"heading\":\"Design elements\",\"intro\":\"Colors for the Orangina website were besides the brand\\u2019s Blue and Yellow, based on the labels of the different flavours. \",\"body\":\"\",\"textColor\":\"#d6d4d6\",\"backgroundColor\":\"#ffffff\",\"paddingTop\":\"0\",\"paddingBottom\":\"0\"}},\"22\":{\"type\":\"largeImage\",\"enabled\":\"1\",\"fields\":{\"image\":[\"59\"],\"backgroundImage\":\"\",\"backgroundColor\":\"#ffffff\",\"paddingTop\":\"0\",\"paddingBottom\":\"0\"}},\"23\":{\"type\":\"textWithImage\",\"enabled\":\"1\",\"fields\":{\"heading\":\"Iconography\",\"intro\":\"To add on the playfull, quirky identity of Orangina, we created an iconset that was used throughout the website.\",\"body\":\"Our hands on mentality can be found throughout the whole process. We bring ideas to life early. We prototype to keep improving along the way. \",\"image\":[\"54\"],\"textColor\":\"#000000\",\"backgroundColor\":\"#ffffff\",\"imagePosition\":\"right\",\"paddingTop\":\"50\",\"paddingBottom\":\"0\"}},\"25\":{\"type\":\"textTwoColumns\",\"enabled\":\"1\",\"fields\":{\"heading\":\"Final Designs\",\"intro\":\"The content of the new Orangina website was meantto be kept simple serving a few main purposes.\",\"body\":\"In general there were two main obectives, informing people about the available range of Orangina products and telling them about the history of Orangina as a brand. The homepage would then serve as a hub to these two objectives, as well as to the Orangina social channels.\",\"textColor\":\"#ffffff\",\"backgroundColor\":\"#092865\",\"paddingTop\":\"0\",\"paddingBottom\":\"0\"}},\"29\":{\"type\":\"imageGallery\",\"enabled\":\"1\",\"fields\":{\"images\":[\"55\",\"57\",\"56\"],\"backgroundColor\":\"#092865\",\"paddingTop\":\"0\",\"paddingBottom\":\"0\"}}},\"41\":\"Orangina\",\"31\":{\"36\":{\"type\":\"item\",\"enabled\":\"1\",\"fields\":{\"role\":\"Development\",\"contributorName\":\"Inalise B.V.\"}}},\"40\":[\"62\"],\"50\":\"\",\"39\":\"A quirky new online appearance for a soda brand\",\"36\":{\"30\":{\"type\":\"honour\",\"enabled\":\"1\",\"fields\":{\"honorName\":\"FWA SOTD\",\"logo\":[\"32\"]}},\"34\":{\"type\":\"honour\",\"enabled\":\"1\",\"fields\":{\"honorName\":\"FWA MOTD\",\"logo\":[\"32\"]}},\"35\":{\"type\":\"honour\",\"enabled\":\"1\",\"fields\":{\"honorName\":\"Awwwards SOTD\",\"logo\":[\"33\"]}}},\"43\":\"Responsive Website\",\"42\":\"http:\\/\\/orangina.eu\\/\",\"34\":{\"37\":{\"type\":\"role\",\"enabled\":\"1\",\"fields\":{\"role\":\"Interaction design\"}},\"38\":{\"type\":\"role\",\"enabled\":\"1\",\"fields\":{\"role\":\"UX Design\"}},\"39\":{\"type\":\"role\",\"enabled\":\"1\",\"fields\":{\"role\":\"Creative direction\"}},\"40\":{\"type\":\"role\",\"enabled\":\"1\",\"fields\":{\"role\":\"Concept\"}},\"41\":{\"type\":\"role\",\"enabled\":\"1\",\"fields\":{\"role\":\"Strategy\"}}}}}', '2016-03-01 13:46:48', '2016-03-01 13:46:48', '5277abb4-d157-4c7e-bab2-d7ab63ae999f'),
 ('61', '10', '3', '1', 'en_us', '47', '', '{\"typeId\":\"3\",\"authorId\":\"1\",\"title\":\"Orangina global website\",\"slug\":\"orangina\",\"postDate\":1456411320,\"expiryDate\":null,\"enabled\":1,\"parentId\":null,\"fields\":{\"3\":{\"12\":{\"type\":\"textFullWidth\",\"enabled\":\"1\",\"fields\":{\"body\":\"Orangina refreshed their brand identity Achtung!\\/Kraftwerk wastasked to extend their newbrand identity to a fresh online experience. \",\"textColor\":\"#000000\",\"backgroundColor\":\"#ffffff\",\"paddingTop\":\"100\",\"paddingBottom\":\"60\"}},\"14\":{\"type\":\"largeImage\",\"enabled\":\"1\",\"fields\":{\"image\":[\"61\"],\"backgroundImage\":[\"60\"],\"backgroundColor\":\"#000000\",\"paddingTop\":\"0\",\"paddingBottom\":\"80\"}},\"17\":{\"type\":\"textTwoColumns\",\"enabled\":\"1\",\"fields\":{\"heading\":\"Strategy, Concept & UX\",\"intro\":\"The content of the new Orangina website was meantto be kept simple serving a few main purposes.\",\"body\":\"In general there were two main obectives, informing people about the available range of Orangina products and telling them about the history of Orangina as a brand. The homepage would then serve as a hub to these two objectives, as well as to the Orangina social channels.\",\"textColor\":\"#ffffff\",\"backgroundColor\":\"#fda519\",\"paddingTop\":\"80\",\"paddingBottom\":\"60\"}},\"19\":{\"type\":\"video\",\"enabled\":\"1\",\"fields\":{\"coverImage\":[\"64\"],\"video\":[\"18\"],\"backgroundColor\":\"#ffa600\",\"backgroundImage\":[\"65\"],\"paddingTop\":\"0\",\"paddingBottom\":\"0\"}},\"20\":{\"type\":\"textTwoColumns\",\"enabled\":\"1\",\"fields\":{\"heading\":\"Design elements\",\"intro\":\"Colors for the Orangina website were besides the brand\\u2019s Blue and Yellow, based on the labels of the different flavours. \",\"body\":\"\",\"textColor\":\"#d6d4d6\",\"backgroundColor\":\"#ffffff\",\"paddingTop\":\"0\",\"paddingBottom\":\"0\"}},\"22\":{\"type\":\"largeImage\",\"enabled\":\"1\",\"fields\":{\"image\":[\"59\"],\"backgroundImage\":\"\",\"backgroundColor\":\"#ffffff\",\"paddingTop\":\"0\",\"paddingBottom\":\"0\"}},\"23\":{\"type\":\"textWithImage\",\"enabled\":\"1\",\"fields\":{\"heading\":\"Iconography\",\"intro\":\"To add on the playfull, quirky identity of Orangina, we created an iconset that was used throughout the website.\",\"body\":\"Our hands on mentality can be found throughout the whole process. We bring ideas to life early. We prototype to keep improving along the way. \",\"image\":[\"54\"],\"textColor\":\"#000000\",\"backgroundColor\":\"#ffffff\",\"imagePosition\":\"right\",\"paddingTop\":\"50\",\"paddingBottom\":\"0\"}},\"25\":{\"type\":\"textTwoColumns\",\"enabled\":\"1\",\"fields\":{\"heading\":\"Final Designs\",\"intro\":\"The content of the new Orangina website was meantto be kept simple serving a few main purposes.\",\"body\":\"In general there were two main obectives, informing people about the available range of Orangina products and telling them about the history of Orangina as a brand. The homepage would then serve as a hub to these two objectives, as well as to the Orangina social channels.\",\"textColor\":\"#ffffff\",\"backgroundColor\":\"#092865\",\"paddingTop\":\"0\",\"paddingBottom\":\"0\"}},\"29\":{\"type\":\"imageGallery\",\"enabled\":\"1\",\"fields\":{\"images\":[\"55\",\"57\",\"56\"],\"backgroundColor\":\"#092865\",\"paddingTop\":\"0\",\"paddingBottom\":\"0\"}}},\"41\":\"Orangina\",\"31\":{\"36\":{\"type\":\"item\",\"enabled\":\"1\",\"fields\":{\"role\":\"Development\",\"contributorName\":\"Inalise B.V.\"}}},\"40\":[\"62\"],\"50\":\"\",\"39\":\"A quirky new online appearance for a soda brand\",\"36\":{\"30\":{\"type\":\"honour\",\"enabled\":\"1\",\"fields\":{\"honorName\":\"FWA SOTD\",\"logo\":[\"32\"]}},\"34\":{\"type\":\"honour\",\"enabled\":\"1\",\"fields\":{\"honorName\":\"FWA MOTD\",\"logo\":[\"32\"]}},\"35\":{\"type\":\"honour\",\"enabled\":\"1\",\"fields\":{\"honorName\":\"Awwwards SOTD\",\"logo\":[\"33\"]}}},\"43\":\"Responsive Website\",\"42\":\"http:\\/\\/orangina.eu\\/\",\"34\":{\"37\":{\"type\":\"role\",\"enabled\":\"1\",\"fields\":{\"role\":\"Interaction design\"}},\"38\":{\"type\":\"role\",\"enabled\":\"1\",\"fields\":{\"role\":\"UX Design\"}},\"39\":{\"type\":\"role\",\"enabled\":\"1\",\"fields\":{\"role\":\"Creative direction\"}},\"40\":{\"type\":\"role\",\"enabled\":\"1\",\"fields\":{\"role\":\"Concept\"}},\"41\":{\"type\":\"role\",\"enabled\":\"1\",\"fields\":{\"role\":\"Strategy\"}}}}}', '2016-03-01 13:51:08', '2016-03-01 13:51:08', '431fc457-35dc-411a-ad6c-26d6631d70bb'),
 ('62', '10', '3', '1', 'en_us', '48', '', '{\"typeId\":\"3\",\"authorId\":\"1\",\"title\":\"Orangina global website\",\"slug\":\"orangina\",\"postDate\":1456411320,\"expiryDate\":null,\"enabled\":1,\"parentId\":null,\"fields\":{\"3\":{\"12\":{\"type\":\"textFullWidth\",\"enabled\":\"1\",\"fields\":{\"body\":\"Orangina refreshed their brand identity Achtung!\\/Kraftwerk wastasked to extend their newbrand identity to a fresh online experience. \",\"textColor\":\"#000000\",\"backgroundColor\":\"#ffffff\",\"paddingTop\":\"100\",\"paddingBottom\":\"60\"}},\"14\":{\"type\":\"largeImage\",\"enabled\":\"1\",\"fields\":{\"image\":[\"61\"],\"backgroundImage\":[\"60\"],\"backgroundColor\":\"#000000\",\"paddingTop\":\"0\",\"paddingBottom\":\"80\"}},\"17\":{\"type\":\"textTwoColumns\",\"enabled\":\"1\",\"fields\":{\"heading\":\"Strategy, Concept & UX\",\"intro\":\"The content of the new Orangina website was meantto be kept simple serving a few main purposes.\",\"body\":\"In general there were two main obectives, informing people about the available range of Orangina products and telling them about the history of Orangina as a brand. The homepage would then serve as a hub to these two objectives, as well as to the Orangina social channels.\",\"textColor\":\"#ffffff\",\"backgroundColor\":\"#fda519\",\"paddingTop\":\"80\",\"paddingBottom\":\"60\"}},\"19\":{\"type\":\"video\",\"enabled\":\"1\",\"fields\":{\"coverImage\":[\"64\"],\"video\":[\"18\"],\"backgroundColor\":\"#ffa600\",\"backgroundImage\":[\"65\"],\"paddingTop\":\"0\",\"paddingBottom\":\"100\"}},\"20\":{\"type\":\"textTwoColumns\",\"enabled\":\"1\",\"fields\":{\"heading\":\"Design elements\",\"intro\":\"Colors for the Orangina website were besides the brand\\u2019s Blue and Yellow, based on the labels of the different flavours. \",\"body\":\"\",\"textColor\":\"#d6d4d6\",\"backgroundColor\":\"#ffffff\",\"paddingTop\":\"0\",\"paddingBottom\":\"0\"}},\"22\":{\"type\":\"largeImage\",\"enabled\":\"1\",\"fields\":{\"image\":[\"59\"],\"backgroundImage\":\"\",\"backgroundColor\":\"#ffffff\",\"paddingTop\":\"0\",\"paddingBottom\":\"0\"}},\"23\":{\"type\":\"textWithImage\",\"enabled\":\"1\",\"fields\":{\"heading\":\"Iconography\",\"intro\":\"To add on the playfull, quirky identity of Orangina, we created an iconset that was used throughout the website.\",\"body\":\"Our hands on mentality can be found throughout the whole process. We bring ideas to life early. We prototype to keep improving along the way. \",\"image\":[\"54\"],\"textColor\":\"#000000\",\"backgroundColor\":\"#ffffff\",\"imagePosition\":\"right\",\"paddingTop\":\"50\",\"paddingBottom\":\"0\"}},\"25\":{\"type\":\"textTwoColumns\",\"enabled\":\"1\",\"fields\":{\"heading\":\"Final Designs\",\"intro\":\"The content of the new Orangina website was meantto be kept simple serving a few main purposes.\",\"body\":\"In general there were two main obectives, informing people about the available range of Orangina products and telling them about the history of Orangina as a brand. The homepage would then serve as a hub to these two objectives, as well as to the Orangina social channels.\",\"textColor\":\"#ffffff\",\"backgroundColor\":\"#092865\",\"paddingTop\":\"0\",\"paddingBottom\":\"0\"}},\"29\":{\"type\":\"imageGallery\",\"enabled\":\"1\",\"fields\":{\"images\":[\"55\",\"57\",\"56\"],\"backgroundColor\":\"#092865\",\"paddingTop\":\"0\",\"paddingBottom\":\"0\"}}},\"41\":\"Orangina\",\"31\":{\"36\":{\"type\":\"item\",\"enabled\":\"1\",\"fields\":{\"role\":\"Development\",\"contributorName\":\"Inalise B.V.\"}}},\"40\":[\"62\"],\"50\":\"\",\"39\":\"A quirky new online appearance for a soda brand\",\"36\":{\"30\":{\"type\":\"honour\",\"enabled\":\"1\",\"fields\":{\"honorName\":\"FWA SOTD\",\"logo\":[\"32\"]}},\"34\":{\"type\":\"honour\",\"enabled\":\"1\",\"fields\":{\"honorName\":\"FWA MOTD\",\"logo\":[\"32\"]}},\"35\":{\"type\":\"honour\",\"enabled\":\"1\",\"fields\":{\"honorName\":\"Awwwards SOTD\",\"logo\":[\"33\"]}}},\"43\":\"Responsive Website\",\"42\":\"http:\\/\\/orangina.eu\\/\",\"34\":{\"37\":{\"type\":\"role\",\"enabled\":\"1\",\"fields\":{\"role\":\"Interaction design\"}},\"38\":{\"type\":\"role\",\"enabled\":\"1\",\"fields\":{\"role\":\"UX Design\"}},\"39\":{\"type\":\"role\",\"enabled\":\"1\",\"fields\":{\"role\":\"Creative direction\"}},\"40\":{\"type\":\"role\",\"enabled\":\"1\",\"fields\":{\"role\":\"Concept\"}},\"41\":{\"type\":\"role\",\"enabled\":\"1\",\"fields\":{\"role\":\"Strategy\"}}}}}', '2016-03-01 13:53:29', '2016-03-01 13:53:29', '0c07281f-413c-47a0-89cb-aaf8ac57bc0f'),
 ('63', '10', '3', '1', 'en_us', '49', '', '{\"typeId\":\"3\",\"authorId\":\"1\",\"title\":\"Orangina global website\",\"slug\":\"orangina\",\"postDate\":1456411320,\"expiryDate\":null,\"enabled\":1,\"parentId\":null,\"fields\":{\"3\":{\"12\":{\"type\":\"textFullWidth\",\"enabled\":\"1\",\"fields\":{\"body\":\"Orangina refreshed their brand identity Achtung!\\/Kraftwerk wastasked to extend their newbrand identity to a fresh online experience. \",\"textColor\":\"#000000\",\"backgroundColor\":\"#ffffff\",\"paddingTop\":\"100\",\"paddingBottom\":\"60\"}},\"14\":{\"type\":\"largeImage\",\"enabled\":\"1\",\"fields\":{\"image\":[\"61\"],\"backgroundImage\":[\"60\"],\"backgroundColor\":\"#000000\",\"paddingTop\":\"0\",\"paddingBottom\":\"80\"}},\"17\":{\"type\":\"textTwoColumns\",\"enabled\":\"1\",\"fields\":{\"heading\":\"Strategy, Concept & UX\",\"intro\":\"The content of the new Orangina website was meantto be kept simple serving a few main purposes.\",\"body\":\"In general there were two main obectives, informing people about the available range of Orangina products and telling them about the history of Orangina as a brand. The homepage would then serve as a hub to these two objectives, as well as to the Orangina social channels.\",\"textColor\":\"#ffffff\",\"backgroundColor\":\"#fda519\",\"paddingTop\":\"80\",\"paddingBottom\":\"60\"}},\"19\":{\"type\":\"video\",\"enabled\":\"1\",\"fields\":{\"coverImage\":[\"64\"],\"video\":[\"18\"],\"backgroundColor\":\"#ffa600\",\"backgroundImage\":[\"65\"],\"paddingTop\":\"60\",\"paddingBottom\":\"100\"}},\"20\":{\"type\":\"textTwoColumns\",\"enabled\":\"1\",\"fields\":{\"heading\":\"Design elements\",\"intro\":\"Colors for the Orangina website were besides the brand\\u2019s Blue and Yellow, based on the labels of the different flavours. \",\"body\":\"\",\"textColor\":\"#d6d4d6\",\"backgroundColor\":\"#ffffff\",\"paddingTop\":\"0\",\"paddingBottom\":\"0\"}},\"22\":{\"type\":\"largeImage\",\"enabled\":\"1\",\"fields\":{\"image\":[\"59\"],\"backgroundImage\":\"\",\"backgroundColor\":\"#ffffff\",\"paddingTop\":\"0\",\"paddingBottom\":\"0\"}},\"23\":{\"type\":\"textWithImage\",\"enabled\":\"1\",\"fields\":{\"heading\":\"Iconography\",\"intro\":\"To add on the playfull, quirky identity of Orangina, we created an iconset that was used throughout the website.\",\"body\":\"Our hands on mentality can be found throughout the whole process. We bring ideas to life early. We prototype to keep improving along the way. \",\"image\":[\"54\"],\"textColor\":\"#000000\",\"backgroundColor\":\"#ffffff\",\"imagePosition\":\"right\",\"paddingTop\":\"50\",\"paddingBottom\":\"0\"}},\"25\":{\"type\":\"textTwoColumns\",\"enabled\":\"1\",\"fields\":{\"heading\":\"Final Designs\",\"intro\":\"The content of the new Orangina website was meantto be kept simple serving a few main purposes.\",\"body\":\"In general there were two main obectives, informing people about the available range of Orangina products and telling them about the history of Orangina as a brand. The homepage would then serve as a hub to these two objectives, as well as to the Orangina social channels.\",\"textColor\":\"#ffffff\",\"backgroundColor\":\"#092865\",\"paddingTop\":\"0\",\"paddingBottom\":\"0\"}},\"29\":{\"type\":\"imageGallery\",\"enabled\":\"1\",\"fields\":{\"images\":[\"55\",\"57\",\"56\"],\"backgroundColor\":\"#092865\",\"paddingTop\":\"0\",\"paddingBottom\":\"0\"}}},\"41\":\"Orangina\",\"31\":{\"36\":{\"type\":\"item\",\"enabled\":\"1\",\"fields\":{\"role\":\"Development\",\"contributorName\":\"Inalise B.V.\"}}},\"40\":[\"62\"],\"50\":\"\",\"39\":\"A quirky new online appearance for a soda brand\",\"36\":{\"30\":{\"type\":\"honour\",\"enabled\":\"1\",\"fields\":{\"honorName\":\"FWA SOTD\",\"logo\":[\"32\"]}},\"34\":{\"type\":\"honour\",\"enabled\":\"1\",\"fields\":{\"honorName\":\"FWA MOTD\",\"logo\":[\"32\"]}},\"35\":{\"type\":\"honour\",\"enabled\":\"1\",\"fields\":{\"honorName\":\"Awwwards SOTD\",\"logo\":[\"33\"]}}},\"43\":\"Responsive Website\",\"42\":\"http:\\/\\/orangina.eu\\/\",\"34\":{\"37\":{\"type\":\"role\",\"enabled\":\"1\",\"fields\":{\"role\":\"Interaction design\"}},\"38\":{\"type\":\"role\",\"enabled\":\"1\",\"fields\":{\"role\":\"UX Design\"}},\"39\":{\"type\":\"role\",\"enabled\":\"1\",\"fields\":{\"role\":\"Creative direction\"}},\"40\":{\"type\":\"role\",\"enabled\":\"1\",\"fields\":{\"role\":\"Concept\"}},\"41\":{\"type\":\"role\",\"enabled\":\"1\",\"fields\":{\"role\":\"Strategy\"}}}}}', '2016-03-01 13:53:56', '2016-03-01 13:53:56', 'e32fa47a-bb85-4e0c-81c3-f1e852d385f2'),
 ('64', '10', '3', '1', 'en_us', '50', '', '{\"typeId\":\"3\",\"authorId\":\"1\",\"title\":\"Orangina global website\",\"slug\":\"orangina\",\"postDate\":1456411320,\"expiryDate\":null,\"enabled\":1,\"parentId\":null,\"fields\":{\"3\":{\"12\":{\"type\":\"textFullWidth\",\"enabled\":\"1\",\"fields\":{\"body\":\"Orangina refreshed their brand identity Achtung!\\/Kraftwerk wastasked to extend their newbrand identity to a fresh online experience. \",\"textColor\":\"#000000\",\"backgroundColor\":\"#ffffff\",\"paddingTop\":\"100\",\"paddingBottom\":\"60\"}},\"14\":{\"type\":\"largeImage\",\"enabled\":\"1\",\"fields\":{\"image\":[\"61\"],\"backgroundImage\":[\"60\"],\"backgroundColor\":\"#000000\",\"paddingTop\":\"0\",\"paddingBottom\":\"80\"}},\"17\":{\"type\":\"textTwoColumns\",\"enabled\":\"1\",\"fields\":{\"heading\":\"Strategy, Concept & UX\",\"intro\":\"The content of the new Orangina website was meantto be kept simple serving a few main purposes.\",\"body\":\"In general there were two main obectives, informing people about the available range of Orangina products and telling them about the history of Orangina as a brand. The homepage would then serve as a hub to these two objectives, as well as to the Orangina social channels.\",\"textColor\":\"#ffffff\",\"backgroundColor\":\"#fda519\",\"paddingTop\":\"80\",\"paddingBottom\":\"60\"}},\"19\":{\"type\":\"video\",\"enabled\":\"1\",\"fields\":{\"coverImage\":[\"64\"],\"video\":[\"18\"],\"backgroundColor\":\"#ffa600\",\"backgroundImage\":[\"65\"],\"paddingTop\":\"60\",\"paddingBottom\":\"100\"}},\"20\":{\"type\":\"textTwoColumns\",\"enabled\":\"1\",\"fields\":{\"heading\":\"Design elements\",\"intro\":\"Colors for the Orangina website were besides the brand\\u2019s Blue and Yellow, based on the labels of the different flavours. \",\"body\":\"\",\"textColor\":\"#d6d4d6\",\"backgroundColor\":\"#ffffff\",\"paddingTop\":\"0\",\"paddingBottom\":\"0\"}},\"22\":{\"type\":\"largeImage\",\"enabled\":\"1\",\"fields\":{\"image\":[\"59\"],\"backgroundImage\":\"\",\"backgroundColor\":\"#ffffff\",\"paddingTop\":\"0\",\"paddingBottom\":\"0\"}},\"23\":{\"type\":\"textWithImage\",\"enabled\":\"1\",\"fields\":{\"heading\":\"Iconography\",\"intro\":\"To add on the playfull, quirky identity of Orangina, we created an iconset that was used throughout the website.\",\"body\":\"Our hands on mentality can be found throughout the whole process. We bring ideas to life early. We prototype to keep improving along the way. \",\"image\":[\"54\"],\"textColor\":\"#000000\",\"backgroundColor\":\"#ffffff\",\"imagePosition\":\"right\",\"paddingTop\":\"50\",\"paddingBottom\":\"0\"}},\"25\":{\"type\":\"textTwoColumns\",\"enabled\":\"1\",\"fields\":{\"heading\":\"Final Designs\",\"intro\":\"The content of the new Orangina website was meantto be kept simple serving a few main purposes.\",\"body\":\"In general there were two main obectives, informing people about the available range of Orangina products and telling them about the history of Orangina as a brand. The homepage would then serve as a hub to these two objectives, as well as to the Orangina social channels.\",\"textColor\":\"#ffffff\",\"backgroundColor\":\"#092865\",\"paddingTop\":\"0\",\"paddingBottom\":\"0\"}},\"29\":{\"type\":\"imageGallery\",\"enabled\":\"1\",\"fields\":{\"images\":[\"55\",\"57\",\"56\"],\"backgroundColor\":\"#092865\",\"paddingTop\":\"0\",\"paddingBottom\":\"0\"}}},\"41\":\"Orangina\",\"31\":{\"36\":{\"type\":\"item\",\"enabled\":\"1\",\"fields\":{\"role\":\"Development\",\"contributorName\":\"Inalise B.V.\"}}},\"40\":[\"62\"],\"50\":\"\",\"39\":\"A quirky new online appearance for a soda brand\",\"36\":{\"30\":{\"type\":\"honour\",\"enabled\":\"1\",\"fields\":{\"honorName\":\"FWA SOTD\",\"logo\":[\"32\"]}},\"34\":{\"type\":\"honour\",\"enabled\":\"1\",\"fields\":{\"honorName\":\"FWA MOTD\",\"logo\":[\"32\"]}},\"35\":{\"type\":\"honour\",\"enabled\":\"1\",\"fields\":{\"honorName\":\"Awwwards SOTD\",\"logo\":[\"33\"]}}},\"43\":\"Responsive Website\",\"42\":\"http:\\/\\/orangina.eu\\/\",\"34\":{\"37\":{\"type\":\"role\",\"enabled\":\"1\",\"fields\":{\"role\":\"Interaction design\"}},\"38\":{\"type\":\"role\",\"enabled\":\"1\",\"fields\":{\"role\":\"UX Design\"}},\"39\":{\"type\":\"role\",\"enabled\":\"1\",\"fields\":{\"role\":\"Creative direction\"}},\"40\":{\"type\":\"role\",\"enabled\":\"1\",\"fields\":{\"role\":\"Concept\"}},\"41\":{\"type\":\"role\",\"enabled\":\"1\",\"fields\":{\"role\":\"Strategy\"}}}}}', '2016-03-01 13:56:55', '2016-03-01 13:56:55', '7ba0f7ea-41ba-484e-91c0-f6ec8f7bb47e'),
 ('65', '10', '3', '1', 'en_us', '51', '', '{\"typeId\":\"3\",\"authorId\":\"1\",\"title\":\"Orangina global website\",\"slug\":\"orangina\",\"postDate\":1456411320,\"expiryDate\":null,\"enabled\":1,\"parentId\":null,\"fields\":{\"3\":{\"12\":{\"type\":\"textFullWidth\",\"enabled\":\"1\",\"fields\":{\"body\":\"Orangina refreshed their brand identity Achtung!\\/Kraftwerk wastasked to extend their newbrand identity to a fresh online experience. \",\"textColor\":\"#000000\",\"backgroundColor\":\"#ffffff\",\"paddingTop\":\"100\",\"paddingBottom\":\"60\"}},\"14\":{\"type\":\"largeImage\",\"enabled\":\"1\",\"fields\":{\"image\":[\"61\"],\"backgroundImage\":[\"60\"],\"backgroundColor\":\"#000000\",\"paddingTop\":\"0\",\"paddingBottom\":\"80\"}},\"17\":{\"type\":\"textTwoColumns\",\"enabled\":\"1\",\"fields\":{\"heading\":\"Strategy, Concept & UX\",\"intro\":\"The content of the new Orangina website was meantto be kept simple serving a few main purposes.\",\"body\":\"In general there were two main obectives, informing people about the available range of Orangina products and telling them about the history of Orangina as a brand. The homepage would then serve as a hub to these two objectives, as well as to the Orangina social channels.\",\"textColor\":\"#ffffff\",\"backgroundColor\":\"#fdaa31\",\"paddingTop\":\"80\",\"paddingBottom\":\"60\"}},\"19\":{\"type\":\"video\",\"enabled\":\"1\",\"fields\":{\"coverImage\":[\"64\"],\"video\":[\"18\"],\"backgroundColor\":\"#ffa600\",\"backgroundImage\":[\"65\"],\"paddingTop\":\"60\",\"paddingBottom\":\"100\"}},\"20\":{\"type\":\"textTwoColumns\",\"enabled\":\"1\",\"fields\":{\"heading\":\"Design elements\",\"intro\":\"Colors for the Orangina website were besides the brand\\u2019s Blue and Yellow, based on the labels of the different flavours. \",\"body\":\"\",\"textColor\":\"#d6d4d6\",\"backgroundColor\":\"#ffffff\",\"paddingTop\":\"0\",\"paddingBottom\":\"0\"}},\"22\":{\"type\":\"largeImage\",\"enabled\":\"1\",\"fields\":{\"image\":[\"59\"],\"backgroundImage\":\"\",\"backgroundColor\":\"#ffffff\",\"paddingTop\":\"0\",\"paddingBottom\":\"0\"}},\"23\":{\"type\":\"textWithImage\",\"enabled\":\"1\",\"fields\":{\"heading\":\"Iconography\",\"intro\":\"To add on the playfull, quirky identity of Orangina, we created an iconset that was used throughout the website.\",\"body\":\"Our hands on mentality can be found throughout the whole process. We bring ideas to life early. We prototype to keep improving along the way. \",\"image\":[\"54\"],\"textColor\":\"#000000\",\"backgroundColor\":\"#ffffff\",\"imagePosition\":\"right\",\"paddingTop\":\"50\",\"paddingBottom\":\"0\"}},\"25\":{\"type\":\"textTwoColumns\",\"enabled\":\"1\",\"fields\":{\"heading\":\"Final Designs\",\"intro\":\"The content of the new Orangina website was meantto be kept simple serving a few main purposes.\",\"body\":\"In general there were two main obectives, informing people about the available range of Orangina products and telling them about the history of Orangina as a brand. The homepage would then serve as a hub to these two objectives, as well as to the Orangina social channels.\",\"textColor\":\"#ffffff\",\"backgroundColor\":\"#092865\",\"paddingTop\":\"0\",\"paddingBottom\":\"0\"}},\"29\":{\"type\":\"imageGallery\",\"enabled\":\"1\",\"fields\":{\"images\":[\"55\",\"57\",\"56\"],\"backgroundColor\":\"#092865\",\"paddingTop\":\"0\",\"paddingBottom\":\"0\"}}},\"41\":\"Orangina\",\"31\":{\"36\":{\"type\":\"item\",\"enabled\":\"1\",\"fields\":{\"role\":\"Development\",\"contributorName\":\"Inalise B.V.\"}}},\"40\":[\"62\"],\"50\":\"\",\"39\":\"A quirky new online appearance for a soda brand\",\"36\":{\"30\":{\"type\":\"honour\",\"enabled\":\"1\",\"fields\":{\"honorName\":\"FWA SOTD\",\"logo\":[\"32\"]}},\"34\":{\"type\":\"honour\",\"enabled\":\"1\",\"fields\":{\"honorName\":\"FWA MOTD\",\"logo\":[\"32\"]}},\"35\":{\"type\":\"honour\",\"enabled\":\"1\",\"fields\":{\"honorName\":\"Awwwards SOTD\",\"logo\":[\"33\"]}}},\"43\":\"Responsive Website\",\"42\":\"http:\\/\\/orangina.eu\\/\",\"34\":{\"37\":{\"type\":\"role\",\"enabled\":\"1\",\"fields\":{\"role\":\"Interaction design\"}},\"38\":{\"type\":\"role\",\"enabled\":\"1\",\"fields\":{\"role\":\"UX Design\"}},\"39\":{\"type\":\"role\",\"enabled\":\"1\",\"fields\":{\"role\":\"Creative direction\"}},\"40\":{\"type\":\"role\",\"enabled\":\"1\",\"fields\":{\"role\":\"Concept\"}},\"41\":{\"type\":\"role\",\"enabled\":\"1\",\"fields\":{\"role\":\"Strategy\"}}}}}', '2016-03-01 13:57:29', '2016-03-01 13:57:29', '36a895e6-0369-498e-b140-aaeae87ef4d4'),
 ('66', '10', '3', '1', 'en_us', '52', '', '{\"typeId\":\"3\",\"authorId\":\"1\",\"title\":\"Orangina global website\",\"slug\":\"orangina\",\"postDate\":1456411320,\"expiryDate\":null,\"enabled\":1,\"parentId\":null,\"fields\":{\"3\":{\"12\":{\"type\":\"textFullWidth\",\"enabled\":\"1\",\"fields\":{\"body\":\"Orangina refreshed their brand identity Achtung!\\/Kraftwerk wastasked to extend their newbrand identity to a fresh online experience. \",\"textColor\":\"#000000\",\"backgroundColor\":\"#ffffff\",\"paddingTop\":\"100\",\"paddingBottom\":\"60\"}},\"14\":{\"type\":\"largeImage\",\"enabled\":\"1\",\"fields\":{\"image\":[\"61\"],\"backgroundImage\":[\"60\"],\"backgroundColor\":\"#000000\",\"paddingTop\":\"0\",\"paddingBottom\":\"80\"}},\"17\":{\"type\":\"textTwoColumns\",\"enabled\":\"1\",\"fields\":{\"heading\":\"Strategy, Concept & UX\",\"intro\":\"The content of the new Orangina website was meantto be kept simple serving a few main purposes.\",\"body\":\"In general there were two main obectives, informing people about the available range of Orangina products and telling them about the history of Orangina as a brand. The homepage would then serve as a hub to these two objectives, as well as to the Orangina social channels.\",\"textColor\":\"#ffffff\",\"backgroundColor\":\"#fdaa31\",\"paddingTop\":\"80\",\"paddingBottom\":\"60\"}},\"19\":{\"type\":\"video\",\"enabled\":\"1\",\"fields\":{\"coverImage\":[\"64\"],\"video\":[\"18\"],\"backgroundColor\":\"#ffa600\",\"backgroundImage\":[\"65\"],\"paddingTop\":\"60\",\"paddingBottom\":\"100\"}},\"20\":{\"type\":\"textTwoColumns\",\"enabled\":\"1\",\"fields\":{\"heading\":\"Design elements\",\"intro\":\"Colors for the Orangina website were besides the brand\\u2019s Blue and Yellow, based on the labels of the different flavours. \",\"body\":\"\",\"textColor\":\"#000000\",\"backgroundColor\":\"#ffffff\",\"paddingTop\":\"100\",\"paddingBottom\":\"40\"}},\"22\":{\"type\":\"largeImage\",\"enabled\":\"1\",\"fields\":{\"image\":[\"59\"],\"backgroundImage\":\"\",\"backgroundColor\":\"#ffffff\",\"paddingTop\":\"0\",\"paddingBottom\":\"0\"}},\"23\":{\"type\":\"textWithImage\",\"enabled\":\"1\",\"fields\":{\"heading\":\"Iconography\",\"intro\":\"To add on the playfull, quirky identity of Orangina, we created an iconset that was used throughout the website.\",\"body\":\"Our hands on mentality can be found throughout the whole process. We bring ideas to life early. We prototype to keep improving along the way. \",\"image\":[\"54\"],\"textColor\":\"#000000\",\"backgroundColor\":\"#ffffff\",\"imagePosition\":\"right\",\"paddingTop\":\"50\",\"paddingBottom\":\"0\"}},\"25\":{\"type\":\"textTwoColumns\",\"enabled\":\"1\",\"fields\":{\"heading\":\"Final Designs\",\"intro\":\"The content of the new Orangina website was meantto be kept simple serving a few main purposes.\",\"body\":\"In general there were two main obectives, informing people about the available range of Orangina products and telling them about the history of Orangina as a brand. The homepage would then serve as a hub to these two objectives, as well as to the Orangina social channels.\",\"textColor\":\"#ffffff\",\"backgroundColor\":\"#092865\",\"paddingTop\":\"0\",\"paddingBottom\":\"0\"}},\"29\":{\"type\":\"imageGallery\",\"enabled\":\"1\",\"fields\":{\"images\":[\"55\",\"57\",\"56\"],\"backgroundColor\":\"#092865\",\"paddingTop\":\"0\",\"paddingBottom\":\"0\"}}},\"41\":\"Orangina\",\"31\":{\"36\":{\"type\":\"item\",\"enabled\":\"1\",\"fields\":{\"role\":\"Development\",\"contributorName\":\"Inalise B.V.\"}}},\"40\":[\"62\"],\"50\":\"\",\"39\":\"A quirky new online appearance for a soda brand\",\"36\":{\"30\":{\"type\":\"honour\",\"enabled\":\"1\",\"fields\":{\"honorName\":\"FWA SOTD\",\"logo\":[\"32\"]}},\"34\":{\"type\":\"honour\",\"enabled\":\"1\",\"fields\":{\"honorName\":\"FWA MOTD\",\"logo\":[\"32\"]}},\"35\":{\"type\":\"honour\",\"enabled\":\"1\",\"fields\":{\"honorName\":\"Awwwards SOTD\",\"logo\":[\"33\"]}}},\"43\":\"Responsive Website\",\"42\":\"http:\\/\\/orangina.eu\\/\",\"34\":{\"37\":{\"type\":\"role\",\"enabled\":\"1\",\"fields\":{\"role\":\"Interaction design\"}},\"38\":{\"type\":\"role\",\"enabled\":\"1\",\"fields\":{\"role\":\"UX Design\"}},\"39\":{\"type\":\"role\",\"enabled\":\"1\",\"fields\":{\"role\":\"Creative direction\"}},\"40\":{\"type\":\"role\",\"enabled\":\"1\",\"fields\":{\"role\":\"Concept\"}},\"41\":{\"type\":\"role\",\"enabled\":\"1\",\"fields\":{\"role\":\"Strategy\"}}}}}', '2016-03-01 13:59:58', '2016-03-01 13:59:58', '25916ff2-4e13-4a8f-a962-c2efe5359356'),
 ('67', '10', '3', '1', 'en_us', '53', '', '{\"typeId\":\"3\",\"authorId\":\"1\",\"title\":\"Orangina global website\",\"slug\":\"orangina\",\"postDate\":1456411320,\"expiryDate\":null,\"enabled\":1,\"parentId\":null,\"fields\":{\"3\":{\"12\":{\"type\":\"textFullWidth\",\"enabled\":\"1\",\"fields\":{\"body\":\"Orangina refreshed their brand identity Achtung!\\/Kraftwerk wastasked to extend their newbrand identity to a fresh online experience. \",\"textColor\":\"#000000\",\"backgroundColor\":\"#ffffff\",\"paddingTop\":\"100\",\"paddingBottom\":\"60\"}},\"14\":{\"type\":\"largeImage\",\"enabled\":\"1\",\"fields\":{\"image\":[\"61\"],\"backgroundImage\":[\"60\"],\"backgroundColor\":\"#000000\",\"paddingTop\":\"0\",\"paddingBottom\":\"80\"}},\"17\":{\"type\":\"textTwoColumns\",\"enabled\":\"1\",\"fields\":{\"heading\":\"Strategy, Concept & UX\",\"intro\":\"The content of the new Orangina website was meantto be kept simple serving a few main purposes.\",\"body\":\"In general there were two main obectives, informing people about the available range of Orangina products and telling them about the history of Orangina as a brand. The homepage would then serve as a hub to these two objectives, as well as to the Orangina social channels.\",\"textColor\":\"#ffffff\",\"backgroundColor\":\"#fdaa31\",\"paddingTop\":\"80\",\"paddingBottom\":\"60\"}},\"19\":{\"type\":\"video\",\"enabled\":\"1\",\"fields\":{\"coverImage\":[\"64\"],\"video\":[\"18\"],\"backgroundColor\":\"#ffa600\",\"backgroundImage\":[\"65\"],\"paddingTop\":\"60\",\"paddingBottom\":\"100\"}},\"20\":{\"type\":\"textTwoColumns\",\"enabled\":\"1\",\"fields\":{\"heading\":\"Design elements\",\"intro\":\"Colors for the Orangina website were besides the brand\\u2019s Blue and Yellow, based on the labels of the different flavours. \",\"body\":\"\",\"textColor\":\"#000000\",\"backgroundColor\":\"#ffffff\",\"paddingTop\":\"100\",\"paddingBottom\":\"40\"}},\"22\":{\"type\":\"largeImage\",\"enabled\":\"1\",\"fields\":{\"image\":[\"59\"],\"backgroundImage\":\"\",\"backgroundColor\":\"#ffffff\",\"paddingTop\":\"0\",\"paddingBottom\":\"0\"}},\"23\":{\"type\":\"textWithImage\",\"enabled\":\"1\",\"fields\":{\"heading\":\"Iconography\",\"intro\":\"To add on the playfull, quirky identity of Orangina, we created an iconset that was used throughout the website.\",\"body\":\"Our hands on mentality can be found throughout the whole process. We bring ideas to life early. We prototype to keep improving along the way. \",\"image\":[\"54\"],\"textColor\":\"#000000\",\"backgroundColor\":\"#ffffff\",\"imagePosition\":\"right\",\"paddingTop\":\"50\",\"paddingBottom\":\"100\"}},\"25\":{\"type\":\"textTwoColumns\",\"enabled\":\"1\",\"fields\":{\"heading\":\"Final Designs\",\"intro\":\"The content of the new Orangina website was meantto be kept simple serving a few main purposes.\",\"body\":\"In general there were two main obectives, informing people about the available range of Orangina products and telling them about the history of Orangina as a brand. The homepage would then serve as a hub to these two objectives, as well as to the Orangina social channels.\",\"textColor\":\"#ffffff\",\"backgroundColor\":\"#092865\",\"paddingTop\":\"0\",\"paddingBottom\":\"0\"}},\"29\":{\"type\":\"imageGallery\",\"enabled\":\"1\",\"fields\":{\"images\":[\"55\",\"57\",\"56\"],\"backgroundColor\":\"#092865\",\"paddingTop\":\"0\",\"paddingBottom\":\"0\"}}},\"41\":\"Orangina\",\"31\":{\"36\":{\"type\":\"item\",\"enabled\":\"1\",\"fields\":{\"role\":\"Development\",\"contributorName\":\"Inalise B.V.\"}}},\"40\":[\"62\"],\"50\":\"\",\"39\":\"A quirky new online appearance for a soda brand\",\"36\":{\"30\":{\"type\":\"honour\",\"enabled\":\"1\",\"fields\":{\"honorName\":\"FWA SOTD\",\"logo\":[\"32\"]}},\"34\":{\"type\":\"honour\",\"enabled\":\"1\",\"fields\":{\"honorName\":\"FWA MOTD\",\"logo\":[\"32\"]}},\"35\":{\"type\":\"honour\",\"enabled\":\"1\",\"fields\":{\"honorName\":\"Awwwards SOTD\",\"logo\":[\"33\"]}}},\"43\":\"Responsive Website\",\"42\":\"http:\\/\\/orangina.eu\\/\",\"34\":{\"37\":{\"type\":\"role\",\"enabled\":\"1\",\"fields\":{\"role\":\"Interaction design\"}},\"38\":{\"type\":\"role\",\"enabled\":\"1\",\"fields\":{\"role\":\"UX Design\"}},\"39\":{\"type\":\"role\",\"enabled\":\"1\",\"fields\":{\"role\":\"Creative direction\"}},\"40\":{\"type\":\"role\",\"enabled\":\"1\",\"fields\":{\"role\":\"Concept\"}},\"41\":{\"type\":\"role\",\"enabled\":\"1\",\"fields\":{\"role\":\"Strategy\"}}}}}', '2016-03-01 14:15:26', '2016-03-01 14:15:26', '24e74607-033e-4551-ab2d-7a5fa503e2d8'),
 ('68', '10', '3', '1', 'en_us', '54', '', '{\"typeId\":\"3\",\"authorId\":\"1\",\"title\":\"Orangina global website\",\"slug\":\"orangina\",\"postDate\":1456411320,\"expiryDate\":null,\"enabled\":1,\"parentId\":null,\"fields\":{\"3\":{\"12\":{\"type\":\"textFullWidth\",\"enabled\":\"1\",\"fields\":{\"body\":\"Orangina refreshed their brand identity Achtung!\\/Kraftwerk wastasked to extend their newbrand identity to a fresh online experience. \",\"textColor\":\"#000000\",\"backgroundColor\":\"#ffffff\",\"paddingTop\":\"100\",\"paddingBottom\":\"60\"}},\"14\":{\"type\":\"largeImage\",\"enabled\":\"1\",\"fields\":{\"image\":[\"61\"],\"backgroundImage\":[\"60\"],\"backgroundColor\":\"#000000\",\"paddingTop\":\"0\",\"paddingBottom\":\"80\"}},\"17\":{\"type\":\"textTwoColumns\",\"enabled\":\"1\",\"fields\":{\"heading\":\"Strategy, Concept & UX\",\"intro\":\"The content of the new Orangina website was meantto be kept simple serving a few main purposes.\",\"body\":\"In general there were two main obectives, informing people about the available range of Orangina products and telling them about the history of Orangina as a brand. The homepage would then serve as a hub to these two objectives, as well as to the Orangina social channels.\",\"textColor\":\"#ffffff\",\"backgroundColor\":\"#fdaa31\",\"paddingTop\":\"80\",\"paddingBottom\":\"60\"}},\"19\":{\"type\":\"video\",\"enabled\":\"1\",\"fields\":{\"coverImage\":[\"64\"],\"video\":[\"18\"],\"backgroundColor\":\"#ffa600\",\"backgroundImage\":[\"65\"],\"paddingTop\":\"60\",\"paddingBottom\":\"100\"}},\"20\":{\"type\":\"textTwoColumns\",\"enabled\":\"1\",\"fields\":{\"heading\":\"Design elements\",\"intro\":\"Colors for the Orangina website were besides the brand\\u2019s Blue and Yellow, based on the labels of the different flavours. \",\"body\":\"\",\"textColor\":\"#000000\",\"backgroundColor\":\"#ffffff\",\"paddingTop\":\"100\",\"paddingBottom\":\"40\"}},\"22\":{\"type\":\"largeImage\",\"enabled\":\"1\",\"fields\":{\"image\":[\"59\"],\"backgroundImage\":\"\",\"backgroundColor\":\"#ffffff\",\"paddingTop\":\"0\",\"paddingBottom\":\"0\"}},\"23\":{\"type\":\"textWithImage\",\"enabled\":\"1\",\"fields\":{\"heading\":\"Iconography\",\"intro\":\"To add on the playfull, quirky identity of Orangina, we created an iconset that was used throughout the website.\",\"body\":\"Our hands on mentality can be found throughout the whole process. We bring ideas to life early. We prototype to keep improving along the way. \",\"image\":[\"54\"],\"textColor\":\"#000000\",\"backgroundColor\":\"#ffffff\",\"imagePosition\":\"right\",\"paddingTop\":\"50\",\"paddingBottom\":\"100\"}},\"25\":{\"type\":\"textTwoColumns\",\"enabled\":\"1\",\"fields\":{\"heading\":\"Final Designs\",\"intro\":\"The content of the new Orangina website was meantto be kept simple serving a few main purposes.\",\"body\":\"In general there were two main obectives, informing people about the available range of Orangina products and telling them about the history of Orangina as a brand. The homepage would then serve as a hub to these two objectives, as well as to the Orangina social channels.\",\"textColor\":\"#ffffff\",\"backgroundColor\":\"#092865\",\"paddingTop\":\"100\",\"paddingBottom\":\"100\"}},\"29\":{\"type\":\"imageGallery\",\"enabled\":\"1\",\"fields\":{\"images\":[\"55\",\"57\",\"56\"],\"backgroundColor\":\"#092865\",\"paddingTop\":\"0\",\"paddingBottom\":\"0\"}}},\"41\":\"Orangina\",\"31\":{\"36\":{\"type\":\"item\",\"enabled\":\"1\",\"fields\":{\"role\":\"Development\",\"contributorName\":\"Inalise B.V.\"}}},\"40\":[\"62\"],\"50\":\"\",\"39\":\"A quirky new online appearance for a soda brand\",\"36\":{\"30\":{\"type\":\"honour\",\"enabled\":\"1\",\"fields\":{\"honorName\":\"FWA SOTD\",\"logo\":[\"32\"]}},\"34\":{\"type\":\"honour\",\"enabled\":\"1\",\"fields\":{\"honorName\":\"FWA MOTD\",\"logo\":[\"32\"]}},\"35\":{\"type\":\"honour\",\"enabled\":\"1\",\"fields\":{\"honorName\":\"Awwwards SOTD\",\"logo\":[\"33\"]}}},\"43\":\"Responsive Website\",\"42\":\"http:\\/\\/orangina.eu\\/\",\"34\":{\"37\":{\"type\":\"role\",\"enabled\":\"1\",\"fields\":{\"role\":\"Interaction design\"}},\"38\":{\"type\":\"role\",\"enabled\":\"1\",\"fields\":{\"role\":\"UX Design\"}},\"39\":{\"type\":\"role\",\"enabled\":\"1\",\"fields\":{\"role\":\"Creative direction\"}},\"40\":{\"type\":\"role\",\"enabled\":\"1\",\"fields\":{\"role\":\"Concept\"}},\"41\":{\"type\":\"role\",\"enabled\":\"1\",\"fields\":{\"role\":\"Strategy\"}}}}}', '2016-03-01 14:17:13', '2016-03-01 14:17:13', 'f5d83f8a-6cd5-428a-ad99-b0dc2faa2f02'),
 ('69', '10', '3', '1', 'en_us', '55', '', '{\"typeId\":\"3\",\"authorId\":\"1\",\"title\":\"Orangina global website\",\"slug\":\"orangina\",\"postDate\":1456411320,\"expiryDate\":null,\"enabled\":1,\"parentId\":null,\"fields\":{\"3\":{\"12\":{\"type\":\"textFullWidth\",\"enabled\":\"1\",\"fields\":{\"body\":\"Orangina refreshed their brand identity Achtung!\\/Kraftwerk wastasked to extend their newbrand identity to a fresh online experience. \",\"textColor\":\"#000000\",\"backgroundColor\":\"#ffffff\",\"paddingTop\":\"100\",\"paddingBottom\":\"60\"}},\"14\":{\"type\":\"largeImage\",\"enabled\":\"1\",\"fields\":{\"image\":[\"61\"],\"backgroundImage\":[\"60\"],\"backgroundColor\":\"#000000\",\"paddingTop\":\"0\",\"paddingBottom\":\"80\"}},\"17\":{\"type\":\"textTwoColumns\",\"enabled\":\"1\",\"fields\":{\"heading\":\"Strategy, Concept & UX\",\"intro\":\"The content of the new Orangina website was meantto be kept simple serving a few main purposes.\",\"body\":\"In general there were two main obectives, informing people about the available range of Orangina products and telling them about the history of Orangina as a brand. The homepage would then serve as a hub to these two objectives, as well as to the Orangina social channels.\",\"textColor\":\"#ffffff\",\"backgroundColor\":\"#fdaa31\",\"paddingTop\":\"80\",\"paddingBottom\":\"60\"}},\"19\":{\"type\":\"video\",\"enabled\":\"1\",\"fields\":{\"coverImage\":[\"64\"],\"video\":[\"18\"],\"backgroundColor\":\"#ffa600\",\"backgroundImage\":[\"65\"],\"paddingTop\":\"60\",\"paddingBottom\":\"100\"}},\"20\":{\"type\":\"textTwoColumns\",\"enabled\":\"1\",\"fields\":{\"heading\":\"Design elements\",\"intro\":\"Colors for the Orangina website were besides the brand\\u2019s Blue and Yellow, based on the labels of the different flavours. \",\"body\":\"\",\"textColor\":\"#000000\",\"backgroundColor\":\"#ffffff\",\"paddingTop\":\"100\",\"paddingBottom\":\"40\"}},\"22\":{\"type\":\"largeImage\",\"enabled\":\"1\",\"fields\":{\"image\":[\"59\"],\"backgroundImage\":\"\",\"backgroundColor\":\"#ffffff\",\"paddingTop\":\"0\",\"paddingBottom\":\"0\"}},\"23\":{\"type\":\"textWithImage\",\"enabled\":\"1\",\"fields\":{\"heading\":\"Iconography\",\"intro\":\"To add on the playfull, quirky identity of Orangina, we created an iconset that was used throughout the website.\",\"body\":\"Our hands on mentality can be found throughout the whole process. We bring ideas to life early. We prototype to keep improving along the way. \",\"image\":[\"54\"],\"textColor\":\"#000000\",\"backgroundColor\":\"#ffffff\",\"imagePosition\":\"right\",\"paddingTop\":\"50\",\"paddingBottom\":\"100\"}},\"25\":{\"type\":\"textTwoColumns\",\"enabled\":\"1\",\"fields\":{\"heading\":\"Final Designs\",\"intro\":\"The content of the new Orangina website was meantto be kept simple serving a few main purposes.\",\"body\":\"In general there were two main obectives, informing people about the available range of Orangina products and telling them about the history of Orangina as a brand. The homepage would then serve as a hub to these two objectives, as well as to the Orangina social channels.\",\"textColor\":\"#ffffff\",\"backgroundColor\":\"#092865\",\"paddingTop\":\"100\",\"paddingBottom\":\"100\"}},\"29\":{\"type\":\"imageGallery\",\"enabled\":\"1\",\"fields\":{\"images\":[\"55\",\"57\",\"56\"],\"backgroundColor\":\"#092865\",\"paddingTop\":\"0\",\"paddingBottom\":\"80\"}}},\"41\":\"Orangina\",\"31\":{\"36\":{\"type\":\"item\",\"enabled\":\"1\",\"fields\":{\"role\":\"Development\",\"contributorName\":\"Inalise B.V.\"}}},\"40\":[\"62\"],\"50\":\"\",\"39\":\"A quirky new online appearance for a soda brand\",\"36\":{\"30\":{\"type\":\"honour\",\"enabled\":\"1\",\"fields\":{\"honorName\":\"FWA SOTD\",\"logo\":[\"32\"]}},\"34\":{\"type\":\"honour\",\"enabled\":\"1\",\"fields\":{\"honorName\":\"FWA MOTD\",\"logo\":[\"32\"]}},\"35\":{\"type\":\"honour\",\"enabled\":\"1\",\"fields\":{\"honorName\":\"Awwwards SOTD\",\"logo\":[\"33\"]}}},\"43\":\"Responsive Website\",\"42\":\"http:\\/\\/orangina.eu\\/\",\"34\":{\"37\":{\"type\":\"role\",\"enabled\":\"1\",\"fields\":{\"role\":\"Interaction design\"}},\"38\":{\"type\":\"role\",\"enabled\":\"1\",\"fields\":{\"role\":\"UX Design\"}},\"39\":{\"type\":\"role\",\"enabled\":\"1\",\"fields\":{\"role\":\"Creative direction\"}},\"40\":{\"type\":\"role\",\"enabled\":\"1\",\"fields\":{\"role\":\"Concept\"}},\"41\":{\"type\":\"role\",\"enabled\":\"1\",\"fields\":{\"role\":\"Strategy\"}}}}}', '2016-03-01 14:17:52', '2016-03-01 14:17:52', '5e5851be-c0a9-41f9-9c53-f5f84dbec6af'),
 ('70', '10', '3', '1', 'en_us', '56', '', '{\"typeId\":\"3\",\"authorId\":\"1\",\"title\":\"Orangina global website\",\"slug\":\"orangina\",\"postDate\":1456411320,\"expiryDate\":null,\"enabled\":1,\"parentId\":null,\"fields\":{\"3\":{\"12\":{\"type\":\"textFullWidth\",\"enabled\":\"1\",\"fields\":{\"body\":\"Orangina refreshed their brand identity Achtung!\\/Kraftwerk wastasked to extend their newbrand identity to a fresh online experience. \",\"textColor\":\"#000000\",\"backgroundColor\":\"#ffffff\",\"paddingTop\":\"100\",\"paddingBottom\":\"60\"}},\"14\":{\"type\":\"largeImage\",\"enabled\":\"1\",\"fields\":{\"image\":[\"61\"],\"backgroundImage\":[\"60\"],\"backgroundColor\":\"#000000\",\"paddingTop\":\"0\",\"paddingBottom\":\"80\"}},\"17\":{\"type\":\"textTwoColumns\",\"enabled\":\"1\",\"fields\":{\"heading\":\"Strategy, Concept & UX\",\"intro\":\"The content of the new Orangina website was meantto be kept simple serving a few main purposes.\",\"body\":\"In general there were two main obectives, informing people about the available range of Orangina products and telling them about the history of Orangina as a brand. The homepage would then serve as a hub to these two objectives, as well as to the Orangina social channels.\",\"textColor\":\"#ffffff\",\"backgroundColor\":\"#fdaa31\",\"paddingTop\":\"80\",\"paddingBottom\":\"60\"}},\"19\":{\"type\":\"video\",\"enabled\":\"1\",\"fields\":{\"coverImage\":[\"64\"],\"video\":[\"18\"],\"backgroundColor\":\"#ffa600\",\"backgroundImage\":[\"65\"],\"paddingTop\":\"60\",\"paddingBottom\":\"100\"}},\"20\":{\"type\":\"textTwoColumns\",\"enabled\":\"1\",\"fields\":{\"heading\":\"Design elements\",\"intro\":\"Colors for the Orangina website were besides the brand\\u2019s Blue and Yellow, based on the labels of the different flavours. \",\"body\":\"\",\"textColor\":\"#000000\",\"backgroundColor\":\"#ffffff\",\"paddingTop\":\"100\",\"paddingBottom\":\"40\"}},\"22\":{\"type\":\"largeImage\",\"enabled\":\"1\",\"fields\":{\"image\":[\"59\"],\"backgroundImage\":\"\",\"backgroundColor\":\"#ffffff\",\"paddingTop\":\"0\",\"paddingBottom\":\"0\"}},\"23\":{\"type\":\"textWithImage\",\"enabled\":\"1\",\"fields\":{\"heading\":\"Iconography\",\"intro\":\"To add on the playfull, quirky identity of Orangina, we created an iconset that was used throughout the website.\",\"body\":\"Our hands on mentality can be found throughout the whole process. We bring ideas to life early. We prototype to keep improving along the way. \",\"image\":[\"54\"],\"textColor\":\"#000000\",\"backgroundColor\":\"#ffffff\",\"imagePosition\":\"right\",\"paddingTop\":\"50\",\"paddingBottom\":\"100\",\"uiColor\":\"black\"}},\"25\":{\"type\":\"textTwoColumns\",\"enabled\":\"1\",\"fields\":{\"heading\":\"Final Designs\",\"intro\":\"The content of the new Orangina website was meantto be kept simple serving a few main purposes.\",\"body\":\"In general there were two main obectives, informing people about the available range of Orangina products and telling them about the history of Orangina as a brand. The homepage would then serve as a hub to these two objectives, as well as to the Orangina social channels.\",\"textColor\":\"#ffffff\",\"backgroundColor\":\"#092865\",\"paddingTop\":\"100\",\"paddingBottom\":\"100\"}},\"29\":{\"type\":\"imageGallery\",\"enabled\":\"1\",\"fields\":{\"images\":[\"55\",\"57\",\"56\"],\"backgroundColor\":\"#092865\",\"paddingTop\":\"0\",\"paddingBottom\":\"80\"}}},\"41\":\"Orangina\",\"31\":{\"36\":{\"type\":\"item\",\"enabled\":\"1\",\"fields\":{\"role\":\"Development\",\"contributorName\":\"Inalise B.V.\"}}},\"40\":[\"62\"],\"50\":\"\",\"39\":\"A quirky new online appearance for a soda brand\",\"36\":{\"30\":{\"type\":\"honour\",\"enabled\":\"1\",\"fields\":{\"honourName\":\"FWA SOTD\",\"logo\":[\"32\"]}},\"34\":{\"type\":\"honour\",\"enabled\":\"1\",\"fields\":{\"honourName\":\"FWA MOTD\",\"logo\":[\"32\"]}},\"35\":{\"type\":\"honour\",\"enabled\":\"1\",\"fields\":{\"honourName\":\"Awwwards SOTD\",\"logo\":[\"33\"]}}},\"43\":\"Responsive Website\",\"42\":\"http:\\/\\/orangina.eu\\/\",\"34\":{\"37\":{\"type\":\"role\",\"enabled\":\"1\",\"fields\":{\"role\":\"Interaction design\"}},\"38\":{\"type\":\"role\",\"enabled\":\"1\",\"fields\":{\"role\":\"UX Design\"}},\"39\":{\"type\":\"role\",\"enabled\":\"1\",\"fields\":{\"role\":\"Creative direction\"}},\"40\":{\"type\":\"role\",\"enabled\":\"1\",\"fields\":{\"role\":\"Concept\"}},\"41\":{\"type\":\"role\",\"enabled\":\"1\",\"fields\":{\"role\":\"Strategy\"}}}}}', '2016-03-01 16:40:59', '2016-03-01 16:40:59', '9eb27456-aae8-41f3-a9aa-351b3f2b6d6b'),
 ('71', '66', '3', '1', 'en_us', '1', '', '{\"typeId\":null,\"authorId\":\"1\",\"title\":\"Chocomel brand portal\",\"slug\":\"chocomel-brand-portal\",\"postDate\":1457363089,\"expiryDate\":null,\"enabled\":1,\"parentId\":null,\"fields\":{\"3\":\"\",\"41\":\"\",\"31\":\"\",\"40\":\"\",\"50\":\"\",\"39\":\"For the love of chocolate\",\"36\":\"\",\"43\":\"\",\"42\":\"\",\"34\":\"\"}}', '2016-03-07 15:04:49', '2016-03-07 15:04:49', '6bad2aaf-0447-459c-9d1c-726515dce850'),
 ('72', '66', '3', '1', 'en_us', '2', '', '{\"typeId\":\"3\",\"authorId\":\"1\",\"title\":\"Chocomel brand portal\",\"slug\":\"chocomel-brand-portal\",\"postDate\":1457363040,\"expiryDate\":null,\"enabled\":1,\"parentId\":null,\"fields\":{\"3\":\"\",\"41\":\"\",\"31\":\"\",\"40\":[\"67\"],\"50\":\"\",\"39\":\"For the love of chocolate\",\"36\":\"\",\"43\":\"\",\"42\":\"\",\"34\":\"\"}}', '2016-03-07 15:11:34', '2016-03-07 15:11:34', 'f288f9c3-521b-4eeb-a9f4-990e58f95e4b'),
 ('74', '69', '9', '1', 'en_us', '1', NULL, '{\"typeId\":\"9\",\"authorId\":null,\"title\":\"Work\",\"slug\":\"work\",\"postDate\":1457364978,\"expiryDate\":null,\"enabled\":1,\"parentId\":null,\"fields\":[]}', '2016-03-07 15:36:18', '2016-03-07 15:36:18', 'ccf2dd99-784a-4f8b-be99-b6236516d49e'),
 ('75', '10', '3', '1', 'en_us', '57', '', '{\"typeId\":\"3\",\"authorId\":\"1\",\"title\":\"Orangina global website\",\"slug\":\"orangina\",\"postDate\":1456411320,\"expiryDate\":null,\"enabled\":1,\"parentId\":null,\"fields\":{\"3\":{\"12\":{\"type\":\"textFullWidth\",\"enabled\":\"1\",\"fields\":{\"body\":\"Orangina refreshed their brand identity Achtung!\\/Kraftwerk wastasked to extend their newbrand identity to a fresh online experience. \",\"textColor\":\"#000000\",\"backgroundColor\":\"#ffffff\",\"paddingTop\":\"big\",\"paddingBottom\":\"small\",\"uiColor\":\"black\"}},\"14\":{\"type\":\"largeImage\",\"enabled\":\"1\",\"fields\":{\"image\":[\"61\"],\"backgroundImage\":[\"60\"],\"backgroundColor\":\"#000000\",\"paddingTop\":\"none\",\"paddingBottom\":\"big\",\"uiColor\":\"black\"}},\"17\":{\"type\":\"textTwoColumns\",\"enabled\":\"1\",\"fields\":{\"heading\":\"Strategy, Concept & UX\",\"intro\":\"The content of the new Orangina website was meantto be kept simple serving a few main purposes.\",\"body\":\"In general there were two main obectives, informing people about the available range of Orangina products and telling them about the history of Orangina as a brand. The homepage would then serve as a hub to these two objectives, as well as to the Orangina social channels.\",\"textColor\":\"#ffffff\",\"backgroundColor\":\"#fdaa31\",\"paddingTop\":\"none\",\"paddingBottom\":\"none\",\"uiColor\":\"white\"}},\"19\":{\"type\":\"video\",\"enabled\":\"1\",\"fields\":{\"coverImage\":[\"64\"],\"video\":[\"18\"],\"backgroundColor\":\"#ffa600\",\"backgroundImage\":[\"65\"],\"paddingTop\":\"none\",\"paddingBottom\":\"none\",\"uiColor\":\"white\"}},\"20\":{\"type\":\"textTwoColumns\",\"enabled\":\"1\",\"fields\":{\"heading\":\"Design elements\",\"intro\":\"Colors for the Orangina website were besides the brand\\u2019s Blue and Yellow, based on the labels of the different flavours. \",\"body\":\"\",\"textColor\":\"#000000\",\"backgroundColor\":\"#ffffff\",\"paddingTop\":\"none\",\"paddingBottom\":\"none\",\"uiColor\":\"white\"}},\"22\":{\"type\":\"largeImage\",\"enabled\":\"1\",\"fields\":{\"image\":[\"59\"],\"backgroundImage\":\"\",\"backgroundColor\":\"#ffffff\",\"paddingTop\":\"none\",\"paddingBottom\":\"none\",\"uiColor\":\"white\"}},\"23\":{\"type\":\"textWithImage\",\"enabled\":\"1\",\"fields\":{\"heading\":\"Iconography\",\"intro\":\"To add on the playfull, quirky identity of Orangina, we created an iconset that was used throughout the website.\",\"body\":\"Our hands on mentality can be found throughout the whole process. We bring ideas to life early. We prototype to keep improving along the way. \",\"image\":[\"54\"],\"textColor\":\"#000000\",\"backgroundColor\":\"#ffffff\",\"imagePosition\":\"right\",\"paddingTop\":\"none\",\"paddingBottom\":\"none\",\"uiColor\":\"black\"}},\"25\":{\"type\":\"textTwoColumns\",\"enabled\":\"1\",\"fields\":{\"heading\":\"Final Designs\",\"intro\":\"The content of the new Orangina website was meantto be kept simple serving a few main purposes.\",\"body\":\"In general there were two main obectives, informing people about the available range of Orangina products and telling them about the history of Orangina as a brand. The homepage would then serve as a hub to these two objectives, as well as to the Orangina social channels.\",\"textColor\":\"#ffffff\",\"backgroundColor\":\"#092865\",\"paddingTop\":\"none\",\"paddingBottom\":\"none\",\"uiColor\":\"white\"}},\"29\":{\"type\":\"imageGallery\",\"enabled\":\"1\",\"fields\":{\"images\":[\"55\",\"57\",\"56\"],\"backgroundColor\":\"#092865\",\"paddingTop\":\"none\",\"paddingBottom\":\"none\",\"uiColor\":\"white\"}}},\"41\":\"Orangina\",\"31\":{\"36\":{\"type\":\"item\",\"enabled\":\"1\",\"fields\":{\"role\":\"Development\",\"contributorName\":\"Inalise B.V.\"}}},\"40\":[\"62\"],\"50\":\"\",\"39\":\"A quirky new online appearance for a soda brand\",\"36\":{\"30\":{\"type\":\"honour\",\"enabled\":\"1\",\"fields\":{\"honourName\":\"FWA SOTD\",\"logo\":[\"32\"]}},\"34\":{\"type\":\"honour\",\"enabled\":\"1\",\"fields\":{\"honourName\":\"FWA MOTD\",\"logo\":[\"32\"]}},\"35\":{\"type\":\"honour\",\"enabled\":\"1\",\"fields\":{\"honourName\":\"Awwwards SOTD\",\"logo\":[\"33\"]}}},\"43\":\"Responsive Website\",\"42\":\"http:\\/\\/orangina.eu\\/\",\"34\":{\"37\":{\"type\":\"role\",\"enabled\":\"1\",\"fields\":{\"role\":\"Interaction design\"}},\"38\":{\"type\":\"role\",\"enabled\":\"1\",\"fields\":{\"role\":\"UX Design\"}},\"39\":{\"type\":\"role\",\"enabled\":\"1\",\"fields\":{\"role\":\"Creative direction\"}},\"40\":{\"type\":\"role\",\"enabled\":\"1\",\"fields\":{\"role\":\"Concept\"}},\"41\":{\"type\":\"role\",\"enabled\":\"1\",\"fields\":{\"role\":\"Strategy\"}}}}}', '2016-03-15 13:09:51', '2016-03-15 13:09:51', '92b5ebfb-a776-4c38-9194-50a61bd57c34'),
 ('76', '5', '5', '1', 'en_us', '4', '', '{\"typeId\":\"5\",\"authorId\":null,\"title\":\"Homepage\",\"slug\":\"homepage\",\"postDate\":1457355131,\"expiryDate\":null,\"enabled\":1,\"parentId\":null,\"fields\":{\"10\":[\"10\",\"66\"]}}', '2016-03-15 13:54:06', '2016-03-15 13:54:06', '8fca3ca4-5816-4272-9784-c6add4b13e80'),
 ('77', '10', '3', '1', 'en_us', '58', '', '{\"typeId\":\"3\",\"authorId\":\"1\",\"title\":\"Orangina global website\",\"slug\":\"orangina\",\"postDate\":1456411320,\"expiryDate\":null,\"enabled\":1,\"parentId\":null,\"fields\":{\"3\":{\"12\":{\"type\":\"textFullWidth\",\"enabled\":\"1\",\"fields\":{\"body\":\"Orangina refreshed their brand identity Achtung!\\/Kraftwerk wastasked to extend their newbrand identity to a fresh online experience. \",\"textColor\":\"#000000\",\"backgroundColor\":\"#ffffff\",\"paddingTop\":\"big\",\"paddingBottom\":\"small\",\"uiColor\":\"black\"}},\"14\":{\"type\":\"largeImage\",\"enabled\":\"1\",\"fields\":{\"image\":[\"61\"],\"backgroundImage\":[\"60\"],\"backgroundColor\":\"#000000\",\"paddingTop\":\"none\",\"paddingBottom\":\"big\",\"uiColor\":\"black\"}},\"17\":{\"type\":\"textTwoColumns\",\"enabled\":\"1\",\"fields\":{\"heading\":\"Strategy, Concept & UX\",\"intro\":\"The content of the new Orangina website was meantto be kept simple serving a few main purposes.\",\"body\":\"In general there were two main obectives, informing people about the available range of Orangina products and telling them about the history of Orangina as a brand. The homepage would then serve as a hub to these two objectives, as well as to the Orangina social channels.\",\"textColor\":\"#ffffff\",\"backgroundColor\":\"#fdaa31\",\"paddingTop\":\"none\",\"paddingBottom\":\"none\",\"uiColor\":\"white\"}},\"19\":{\"type\":\"video\",\"enabled\":\"1\",\"fields\":{\"coverImage\":[\"64\"],\"video\":[\"18\"],\"backgroundColor\":\"#ffa600\",\"backgroundImage\":[\"65\"],\"paddingTop\":\"none\",\"paddingBottom\":\"none\",\"uiColor\":\"white\"}},\"20\":{\"type\":\"textTwoColumns\",\"enabled\":\"1\",\"fields\":{\"heading\":\"Design elements\",\"intro\":\"Colors for the Orangina website were besides the brand\\u2019s Blue and Yellow, based on the labels of the different flavours. \",\"body\":\"\",\"textColor\":\"#000000\",\"backgroundColor\":\"#ffffff\",\"paddingTop\":\"none\",\"paddingBottom\":\"none\",\"uiColor\":\"white\"}},\"22\":{\"type\":\"largeImage\",\"enabled\":\"1\",\"fields\":{\"image\":[\"59\"],\"backgroundImage\":\"\",\"backgroundColor\":\"#ffffff\",\"paddingTop\":\"none\",\"paddingBottom\":\"none\",\"uiColor\":\"white\"}},\"23\":{\"type\":\"textWithImage\",\"enabled\":\"1\",\"fields\":{\"heading\":\"Iconography\",\"intro\":\"To add on the playfull, quirky identity of Orangina, we created an iconset that was used throughout the website.\",\"body\":\"Our hands on mentality can be found throughout the whole process. We bring ideas to life early. We prototype to keep improving along the way. \",\"image\":[\"54\"],\"textColor\":\"#000000\",\"backgroundColor\":\"#ffffff\",\"imagePosition\":\"right\",\"paddingTop\":\"none\",\"paddingBottom\":\"none\",\"uiColor\":\"black\"}},\"25\":{\"type\":\"textTwoColumns\",\"enabled\":\"1\",\"fields\":{\"heading\":\"Final Designs\",\"intro\":\"The content of the new Orangina website was meantto be kept simple serving a few main purposes.\",\"body\":\"In general there were two main obectives, informing people about the available range of Orangina products and telling them about the history of Orangina as a brand. The homepage would then serve as a hub to these two objectives, as well as to the Orangina social channels.\",\"textColor\":\"#ffffff\",\"backgroundColor\":\"#092865\",\"paddingTop\":\"none\",\"paddingBottom\":\"none\",\"uiColor\":\"white\"}},\"29\":{\"type\":\"imageGallery\",\"enabled\":\"1\",\"fields\":{\"images\":[\"55\",\"57\",\"56\"],\"backgroundColor\":\"#092865\",\"paddingTop\":\"none\",\"paddingBottom\":\"none\",\"uiColor\":\"white\"}}},\"41\":\"Orangina\",\"31\":{\"36\":{\"type\":\"item\",\"enabled\":\"1\",\"fields\":{\"role\":\"Development\",\"contributorName\":\"Inalise B.V.\"}}},\"40\":[\"62\"],\"50\":[\"71\"],\"39\":\"A quirky new online appearance for a soda brand\",\"36\":{\"30\":{\"type\":\"honour\",\"enabled\":\"1\",\"fields\":{\"honourName\":\"FWA SOTD\",\"logo\":[\"32\"]}},\"34\":{\"type\":\"honour\",\"enabled\":\"1\",\"fields\":{\"honourName\":\"FWA MOTD\",\"logo\":[\"32\"]}},\"35\":{\"type\":\"honour\",\"enabled\":\"1\",\"fields\":{\"honourName\":\"Awwwards SOTD\",\"logo\":[\"33\"]}}},\"43\":\"Responsive Website\",\"42\":\"http:\\/\\/orangina.eu\\/\",\"34\":{\"37\":{\"type\":\"role\",\"enabled\":\"1\",\"fields\":{\"role\":\"Interaction design\"}},\"38\":{\"type\":\"role\",\"enabled\":\"1\",\"fields\":{\"role\":\"UX Design\"}},\"39\":{\"type\":\"role\",\"enabled\":\"1\",\"fields\":{\"role\":\"Creative direction\"}},\"40\":{\"type\":\"role\",\"enabled\":\"1\",\"fields\":{\"role\":\"Concept\"}},\"41\":{\"type\":\"role\",\"enabled\":\"1\",\"fields\":{\"role\":\"Strategy\"}}}}}', '2016-03-15 13:58:40', '2016-03-15 13:58:40', '99301713-68a2-41fe-8fda-1e94b01c32a1'),
 ('78', '66', '3', '1', 'en_us', '3', '', '{\"typeId\":\"3\",\"authorId\":\"1\",\"title\":\"Chocomel brand portal\",\"slug\":\"chocomel-brand-portal\",\"postDate\":1457363040,\"expiryDate\":null,\"enabled\":1,\"parentId\":null,\"fields\":{\"3\":\"\",\"41\":\"\",\"31\":\"\",\"40\":[\"67\"],\"50\":[\"73\"],\"39\":\"For the love of chocolate\",\"36\":\"\",\"43\":\"\",\"42\":\"\",\"34\":\"\"}}', '2016-03-15 13:59:09', '2016-03-15 13:59:09', '67381b98-b044-4ee6-8cd5-4ab15fee3c75'),
 ('79', '10', '3', '1', 'en_us', '59', '', '{\"typeId\":\"3\",\"authorId\":\"1\",\"title\":\"Orangina global website\",\"slug\":\"orangina\",\"postDate\":1456411320,\"expiryDate\":null,\"enabled\":1,\"parentId\":null,\"fields\":{\"3\":{\"12\":{\"type\":\"textFullWidth\",\"enabled\":\"1\",\"fields\":{\"body\":\"Orangina refreshed their brand identity Achtung!\\/Kraftwerk wastasked to extend their newbrand identity to a fresh online experience. \",\"textColor\":\"#000000\",\"backgroundColor\":\"#ffffff\",\"paddingTop\":\"big\",\"paddingBottom\":\"small\",\"uiColor\":\"black\"}},\"14\":{\"type\":\"largeImage\",\"enabled\":\"1\",\"fields\":{\"image\":[\"61\"],\"backgroundImage\":[\"60\"],\"backgroundColor\":\"#000000\",\"paddingTop\":\"none\",\"paddingBottom\":\"big\",\"uiColor\":\"black\"}},\"17\":{\"type\":\"textTwoColumns\",\"enabled\":\"1\",\"fields\":{\"heading\":\"Strategy, Concept & UX\",\"intro\":\"The content of the new Orangina website was meantto be kept simple serving a few main purposes.\",\"body\":\"In general there were two main obectives, informing people about the available range of Orangina products and telling them about the history of Orangina as a brand. The homepage would then serve as a hub to these two objectives, as well as to the Orangina social channels.\",\"textColor\":\"#ffffff\",\"backgroundColor\":\"#fdaa31\",\"paddingTop\":\"none\",\"paddingBottom\":\"small\",\"uiColor\":\"white\"}},\"19\":{\"type\":\"video\",\"enabled\":\"1\",\"fields\":{\"coverImage\":[\"64\"],\"video\":[\"18\"],\"backgroundColor\":\"#ffa600\",\"backgroundImage\":[\"65\"],\"paddingTop\":\"none\",\"paddingBottom\":\"none\",\"uiColor\":\"white\"}},\"20\":{\"type\":\"textTwoColumns\",\"enabled\":\"1\",\"fields\":{\"heading\":\"Design elements\",\"intro\":\"Colors for the Orangina website were besides the brand\\u2019s Blue and Yellow, based on the labels of the different flavours. \",\"body\":\"\",\"textColor\":\"#000000\",\"backgroundColor\":\"#ffffff\",\"paddingTop\":\"none\",\"paddingBottom\":\"none\",\"uiColor\":\"white\"}},\"22\":{\"type\":\"largeImage\",\"enabled\":\"1\",\"fields\":{\"image\":[\"59\"],\"backgroundImage\":\"\",\"backgroundColor\":\"#ffffff\",\"paddingTop\":\"none\",\"paddingBottom\":\"none\",\"uiColor\":\"white\"}},\"23\":{\"type\":\"textWithImage\",\"enabled\":\"1\",\"fields\":{\"heading\":\"Iconography\",\"intro\":\"To add on the playfull, quirky identity of Orangina, we created an iconset that was used throughout the website.\",\"body\":\"Our hands on mentality can be found throughout the whole process. We bring ideas to life early. We prototype to keep improving along the way. \",\"image\":[\"54\"],\"textColor\":\"#000000\",\"backgroundColor\":\"#ffffff\",\"imagePosition\":\"right\",\"paddingTop\":\"none\",\"paddingBottom\":\"none\",\"uiColor\":\"black\"}},\"25\":{\"type\":\"textTwoColumns\",\"enabled\":\"1\",\"fields\":{\"heading\":\"Final Designs\",\"intro\":\"The content of the new Orangina website was meantto be kept simple serving a few main purposes.\",\"body\":\"In general there were two main obectives, informing people about the available range of Orangina products and telling them about the history of Orangina as a brand. The homepage would then serve as a hub to these two objectives, as well as to the Orangina social channels.\",\"textColor\":\"#ffffff\",\"backgroundColor\":\"#092865\",\"paddingTop\":\"none\",\"paddingBottom\":\"none\",\"uiColor\":\"white\"}},\"29\":{\"type\":\"imageGallery\",\"enabled\":\"1\",\"fields\":{\"images\":[\"55\",\"57\",\"56\"],\"backgroundColor\":\"#092865\",\"paddingTop\":\"none\",\"paddingBottom\":\"none\",\"uiColor\":\"white\"}}},\"41\":\"Orangina\",\"31\":{\"36\":{\"type\":\"item\",\"enabled\":\"1\",\"fields\":{\"role\":\"Development\",\"contributorName\":\"Inalise B.V.\"}}},\"40\":[\"62\"],\"50\":[\"71\"],\"39\":\"A quirky new online appearance for a soda brand\",\"36\":{\"30\":{\"type\":\"honour\",\"enabled\":\"1\",\"fields\":{\"honourName\":\"FWA SOTD\",\"logo\":[\"32\"]}},\"34\":{\"type\":\"honour\",\"enabled\":\"1\",\"fields\":{\"honourName\":\"FWA MOTD\",\"logo\":[\"32\"]}},\"35\":{\"type\":\"honour\",\"enabled\":\"1\",\"fields\":{\"honourName\":\"Awwwards SOTD\",\"logo\":[\"33\"]}}},\"43\":\"Responsive Website\",\"42\":\"http:\\/\\/orangina.eu\\/\",\"34\":{\"37\":{\"type\":\"role\",\"enabled\":\"1\",\"fields\":{\"role\":\"Interaction design\"}},\"38\":{\"type\":\"role\",\"enabled\":\"1\",\"fields\":{\"role\":\"UX Design\"}},\"39\":{\"type\":\"role\",\"enabled\":\"1\",\"fields\":{\"role\":\"Creative direction\"}},\"40\":{\"type\":\"role\",\"enabled\":\"1\",\"fields\":{\"role\":\"Concept\"}},\"41\":{\"type\":\"role\",\"enabled\":\"1\",\"fields\":{\"role\":\"Strategy\"}}}}}', '2016-03-15 14:03:14', '2016-03-15 14:03:14', '45b78e0c-2996-4446-a03a-bca53790c7a1'),
 ('80', '10', '3', '1', 'en_us', '60', '', '{\"typeId\":\"3\",\"authorId\":\"1\",\"title\":\"Orangina global website\",\"slug\":\"orangina\",\"postDate\":1456411320,\"expiryDate\":null,\"enabled\":1,\"parentId\":null,\"fields\":{\"3\":{\"12\":{\"type\":\"textFullWidth\",\"enabled\":\"1\",\"fields\":{\"body\":\"Orangina refreshed their brand identity Achtung!\\/Kraftwerk wastasked to extend their newbrand identity to a fresh online experience. \",\"textColor\":\"#000000\",\"backgroundColor\":\"#ffffff\",\"paddingTop\":\"big\",\"paddingBottom\":\"small\",\"uiColor\":\"black\"}},\"14\":{\"type\":\"largeImage\",\"enabled\":\"1\",\"fields\":{\"image\":[\"61\"],\"backgroundImage\":[\"60\"],\"backgroundColor\":\"#000000\",\"paddingTop\":\"none\",\"paddingBottom\":\"big\",\"uiColor\":\"black\"}},\"17\":{\"type\":\"textTwoColumns\",\"enabled\":\"1\",\"fields\":{\"heading\":\"Strategy, Concept & UX\",\"intro\":\"The content of the new Orangina website was meantto be kept simple serving a few main purposes.\",\"body\":\"In general there were two main obectives, informing people about the available range of Orangina products and telling them about the history of Orangina as a brand. The homepage would then serve as a hub to these two objectives, as well as to the Orangina social channels.\",\"textColor\":\"#ffffff\",\"backgroundColor\":\"#fdaa31\",\"paddingTop\":\"none\",\"paddingBottom\":\"small\",\"uiColor\":\"white\"}},\"19\":{\"type\":\"video\",\"enabled\":\"1\",\"fields\":{\"coverImage\":[\"64\"],\"video\":[\"18\"],\"backgroundColor\":\"#ffa600\",\"backgroundImage\":[\"65\"],\"paddingTop\":\"none\",\"paddingBottom\":\"big\",\"uiColor\":\"white\"}},\"20\":{\"type\":\"textTwoColumns\",\"enabled\":\"1\",\"fields\":{\"heading\":\"Design elements\",\"intro\":\"Colors for the Orangina website were besides the brand\\u2019s Blue and Yellow, based on the labels of the different flavours. \",\"body\":\"\",\"textColor\":\"#000000\",\"backgroundColor\":\"#ffffff\",\"paddingTop\":\"big\",\"paddingBottom\":\"none\",\"uiColor\":\"white\"}},\"22\":{\"type\":\"largeImage\",\"enabled\":\"1\",\"fields\":{\"image\":[\"59\"],\"backgroundImage\":\"\",\"backgroundColor\":\"#ffffff\",\"paddingTop\":\"none\",\"paddingBottom\":\"none\",\"uiColor\":\"white\"}},\"23\":{\"type\":\"textWithImage\",\"enabled\":\"1\",\"fields\":{\"heading\":\"Iconography\",\"intro\":\"To add on the playfull, quirky identity of Orangina, we created an iconset that was used throughout the website.\",\"body\":\"Our hands on mentality can be found throughout the whole process. We bring ideas to life early. We prototype to keep improving along the way. \",\"image\":[\"54\"],\"textColor\":\"#000000\",\"backgroundColor\":\"#ffffff\",\"imagePosition\":\"right\",\"paddingTop\":\"none\",\"paddingBottom\":\"none\",\"uiColor\":\"black\"}},\"25\":{\"type\":\"textTwoColumns\",\"enabled\":\"1\",\"fields\":{\"heading\":\"Final Designs\",\"intro\":\"The content of the new Orangina website was meantto be kept simple serving a few main purposes.\",\"body\":\"In general there were two main obectives, informing people about the available range of Orangina products and telling them about the history of Orangina as a brand. The homepage would then serve as a hub to these two objectives, as well as to the Orangina social channels.\",\"textColor\":\"#ffffff\",\"backgroundColor\":\"#092865\",\"paddingTop\":\"none\",\"paddingBottom\":\"none\",\"uiColor\":\"white\"}},\"29\":{\"type\":\"imageGallery\",\"enabled\":\"1\",\"fields\":{\"images\":[\"55\",\"57\",\"56\"],\"backgroundColor\":\"#092865\",\"paddingTop\":\"none\",\"paddingBottom\":\"none\",\"uiColor\":\"white\"}}},\"41\":\"Orangina\",\"31\":{\"36\":{\"type\":\"item\",\"enabled\":\"1\",\"fields\":{\"role\":\"Development\",\"contributorName\":\"Inalise B.V.\"}}},\"40\":[\"62\"],\"50\":[\"71\"],\"39\":\"A quirky new online appearance for a soda brand\",\"36\":{\"30\":{\"type\":\"honour\",\"enabled\":\"1\",\"fields\":{\"honourName\":\"FWA SOTD\",\"logo\":[\"32\"]}},\"34\":{\"type\":\"honour\",\"enabled\":\"1\",\"fields\":{\"honourName\":\"FWA MOTD\",\"logo\":[\"32\"]}},\"35\":{\"type\":\"honour\",\"enabled\":\"1\",\"fields\":{\"honourName\":\"Awwwards SOTD\",\"logo\":[\"33\"]}}},\"43\":\"Responsive Website\",\"42\":\"http:\\/\\/orangina.eu\\/\",\"34\":{\"37\":{\"type\":\"role\",\"enabled\":\"1\",\"fields\":{\"role\":\"Interaction design\"}},\"38\":{\"type\":\"role\",\"enabled\":\"1\",\"fields\":{\"role\":\"UX Design\"}},\"39\":{\"type\":\"role\",\"enabled\":\"1\",\"fields\":{\"role\":\"Creative direction\"}},\"40\":{\"type\":\"role\",\"enabled\":\"1\",\"fields\":{\"role\":\"Concept\"}},\"41\":{\"type\":\"role\",\"enabled\":\"1\",\"fields\":{\"role\":\"Strategy\"}}}}}', '2016-03-15 14:04:33', '2016-03-15 14:04:33', '67aeef64-c748-4955-ab13-53d7248d8208'),
 ('81', '10', '3', '1', 'en_us', '61', '', '{\"typeId\":\"3\",\"authorId\":\"1\",\"title\":\"Orangina global website\",\"slug\":\"orangina\",\"postDate\":1456411320,\"expiryDate\":null,\"enabled\":1,\"parentId\":null,\"fields\":{\"3\":{\"12\":{\"type\":\"textFullWidth\",\"enabled\":\"1\",\"fields\":{\"body\":\"Orangina refreshed their brand identity Achtung!\\/Kraftwerk wastasked to extend their newbrand identity to a fresh online experience. \",\"textColor\":\"#000000\",\"backgroundColor\":\"#ffffff\",\"paddingTop\":\"big\",\"paddingBottom\":\"small\",\"uiColor\":\"black\"}},\"14\":{\"type\":\"largeImage\",\"enabled\":\"1\",\"fields\":{\"image\":[\"61\"],\"backgroundImage\":[\"60\"],\"backgroundColor\":\"#000000\",\"paddingTop\":\"none\",\"paddingBottom\":\"big\",\"uiColor\":\"black\"}},\"17\":{\"type\":\"textTwoColumns\",\"enabled\":\"1\",\"fields\":{\"heading\":\"Strategy, Concept & UX\",\"intro\":\"The content of the new Orangina website was meantto be kept simple serving a few main purposes.\",\"body\":\"In general there were two main obectives, informing people about the available range of Orangina products and telling them about the history of Orangina as a brand. The homepage would then serve as a hub to these two objectives, as well as to the Orangina social channels.\",\"textColor\":\"#ffffff\",\"backgroundColor\":\"#fdaa31\",\"paddingTop\":\"none\",\"paddingBottom\":\"small\",\"uiColor\":\"white\"}},\"19\":{\"type\":\"video\",\"enabled\":\"1\",\"fields\":{\"coverImage\":[\"64\"],\"video\":[\"18\"],\"backgroundColor\":\"#ffa600\",\"backgroundImage\":[\"65\"],\"paddingTop\":\"none\",\"paddingBottom\":\"big\",\"uiColor\":\"white\"}},\"20\":{\"type\":\"textTwoColumns\",\"enabled\":\"1\",\"fields\":{\"heading\":\"Design elements\",\"intro\":\"Colors for the Orangina website were besides the brand\\u2019s Blue and Yellow, based on the labels of the different flavours. \",\"body\":\"\",\"textColor\":\"#000000\",\"backgroundColor\":\"#ffffff\",\"paddingTop\":\"big\",\"paddingBottom\":\"none\",\"uiColor\":\"white\"}},\"22\":{\"type\":\"largeImage\",\"enabled\":\"1\",\"fields\":{\"image\":[\"59\"],\"backgroundImage\":\"\",\"backgroundColor\":\"#ffffff\",\"paddingTop\":\"none\",\"paddingBottom\":\"big\",\"uiColor\":\"white\"}},\"23\":{\"type\":\"textWithImage\",\"enabled\":\"1\",\"fields\":{\"heading\":\"Iconography\",\"intro\":\"To add on the playfull, quirky identity of Orangina, we created an iconset that was used throughout the website.\",\"body\":\"Our hands on mentality can be found throughout the whole process. We bring ideas to life early. We prototype to keep improving along the way. \",\"image\":[\"54\"],\"textColor\":\"#000000\",\"backgroundColor\":\"#ffffff\",\"imagePosition\":\"right\",\"paddingTop\":\"small\",\"paddingBottom\":\"none\",\"uiColor\":\"black\"}},\"25\":{\"type\":\"textTwoColumns\",\"enabled\":\"1\",\"fields\":{\"heading\":\"Final Designs\",\"intro\":\"The content of the new Orangina website was meantto be kept simple serving a few main purposes.\",\"body\":\"In general there were two main obectives, informing people about the available range of Orangina products and telling them about the history of Orangina as a brand. The homepage would then serve as a hub to these two objectives, as well as to the Orangina social channels.\",\"textColor\":\"#ffffff\",\"backgroundColor\":\"#092865\",\"paddingTop\":\"none\",\"paddingBottom\":\"none\",\"uiColor\":\"white\"}},\"29\":{\"type\":\"imageGallery\",\"enabled\":\"1\",\"fields\":{\"images\":[\"55\",\"57\",\"56\"],\"backgroundColor\":\"#092865\",\"paddingTop\":\"none\",\"paddingBottom\":\"none\",\"uiColor\":\"white\"}}},\"41\":\"Orangina\",\"31\":{\"36\":{\"type\":\"item\",\"enabled\":\"1\",\"fields\":{\"role\":\"Development\",\"contributorName\":\"Inalise B.V.\"}}},\"40\":[\"62\"],\"50\":[\"71\"],\"39\":\"A quirky new online appearance for a soda brand\",\"36\":{\"30\":{\"type\":\"honour\",\"enabled\":\"1\",\"fields\":{\"honourName\":\"FWA SOTD\",\"logo\":[\"32\"]}},\"34\":{\"type\":\"honour\",\"enabled\":\"1\",\"fields\":{\"honourName\":\"FWA MOTD\",\"logo\":[\"32\"]}},\"35\":{\"type\":\"honour\",\"enabled\":\"1\",\"fields\":{\"honourName\":\"Awwwards SOTD\",\"logo\":[\"33\"]}}},\"43\":\"Responsive Website\",\"42\":\"http:\\/\\/orangina.eu\\/\",\"34\":{\"37\":{\"type\":\"role\",\"enabled\":\"1\",\"fields\":{\"role\":\"Interaction design\"}},\"38\":{\"type\":\"role\",\"enabled\":\"1\",\"fields\":{\"role\":\"UX Design\"}},\"39\":{\"type\":\"role\",\"enabled\":\"1\",\"fields\":{\"role\":\"Creative direction\"}},\"40\":{\"type\":\"role\",\"enabled\":\"1\",\"fields\":{\"role\":\"Concept\"}},\"41\":{\"type\":\"role\",\"enabled\":\"1\",\"fields\":{\"role\":\"Strategy\"}}}}}', '2016-03-15 14:17:54', '2016-03-15 14:17:54', 'bd736802-a4f3-4d78-81b1-3928d77f42ea'),
 ('82', '10', '3', '1', 'en_us', '62', '', '{\"typeId\":\"3\",\"authorId\":\"1\",\"title\":\"Orangina global website\",\"slug\":\"orangina\",\"postDate\":1456411320,\"expiryDate\":null,\"enabled\":1,\"parentId\":null,\"fields\":{\"3\":{\"12\":{\"type\":\"textFullWidth\",\"enabled\":\"1\",\"fields\":{\"body\":\"Orangina refreshed their brand identity Achtung!\\/Kraftwerk wastasked to extend their newbrand identity to a fresh online experience. \",\"textColor\":\"#000000\",\"backgroundColor\":\"#ffffff\",\"paddingTop\":\"big\",\"paddingBottom\":\"small\",\"uiColor\":\"black\"}},\"14\":{\"type\":\"largeImage\",\"enabled\":\"1\",\"fields\":{\"image\":[\"61\"],\"backgroundImage\":[\"60\"],\"backgroundColor\":\"#000000\",\"paddingTop\":\"none\",\"paddingBottom\":\"big\",\"uiColor\":\"black\"}},\"17\":{\"type\":\"textTwoColumns\",\"enabled\":\"1\",\"fields\":{\"heading\":\"Strategy, Concept & UX\",\"intro\":\"The content of the new Orangina website was meantto be kept simple serving a few main purposes.\",\"body\":\"In general there were two main obectives, informing people about the available range of Orangina products and telling them about the history of Orangina as a brand. The homepage would then serve as a hub to these two objectives, as well as to the Orangina social channels.\",\"textColor\":\"#ffffff\",\"backgroundColor\":\"#fdaa31\",\"paddingTop\":\"none\",\"paddingBottom\":\"small\",\"uiColor\":\"black\"}},\"19\":{\"type\":\"video\",\"enabled\":\"1\",\"fields\":{\"coverImage\":[\"64\"],\"video\":[\"18\"],\"backgroundColor\":\"#ffa600\",\"backgroundImage\":[\"65\"],\"paddingTop\":\"none\",\"paddingBottom\":\"big\",\"uiColor\":\"black\"}},\"20\":{\"type\":\"textTwoColumns\",\"enabled\":\"1\",\"fields\":{\"heading\":\"Design elements\",\"intro\":\"Colors for the Orangina website were besides the brand\\u2019s Blue and Yellow, based on the labels of the different flavours. \",\"body\":\"\",\"textColor\":\"#000000\",\"backgroundColor\":\"#ffffff\",\"paddingTop\":\"big\",\"paddingBottom\":\"none\",\"uiColor\":\"white\"}},\"22\":{\"type\":\"largeImage\",\"enabled\":\"1\",\"fields\":{\"image\":[\"59\"],\"backgroundImage\":\"\",\"backgroundColor\":\"#ffffff\",\"paddingTop\":\"none\",\"paddingBottom\":\"big\",\"uiColor\":\"white\"}},\"23\":{\"type\":\"textWithImage\",\"enabled\":\"1\",\"fields\":{\"heading\":\"Iconography\",\"intro\":\"To add on the playfull, quirky identity of Orangina, we created an iconset that was used throughout the website.\",\"body\":\"Our hands on mentality can be found throughout the whole process. We bring ideas to life early. We prototype to keep improving along the way. \",\"image\":[\"54\"],\"textColor\":\"#000000\",\"backgroundColor\":\"#ffffff\",\"imagePosition\":\"right\",\"paddingTop\":\"small\",\"paddingBottom\":\"none\",\"uiColor\":\"black\"}},\"25\":{\"type\":\"textTwoColumns\",\"enabled\":\"1\",\"fields\":{\"heading\":\"Final Designs\",\"intro\":\"The content of the new Orangina website was meantto be kept simple serving a few main purposes.\",\"body\":\"In general there were two main obectives, informing people about the available range of Orangina products and telling them about the history of Orangina as a brand. The homepage would then serve as a hub to these two objectives, as well as to the Orangina social channels.\",\"textColor\":\"#ffffff\",\"backgroundColor\":\"#092865\",\"paddingTop\":\"none\",\"paddingBottom\":\"none\",\"uiColor\":\"white\"}},\"29\":{\"type\":\"imageGallery\",\"enabled\":\"1\",\"fields\":{\"images\":[\"55\",\"57\",\"56\"],\"backgroundColor\":\"#092865\",\"paddingTop\":\"none\",\"paddingBottom\":\"none\",\"uiColor\":\"white\"}}},\"41\":\"Orangina\",\"31\":{\"36\":{\"type\":\"item\",\"enabled\":\"1\",\"fields\":{\"role\":\"Development\",\"contributorName\":\"Inalise B.V.\"}}},\"40\":[\"62\"],\"50\":[\"71\"],\"39\":\"A quirky new online appearance for a soda brand\",\"36\":{\"30\":{\"type\":\"honour\",\"enabled\":\"1\",\"fields\":{\"honourName\":\"FWA SOTD\",\"logo\":[\"32\"]}},\"34\":{\"type\":\"honour\",\"enabled\":\"1\",\"fields\":{\"honourName\":\"FWA MOTD\",\"logo\":[\"32\"]}},\"35\":{\"type\":\"honour\",\"enabled\":\"1\",\"fields\":{\"honourName\":\"Awwwards SOTD\",\"logo\":[\"33\"]}}},\"43\":\"Responsive Website\",\"42\":\"http:\\/\\/orangina.eu\\/\",\"34\":{\"37\":{\"type\":\"role\",\"enabled\":\"1\",\"fields\":{\"role\":\"Interaction design\"}},\"38\":{\"type\":\"role\",\"enabled\":\"1\",\"fields\":{\"role\":\"UX Design\"}},\"39\":{\"type\":\"role\",\"enabled\":\"1\",\"fields\":{\"role\":\"Creative direction\"}},\"40\":{\"type\":\"role\",\"enabled\":\"1\",\"fields\":{\"role\":\"Concept\"}},\"41\":{\"type\":\"role\",\"enabled\":\"1\",\"fields\":{\"role\":\"Strategy\"}}}}}', '2016-03-15 14:18:24', '2016-03-15 14:18:24', '62e919ff-0c57-43ad-b07e-a6feb9142fa4'),
 ('83', '10', '3', '1', 'en_us', '63', '', '{\"typeId\":\"3\",\"authorId\":\"1\",\"title\":\"Orangina global website\",\"slug\":\"orangina\",\"postDate\":1456411320,\"expiryDate\":null,\"enabled\":1,\"parentId\":null,\"fields\":{\"3\":{\"12\":{\"type\":\"textFullWidth\",\"enabled\":\"1\",\"fields\":{\"body\":\"Orangina refreshed their brand identity Achtung!\\/Kraftwerk wastasked to extend their newbrand identity to a fresh online experience. \",\"textColor\":\"#000000\",\"backgroundColor\":\"#ffffff\",\"paddingTop\":\"big\",\"paddingBottom\":\"small\",\"uiColor\":\"black\"}},\"14\":{\"type\":\"largeImage\",\"enabled\":\"1\",\"fields\":{\"image\":[\"61\"],\"backgroundImage\":[\"60\"],\"backgroundColor\":\"#000000\",\"paddingTop\":\"none\",\"paddingBottom\":\"big\",\"uiColor\":\"black\"}},\"17\":{\"type\":\"textTwoColumns\",\"enabled\":\"1\",\"fields\":{\"heading\":\"Strategy, Concept & UX\",\"intro\":\"The content of the new Orangina website was meantto be kept simple serving a few main purposes.\",\"body\":\"In general there were two main obectives, informing people about the available range of Orangina products and telling them about the history of Orangina as a brand. The homepage would then serve as a hub to these two objectives, as well as to the Orangina social channels.\",\"textColor\":\"#ffffff\",\"backgroundColor\":\"#fdaa31\",\"paddingTop\":\"none\",\"paddingBottom\":\"small\",\"uiColor\":\"black\"}},\"19\":{\"type\":\"video\",\"enabled\":\"1\",\"fields\":{\"coverImage\":[\"64\"],\"video\":[\"18\"],\"backgroundColor\":\"#ffa600\",\"backgroundImage\":[\"65\"],\"paddingTop\":\"none\",\"paddingBottom\":\"big\",\"uiColor\":\"black\"}},\"20\":{\"type\":\"textTwoColumns\",\"enabled\":\"1\",\"fields\":{\"heading\":\"Design elements\",\"intro\":\"Colors for the Orangina website were besides the brand\\u2019s Blue and Yellow, based on the labels of the different flavours. \",\"body\":\"\",\"textColor\":\"#000000\",\"backgroundColor\":\"#ffffff\",\"paddingTop\":\"big\",\"paddingBottom\":\"none\",\"uiColor\":\"black\"}},\"22\":{\"type\":\"largeImage\",\"enabled\":\"1\",\"fields\":{\"image\":[\"59\"],\"backgroundImage\":\"\",\"backgroundColor\":\"#ffffff\",\"paddingTop\":\"none\",\"paddingBottom\":\"big\",\"uiColor\":\"black\"}},\"23\":{\"type\":\"textWithImage\",\"enabled\":\"1\",\"fields\":{\"heading\":\"Iconography\",\"intro\":\"To add on the playfull, quirky identity of Orangina, we created an iconset that was used throughout the website.\",\"body\":\"Our hands on mentality can be found throughout the whole process. We bring ideas to life early. We prototype to keep improving along the way. \",\"image\":[\"54\"],\"textColor\":\"#000000\",\"backgroundColor\":\"#ffffff\",\"imagePosition\":\"right\",\"paddingTop\":\"small\",\"paddingBottom\":\"none\",\"uiColor\":\"black\"}},\"25\":{\"type\":\"textTwoColumns\",\"enabled\":\"1\",\"fields\":{\"heading\":\"Final Designs\",\"intro\":\"The content of the new Orangina website was meantto be kept simple serving a few main purposes.\",\"body\":\"In general there were two main obectives, informing people about the available range of Orangina products and telling them about the history of Orangina as a brand. The homepage would then serve as a hub to these two objectives, as well as to the Orangina social channels.\",\"textColor\":\"#ffffff\",\"backgroundColor\":\"#092865\",\"paddingTop\":\"none\",\"paddingBottom\":\"none\",\"uiColor\":\"white\"}},\"29\":{\"type\":\"imageGallery\",\"enabled\":\"1\",\"fields\":{\"images\":[\"55\",\"57\",\"56\"],\"backgroundColor\":\"#092865\",\"paddingTop\":\"none\",\"paddingBottom\":\"none\",\"uiColor\":\"white\"}}},\"41\":\"Orangina\",\"31\":{\"36\":{\"type\":\"item\",\"enabled\":\"1\",\"fields\":{\"role\":\"Development\",\"contributorName\":\"Inalise B.V.\"}}},\"40\":[\"62\"],\"50\":[\"71\"],\"39\":\"A quirky new online appearance for a soda brand\",\"36\":{\"30\":{\"type\":\"honour\",\"enabled\":\"1\",\"fields\":{\"honourName\":\"FWA SOTD\",\"logo\":[\"32\"]}},\"34\":{\"type\":\"honour\",\"enabled\":\"1\",\"fields\":{\"honourName\":\"FWA MOTD\",\"logo\":[\"32\"]}},\"35\":{\"type\":\"honour\",\"enabled\":\"1\",\"fields\":{\"honourName\":\"Awwwards SOTD\",\"logo\":[\"33\"]}}},\"43\":\"Responsive Website\",\"42\":\"http:\\/\\/orangina.eu\\/\",\"34\":{\"37\":{\"type\":\"role\",\"enabled\":\"1\",\"fields\":{\"role\":\"Interaction design\"}},\"38\":{\"type\":\"role\",\"enabled\":\"1\",\"fields\":{\"role\":\"UX Design\"}},\"39\":{\"type\":\"role\",\"enabled\":\"1\",\"fields\":{\"role\":\"Creative direction\"}},\"40\":{\"type\":\"role\",\"enabled\":\"1\",\"fields\":{\"role\":\"Concept\"}},\"41\":{\"type\":\"role\",\"enabled\":\"1\",\"fields\":{\"role\":\"Strategy\"}}}}}', '2016-03-15 14:18:55', '2016-03-15 14:18:55', 'd83370f9-7222-47ee-8531-6b96e1072e44'),
 ('84', '10', '3', '1', 'en_us', '64', '', '{\"typeId\":\"3\",\"authorId\":\"1\",\"title\":\"Orangina global website\",\"slug\":\"orangina\",\"postDate\":1456411320,\"expiryDate\":null,\"enabled\":1,\"parentId\":null,\"fields\":{\"3\":{\"12\":{\"type\":\"textFullWidth\",\"enabled\":\"1\",\"fields\":{\"body\":\"Orangina refreshed their brand identity Achtung!\\/Kraftwerk wastasked to extend their newbrand identity to a fresh online experience. \",\"textColor\":\"#000000\",\"backgroundColor\":\"#ffffff\",\"paddingTop\":\"big\",\"paddingBottom\":\"small\",\"uiColor\":\"black\"}},\"14\":{\"type\":\"largeImage\",\"enabled\":\"1\",\"fields\":{\"image\":[\"61\"],\"backgroundImage\":[\"60\"],\"backgroundColor\":\"#000000\",\"paddingTop\":\"none\",\"paddingBottom\":\"big\",\"uiColor\":\"black\"}},\"17\":{\"type\":\"textTwoColumns\",\"enabled\":\"1\",\"fields\":{\"heading\":\"Strategy, Concept & UX\",\"intro\":\"The content of the new Orangina website was meantto be kept simple serving a few main purposes.\",\"body\":\"In general there were two main obectives, informing people about the available range of Orangina products and telling them about the history of Orangina as a brand. The homepage would then serve as a hub to these two objectives, as well as to the Orangina social channels.\",\"textColor\":\"#ffffff\",\"backgroundColor\":\"#fdaa31\",\"paddingTop\":\"none\",\"paddingBottom\":\"small\",\"uiColor\":\"black\"}},\"19\":{\"type\":\"video\",\"enabled\":\"1\",\"fields\":{\"coverImage\":[\"64\"],\"video\":[\"18\"],\"backgroundColor\":\"#ffa600\",\"backgroundImage\":[\"65\"],\"paddingTop\":\"none\",\"paddingBottom\":\"big\",\"uiColor\":\"black\"}},\"20\":{\"type\":\"textTwoColumns\",\"enabled\":\"1\",\"fields\":{\"heading\":\"Design elements\",\"intro\":\"Colors for the Orangina website were besides the brand\\u2019s Blue and Yellow, based on the labels of the different flavours. \",\"body\":\"\",\"textColor\":\"#000000\",\"backgroundColor\":\"#ffffff\",\"paddingTop\":\"big\",\"paddingBottom\":\"none\",\"uiColor\":\"black\"}},\"22\":{\"type\":\"largeImage\",\"enabled\":\"1\",\"fields\":{\"image\":[\"59\"],\"backgroundImage\":\"\",\"backgroundColor\":\"#ffffff\",\"paddingTop\":\"none\",\"paddingBottom\":\"small\",\"uiColor\":\"black\"}},\"23\":{\"type\":\"textWithImage\",\"enabled\":\"1\",\"fields\":{\"heading\":\"Iconography\",\"intro\":\"To add on the playfull, quirky identity of Orangina, we created an iconset that was used throughout the website.\",\"body\":\"Our hands on mentality can be found throughout the whole process. We bring ideas to life early. We prototype to keep improving along the way. \",\"image\":[\"54\"],\"textColor\":\"#000000\",\"backgroundColor\":\"#ffffff\",\"imagePosition\":\"right\",\"paddingTop\":\"small\",\"paddingBottom\":\"none\",\"uiColor\":\"black\"}},\"25\":{\"type\":\"textTwoColumns\",\"enabled\":\"1\",\"fields\":{\"heading\":\"Final Designs\",\"intro\":\"The content of the new Orangina website was meantto be kept simple serving a few main purposes.\",\"body\":\"In general there were two main obectives, informing people about the available range of Orangina products and telling them about the history of Orangina as a brand. The homepage would then serve as a hub to these two objectives, as well as to the Orangina social channels.\",\"textColor\":\"#ffffff\",\"backgroundColor\":\"#092865\",\"paddingTop\":\"none\",\"paddingBottom\":\"none\",\"uiColor\":\"white\"}},\"29\":{\"type\":\"imageGallery\",\"enabled\":\"1\",\"fields\":{\"images\":[\"55\",\"57\",\"56\"],\"backgroundColor\":\"#092865\",\"paddingTop\":\"none\",\"paddingBottom\":\"none\",\"uiColor\":\"white\"}}},\"41\":\"Orangina\",\"31\":{\"36\":{\"type\":\"item\",\"enabled\":\"1\",\"fields\":{\"role\":\"Development\",\"contributorName\":\"Inalise B.V.\"}}},\"40\":[\"62\"],\"50\":[\"71\"],\"39\":\"A quirky new online appearance for a soda brand\",\"36\":{\"30\":{\"type\":\"honour\",\"enabled\":\"1\",\"fields\":{\"honourName\":\"FWA SOTD\",\"logo\":[\"32\"]}},\"34\":{\"type\":\"honour\",\"enabled\":\"1\",\"fields\":{\"honourName\":\"FWA MOTD\",\"logo\":[\"32\"]}},\"35\":{\"type\":\"honour\",\"enabled\":\"1\",\"fields\":{\"honourName\":\"Awwwards SOTD\",\"logo\":[\"33\"]}}},\"43\":\"Responsive Website\",\"42\":\"http:\\/\\/orangina.eu\\/\",\"34\":{\"37\":{\"type\":\"role\",\"enabled\":\"1\",\"fields\":{\"role\":\"Interaction design\"}},\"38\":{\"type\":\"role\",\"enabled\":\"1\",\"fields\":{\"role\":\"UX Design\"}},\"39\":{\"type\":\"role\",\"enabled\":\"1\",\"fields\":{\"role\":\"Creative direction\"}},\"40\":{\"type\":\"role\",\"enabled\":\"1\",\"fields\":{\"role\":\"Concept\"}},\"41\":{\"type\":\"role\",\"enabled\":\"1\",\"fields\":{\"role\":\"Strategy\"}}}}}', '2016-03-15 14:19:30', '2016-03-15 14:19:30', '5827e74d-5278-41c1-aac2-ea3675046a5b'),
 ('85', '10', '3', '1', 'en_us', '65', '', '{\"typeId\":\"3\",\"authorId\":\"1\",\"title\":\"Orangina global website\",\"slug\":\"orangina\",\"postDate\":1456411320,\"expiryDate\":null,\"enabled\":1,\"parentId\":null,\"fields\":{\"3\":{\"12\":{\"type\":\"textFullWidth\",\"enabled\":\"1\",\"fields\":{\"body\":\"Orangina refreshed their brand identity Achtung!\\/Kraftwerk wastasked to extend their newbrand identity to a fresh online experience. \",\"textColor\":\"#000000\",\"backgroundColor\":\"#ffffff\",\"paddingTop\":\"big\",\"paddingBottom\":\"small\",\"uiColor\":\"black\"}},\"14\":{\"type\":\"largeImage\",\"enabled\":\"1\",\"fields\":{\"image\":[\"61\"],\"backgroundImage\":[\"60\"],\"backgroundColor\":\"#000000\",\"paddingTop\":\"none\",\"paddingBottom\":\"big\",\"uiColor\":\"black\"}},\"17\":{\"type\":\"textTwoColumns\",\"enabled\":\"1\",\"fields\":{\"heading\":\"Strategy, Concept & UX\",\"intro\":\"The content of the new Orangina website was meantto be kept simple serving a few main purposes.\",\"body\":\"In general there were two main obectives, informing people about the available range of Orangina products and telling them about the history of Orangina as a brand. The homepage would then serve as a hub to these two objectives, as well as to the Orangina social channels.\",\"textColor\":\"#ffffff\",\"backgroundColor\":\"#fdaa31\",\"paddingTop\":\"none\",\"paddingBottom\":\"small\",\"uiColor\":\"black\"}},\"19\":{\"type\":\"video\",\"enabled\":\"1\",\"fields\":{\"coverImage\":[\"64\"],\"video\":[\"18\"],\"backgroundColor\":\"#ffa600\",\"backgroundImage\":[\"65\"],\"paddingTop\":\"none\",\"paddingBottom\":\"big\",\"uiColor\":\"black\"}},\"20\":{\"type\":\"textTwoColumns\",\"enabled\":\"1\",\"fields\":{\"heading\":\"Design elements\",\"intro\":\"Colors for the Orangina website were besides the brand\\u2019s Blue and Yellow, based on the labels of the different flavours. \",\"body\":\"\",\"textColor\":\"#000000\",\"backgroundColor\":\"#ffffff\",\"paddingTop\":\"big\",\"paddingBottom\":\"none\",\"uiColor\":\"black\"}},\"22\":{\"type\":\"largeImage\",\"enabled\":\"1\",\"fields\":{\"image\":[\"59\"],\"backgroundImage\":\"\",\"backgroundColor\":\"#ffffff\",\"paddingTop\":\"none\",\"paddingBottom\":\"small\",\"uiColor\":\"black\"}},\"23\":{\"type\":\"textWithImage\",\"enabled\":\"1\",\"fields\":{\"heading\":\"Iconography\",\"intro\":\"To add on the playfull, quirky identity of Orangina, we created an iconset that was used throughout the website.\",\"body\":\"Our hands on mentality can be found throughout the whole process. We bring ideas to life early. We prototype to keep improving along the way. \",\"image\":[\"54\"],\"textColor\":\"#000000\",\"backgroundColor\":\"#ffffff\",\"imagePosition\":\"right\",\"paddingTop\":\"small\",\"paddingBottom\":\"big\",\"uiColor\":\"black\"}},\"25\":{\"type\":\"textTwoColumns\",\"enabled\":\"1\",\"fields\":{\"heading\":\"Final Designs\",\"intro\":\"The content of the new Orangina website was meantto be kept simple serving a few main purposes.\",\"body\":\"In general there were two main obectives, informing people about the available range of Orangina products and telling them about the history of Orangina as a brand. The homepage would then serve as a hub to these two objectives, as well as to the Orangina social channels.\",\"textColor\":\"#ffffff\",\"backgroundColor\":\"#092865\",\"paddingTop\":\"none\",\"paddingBottom\":\"none\",\"uiColor\":\"white\"}},\"29\":{\"type\":\"imageGallery\",\"enabled\":\"1\",\"fields\":{\"images\":[\"55\",\"57\",\"56\"],\"backgroundColor\":\"#092865\",\"paddingTop\":\"none\",\"paddingBottom\":\"none\",\"uiColor\":\"white\"}}},\"41\":\"Orangina\",\"31\":{\"36\":{\"type\":\"item\",\"enabled\":\"1\",\"fields\":{\"role\":\"Development\",\"contributorName\":\"Inalise B.V.\"}}},\"40\":[\"62\"],\"50\":[\"71\"],\"39\":\"A quirky new online appearance for a soda brand\",\"36\":{\"30\":{\"type\":\"honour\",\"enabled\":\"1\",\"fields\":{\"honourName\":\"FWA SOTD\",\"logo\":[\"32\"]}},\"34\":{\"type\":\"honour\",\"enabled\":\"1\",\"fields\":{\"honourName\":\"FWA MOTD\",\"logo\":[\"32\"]}},\"35\":{\"type\":\"honour\",\"enabled\":\"1\",\"fields\":{\"honourName\":\"Awwwards SOTD\",\"logo\":[\"33\"]}}},\"43\":\"Responsive Website\",\"42\":\"http:\\/\\/orangina.eu\\/\",\"34\":{\"37\":{\"type\":\"role\",\"enabled\":\"1\",\"fields\":{\"role\":\"Interaction design\"}},\"38\":{\"type\":\"role\",\"enabled\":\"1\",\"fields\":{\"role\":\"UX Design\"}},\"39\":{\"type\":\"role\",\"enabled\":\"1\",\"fields\":{\"role\":\"Creative direction\"}},\"40\":{\"type\":\"role\",\"enabled\":\"1\",\"fields\":{\"role\":\"Concept\"}},\"41\":{\"type\":\"role\",\"enabled\":\"1\",\"fields\":{\"role\":\"Strategy\"}}}}}', '2016-03-15 14:20:50', '2016-03-15 14:20:50', '8bbad9a0-1ffd-4202-a187-42fa07e1cef4'),
 ('86', '10', '3', '1', 'en_us', '66', '', '{\"typeId\":\"3\",\"authorId\":\"1\",\"title\":\"Orangina global website\",\"slug\":\"orangina\",\"postDate\":1456411320,\"expiryDate\":null,\"enabled\":1,\"parentId\":null,\"fields\":{\"3\":{\"12\":{\"type\":\"textFullWidth\",\"enabled\":\"1\",\"fields\":{\"body\":\"Orangina refreshed their brand identity Achtung!\\/Kraftwerk wastasked to extend their newbrand identity to a fresh online experience. \",\"textColor\":\"#000000\",\"backgroundColor\":\"#ffffff\",\"paddingTop\":\"big\",\"paddingBottom\":\"small\",\"uiColor\":\"black\"}},\"14\":{\"type\":\"largeImage\",\"enabled\":\"1\",\"fields\":{\"image\":[\"61\"],\"backgroundImage\":[\"60\"],\"backgroundColor\":\"#000000\",\"paddingTop\":\"none\",\"paddingBottom\":\"big\",\"uiColor\":\"black\"}},\"17\":{\"type\":\"textTwoColumns\",\"enabled\":\"1\",\"fields\":{\"heading\":\"Strategy, Concept & UX\",\"intro\":\"The content of the new Orangina website was meantto be kept simple serving a few main purposes.\",\"body\":\"In general there were two main obectives, informing people about the available range of Orangina products and telling them about the history of Orangina as a brand. The homepage would then serve as a hub to these two objectives, as well as to the Orangina social channels.\",\"textColor\":\"#ffffff\",\"backgroundColor\":\"#fdaa31\",\"paddingTop\":\"none\",\"paddingBottom\":\"small\",\"uiColor\":\"black\"}},\"19\":{\"type\":\"video\",\"enabled\":\"1\",\"fields\":{\"coverImage\":[\"64\"],\"video\":[\"18\"],\"backgroundColor\":\"#ffa600\",\"backgroundImage\":[\"65\"],\"paddingTop\":\"none\",\"paddingBottom\":\"big\",\"uiColor\":\"black\"}},\"20\":{\"type\":\"textTwoColumns\",\"enabled\":\"1\",\"fields\":{\"heading\":\"Design elements\",\"intro\":\"Colors for the Orangina website were besides the brand\\u2019s Blue and Yellow, based on the labels of the different flavours. \",\"body\":\"\",\"textColor\":\"#000000\",\"backgroundColor\":\"#ffffff\",\"paddingTop\":\"big\",\"paddingBottom\":\"none\",\"uiColor\":\"black\"}},\"22\":{\"type\":\"largeImage\",\"enabled\":\"1\",\"fields\":{\"image\":[\"59\"],\"backgroundImage\":\"\",\"backgroundColor\":\"#ffffff\",\"paddingTop\":\"none\",\"paddingBottom\":\"small\",\"uiColor\":\"black\"}},\"23\":{\"type\":\"textWithImage\",\"enabled\":\"1\",\"fields\":{\"heading\":\"Iconography\",\"intro\":\"To add on the playfull, quirky identity of Orangina, we created an iconset that was used throughout the website.\",\"body\":\"Our hands on mentality can be found throughout the whole process. We bring ideas to life early. We prototype to keep improving along the way. \",\"image\":[\"54\"],\"textColor\":\"#000000\",\"backgroundColor\":\"#ffffff\",\"imagePosition\":\"right\",\"paddingTop\":\"small\",\"paddingBottom\":\"big\",\"uiColor\":\"black\"}},\"25\":{\"type\":\"textTwoColumns\",\"enabled\":\"1\",\"fields\":{\"heading\":\"Final Designs\",\"intro\":\"The content of the new Orangina website was meantto be kept simple serving a few main purposes.\",\"body\":\"In general there were two main obectives, informing people about the available range of Orangina products and telling them about the history of Orangina as a brand. The homepage would then serve as a hub to these two objectives, as well as to the Orangina social channels.\",\"textColor\":\"#ffffff\",\"backgroundColor\":\"#092865\",\"paddingTop\":\"big\",\"paddingBottom\":\"none\",\"uiColor\":\"white\"}},\"29\":{\"type\":\"imageGallery\",\"enabled\":\"1\",\"fields\":{\"images\":[\"55\",\"57\",\"56\"],\"backgroundColor\":\"#092865\",\"paddingTop\":\"none\",\"paddingBottom\":\"none\",\"uiColor\":\"white\"}}},\"41\":\"Orangina\",\"31\":{\"36\":{\"type\":\"item\",\"enabled\":\"1\",\"fields\":{\"role\":\"Development\",\"contributorName\":\"Inalise B.V.\"}}},\"40\":[\"62\"],\"50\":[\"71\"],\"39\":\"A quirky new online appearance for a soda brand\",\"36\":{\"30\":{\"type\":\"honour\",\"enabled\":\"1\",\"fields\":{\"honourName\":\"FWA SOTD\",\"logo\":[\"32\"]}},\"34\":{\"type\":\"honour\",\"enabled\":\"1\",\"fields\":{\"honourName\":\"FWA MOTD\",\"logo\":[\"32\"]}},\"35\":{\"type\":\"honour\",\"enabled\":\"1\",\"fields\":{\"honourName\":\"Awwwards SOTD\",\"logo\":[\"33\"]}}},\"43\":\"Responsive Website\",\"42\":\"http:\\/\\/orangina.eu\\/\",\"34\":{\"37\":{\"type\":\"role\",\"enabled\":\"1\",\"fields\":{\"role\":\"Interaction design\"}},\"38\":{\"type\":\"role\",\"enabled\":\"1\",\"fields\":{\"role\":\"UX Design\"}},\"39\":{\"type\":\"role\",\"enabled\":\"1\",\"fields\":{\"role\":\"Creative direction\"}},\"40\":{\"type\":\"role\",\"enabled\":\"1\",\"fields\":{\"role\":\"Concept\"}},\"41\":{\"type\":\"role\",\"enabled\":\"1\",\"fields\":{\"role\":\"Strategy\"}}}}}', '2016-03-15 14:29:44', '2016-03-15 14:29:44', 'c44bd0a1-c0ee-4f6d-bfc0-d658c9c51560'),
 ('87', '10', '3', '1', 'en_us', '67', '', '{\"typeId\":\"3\",\"authorId\":\"1\",\"title\":\"Orangina global website\",\"slug\":\"orangina\",\"postDate\":1456411320,\"expiryDate\":null,\"enabled\":1,\"parentId\":null,\"fields\":{\"3\":{\"12\":{\"type\":\"textFullWidth\",\"enabled\":\"1\",\"fields\":{\"body\":\"Orangina refreshed their brand identity Achtung!\\/Kraftwerk wastasked to extend their newbrand identity to a fresh online experience. \",\"textColor\":\"#000000\",\"backgroundColor\":\"#ffffff\",\"paddingTop\":\"big\",\"paddingBottom\":\"small\",\"uiColor\":\"black\"}},\"14\":{\"type\":\"largeImage\",\"enabled\":\"1\",\"fields\":{\"image\":[\"61\"],\"backgroundImage\":[\"60\"],\"backgroundColor\":\"#000000\",\"paddingTop\":\"none\",\"paddingBottom\":\"big\",\"uiColor\":\"black\"}},\"17\":{\"type\":\"textTwoColumns\",\"enabled\":\"1\",\"fields\":{\"heading\":\"Strategy, Concept & UX\",\"intro\":\"The content of the new Orangina website was meantto be kept simple serving a few main purposes.\",\"body\":\"In general there were two main obectives, informing people about the available range of Orangina products and telling them about the history of Orangina as a brand. The homepage would then serve as a hub to these two objectives, as well as to the Orangina social channels.\",\"textColor\":\"#ffffff\",\"backgroundColor\":\"#fdaa31\",\"paddingTop\":\"none\",\"paddingBottom\":\"small\",\"uiColor\":\"black\"}},\"19\":{\"type\":\"video\",\"enabled\":\"1\",\"fields\":{\"coverImage\":[\"64\"],\"video\":[\"18\"],\"backgroundColor\":\"#ffa600\",\"backgroundImage\":[\"65\"],\"paddingTop\":\"none\",\"paddingBottom\":\"big\",\"uiColor\":\"black\"}},\"20\":{\"type\":\"textTwoColumns\",\"enabled\":\"1\",\"fields\":{\"heading\":\"Design elements\",\"intro\":\"Colors for the Orangina website were besides the brand\\u2019s Blue and Yellow, based on the labels of the different flavours. \",\"body\":\"\",\"textColor\":\"#000000\",\"backgroundColor\":\"#ffffff\",\"paddingTop\":\"big\",\"paddingBottom\":\"none\",\"uiColor\":\"black\"}},\"22\":{\"type\":\"largeImage\",\"enabled\":\"1\",\"fields\":{\"image\":[\"59\"],\"backgroundImage\":\"\",\"backgroundColor\":\"#ffffff\",\"paddingTop\":\"none\",\"paddingBottom\":\"small\",\"uiColor\":\"black\"}},\"23\":{\"type\":\"textWithImage\",\"enabled\":\"1\",\"fields\":{\"heading\":\"Iconography\",\"intro\":\"To add on the playfull, quirky identity of Orangina, we created an iconset that was used throughout the website.\",\"body\":\"Our hands on mentality can be found throughout the whole process. We bring ideas to life early. We prototype to keep improving along the way. \",\"image\":[\"54\"],\"textColor\":\"#000000\",\"backgroundColor\":\"#ffffff\",\"imagePosition\":\"right\",\"paddingTop\":\"small\",\"paddingBottom\":\"big\",\"uiColor\":\"black\"}},\"25\":{\"type\":\"textTwoColumns\",\"enabled\":\"1\",\"fields\":{\"heading\":\"Final Designs\",\"intro\":\"The content of the new Orangina website was meantto be kept simple serving a few main purposes.\",\"body\":\"In general there were two main obectives, informing people about the available range of Orangina products and telling them about the history of Orangina as a brand. The homepage would then serve as a hub to these two objectives, as well as to the Orangina social channels.\",\"textColor\":\"#ffffff\",\"backgroundColor\":\"#092865\",\"paddingTop\":\"big\",\"paddingBottom\":\"none\",\"uiColor\":\"white\"}},\"29\":{\"type\":\"imageGallery\",\"enabled\":\"1\",\"fields\":{\"images\":[\"55\",\"57\",\"56\",\"64\"],\"backgroundColor\":\"#092865\",\"paddingTop\":\"none\",\"paddingBottom\":\"none\",\"uiColor\":\"white\"}}},\"41\":\"Orangina\",\"31\":{\"36\":{\"type\":\"item\",\"enabled\":\"1\",\"fields\":{\"role\":\"Development\",\"contributorName\":\"Inalise B.V.\"}}},\"40\":[\"62\"],\"50\":[\"71\"],\"39\":\"A quirky new online appearance for a soda brand\",\"36\":{\"30\":{\"type\":\"honour\",\"enabled\":\"1\",\"fields\":{\"honourName\":\"FWA SOTD\",\"logo\":[\"32\"]}},\"34\":{\"type\":\"honour\",\"enabled\":\"1\",\"fields\":{\"honourName\":\"FWA MOTD\",\"logo\":[\"32\"]}},\"35\":{\"type\":\"honour\",\"enabled\":\"1\",\"fields\":{\"honourName\":\"Awwwards SOTD\",\"logo\":[\"33\"]}}},\"43\":\"Responsive Website\",\"42\":\"http:\\/\\/orangina.eu\\/\",\"34\":{\"37\":{\"type\":\"role\",\"enabled\":\"1\",\"fields\":{\"role\":\"Interaction design\"}},\"38\":{\"type\":\"role\",\"enabled\":\"1\",\"fields\":{\"role\":\"UX Design\"}},\"39\":{\"type\":\"role\",\"enabled\":\"1\",\"fields\":{\"role\":\"Creative direction\"}},\"40\":{\"type\":\"role\",\"enabled\":\"1\",\"fields\":{\"role\":\"Concept\"}},\"41\":{\"type\":\"role\",\"enabled\":\"1\",\"fields\":{\"role\":\"Strategy\"}}}}}', '2016-03-15 14:46:13', '2016-03-15 14:46:13', '6b561fd3-8e0a-46f6-ab1e-6353dd01a9b8'),
 ('88', '10', '3', '1', 'en_us', '68', '', '{\"typeId\":\"3\",\"authorId\":\"1\",\"title\":\"Orangina global website\",\"slug\":\"orangina\",\"postDate\":1456411320,\"expiryDate\":null,\"enabled\":1,\"parentId\":null,\"fields\":{\"3\":{\"12\":{\"type\":\"textFullWidth\",\"enabled\":\"1\",\"fields\":{\"body\":\"Orangina refreshed their brand identity Achtung!\\/Kraftwerk wastasked to extend their newbrand identity to a fresh online experience. \",\"textColor\":\"#000000\",\"backgroundColor\":\"#ffffff\",\"paddingTop\":\"big\",\"paddingBottom\":\"small\",\"uiColor\":\"black\"}},\"14\":{\"type\":\"largeImage\",\"enabled\":\"1\",\"fields\":{\"image\":[\"61\"],\"backgroundImage\":[\"60\"],\"backgroundColor\":\"#000000\",\"paddingTop\":\"none\",\"paddingBottom\":\"big\",\"uiColor\":\"black\"}},\"17\":{\"type\":\"textTwoColumns\",\"enabled\":\"1\",\"fields\":{\"heading\":\"Strategy, Concept & UX\",\"intro\":\"The content of the new Orangina website was meantto be kept simple serving a few main purposes.\",\"body\":\"In general there were two main obectives, informing people about the available range of Orangina products and telling them about the history of Orangina as a brand. The homepage would then serve as a hub to these two objectives, as well as to the Orangina social channels.\",\"textColor\":\"#ffffff\",\"backgroundColor\":\"#fdaa31\",\"paddingTop\":\"none\",\"paddingBottom\":\"small\",\"uiColor\":\"black\"}},\"19\":{\"type\":\"video\",\"enabled\":\"1\",\"fields\":{\"coverImage\":[\"64\"],\"video\":[\"18\"],\"backgroundColor\":\"#ffa600\",\"backgroundImage\":[\"65\"],\"paddingTop\":\"none\",\"paddingBottom\":\"big\",\"uiColor\":\"black\"}},\"20\":{\"type\":\"textTwoColumns\",\"enabled\":\"1\",\"fields\":{\"heading\":\"Design elements\",\"intro\":\"Colors for the Orangina website were besides the brand\\u2019s Blue and Yellow, based on the labels of the different flavours. \",\"body\":\"\",\"textColor\":\"#000000\",\"backgroundColor\":\"#ffffff\",\"paddingTop\":\"big\",\"paddingBottom\":\"none\",\"uiColor\":\"black\"}},\"22\":{\"type\":\"largeImage\",\"enabled\":\"1\",\"fields\":{\"image\":[\"59\"],\"backgroundImage\":\"\",\"backgroundColor\":\"#ffffff\",\"paddingTop\":\"none\",\"paddingBottom\":\"small\",\"uiColor\":\"black\"}},\"23\":{\"type\":\"textWithImage\",\"enabled\":\"1\",\"fields\":{\"heading\":\"Iconography\",\"intro\":\"To add on the playfull, quirky identity of Orangina, we created an iconset that was used throughout the website.\",\"body\":\"Our hands on mentality can be found throughout the whole process. We bring ideas to life early. We prototype to keep improving along the way. \",\"image\":[\"54\"],\"textColor\":\"#000000\",\"backgroundColor\":\"#ffffff\",\"imagePosition\":\"right\",\"paddingTop\":\"small\",\"paddingBottom\":\"big\",\"uiColor\":\"black\"}},\"25\":{\"type\":\"textTwoColumns\",\"enabled\":\"1\",\"fields\":{\"heading\":\"Final Designs\",\"intro\":\"The content of the new Orangina website was meantto be kept simple serving a few main purposes.\",\"body\":\"In general there were two main obectives, informing people about the available range of Orangina products and telling them about the history of Orangina as a brand. The homepage would then serve as a hub to these two objectives, as well as to the Orangina social channels.\",\"textColor\":\"#ffffff\",\"backgroundColor\":\"#092865\",\"paddingTop\":\"big\",\"paddingBottom\":\"none\",\"uiColor\":\"white\"}},\"29\":{\"type\":\"imageGallery\",\"enabled\":\"1\",\"fields\":{\"images\":[\"55\",\"57\",\"56\",\"75\",\"74\"],\"backgroundColor\":\"#092865\",\"paddingTop\":\"none\",\"paddingBottom\":\"none\",\"uiColor\":\"white\"}}},\"41\":\"Orangina\",\"31\":{\"36\":{\"type\":\"item\",\"enabled\":\"1\",\"fields\":{\"role\":\"Development\",\"contributorName\":\"Inalise B.V.\"}}},\"40\":[\"62\"],\"50\":[\"71\"],\"39\":\"A quirky new online appearance for a soda brand\",\"36\":{\"30\":{\"type\":\"honour\",\"enabled\":\"1\",\"fields\":{\"honourName\":\"FWA SOTD\",\"logo\":[\"32\"]}},\"34\":{\"type\":\"honour\",\"enabled\":\"1\",\"fields\":{\"honourName\":\"FWA MOTD\",\"logo\":[\"32\"]}},\"35\":{\"type\":\"honour\",\"enabled\":\"1\",\"fields\":{\"honourName\":\"Awwwards SOTD\",\"logo\":[\"33\"]}}},\"43\":\"Responsive Website\",\"42\":\"http:\\/\\/orangina.eu\\/\",\"34\":{\"37\":{\"type\":\"role\",\"enabled\":\"1\",\"fields\":{\"role\":\"Interaction design\"}},\"38\":{\"type\":\"role\",\"enabled\":\"1\",\"fields\":{\"role\":\"UX Design\"}},\"39\":{\"type\":\"role\",\"enabled\":\"1\",\"fields\":{\"role\":\"Creative direction\"}},\"40\":{\"type\":\"role\",\"enabled\":\"1\",\"fields\":{\"role\":\"Concept\"}},\"41\":{\"type\":\"role\",\"enabled\":\"1\",\"fields\":{\"role\":\"Strategy\"}}}}}', '2016-03-15 14:47:02', '2016-03-15 14:47:02', '80fcd135-ba29-4bcf-83b0-cb16dd99358d'),
 ('89', '10', '3', '1', 'en_us', '69', '', '{\"typeId\":\"3\",\"authorId\":\"1\",\"title\":\"Orangina global website\",\"slug\":\"orangina\",\"postDate\":1456411320,\"expiryDate\":null,\"enabled\":1,\"parentId\":null,\"fields\":{\"3\":{\"12\":{\"type\":\"textFullWidth\",\"enabled\":\"1\",\"fields\":{\"body\":\"Orangina refreshed their brand identity Achtung!\\/Kraftwerk wastasked to extend their newbrand identity to a fresh online experience. \",\"textColor\":\"#000000\",\"backgroundColor\":\"#ffffff\",\"paddingTop\":\"big\",\"paddingBottom\":\"small\",\"uiColor\":\"black\"}},\"14\":{\"type\":\"largeImage\",\"enabled\":\"1\",\"fields\":{\"image\":[\"61\"],\"backgroundImage\":[\"60\"],\"backgroundColor\":\"#000000\",\"paddingTop\":\"none\",\"paddingBottom\":\"big\",\"uiColor\":\"black\"}},\"17\":{\"type\":\"textTwoColumns\",\"enabled\":\"1\",\"fields\":{\"heading\":\"Strategy, Concept & UX\",\"intro\":\"The content of the new Orangina website was meantto be kept simple serving a few main purposes.\",\"body\":\"In general there were two main obectives, informing people about the available range of Orangina products and telling them about the history of Orangina as a brand. The homepage would then serve as a hub to these two objectives, as well as to the Orangina social channels.\",\"textColor\":\"#ffffff\",\"backgroundColor\":\"#fdaa31\",\"paddingTop\":\"none\",\"paddingBottom\":\"small\",\"uiColor\":\"black\"}},\"19\":{\"type\":\"video\",\"enabled\":\"1\",\"fields\":{\"coverImage\":[\"64\"],\"video\":[\"18\"],\"backgroundColor\":\"#ffa600\",\"backgroundImage\":[\"65\"],\"paddingTop\":\"none\",\"paddingBottom\":\"big\",\"uiColor\":\"black\"}},\"20\":{\"type\":\"textTwoColumns\",\"enabled\":\"1\",\"fields\":{\"heading\":\"Design elements\",\"intro\":\"Colors for the Orangina website were besides the brand\\u2019s Blue and Yellow, based on the labels of the different flavours. \",\"body\":\"\",\"textColor\":\"#000000\",\"backgroundColor\":\"#ffffff\",\"paddingTop\":\"big\",\"paddingBottom\":\"none\",\"uiColor\":\"black\"}},\"22\":{\"type\":\"largeImage\",\"enabled\":\"1\",\"fields\":{\"image\":[\"59\"],\"backgroundImage\":\"\",\"backgroundColor\":\"#ffffff\",\"paddingTop\":\"none\",\"paddingBottom\":\"small\",\"uiColor\":\"black\"}},\"23\":{\"type\":\"textWithImage\",\"enabled\":\"1\",\"fields\":{\"heading\":\"Iconography\",\"intro\":\"To add on the playfull, quirky identity of Orangina, we created an iconset that was used throughout the website.\",\"body\":\"Our hands on mentality can be found throughout the whole process. We bring ideas to life early. We prototype to keep improving along the way. \",\"image\":[\"54\"],\"textColor\":\"#000000\",\"backgroundColor\":\"#ffffff\",\"imagePosition\":\"right\",\"paddingTop\":\"small\",\"paddingBottom\":\"big\",\"uiColor\":\"black\"}},\"25\":{\"type\":\"textTwoColumns\",\"enabled\":\"1\",\"fields\":{\"heading\":\"Final Designs\",\"intro\":\"The content of the new Orangina website was meantto be kept simple serving a few main purposes.\",\"body\":\"In general there were two main obectives, informing people about the available range of Orangina products and telling them about the history of Orangina as a brand. The homepage would then serve as a hub to these two objectives, as well as to the Orangina social channels.\",\"textColor\":\"#ffffff\",\"backgroundColor\":\"#092865\",\"paddingTop\":\"big\",\"paddingBottom\":\"none\",\"uiColor\":\"white\"}},\"29\":{\"type\":\"imageGallery\",\"enabled\":\"1\",\"fields\":{\"images\":[\"57\",\"56\",\"55\",\"75\",\"74\"],\"backgroundColor\":\"#092865\",\"paddingTop\":\"none\",\"paddingBottom\":\"none\",\"uiColor\":\"white\"}}},\"41\":\"Orangina\",\"31\":{\"36\":{\"type\":\"item\",\"enabled\":\"1\",\"fields\":{\"role\":\"Development\",\"contributorName\":\"Inalise B.V.\"}}},\"40\":[\"62\"],\"50\":[\"71\"],\"39\":\"A quirky new online appearance for a soda brand\",\"36\":{\"30\":{\"type\":\"honour\",\"enabled\":\"1\",\"fields\":{\"honourName\":\"FWA SOTD\",\"logo\":[\"32\"]}},\"34\":{\"type\":\"honour\",\"enabled\":\"1\",\"fields\":{\"honourName\":\"FWA MOTD\",\"logo\":[\"32\"]}},\"35\":{\"type\":\"honour\",\"enabled\":\"1\",\"fields\":{\"honourName\":\"Awwwards SOTD\",\"logo\":[\"33\"]}}},\"43\":\"Responsive Website\",\"42\":\"http:\\/\\/orangina.eu\\/\",\"34\":{\"37\":{\"type\":\"role\",\"enabled\":\"1\",\"fields\":{\"role\":\"Interaction design\"}},\"38\":{\"type\":\"role\",\"enabled\":\"1\",\"fields\":{\"role\":\"UX Design\"}},\"39\":{\"type\":\"role\",\"enabled\":\"1\",\"fields\":{\"role\":\"Creative direction\"}},\"40\":{\"type\":\"role\",\"enabled\":\"1\",\"fields\":{\"role\":\"Concept\"}},\"41\":{\"type\":\"role\",\"enabled\":\"1\",\"fields\":{\"role\":\"Strategy\"}}}}}', '2016-03-15 14:47:14', '2016-03-15 14:47:14', 'e61b00a0-ec4e-46f3-af9c-01004757b17d'),
 ('90', '66', '3', '1', 'en_us', '4', '', '{\"typeId\":\"3\",\"authorId\":\"1\",\"title\":\"Chocomel brand portal\",\"slug\":\"chocomel-brand-portal\",\"postDate\":1457363040,\"expiryDate\":null,\"enabled\":1,\"parentId\":null,\"fields\":{\"3\":\"\",\"41\":\"Chocomel\",\"31\":\"\",\"40\":[\"67\"],\"50\":[\"73\"],\"39\":\"For the love of chocolate\",\"36\":\"\",\"43\":\"Responsive Website\",\"42\":\"\",\"34\":\"\"}}', '2016-03-16 12:43:45', '2016-03-16 12:43:45', '9c4b7e63-9bcb-4d12-9fba-50435c740ea2'),
 ('92', '5', '5', '1', 'en_us', '5', '', '{\"typeId\":\"5\",\"authorId\":null,\"title\":\"Homepage\",\"slug\":\"homepage\",\"postDate\":1457355131,\"expiryDate\":null,\"enabled\":1,\"parentId\":null,\"fields\":{\"10\":[\"10\",\"66\",\"78\"]}}', '2016-03-16 14:28:38', '2016-03-16 14:28:38', 'd4c1f8e9-3d3d-46ca-9d16-118901c7664c'),
 ('93', '66', '3', '1', 'en_us', '5', '', '{\"typeId\":\"3\",\"authorId\":\"1\",\"title\":\"Chocomel brand portal\",\"slug\":\"chocomel-brand-portal\",\"postDate\":1457363040,\"expiryDate\":null,\"enabled\":1,\"parentId\":null,\"fields\":{\"3\":{\"new1\":{\"type\":\"textFullWidth\",\"enabled\":\"1\",\"fields\":{\"body\":\"A website that let\\u2019s fans share their love for Chocomel, seamlessly integrated with a delicious product showcase.\",\"textColor\":\"#000000\",\"backgroundColor\":\"#000000\",\"paddingTop\":\"big\",\"paddingBottom\":\"none\",\"uiColor\":\"black\"}},\"new2\":{\"type\":\"textWithImage\",\"enabled\":\"1\",\"fields\":{\"heading\":\"Designing for a love brand\",\"intro\":\"When we were asked to design the brand portal for Chocomel we knew it was about chocolate love. A lot of loyal fans have a healthy obsession for this tasty chocolate drink.\",\"body\":\"\",\"image\":[\"79\"],\"textColor\":\"#ffffff\",\"backgroundColor\":\"#391f10\",\"imagePosition\":\"right\",\"paddingTop\":\"big\",\"paddingBottom\":\"big\",\"uiColor\":\"white\"}}},\"41\":\"Chocomel\",\"31\":\"\",\"40\":[\"67\"],\"50\":[\"73\"],\"39\":\"For the love of chocolate\",\"36\":\"\",\"43\":\"Mobile Application\",\"42\":\"\",\"34\":\"\"}}', '2016-03-16 15:28:59', '2016-03-16 15:28:59', 'a39f90fc-5f89-4e2f-9875-336244a6818c'),
 ('94', '66', '3', '1', 'en_us', '6', '', '{\"typeId\":\"3\",\"authorId\":\"1\",\"title\":\"Chocomel brand portal\",\"slug\":\"chocomel-brand-portal\",\"postDate\":1457363040,\"expiryDate\":null,\"enabled\":1,\"parentId\":null,\"fields\":{\"3\":{\"80\":{\"type\":\"textFullWidth\",\"enabled\":\"1\",\"fields\":{\"body\":\"A website that let\\u2019s fans share their love for Chocomel, seamlessly integrated with a delicious product showcase.\",\"textColor\":\"#000000\",\"backgroundColor\":\"#000000\",\"paddingTop\":\"big\",\"paddingBottom\":\"none\",\"uiColor\":\"black\"}},\"81\":{\"type\":\"textWithImage\",\"enabled\":\"1\",\"fields\":{\"heading\":\"Designing for a love brand\",\"intro\":\"When we were asked to design the brand portal for Chocomel we knew it was about chocolate love. A lot of loyal fans have a healthy obsession for this tasty chocolate drink.\",\"body\":\"Chocomel wanted to position themselves as an A-brand bevarage along with the common soft drinks. Their previous image was more cozy and soft. The new image on the otherhand was to be more fashionable and exclusive.\",\"image\":[\"79\"],\"textColor\":\"#ffffff\",\"backgroundColor\":\"#391f10\",\"imagePosition\":\"right\",\"paddingTop\":\"big\",\"paddingBottom\":\"big\",\"uiColor\":\"white\"}}},\"41\":\"Chocomel\",\"31\":\"\",\"40\":[\"67\"],\"50\":[\"73\"],\"39\":\"For the love of chocolate\",\"36\":\"\",\"43\":\"Mobile Application\",\"42\":\"\",\"34\":\"\"}}', '2016-03-16 15:29:43', '2016-03-16 15:29:43', 'b0addf28-e097-4299-9385-4ecbb2c5c1a7'),
 ('95', '66', '3', '1', 'en_us', '7', '', '{\"typeId\":\"3\",\"authorId\":\"1\",\"title\":\"Chocomel brand portal\",\"slug\":\"chocomel-brand-portal\",\"postDate\":1457363040,\"expiryDate\":null,\"enabled\":1,\"parentId\":null,\"fields\":{\"3\":{\"80\":{\"type\":\"textFullWidth\",\"enabled\":\"1\",\"fields\":{\"body\":\"A website that let\\u2019s fans share their love for Chocomel, seamlessly integrated with a delicious product showcase.\",\"textColor\":\"#000000\",\"backgroundColor\":\"#ffffff\",\"paddingTop\":\"big\",\"paddingBottom\":\"none\",\"uiColor\":\"black\"}},\"81\":{\"type\":\"textWithImage\",\"enabled\":\"1\",\"fields\":{\"heading\":\"Designing for a love brand\",\"intro\":\"When we were asked to design the brand portal for Chocomel we knew it was about chocolate love. A lot of loyal fans have a healthy obsession for this tasty chocolate drink.\",\"body\":\"Chocomel wanted to position themselves as an A-brand bevarage along with the common soft drinks. Their previous image was more cozy and soft. The new image on the otherhand was to be more fashionable and exclusive.\",\"image\":[\"79\"],\"textColor\":\"#ffffff\",\"backgroundColor\":\"#391f10\",\"imagePosition\":\"right\",\"paddingTop\":\"big\",\"paddingBottom\":\"big\",\"uiColor\":\"white\"}}},\"41\":\"Chocomel\",\"31\":\"\",\"40\":[\"67\"],\"50\":[\"73\"],\"39\":\"For the love of chocolate\",\"36\":\"\",\"43\":\"Mobile Application\",\"42\":\"\",\"34\":\"\"}}', '2016-03-16 15:30:38', '2016-03-16 15:30:38', 'a667d75c-665e-477a-98f5-8125a6f31565'),
 ('96', '66', '3', '1', 'en_us', '8', '', '{\"typeId\":\"3\",\"authorId\":\"1\",\"title\":\"Chocomel brand portal\",\"slug\":\"chocomel-brand-portal\",\"postDate\":1457363040,\"expiryDate\":null,\"enabled\":1,\"parentId\":null,\"fields\":{\"3\":{\"80\":{\"type\":\"textFullWidth\",\"enabled\":\"1\",\"fields\":{\"body\":\"A website that let\\u2019s fans share their love for Chocomel, seamlessly integrated with a delicious product showcase.\",\"textColor\":\"#000000\",\"backgroundColor\":\"#ffffff\",\"paddingTop\":\"big\",\"paddingBottom\":\"big\",\"uiColor\":\"black\"}},\"81\":{\"type\":\"textWithImage\",\"enabled\":\"1\",\"fields\":{\"heading\":\"Designing for a love brand\",\"intro\":\"When we were asked to design the brand portal for Chocomel we knew it was about chocolate love. A lot of loyal fans have a healthy obsession for this tasty chocolate drink.\",\"body\":\"Chocomel wanted to position themselves as an A-brand bevarage along with the common soft drinks. Their previous image was more cozy and soft. The new image on the otherhand was to be more fashionable and exclusive.\",\"image\":[\"79\"],\"textColor\":\"#ffffff\",\"backgroundColor\":\"#391f10\",\"imagePosition\":\"right\",\"paddingTop\":\"big\",\"paddingBottom\":\"big\",\"uiColor\":\"white\"}}},\"41\":\"Chocomel\",\"31\":\"\",\"40\":[\"67\"],\"50\":[\"73\"],\"39\":\"For the love of chocolate\",\"36\":\"\",\"43\":\"Mobile Application\",\"42\":\"\",\"34\":\"\"}}', '2016-03-16 15:31:03', '2016-03-16 15:31:03', '4a9e876d-12f4-4726-9baf-bce957553f94'),
 ('97', '66', '3', '1', 'en_us', '9', '', '{\"typeId\":\"3\",\"authorId\":\"1\",\"title\":\"Chocomel brand portal\",\"slug\":\"chocomel-brand-portal\",\"postDate\":1457363040,\"expiryDate\":null,\"enabled\":1,\"parentId\":null,\"fields\":{\"3\":{\"80\":{\"type\":\"textFullWidth\",\"enabled\":\"1\",\"fields\":{\"body\":\"A website that let\\u2019s fans share their love for Chocomel, seamlessly integrated with a delicious product showcase.\",\"textColor\":\"#000000\",\"backgroundColor\":\"#ffffff\",\"paddingTop\":\"big\",\"paddingBottom\":\"big\",\"uiColor\":\"black\"}},\"81\":{\"type\":\"textWithImage\",\"enabled\":\"1\",\"fields\":{\"heading\":\"Designing for a love brand\",\"intro\":\"When we were asked to design the brand portal for Chocomel we knew it was about chocolate love. A lot of loyal fans have a healthy obsession for this tasty chocolate drink.\",\"body\":\"Chocomel wanted to position themselves as an A-brand bevarage along with the common soft drinks. Their previous image was more cozy and soft. The new image on the otherhand was to be more fashionable and exclusive.\",\"image\":[\"79\"],\"textColor\":\"#ffffff\",\"backgroundColor\":\"#391f10\",\"imagePosition\":\"right\",\"paddingTop\":\"big\",\"paddingBottom\":\"big\",\"uiColor\":\"white\"}},\"new1\":{\"type\":\"largeImage\",\"enabled\":\"1\",\"fields\":{\"image\":[\"82\"],\"backgroundImage\":\"\",\"backgroundColor\":\"#ffffff\",\"paddingTop\":\"big\",\"paddingBottom\":\"big\",\"uiColor\":\"black\"}}},\"41\":\"Chocomel\",\"31\":\"\",\"40\":[\"67\"],\"50\":[\"73\"],\"39\":\"For the love of chocolate\",\"36\":\"\",\"43\":\"Mobile Application\",\"42\":\"\",\"34\":\"\"}}', '2016-03-16 15:33:25', '2016-03-16 15:33:25', 'b4063395-4b16-4e9e-b57d-9c8a648a9913'),
 ('98', '66', '3', '1', 'en_us', '10', '', '{\"typeId\":\"3\",\"authorId\":\"1\",\"title\":\"Chocomel brand portal\",\"slug\":\"chocomel-brand-portal\",\"postDate\":1457363040,\"expiryDate\":null,\"enabled\":1,\"parentId\":null,\"fields\":{\"3\":{\"80\":{\"type\":\"textFullWidth\",\"enabled\":\"1\",\"fields\":{\"body\":\"A website that let\\u2019s fans share their love for Chocomel, seamlessly integrated with a delicious product showcase.\",\"textColor\":\"#000000\",\"backgroundColor\":\"#ffffff\",\"paddingTop\":\"big\",\"paddingBottom\":\"big\",\"uiColor\":\"black\"}},\"81\":{\"type\":\"textWithImage\",\"enabled\":\"1\",\"fields\":{\"heading\":\"Designing for a love brand\",\"intro\":\"When we were asked to design the brand portal for Chocomel we knew it was about chocolate love. A lot of loyal fans have a healthy obsession for this tasty chocolate drink.\",\"body\":\"Chocomel wanted to position themselves as an A-brand bevarage along with the common soft drinks. Their previous image was more cozy and soft. The new image on the otherhand was to be more fashionable and exclusive.\",\"image\":[\"79\"],\"textColor\":\"#ffffff\",\"backgroundColor\":\"#391f10\",\"imagePosition\":\"right\",\"paddingTop\":\"big\",\"paddingBottom\":\"big\",\"uiColor\":\"white\"}},\"83\":{\"type\":\"largeImage\",\"enabled\":\"1\",\"fields\":{\"image\":[\"82\"],\"backgroundImage\":[\"84\"],\"backgroundColor\":\"#ffffff\",\"paddingTop\":\"big\",\"paddingBottom\":\"big\",\"uiColor\":\"black\"}}},\"41\":\"Chocomel\",\"31\":\"\",\"40\":[\"67\"],\"50\":[\"73\"],\"39\":\"For the love of chocolate\",\"36\":\"\",\"43\":\"Mobile Application\",\"42\":\"\",\"34\":\"\"}}', '2016-03-16 15:36:19', '2016-03-16 15:36:19', 'f74e9b6d-62b2-4ac1-b1d1-04b66e76461f'),
 ('99', '66', '3', '1', 'en_us', '11', '', '{\"typeId\":\"3\",\"authorId\":\"1\",\"title\":\"Chocomel brand portal\",\"slug\":\"chocomel-brand-portal\",\"postDate\":1457363040,\"expiryDate\":null,\"enabled\":1,\"parentId\":null,\"fields\":{\"3\":{\"80\":{\"type\":\"textFullWidth\",\"enabled\":\"1\",\"fields\":{\"body\":\"A website that let\\u2019s fans share their love for Chocomel, seamlessly integrated with a delicious product showcase.\",\"textColor\":\"#000000\",\"backgroundColor\":\"#ffffff\",\"paddingTop\":\"big\",\"paddingBottom\":\"big\",\"uiColor\":\"black\"}},\"81\":{\"type\":\"textWithImage\",\"enabled\":\"1\",\"fields\":{\"heading\":\"Designing for a love brand\",\"intro\":\"When we were asked to design the brand portal for Chocomel we knew it was about chocolate love. A lot of loyal fans have a healthy obsession for this tasty chocolate drink.\",\"body\":\"Chocomel wanted to position themselves as an A-brand bevarage along with the common soft drinks. Their previous image was more cozy and soft. The new image on the otherhand was to be more fashionable and exclusive.\",\"image\":[\"79\"],\"textColor\":\"#ffffff\",\"backgroundColor\":\"#391f10\",\"imagePosition\":\"right\",\"paddingTop\":\"big\",\"paddingBottom\":\"big\",\"uiColor\":\"white\"}},\"83\":{\"type\":\"largeImage\",\"enabled\":\"1\",\"fields\":{\"image\":[\"82\"],\"backgroundImage\":[\"84\"],\"backgroundColor\":\"#ffffff\",\"paddingTop\":\"big\",\"paddingBottom\":\"big\",\"uiColor\":\"black\"}},\"new1\":{\"type\":\"textWithImage\",\"enabled\":\"1\",\"fields\":{\"heading\":\"The voice of chocomel lovers\",\"intro\":\"Instead of Chocomel telling visitors how great Chocomel really is, we engaged the already big group of fans and let them speak for the brand.\",\"body\":\"In a mix of owned and shared content, the homepage is build up from quotes on twitter, fanphoto\\u2019s on instagram and video\\u2019s on youtube.\",\"image\":[\"85\"],\"textColor\":\"#391f10\",\"backgroundColor\":\"#f0e9e4\",\"imagePosition\":\"left\",\"paddingTop\":\"none\",\"paddingBottom\":\"big\",\"uiColor\":\"black\"}}},\"41\":\"Chocomel\",\"31\":\"\",\"40\":[\"67\"],\"50\":[\"73\"],\"39\":\"For the love of chocolate\",\"36\":\"\",\"43\":\"Mobile Application\",\"42\":\"\",\"34\":\"\"}}', '2016-03-16 15:46:55', '2016-03-16 15:46:55', '545407ae-e7bf-4d8a-a2c4-5775b62d27ff'),
 ('100', '66', '3', '1', 'en_us', '12', '', '{\"typeId\":\"3\",\"authorId\":\"1\",\"title\":\"Chocomel brand portal\",\"slug\":\"chocomel-brand-portal\",\"postDate\":1457363040,\"expiryDate\":null,\"enabled\":1,\"parentId\":null,\"fields\":{\"3\":{\"80\":{\"type\":\"textFullWidth\",\"enabled\":\"1\",\"fields\":{\"body\":\"A website that let\\u2019s fans share their love for Chocomel, seamlessly integrated with a delicious product showcase.\",\"textColor\":\"#000000\",\"backgroundColor\":\"#ffffff\",\"paddingTop\":\"big\",\"paddingBottom\":\"big\",\"uiColor\":\"black\"}},\"81\":{\"type\":\"textWithImage\",\"enabled\":\"1\",\"fields\":{\"heading\":\"Designing for a love brand\",\"intro\":\"When we were asked to design the brand portal for Chocomel we knew it was about chocolate love. A lot of loyal fans have a healthy obsession for this tasty chocolate drink.\",\"body\":\"Chocomel wanted to position themselves as an A-brand bevarage along with the common soft drinks. Their previous image was more cozy and soft. The new image on the otherhand was to be more fashionable and exclusive.\",\"image\":[\"79\"],\"textColor\":\"#ffffff\",\"backgroundColor\":\"#391f10\",\"imagePosition\":\"right\",\"paddingTop\":\"big\",\"paddingBottom\":\"big\",\"uiColor\":\"white\"}},\"83\":{\"type\":\"largeImage\",\"enabled\":\"1\",\"fields\":{\"image\":[\"82\"],\"backgroundImage\":[\"84\"],\"backgroundColor\":\"#ffffff\",\"paddingTop\":\"big\",\"paddingBottom\":\"big\",\"uiColor\":\"black\"}},\"86\":{\"type\":\"textWithImage\",\"enabled\":\"1\",\"fields\":{\"heading\":\"The voice of chocomel lovers\",\"intro\":\"Instead of Chocomel telling visitors how great Chocomel really is, we engaged the already big group of fans and let them speak for the brand.\",\"body\":\"In a mix of owned and shared content, the homepage is build up from quotes on twitter, fanphoto\\u2019s on instagram and video\\u2019s on youtube.\",\"image\":[\"85\"],\"textColor\":\"#391f10\",\"backgroundColor\":\"#f0e9e4\",\"imagePosition\":\"left\",\"paddingTop\":\"none\",\"paddingBottom\":\"big\",\"uiColor\":\"black\"}},\"new1\":{\"type\":\"textTwoColumns\",\"enabled\":\"1\",\"fields\":{\"heading\":\"Enjoying your Chocomel hot or cold?\",\"intro\":\"Winter or summer, Chocomel can be consumed\\r\\nboth hot and cold. \",\"body\":\"Depending on the season, we present the hero product in a warm mug or a cold glass. Since there is an ever lasting discussion on how Chocomel should be consumed, we gave users the option to switch.\",\"textColor\":\"#ffffff\",\"backgroundColor\":\"#3f2012\",\"paddingTop\":\"big\",\"paddingBottom\":\"small\",\"uiColor\":\"white\"}},\"new2\":{\"type\":\"largeImage\",\"enabled\":\"1\",\"fields\":{\"image\":[\"88\"],\"backgroundImage\":[\"87\"],\"backgroundColor\":\"#000000\",\"paddingTop\":\"none\",\"paddingBottom\":\"big\",\"uiColor\":\"white\"}}},\"41\":\"Chocomel\",\"31\":\"\",\"40\":[\"67\"],\"50\":[\"73\"],\"39\":\"For the love of chocolate\",\"36\":\"\",\"43\":\"Mobile Application\",\"42\":\"\",\"34\":\"\"}}', '2016-03-16 15:54:54', '2016-03-16 15:54:54', '3314db89-d328-48af-b022-1192b4b5c04a'),
 ('101', '66', '3', '1', 'en_us', '13', '', '{\"typeId\":\"3\",\"authorId\":\"1\",\"title\":\"Chocomel brand portal\",\"slug\":\"chocomel-brand-portal\",\"postDate\":1457363040,\"expiryDate\":null,\"enabled\":1,\"parentId\":null,\"fields\":{\"3\":{\"80\":{\"type\":\"textFullWidth\",\"enabled\":\"1\",\"fields\":{\"body\":\"A website that let\\u2019s fans share their love for Chocomel, seamlessly integrated with a delicious product showcase.\",\"textColor\":\"#000000\",\"backgroundColor\":\"#ffffff\",\"paddingTop\":\"big\",\"paddingBottom\":\"big\",\"uiColor\":\"black\"}},\"81\":{\"type\":\"textWithImage\",\"enabled\":\"1\",\"fields\":{\"heading\":\"Designing for a love brand\",\"intro\":\"When we were asked to design the brand portal for Chocomel we knew it was about chocolate love. A lot of loyal fans have a healthy obsession for this tasty chocolate drink.\",\"body\":\"Chocomel wanted to position themselves as an A-brand bevarage along with the common soft drinks. Their previous image was more cozy and soft. The new image on the otherhand was to be more fashionable and exclusive.\",\"image\":[\"79\"],\"textColor\":\"#ffffff\",\"backgroundColor\":\"#391f10\",\"imagePosition\":\"right\",\"paddingTop\":\"big\",\"paddingBottom\":\"big\",\"uiColor\":\"white\"}},\"83\":{\"type\":\"largeImage\",\"enabled\":\"1\",\"fields\":{\"image\":[\"82\"],\"backgroundImage\":[\"84\"],\"backgroundColor\":\"#ffffff\",\"paddingTop\":\"big\",\"paddingBottom\":\"big\",\"uiColor\":\"black\"}},\"86\":{\"type\":\"textWithImage\",\"enabled\":\"1\",\"fields\":{\"heading\":\"The voice of chocomel lovers\",\"intro\":\"Instead of Chocomel telling visitors how great Chocomel really is, we engaged the already big group of fans and let them speak for the brand.\",\"body\":\"In a mix of owned and shared content, the homepage is build up from quotes on twitter, fanphoto\\u2019s on instagram and video\\u2019s on youtube.\",\"image\":[\"85\"],\"textColor\":\"#391f10\",\"backgroundColor\":\"#f0e9e4\",\"imagePosition\":\"left\",\"paddingTop\":\"none\",\"paddingBottom\":\"big\",\"uiColor\":\"black\"}},\"89\":{\"type\":\"textTwoColumns\",\"enabled\":\"1\",\"fields\":{\"heading\":\"Enjoying your Chocomel hot or cold?\",\"intro\":\"Winter or summer, Chocomel can be consumed\\r\\nboth hot and cold. \",\"body\":\"Depending on the season, we present the hero product in a warm mug or a cold glass. Since there is an ever lasting discussion on how Chocomel should be consumed, we gave users the option to switch.\",\"textColor\":\"#ffffff\",\"backgroundColor\":\"#3f2012\",\"paddingTop\":\"big\",\"paddingBottom\":\"small\",\"uiColor\":\"white\"}},\"90\":{\"type\":\"largeImage\",\"enabled\":\"1\",\"fields\":{\"image\":[\"88\"],\"backgroundImage\":[\"87\"],\"backgroundColor\":\"#000000\",\"paddingTop\":\"none\",\"paddingBottom\":\"big\",\"uiColor\":\"white\"}},\"new1\":{\"type\":\"textTwoColumns\",\"enabled\":\"1\",\"fields\":{\"heading\":\"Life sized photography\",\"intro\":\"When it comes to the product, we let the iconic photography speak.\",\"body\":\"In a colorful design, we showed visitors life size photography of the iconic Chocomel pack paired with a hot mug or a cool glass. The product pages has all the key information visitors want to know about their drink: nutritional information, ingredi\\u00ebnts, pack sizes and tell about the durable chocolate that is used in the drink.\",\"textColor\":\"#000000\",\"backgroundColor\":\"#ffffff\",\"paddingTop\":\"big\",\"paddingBottom\":\"big\",\"uiColor\":\"black\"}}},\"41\":\"Chocomel\",\"31\":\"\",\"40\":[\"67\"],\"50\":[\"73\"],\"39\":\"For the love of chocolate\",\"36\":\"\",\"43\":\"Mobile Application\",\"42\":\"\",\"34\":\"\"}}', '2016-03-16 16:47:03', '2016-03-16 16:47:03', 'a2647f3a-6b6a-43f5-a0d3-8a2dfd89367f'),
 ('102', '66', '3', '1', 'en_us', '14', '', '{\"typeId\":\"3\",\"authorId\":\"1\",\"title\":\"Chocomel brand portal\",\"slug\":\"chocomel-brand-portal\",\"postDate\":1457363040,\"expiryDate\":null,\"enabled\":1,\"parentId\":null,\"fields\":{\"3\":{\"80\":{\"type\":\"textFullWidth\",\"enabled\":\"1\",\"fields\":{\"body\":\"A website that let\\u2019s fans share their love for Chocomel, seamlessly integrated with a delicious product showcase.\",\"textColor\":\"#000000\",\"backgroundColor\":\"#ffffff\",\"paddingTop\":\"big\",\"paddingBottom\":\"big\",\"uiColor\":\"black\"}},\"81\":{\"type\":\"textWithImage\",\"enabled\":\"1\",\"fields\":{\"heading\":\"Designing for a love brand\",\"intro\":\"When we were asked to design the brand portal for Chocomel we knew it was about chocolate love. A lot of loyal fans have a healthy obsession for this tasty chocolate drink.\",\"body\":\"Chocomel wanted to position themselves as an A-brand bevarage along with the common soft drinks. Their previous image was more cozy and soft. The new image on the otherhand was to be more fashionable and exclusive.\",\"image\":[\"79\"],\"textColor\":\"#ffffff\",\"backgroundColor\":\"#391f10\",\"imagePosition\":\"right\",\"paddingTop\":\"big\",\"paddingBottom\":\"big\",\"uiColor\":\"white\"}},\"83\":{\"type\":\"largeImage\",\"enabled\":\"1\",\"fields\":{\"image\":[\"82\"],\"backgroundImage\":[\"84\"],\"backgroundColor\":\"#ffffff\",\"paddingTop\":\"big\",\"paddingBottom\":\"big\",\"uiColor\":\"black\"}},\"86\":{\"type\":\"textWithImage\",\"enabled\":\"1\",\"fields\":{\"heading\":\"The voice of chocomel lovers\",\"intro\":\"Instead of Chocomel telling visitors how great Chocomel really is, we engaged the already big group of fans and let them speak for the brand.\",\"body\":\"In a mix of owned and shared content, the homepage is build up from quotes on twitter, fanphoto\\u2019s on instagram and video\\u2019s on youtube.\",\"image\":[\"85\"],\"textColor\":\"#391f10\",\"backgroundColor\":\"#f0e9e4\",\"imagePosition\":\"left\",\"paddingTop\":\"none\",\"paddingBottom\":\"big\",\"uiColor\":\"black\"}},\"89\":{\"type\":\"textTwoColumns\",\"enabled\":\"1\",\"fields\":{\"heading\":\"Enjoying your Chocomel hot or cold?\",\"intro\":\"Winter or summer, Chocomel can be consumed\\r\\nboth hot and cold. \",\"body\":\"Depending on the season, we present the hero product in a warm mug or a cold glass. Since there is an ever lasting discussion on how Chocomel should be consumed, we gave users the option to switch.\",\"textColor\":\"#ffffff\",\"backgroundColor\":\"#3f2012\",\"paddingTop\":\"big\",\"paddingBottom\":\"small\",\"uiColor\":\"white\"}},\"90\":{\"type\":\"largeImage\",\"enabled\":\"1\",\"fields\":{\"image\":[\"88\"],\"backgroundImage\":[\"87\"],\"backgroundColor\":\"#000000\",\"paddingTop\":\"none\",\"paddingBottom\":\"big\",\"uiColor\":\"white\"}},\"91\":{\"type\":\"textTwoColumns\",\"enabled\":\"1\",\"fields\":{\"heading\":\"Life sized photography\",\"intro\":\"When it comes to the product, we let the iconic photography speak.\",\"body\":\"In a colorful design, we showed visitors life size photography of the iconic Chocomel pack paired with a hot mug or a cool glass. The product pages has all the key information visitors want to know about their drink: nutritional information, ingredi\\u00ebnts, pack sizes and tell about the durable chocolate that is used in the drink.\",\"textColor\":\"#000000\",\"backgroundColor\":\"#ffffff\",\"paddingTop\":\"big\",\"paddingBottom\":\"big\",\"uiColor\":\"black\"}},\"new1\":{\"type\":\"largeImage\",\"enabled\":\"1\",\"fields\":{\"image\":[\"92\"],\"backgroundImage\":\"\",\"backgroundColor\":\"#000000\",\"paddingTop\":\"none\",\"paddingBottom\":\"none\",\"uiColor\":\"black\"}}},\"41\":\"Chocomel\",\"31\":\"\",\"40\":[\"67\"],\"50\":[\"73\"],\"39\":\"For the love of chocolate\",\"36\":\"\",\"43\":\"Mobile Application\",\"42\":\"\",\"34\":\"\"}}', '2016-03-16 16:53:30', '2016-03-16 16:53:30', '23ebbf48-e762-4252-9eea-a18c12502e8d'),
 ('103', '66', '3', '1', 'en_us', '15', '', '{\"typeId\":\"3\",\"authorId\":\"1\",\"title\":\"Chocomel brand portal\",\"slug\":\"chocomel-brand-portal\",\"postDate\":1457363040,\"expiryDate\":null,\"enabled\":1,\"parentId\":null,\"fields\":{\"3\":{\"80\":{\"type\":\"textFullWidth\",\"enabled\":\"1\",\"fields\":{\"body\":\"A website that let\\u2019s fans share their love for Chocomel, seamlessly integrated with a delicious product showcase.\",\"textColor\":\"#000000\",\"backgroundColor\":\"#ffffff\",\"paddingTop\":\"big\",\"paddingBottom\":\"big\",\"uiColor\":\"black\"}},\"81\":{\"type\":\"textWithImage\",\"enabled\":\"1\",\"fields\":{\"heading\":\"Designing for a love brand\",\"intro\":\"When we were asked to design the brand portal for Chocomel we knew it was about chocolate love. A lot of loyal fans have a healthy obsession for this tasty chocolate drink.\",\"body\":\"Chocomel wanted to position themselves as an A-brand bevarage along with the common soft drinks. Their previous image was more cozy and soft. The new image on the otherhand was to be more fashionable and exclusive.\",\"image\":[\"79\"],\"textColor\":\"#ffffff\",\"backgroundColor\":\"#391f10\",\"imagePosition\":\"right\",\"paddingTop\":\"big\",\"paddingBottom\":\"big\",\"uiColor\":\"white\"}},\"83\":{\"type\":\"largeImage\",\"enabled\":\"1\",\"fields\":{\"image\":[\"82\"],\"backgroundImage\":[\"84\"],\"backgroundColor\":\"#ffffff\",\"paddingTop\":\"big\",\"paddingBottom\":\"big\",\"uiColor\":\"black\"}},\"86\":{\"type\":\"textWithImage\",\"enabled\":\"1\",\"fields\":{\"heading\":\"The voice of chocomel lovers\",\"intro\":\"Instead of Chocomel telling visitors how great Chocomel really is, we engaged the already big group of fans and let them speak for the brand.\",\"body\":\"In a mix of owned and shared content, the homepage is build up from quotes on twitter, fanphoto\\u2019s on instagram and video\\u2019s on youtube.\",\"image\":[\"85\"],\"textColor\":\"#391f10\",\"backgroundColor\":\"#f0e9e4\",\"imagePosition\":\"left\",\"paddingTop\":\"none\",\"paddingBottom\":\"big\",\"uiColor\":\"black\"}},\"89\":{\"type\":\"textTwoColumns\",\"enabled\":\"1\",\"fields\":{\"heading\":\"Enjoying your Chocomel hot or cold?\",\"intro\":\"Winter or summer, Chocomel can be consumed\\r\\nboth hot and cold. \",\"body\":\"Depending on the season, we present the hero product in a warm mug or a cold glass. Since there is an ever lasting discussion on how Chocomel should be consumed, we gave users the option to switch.\",\"textColor\":\"#ffffff\",\"backgroundColor\":\"#3f2012\",\"paddingTop\":\"big\",\"paddingBottom\":\"small\",\"uiColor\":\"white\"}},\"90\":{\"type\":\"largeImage\",\"enabled\":\"1\",\"fields\":{\"image\":[\"88\"],\"backgroundImage\":[\"87\"],\"backgroundColor\":\"#000000\",\"paddingTop\":\"none\",\"paddingBottom\":\"big\",\"uiColor\":\"white\"}},\"91\":{\"type\":\"textTwoColumns\",\"enabled\":\"1\",\"fields\":{\"heading\":\"Life sized photography\",\"intro\":\"When it comes to the product, we let the iconic photography speak.\",\"body\":\"In a colorful design, we showed visitors life size photography of the iconic Chocomel pack paired with a hot mug or a cool glass. The product pages has all the key information visitors want to know about their drink: nutritional information, ingredi\\u00ebnts, pack sizes and tell about the durable chocolate that is used in the drink.\",\"textColor\":\"#000000\",\"backgroundColor\":\"#ffffff\",\"paddingTop\":\"big\",\"paddingBottom\":\"big\",\"uiColor\":\"black\"}},\"93\":{\"type\":\"largeImage\",\"enabled\":\"1\",\"fields\":{\"image\":[\"92\"],\"backgroundImage\":\"\",\"backgroundColor\":\"#ffffff\",\"paddingTop\":\"none\",\"paddingBottom\":\"big\",\"uiColor\":\"black\"}}},\"41\":\"Chocomel\",\"31\":\"\",\"40\":[\"67\"],\"50\":[\"73\"],\"39\":\"For the love of chocolate\",\"36\":\"\",\"43\":\"Mobile Application\",\"42\":\"\",\"34\":\"\"}}', '2016-03-16 16:54:12', '2016-03-16 16:54:12', '84830a40-5a0f-4e65-9108-3310e28e7b11'),
 ('104', '10', '3', '1', 'en_us', '70', '', '{\"typeId\":\"3\",\"authorId\":\"1\",\"title\":\"Orangina global website\",\"slug\":\"orangina\",\"postDate\":1456411320,\"expiryDate\":null,\"enabled\":1,\"parentId\":null,\"fields\":{\"3\":{\"12\":{\"type\":\"textFullWidth\",\"enabled\":\"1\",\"fields\":{\"body\":\"Orangina refreshed their brand identity Achtung!\\/Kraftwerk wastasked to extend their newbrand identity to a fresh online experience. \",\"textColor\":\"#000000\",\"backgroundColor\":\"#ffffff\",\"paddingTop\":\"big\",\"paddingBottom\":\"small\",\"uiColor\":\"black\"}},\"14\":{\"type\":\"largeImage\",\"enabled\":\"1\",\"fields\":{\"image\":[\"61\"],\"backgroundImage\":[\"60\"],\"backgroundColor\":\"#000000\",\"paddingTop\":\"none\",\"paddingBottom\":\"big\",\"uiColor\":\"black\"}},\"17\":{\"type\":\"textTwoColumns\",\"enabled\":\"1\",\"fields\":{\"heading\":\"Strategy, Concept & UX\",\"intro\":\"The content of the new Orangina website was meantto be kept simple serving a few main purposes.\",\"body\":\"In general there were two main obectives, informing people about the available range of Orangina products and telling them about the history of Orangina as a brand. The homepage would then serve as a hub to these two objectives, as well as to the Orangina social channels.\",\"textColor\":\"#ffffff\",\"backgroundColor\":\"#ffab18\",\"paddingTop\":\"none\",\"paddingBottom\":\"small\",\"uiColor\":\"black\"}},\"19\":{\"type\":\"video\",\"enabled\":\"1\",\"fields\":{\"coverImage\":[\"64\"],\"video\":[\"18\"],\"backgroundColor\":\"#ffa600\",\"backgroundImage\":[\"65\"],\"paddingTop\":\"none\",\"paddingBottom\":\"big\",\"uiColor\":\"black\"}},\"20\":{\"type\":\"textTwoColumns\",\"enabled\":\"1\",\"fields\":{\"heading\":\"Design elements\",\"intro\":\"Colors for the Orangina website were besides the brand\\u2019s Blue and Yellow, based on the labels of the different flavours. \",\"body\":\"\",\"textColor\":\"#000000\",\"backgroundColor\":\"#ffffff\",\"paddingTop\":\"big\",\"paddingBottom\":\"none\",\"uiColor\":\"black\"}},\"22\":{\"type\":\"largeImage\",\"enabled\":\"1\",\"fields\":{\"image\":[\"59\"],\"backgroundImage\":\"\",\"backgroundColor\":\"#ffffff\",\"paddingTop\":\"none\",\"paddingBottom\":\"small\",\"uiColor\":\"black\"}},\"23\":{\"type\":\"textWithImage\",\"enabled\":\"1\",\"fields\":{\"heading\":\"Iconography\",\"intro\":\"To add on the playfull, quirky identity of Orangina, we created an iconset that was used throughout the website.\",\"body\":\"Our hands on mentality can be found throughout the whole process. We bring ideas to life early. We prototype to keep improving along the way. \",\"image\":[\"54\"],\"textColor\":\"#000000\",\"backgroundColor\":\"#ffffff\",\"imagePosition\":\"right\",\"paddingTop\":\"small\",\"paddingBottom\":\"big\",\"uiColor\":\"black\"}},\"25\":{\"type\":\"textTwoColumns\",\"enabled\":\"1\",\"fields\":{\"heading\":\"Final Designs\",\"intro\":\"The content of the new Orangina website was meantto be kept simple serving a few main purposes.\",\"body\":\"In general there were two main obectives, informing people about the available range of Orangina products and telling them about the history of Orangina as a brand. The homepage would then serve as a hub to these two objectives, as well as to the Orangina social channels.\",\"textColor\":\"#ffffff\",\"backgroundColor\":\"#092865\",\"paddingTop\":\"big\",\"paddingBottom\":\"none\",\"uiColor\":\"white\"}},\"29\":{\"type\":\"imageGallery\",\"enabled\":\"1\",\"fields\":{\"images\":[\"57\",\"56\",\"55\",\"75\",\"74\"],\"backgroundColor\":\"#092865\",\"paddingTop\":\"none\",\"paddingBottom\":\"none\",\"uiColor\":\"white\"}}},\"41\":\"Orangina\",\"31\":{\"36\":{\"type\":\"item\",\"enabled\":\"1\",\"fields\":{\"role\":\"Development\",\"contributorName\":\"Inalise B.V.\"}}},\"40\":[\"62\"],\"50\":[\"71\"],\"39\":\"A quirky new online appearance for a soda brand\",\"36\":{\"30\":{\"type\":\"honour\",\"enabled\":\"1\",\"fields\":{\"honourName\":\"FWA SOTD\",\"logo\":[\"32\"]}},\"34\":{\"type\":\"honour\",\"enabled\":\"1\",\"fields\":{\"honourName\":\"FWA MOTD\",\"logo\":[\"32\"]}},\"35\":{\"type\":\"honour\",\"enabled\":\"1\",\"fields\":{\"honourName\":\"Awwwards SOTD\",\"logo\":[\"33\"]}}},\"43\":\"Responsive Website\",\"42\":\"http:\\/\\/orangina.eu\\/\",\"34\":{\"37\":{\"type\":\"role\",\"enabled\":\"1\",\"fields\":{\"role\":\"Interaction design\"}},\"38\":{\"type\":\"role\",\"enabled\":\"1\",\"fields\":{\"role\":\"UX Design\"}},\"39\":{\"type\":\"role\",\"enabled\":\"1\",\"fields\":{\"role\":\"Creative direction\"}},\"40\":{\"type\":\"role\",\"enabled\":\"1\",\"fields\":{\"role\":\"Concept\"}},\"41\":{\"type\":\"role\",\"enabled\":\"1\",\"fields\":{\"role\":\"Strategy\"}}}}}', '2016-03-16 21:02:34', '2016-03-16 21:02:34', '8846f276-b532-4e2c-b1ce-d6d12656eacc'),
 ('105', '10', '3', '1', 'en_us', '71', '', '{\"typeId\":\"3\",\"authorId\":\"1\",\"title\":\"Orangina global website\",\"slug\":\"orangina\",\"postDate\":1456411320,\"expiryDate\":null,\"enabled\":1,\"parentId\":null,\"fields\":{\"3\":{\"12\":{\"type\":\"textFullWidth\",\"enabled\":\"1\",\"fields\":{\"body\":\"Orangina refreshed their brand identity Achtung!\\/Kraftwerk wastasked to extend their newbrand identity to a fresh online experience. \",\"textColor\":\"#000000\",\"backgroundColor\":\"#ffffff\",\"paddingTop\":\"big\",\"paddingBottom\":\"small\",\"uiColor\":\"black\"}},\"14\":{\"type\":\"largeImage\",\"enabled\":\"1\",\"fields\":{\"image\":[\"61\"],\"backgroundImage\":[\"60\"],\"backgroundColor\":\"#000000\",\"paddingTop\":\"none\",\"paddingBottom\":\"big\",\"uiColor\":\"black\"}},\"17\":{\"type\":\"textTwoColumns\",\"enabled\":\"1\",\"fields\":{\"heading\":\"Strategy, Concept & UX\",\"intro\":\"The content of the new Orangina website was meantto be kept simple serving a few main purposes.\",\"body\":\"In general there were two main obectives, informing people about the available range of Orangina products and telling them about the history of Orangina as a brand. The homepage would then serve as a hub to these two objectives, as well as to the Orangina social channels.\",\"textColor\":\"#ffffff\",\"backgroundColor\":\"#ffab18\",\"paddingTop\":\"none\",\"paddingBottom\":\"small\",\"uiColor\":\"black\"}},\"19\":{\"type\":\"video\",\"enabled\":\"1\",\"fields\":{\"coverImage\":[\"64\"],\"video\":[\"18\"],\"backgroundColor\":\"#ffa600\",\"backgroundImage\":[\"65\"],\"paddingTop\":\"none\",\"paddingBottom\":\"big\",\"uiColor\":\"black\"}},\"20\":{\"type\":\"textTwoColumns\",\"enabled\":\"1\",\"fields\":{\"heading\":\"Design elements\",\"intro\":\"Colors for the Orangina website were besides the brand\\u2019s Blue and Yellow, based on the labels of the different flavours. \",\"body\":\"\",\"textColor\":\"#000000\",\"backgroundColor\":\"#ffffff\",\"paddingTop\":\"big\",\"paddingBottom\":\"none\",\"uiColor\":\"black\"}},\"22\":{\"type\":\"largeImage\",\"enabled\":\"1\",\"fields\":{\"image\":[\"59\"],\"backgroundImage\":\"\",\"backgroundColor\":\"#ffffff\",\"paddingTop\":\"none\",\"paddingBottom\":\"small\",\"uiColor\":\"black\"}},\"23\":{\"type\":\"textWithImage\",\"enabled\":\"1\",\"fields\":{\"heading\":\"Iconography\",\"intro\":\"To add on the playfull, quirky identity of Orangina, we created an iconset that was used throughout the website.\",\"body\":\"Our hands on mentality can be found throughout the whole process. We bring ideas to life early. We prototype to keep improving along the way. \",\"image\":[\"54\"],\"textColor\":\"#000000\",\"backgroundColor\":\"#ffffff\",\"imagePosition\":\"right\",\"paddingTop\":\"small\",\"paddingBottom\":\"big\",\"uiColor\":\"black\"}},\"25\":{\"type\":\"textTwoColumns\",\"enabled\":\"1\",\"fields\":{\"heading\":\"Final Designs\",\"intro\":\"The content of the new Orangina website was meantto be kept simple serving a few main purposes.\",\"body\":\"In general there were two main obectives, informing people about the available range of Orangina products and telling them about the history of Orangina as a brand. The homepage would then serve as a hub to these two objectives, as well as to the Orangina social channels.\",\"textColor\":\"#ffffff\",\"backgroundColor\":\"#092865\",\"paddingTop\":\"big\",\"paddingBottom\":\"none\",\"uiColor\":\"white\"}},\"29\":{\"type\":\"imageGallery\",\"enabled\":\"1\",\"fields\":{\"images\":[\"57\",\"56\",\"55\",\"75\",\"74\"],\"backgroundColor\":\"#092865\",\"paddingTop\":\"none\",\"paddingBottom\":\"none\",\"uiColor\":\"white\"}}},\"41\":\"Orangina\",\"31\":{\"36\":{\"type\":\"item\",\"enabled\":\"1\",\"fields\":{\"role\":\"Development\",\"contributorName\":\"Inalise B.V.\"}}},\"40\":[\"62\"],\"50\":[\"71\"],\"39\":\"A quirky new online appearance for a soda brand\",\"36\":{\"30\":{\"type\":\"honour\",\"enabled\":\"1\",\"fields\":{\"honourName\":\"FWA SOTD\",\"logo\":[\"32\"]}},\"34\":{\"type\":\"honour\",\"enabled\":\"1\",\"fields\":{\"honourName\":\"FWA MOTD\",\"logo\":[\"32\"]}},\"35\":{\"type\":\"honour\",\"enabled\":\"1\",\"fields\":{\"honourName\":\"Awwwards SOTD\",\"logo\":[\"33\"]}}},\"43\":\"Responsive Website\",\"42\":\"http:\\/\\/orangina.eu\\/\",\"34\":{\"37\":{\"type\":\"role\",\"enabled\":\"1\",\"fields\":{\"role\":\"Interaction design\"}},\"38\":{\"type\":\"role\",\"enabled\":\"1\",\"fields\":{\"role\":\"UX Design\"}},\"39\":{\"type\":\"role\",\"enabled\":\"1\",\"fields\":{\"role\":\"Creative direction\"}},\"40\":{\"type\":\"role\",\"enabled\":\"1\",\"fields\":{\"role\":\"Concept\"}},\"41\":{\"type\":\"role\",\"enabled\":\"1\",\"fields\":{\"role\":\"Strategy\"}}}}}', '2016-03-16 21:03:19', '2016-03-16 21:03:19', 'a0161d86-57b2-4df9-9ff2-54731626632f'),
 ('106', '10', '3', '1', 'en_us', '72', '', '{\"typeId\":\"3\",\"authorId\":\"1\",\"title\":\"Orangina global website\",\"slug\":\"orangina\",\"postDate\":1456411320,\"expiryDate\":null,\"enabled\":1,\"parentId\":null,\"fields\":{\"3\":{\"12\":{\"type\":\"textFullWidth\",\"enabled\":\"1\",\"fields\":{\"body\":\"Orangina refreshed their brand identity Achtung!\\/Kraftwerk wastasked to extend their newbrand identity to a fresh online experience. \",\"textColor\":\"#000000\",\"backgroundColor\":\"#ffffff\",\"paddingTop\":\"big\",\"paddingBottom\":\"small\",\"uiColor\":\"black\"}},\"14\":{\"type\":\"largeImage\",\"enabled\":\"1\",\"fields\":{\"image\":[\"61\"],\"backgroundImage\":[\"60\"],\"backgroundColor\":\"#000000\",\"paddingTop\":\"none\",\"paddingBottom\":\"big\",\"uiColor\":\"black\"}},\"17\":{\"type\":\"textTwoColumns\",\"enabled\":\"1\",\"fields\":{\"heading\":\"Strategy, Concept & UX\",\"intro\":\"The content of the new Orangina website was meantto be kept simple serving a few main purposes.\",\"body\":\"In general there were two main obectives, informing people about the available range of Orangina products and telling them about the history of Orangina as a brand. The homepage would then serve as a hub to these two objectives, as well as to the Orangina social channels.\",\"textColor\":\"#ffffff\",\"backgroundColor\":\"#ffab18\",\"paddingTop\":\"none\",\"paddingBottom\":\"small\",\"uiColor\":\"black\"}},\"19\":{\"type\":\"video\",\"enabled\":\"1\",\"fields\":{\"coverImage\":[\"64\"],\"video\":[\"18\"],\"backgroundColor\":\"#ffa600\",\"backgroundImage\":[\"65\"],\"paddingTop\":\"none\",\"paddingBottom\":\"big\",\"uiColor\":\"black\"}},\"20\":{\"type\":\"textTwoColumns\",\"enabled\":\"1\",\"fields\":{\"heading\":\"Design elements\",\"intro\":\"Colors for the Orangina website were besides the brand\\u2019s Blue and Yellow, based on the labels of the different flavours. \",\"body\":\"\",\"textColor\":\"#000000\",\"backgroundColor\":\"#ffffff\",\"paddingTop\":\"big\",\"paddingBottom\":\"none\",\"uiColor\":\"black\"}},\"22\":{\"type\":\"largeImage\",\"enabled\":\"1\",\"fields\":{\"image\":[\"59\"],\"backgroundImage\":\"\",\"backgroundColor\":\"#ffffff\",\"paddingTop\":\"none\",\"paddingBottom\":\"small\",\"uiColor\":\"black\"}},\"23\":{\"type\":\"textWithImage\",\"enabled\":\"1\",\"fields\":{\"heading\":\"Iconography\",\"intro\":\"To add on the playfull, quirky identity of Orangina, we created an iconset that was used throughout the website.\",\"body\":\"Our hands on mentality can be found throughout the whole process. We bring ideas to life early. We prototype to keep improving along the way. \",\"image\":[\"54\"],\"textColor\":\"#000000\",\"backgroundColor\":\"#ffffff\",\"imagePosition\":\"right\",\"paddingTop\":\"small\",\"paddingBottom\":\"big\",\"uiColor\":\"black\"}},\"25\":{\"type\":\"textTwoColumns\",\"enabled\":\"1\",\"fields\":{\"heading\":\"Final Designs\",\"intro\":\"The content of the new Orangina website was meantto be kept simple serving a few main purposes.\",\"body\":\"In general there were two main obectives, informing people about the available range of Orangina products and telling them about the history of Orangina as a brand. The homepage would then serve as a hub to these two objectives, as well as to the Orangina social channels.\",\"textColor\":\"#ffffff\",\"backgroundColor\":\"#092865\",\"paddingTop\":\"big\",\"paddingBottom\":\"none\",\"uiColor\":\"white\"}},\"29\":{\"type\":\"imageGallery\",\"enabled\":\"1\",\"fields\":{\"images\":[\"57\",\"56\",\"55\",\"75\",\"74\"],\"backgroundColor\":\"#092865\",\"paddingTop\":\"none\",\"paddingBottom\":\"none\",\"uiColor\":\"white\"}}},\"41\":\"Orangina\",\"31\":{\"36\":{\"type\":\"item\",\"enabled\":\"1\",\"fields\":{\"role\":\"Development\",\"contributorName\":\"Inalise B.V.\"}}},\"40\":[\"62\"],\"50\":[\"71\"],\"39\":\"A quirky new online appearance for a soda brand\",\"36\":{\"30\":{\"type\":\"honour\",\"enabled\":\"1\",\"fields\":{\"honourName\":\"FWA SOTD\",\"logo\":[\"32\"]}},\"34\":{\"type\":\"honour\",\"enabled\":\"1\",\"fields\":{\"honourName\":\"FWA MOTD\",\"logo\":[\"32\"]}},\"35\":{\"type\":\"honour\",\"enabled\":\"1\",\"fields\":{\"honourName\":\"Awwwards SOTD\",\"logo\":[\"33\"]}}},\"43\":\"Responsive Website\",\"42\":\"http:\\/\\/orangina.eu\\/\",\"34\":{\"37\":{\"type\":\"role\",\"enabled\":\"1\",\"fields\":{\"role\":\"Interaction design\"}},\"38\":{\"type\":\"role\",\"enabled\":\"1\",\"fields\":{\"role\":\"UX Design\"}},\"39\":{\"type\":\"role\",\"enabled\":\"1\",\"fields\":{\"role\":\"Creative direction\"}},\"40\":{\"type\":\"role\",\"enabled\":\"1\",\"fields\":{\"role\":\"Concept\"}},\"41\":{\"type\":\"role\",\"enabled\":\"1\",\"fields\":{\"role\":\"Strategy\"}}}}}', '2016-03-16 21:04:23', '2016-03-16 21:04:23', '81d07498-ed74-4bac-b047-353362056316'),
 ('107', '10', '3', '1', 'en_us', '73', '', '{\"typeId\":\"3\",\"authorId\":\"1\",\"title\":\"Orangina global website\",\"slug\":\"orangina\",\"postDate\":1456411320,\"expiryDate\":null,\"enabled\":1,\"parentId\":null,\"fields\":{\"3\":{\"12\":{\"type\":\"textFullWidth\",\"enabled\":\"1\",\"fields\":{\"body\":\"Orangina refreshed their brand identity Achtung!\\/Kraftwerk wastasked to extend their newbrand identity to a fresh online experience. \",\"textColor\":\"#000000\",\"backgroundColor\":\"#ffffff\",\"paddingTop\":\"big\",\"paddingBottom\":\"small\",\"uiColor\":\"black\"}},\"14\":{\"type\":\"largeImage\",\"enabled\":\"1\",\"fields\":{\"image\":[\"61\"],\"backgroundImage\":[\"60\"],\"backgroundColor\":\"#000000\",\"paddingTop\":\"none\",\"paddingBottom\":\"big\",\"uiColor\":\"black\"}},\"17\":{\"type\":\"textTwoColumns\",\"enabled\":\"1\",\"fields\":{\"heading\":\"Strategy, Concept & UX\",\"intro\":\"The content of the new Orangina website was meantto be kept simple serving a few main purposes.\",\"body\":\"In general there were two main obectives, informing people about the available range of Orangina products and telling them about the history of Orangina as a brand. The homepage would then serve as a hub to these two objectives, as well as to the Orangina social channels.\",\"textColor\":\"#ffffff\",\"backgroundColor\":\"#fdaa31\",\"paddingTop\":\"none\",\"paddingBottom\":\"small\",\"uiColor\":\"black\"}},\"19\":{\"type\":\"video\",\"enabled\":\"1\",\"fields\":{\"coverImage\":[\"64\"],\"video\":[\"18\"],\"backgroundColor\":\"#ffa600\",\"backgroundImage\":[\"65\"],\"paddingTop\":\"none\",\"paddingBottom\":\"big\",\"uiColor\":\"black\"}},\"20\":{\"type\":\"textTwoColumns\",\"enabled\":\"1\",\"fields\":{\"heading\":\"Design elements\",\"intro\":\"Colors for the Orangina website were besides the brand\\u2019s Blue and Yellow, based on the labels of the different flavours. \",\"body\":\"\",\"textColor\":\"#000000\",\"backgroundColor\":\"#ffffff\",\"paddingTop\":\"big\",\"paddingBottom\":\"none\",\"uiColor\":\"black\"}},\"22\":{\"type\":\"largeImage\",\"enabled\":\"1\",\"fields\":{\"image\":[\"59\"],\"backgroundImage\":\"\",\"backgroundColor\":\"#ffffff\",\"paddingTop\":\"none\",\"paddingBottom\":\"small\",\"uiColor\":\"black\"}},\"23\":{\"type\":\"textWithImage\",\"enabled\":\"1\",\"fields\":{\"heading\":\"Iconography\",\"intro\":\"To add on the playfull, quirky identity of Orangina, we created an iconset that was used throughout the website.\",\"body\":\"Our hands on mentality can be found throughout the whole process. We bring ideas to life early. We prototype to keep improving along the way. \",\"image\":[\"54\"],\"textColor\":\"#000000\",\"backgroundColor\":\"#ffffff\",\"imagePosition\":\"right\",\"paddingTop\":\"small\",\"paddingBottom\":\"big\",\"uiColor\":\"black\"}},\"25\":{\"type\":\"textTwoColumns\",\"enabled\":\"1\",\"fields\":{\"heading\":\"Final Designs\",\"intro\":\"The content of the new Orangina website was meantto be kept simple serving a few main purposes.\",\"body\":\"In general there were two main obectives, informing people about the available range of Orangina products and telling them about the history of Orangina as a brand. The homepage would then serve as a hub to these two objectives, as well as to the Orangina social channels.\",\"textColor\":\"#ffffff\",\"backgroundColor\":\"#092865\",\"paddingTop\":\"big\",\"paddingBottom\":\"none\",\"uiColor\":\"white\"}},\"29\":{\"type\":\"imageGallery\",\"enabled\":\"1\",\"fields\":{\"images\":[\"57\",\"56\",\"55\",\"75\",\"74\"],\"backgroundColor\":\"#092865\",\"paddingTop\":\"none\",\"paddingBottom\":\"none\",\"uiColor\":\"white\"}}},\"41\":\"Orangina\",\"31\":{\"36\":{\"type\":\"item\",\"enabled\":\"1\",\"fields\":{\"role\":\"Development\",\"contributorName\":\"Inalise B.V.\"}}},\"40\":[\"62\"],\"50\":[\"71\"],\"39\":\"A quirky new online appearance for a soda brand\",\"36\":{\"30\":{\"type\":\"honour\",\"enabled\":\"1\",\"fields\":{\"honourName\":\"FWA SOTD\",\"logo\":[\"32\"]}},\"34\":{\"type\":\"honour\",\"enabled\":\"1\",\"fields\":{\"honourName\":\"FWA MOTD\",\"logo\":[\"32\"]}},\"35\":{\"type\":\"honour\",\"enabled\":\"1\",\"fields\":{\"honourName\":\"Awwwards SOTD\",\"logo\":[\"33\"]}}},\"43\":\"Responsive Website\",\"42\":\"http:\\/\\/orangina.eu\\/\",\"34\":{\"37\":{\"type\":\"role\",\"enabled\":\"1\",\"fields\":{\"role\":\"Interaction design\"}},\"38\":{\"type\":\"role\",\"enabled\":\"1\",\"fields\":{\"role\":\"UX Design\"}},\"39\":{\"type\":\"role\",\"enabled\":\"1\",\"fields\":{\"role\":\"Creative direction\"}},\"40\":{\"type\":\"role\",\"enabled\":\"1\",\"fields\":{\"role\":\"Concept\"}},\"41\":{\"type\":\"role\",\"enabled\":\"1\",\"fields\":{\"role\":\"Strategy\"}}}}}', '2016-03-16 21:04:56', '2016-03-16 21:04:56', 'f8e0ba53-3df7-41b1-9bbf-3594daccd82c'),
 ('108', '10', '3', '1', 'en_us', '74', '', '{\"typeId\":\"3\",\"authorId\":\"1\",\"title\":\"Orangina global website\",\"slug\":\"orangina\",\"postDate\":1456411320,\"expiryDate\":null,\"enabled\":1,\"parentId\":null,\"fields\":{\"3\":{\"12\":{\"type\":\"textFullWidth\",\"enabled\":\"1\",\"fields\":{\"body\":\"Orangina refreshed their brand identity Achtung!\\/Kraftwerk wastasked to extend their newbrand identity to a fresh online experience. \",\"textColor\":\"#000000\",\"backgroundColor\":\"#ffffff\",\"paddingTop\":\"big\",\"paddingBottom\":\"small\",\"uiColor\":\"black\"}},\"14\":{\"type\":\"largeImage\",\"enabled\":\"1\",\"fields\":{\"image\":[\"61\"],\"backgroundImage\":[\"60\"],\"backgroundColor\":\"#000000\",\"paddingTop\":\"none\",\"paddingBottom\":\"big\",\"uiColor\":\"black\"}},\"17\":{\"type\":\"textTwoColumns\",\"enabled\":\"1\",\"fields\":{\"heading\":\"Strategy, Concept & UX\",\"intro\":\"The content of the new Orangina website was meantto be kept simple serving a few main purposes.\",\"body\":\"In general there were two main obectives, informing people about the available range of Orangina products and telling them about the history of Orangina as a brand. The homepage would then serve as a hub to these two objectives, as well as to the Orangina social channels.\",\"textColor\":\"#ffffff\",\"backgroundColor\":\"#fdaa31\",\"paddingTop\":\"none\",\"paddingBottom\":\"small\",\"uiColor\":\"black\"}},\"19\":{\"type\":\"video\",\"enabled\":\"1\",\"fields\":{\"coverImage\":[\"64\"],\"video\":[\"18\"],\"backgroundColor\":\"#ffa600\",\"backgroundImage\":[\"65\"],\"paddingTop\":\"none\",\"paddingBottom\":\"big\",\"uiColor\":\"black\"}},\"20\":{\"type\":\"textTwoColumns\",\"enabled\":\"1\",\"fields\":{\"heading\":\"Design elements\",\"intro\":\"Colors for the Orangina website were besides the brand\\u2019s Blue and Yellow, based on the labels of the different flavours. \",\"body\":\"\",\"textColor\":\"#000000\",\"backgroundColor\":\"#ffffff\",\"paddingTop\":\"big\",\"paddingBottom\":\"none\",\"uiColor\":\"black\"}},\"22\":{\"type\":\"largeImage\",\"enabled\":\"1\",\"fields\":{\"image\":[\"59\"],\"backgroundImage\":\"\",\"backgroundColor\":\"#ffffff\",\"paddingTop\":\"none\",\"paddingBottom\":\"small\",\"uiColor\":\"black\"}},\"23\":{\"type\":\"textWithImage\",\"enabled\":\"1\",\"fields\":{\"heading\":\"Iconography\",\"intro\":\"To add on the playfull, quirky identity of Orangina, we created an iconset that was used throughout the website.\",\"body\":\"Our hands on mentality can be found throughout the whole process. We bring ideas to life early. We prototype to keep improving along the way. \",\"image\":[\"54\"],\"textColor\":\"#000000\",\"backgroundColor\":\"#ffffff\",\"imagePosition\":\"right\",\"paddingTop\":\"small\",\"paddingBottom\":\"big\",\"uiColor\":\"black\"}},\"25\":{\"type\":\"textTwoColumns\",\"enabled\":\"1\",\"fields\":{\"heading\":\"Final Designs\",\"intro\":\"The content of the new Orangina website was meantto be kept simple serving a few main purposes.\",\"body\":\"In general there were two main obectives, informing people about the available range of Orangina products and telling them about the history of Orangina as a brand. The homepage would then serve as a hub to these two objectives, as well as to the Orangina social channels.\",\"textColor\":\"#ffffff\",\"backgroundColor\":\"#092865\",\"paddingTop\":\"big\",\"paddingBottom\":\"none\",\"uiColor\":\"white\"}},\"29\":{\"type\":\"imageGallery\",\"enabled\":\"1\",\"fields\":{\"images\":[\"57\",\"56\",\"55\",\"75\",\"74\"],\"backgroundColor\":\"#092865\",\"paddingTop\":\"none\",\"paddingBottom\":\"none\",\"uiColor\":\"white\"}}},\"41\":\"Orangina\",\"31\":{\"36\":{\"type\":\"item\",\"enabled\":\"1\",\"fields\":{\"role\":\"Development\",\"contributorName\":\"Inalise B.V.\"}}},\"40\":[\"62\"],\"50\":[\"71\"],\"39\":\"A quirky new online appearance for a soda brand\",\"36\":{\"30\":{\"type\":\"honour\",\"enabled\":\"1\",\"fields\":{\"honourName\":\"FWA SOTD\",\"logo\":[\"32\"]}},\"34\":{\"type\":\"honour\",\"enabled\":\"1\",\"fields\":{\"honourName\":\"FWA MOTD\",\"logo\":[\"32\"]}},\"35\":{\"type\":\"honour\",\"enabled\":\"1\",\"fields\":{\"honourName\":\"Awwwards SOTD\",\"logo\":[\"33\"]}}},\"43\":\"Responsive Website\",\"42\":\"http:\\/\\/orangina.eu\\/\",\"34\":{\"37\":{\"type\":\"role\",\"enabled\":\"1\",\"fields\":{\"role\":\"Interaction design\"}},\"38\":{\"type\":\"role\",\"enabled\":\"1\",\"fields\":{\"role\":\"UX Design\"}},\"39\":{\"type\":\"role\",\"enabled\":\"1\",\"fields\":{\"role\":\"Creative direction\"}},\"40\":{\"type\":\"role\",\"enabled\":\"1\",\"fields\":{\"role\":\"Concept\"}},\"41\":{\"type\":\"role\",\"enabled\":\"1\",\"fields\":{\"role\":\"Strategy\"}}}}}', '2016-03-16 21:07:08', '2016-03-16 21:07:08', '3fe4dec0-48c1-4a30-8ea4-19b8d9075f46'),
 ('109', '97', '3', '1', 'en_us', '1', '', '{\"typeId\":null,\"authorId\":\"1\",\"title\":\"Test case\",\"slug\":\"test-case\",\"postDate\":1458163532,\"expiryDate\":null,\"enabled\":1,\"parentId\":null,\"fields\":{\"3\":\"\",\"41\":\"\",\"31\":\"\",\"40\":[\"96\"],\"50\":\"\",\"39\":\"Test case\",\"36\":\"\",\"43\":\"\",\"42\":\"\",\"34\":\"\"}}', '2016-03-16 21:25:32', '2016-03-16 21:25:32', '66a3f9fb-4fad-4cae-bc8c-86441c706a79'),
 ('110', '5', '5', '1', 'en_us', '6', '', '{\"typeId\":\"5\",\"authorId\":null,\"title\":\"Homepage\",\"slug\":\"homepage\",\"postDate\":1457355131,\"expiryDate\":null,\"enabled\":1,\"parentId\":null,\"fields\":{\"10\":[\"10\",\"66\",\"97\"]}}', '2016-03-16 21:25:48', '2016-03-16 21:25:48', 'afe7c76b-cc41-4597-97a6-0355c27b21b3'),
 ('111', '97', '3', '1', 'en_us', '2', '', '{\"typeId\":\"3\",\"authorId\":\"1\",\"title\":\"Test case\",\"slug\":\"test-case\",\"postDate\":1458163500,\"expiryDate\":null,\"enabled\":1,\"parentId\":null,\"fields\":{\"3\":\"\",\"41\":\"Test\",\"31\":\"\",\"40\":[\"96\"],\"50\":\"\",\"39\":\"Test case\",\"36\":\"\",\"43\":\"\",\"42\":\"\",\"34\":\"\"}}', '2016-03-16 21:39:52', '2016-03-16 21:39:52', 'ad058caf-7ac5-4639-9322-b2bd8a4a4974');
INSERT INTO `craft_entryversions` (`id`, `entryId`, `sectionId`, `creatorId`, `locale`, `num`, `notes`, `data`, `dateCreated`, `dateUpdated`, `uid`) VALUES
 ('112', '66', '3', '1', 'en_us', '16', '', '{\"typeId\":\"3\",\"authorId\":\"1\",\"title\":\"Chocomel brand portal\",\"slug\":\"chocomel-brand-portal\",\"postDate\":1457363040,\"expiryDate\":null,\"enabled\":1,\"parentId\":null,\"fields\":{\"3\":{\"80\":{\"type\":\"textFullWidth\",\"enabled\":\"1\",\"fields\":{\"body\":\"A website that let\\u2019s fans share their love for Chocomel, seamlessly integrated with a delicious product showcase.\",\"textColor\":\"#000000\",\"backgroundColor\":\"#ffffff\",\"paddingTop\":\"big\",\"paddingBottom\":\"big\",\"uiColor\":\"black\"}},\"81\":{\"type\":\"textWithImage\",\"enabled\":\"1\",\"fields\":{\"heading\":\"Designing for a love brand\",\"intro\":\"When we were asked to design the brand portal for Chocomel we knew it was about chocolate love. A lot of loyal fans have a healthy obsession for this tasty chocolate drink.\",\"body\":\"Chocomel wanted to position themselves as an A-brand bevarage along with the common soft drinks. Their previous image was more cozy and soft. The new image on the otherhand was to be more fashionable and exclusive.\",\"image\":[\"79\"],\"textColor\":\"#ffffff\",\"backgroundColor\":\"#391f10\",\"imagePosition\":\"right\",\"paddingTop\":\"big\",\"paddingBottom\":\"big\",\"uiColor\":\"white\"}},\"83\":{\"type\":\"largeImage\",\"enabled\":\"1\",\"fields\":{\"image\":[\"82\"],\"backgroundImage\":[\"84\"],\"backgroundColor\":\"#ffffff\",\"paddingTop\":\"big\",\"paddingBottom\":\"big\",\"uiColor\":\"black\"}},\"86\":{\"type\":\"textWithImage\",\"enabled\":\"1\",\"fields\":{\"heading\":\"The voice of chocomel lovers\",\"intro\":\"Instead of Chocomel telling visitors how great Chocomel really is, we engaged the already big group of fans and let them speak for the brand.\",\"body\":\"In a mix of owned and shared content, the homepage is build up from quotes on twitter, fanphoto\\u2019s on instagram and video\\u2019s on youtube.\",\"image\":[\"85\"],\"textColor\":\"#391f10\",\"backgroundColor\":\"#f0e9e4\",\"imagePosition\":\"left\",\"paddingTop\":\"none\",\"paddingBottom\":\"big\",\"uiColor\":\"black\"}},\"89\":{\"type\":\"textTwoColumns\",\"enabled\":\"1\",\"fields\":{\"heading\":\"Enjoying your Chocomel hot or cold?\",\"intro\":\"Winter or summer, Chocomel can be consumed\\r\\nboth hot and cold. \",\"body\":\"Depending on the season, we present the hero product in a warm mug or a cold glass. Since there is an ever lasting discussion on how Chocomel should be consumed, we gave users the option to switch.\",\"textColor\":\"#ffffff\",\"backgroundColor\":\"#3f2012\",\"paddingTop\":\"big\",\"paddingBottom\":\"small\",\"uiColor\":\"white\"}},\"90\":{\"type\":\"largeImage\",\"enabled\":\"1\",\"fields\":{\"image\":[\"88\"],\"backgroundImage\":[\"87\"],\"backgroundColor\":\"#000000\",\"paddingTop\":\"none\",\"paddingBottom\":\"big\",\"uiColor\":\"white\"}},\"91\":{\"type\":\"textTwoColumns\",\"enabled\":\"1\",\"fields\":{\"heading\":\"Life sized photography\",\"intro\":\"When it comes to the product, we let the iconic photography speak.\",\"body\":\"In a colorful design, we showed visitors life size photography of the iconic Chocomel pack paired with a hot mug or a cool glass. The product pages has all the key information visitors want to know about their drink: nutritional information, ingredi\\u00ebnts, pack sizes and tell about the durable chocolate that is used in the drink.\",\"textColor\":\"#000000\",\"backgroundColor\":\"#ffffff\",\"paddingTop\":\"big\",\"paddingBottom\":\"big\",\"uiColor\":\"black\"}},\"93\":{\"type\":\"largeImage\",\"enabled\":\"1\",\"fields\":{\"image\":[\"92\"],\"backgroundImage\":\"\",\"backgroundColor\":\"#ffffff\",\"paddingTop\":\"none\",\"paddingBottom\":\"big\",\"uiColor\":\"black\"}}},\"41\":\"Chocomel\",\"31\":\"\",\"40\":[\"67\"],\"50\":[\"73\"],\"39\":\"For the love of chocolate\",\"36\":\"\",\"43\":\"Mobile Application\",\"42\":\"\",\"34\":\"\"}}', '2016-03-17 00:17:40', '2016-03-17 00:17:40', 'c0ac93a4-4de7-4d36-8d4a-4c461cb549e8'),
 ('113', '66', '3', '1', 'en_us', '17', '', '{\"typeId\":\"3\",\"authorId\":\"1\",\"title\":\"Chocomel brand portal\",\"slug\":\"chocomel-brand-portal\",\"postDate\":1457363040,\"expiryDate\":null,\"enabled\":1,\"parentId\":null,\"fields\":{\"3\":{\"80\":{\"type\":\"textFullWidth\",\"enabled\":\"1\",\"fields\":{\"body\":\"A website that let\\u2019s fans share their love for Chocomel, seamlessly integrated with a delicious product showcase.\",\"textColor\":\"#000000\",\"backgroundColor\":\"#ffffff\",\"paddingTop\":\"big\",\"paddingBottom\":\"big\",\"uiColor\":\"black\"}},\"81\":{\"type\":\"textWithImage\",\"enabled\":\"1\",\"fields\":{\"heading\":\"Designing for a love brand\",\"intro\":\"When we were asked to design the brand portal for Chocomel we knew it was about chocolate love. A lot of loyal fans have a healthy obsession for this tasty chocolate drink.\",\"body\":\"Chocomel wanted to position themselves as an A-brand bevarage along with the common soft drinks. Their previous image was more cozy and soft. The new image on the otherhand was to be more fashionable and exclusive.\",\"image\":[\"79\"],\"textColor\":\"#ffffff\",\"backgroundColor\":\"#391f12\",\"imagePosition\":\"right\",\"paddingTop\":\"big\",\"paddingBottom\":\"big\",\"uiColor\":\"white\"}},\"83\":{\"type\":\"largeImage\",\"enabled\":\"1\",\"fields\":{\"image\":[\"82\"],\"backgroundImage\":[\"84\"],\"backgroundColor\":\"#ffffff\",\"paddingTop\":\"big\",\"paddingBottom\":\"big\",\"uiColor\":\"black\"}},\"86\":{\"type\":\"textWithImage\",\"enabled\":\"1\",\"fields\":{\"heading\":\"The voice of chocomel lovers\",\"intro\":\"Instead of Chocomel telling visitors how great Chocomel really is, we engaged the already big group of fans and let them speak for the brand.\",\"body\":\"In a mix of owned and shared content, the homepage is build up from quotes on twitter, fanphoto\\u2019s on instagram and video\\u2019s on youtube.\",\"image\":[\"85\"],\"textColor\":\"#391f10\",\"backgroundColor\":\"#f0e9e4\",\"imagePosition\":\"left\",\"paddingTop\":\"none\",\"paddingBottom\":\"big\",\"uiColor\":\"black\"}},\"89\":{\"type\":\"textTwoColumns\",\"enabled\":\"1\",\"fields\":{\"heading\":\"Enjoying your Chocomel hot or cold?\",\"intro\":\"Winter or summer, Chocomel can be consumed\\r\\nboth hot and cold. \",\"body\":\"Depending on the season, we present the hero product in a warm mug or a cold glass. Since there is an ever lasting discussion on how Chocomel should be consumed, we gave users the option to switch.\",\"textColor\":\"#ffffff\",\"backgroundColor\":\"#391f12\",\"paddingTop\":\"big\",\"paddingBottom\":\"small\",\"uiColor\":\"white\"}},\"90\":{\"type\":\"largeImage\",\"enabled\":\"1\",\"fields\":{\"image\":[\"88\"],\"backgroundImage\":[\"87\"],\"backgroundColor\":\"#000000\",\"paddingTop\":\"none\",\"paddingBottom\":\"big\",\"uiColor\":\"white\"}},\"91\":{\"type\":\"textTwoColumns\",\"enabled\":\"1\",\"fields\":{\"heading\":\"Life sized photography\",\"intro\":\"When it comes to the product, we let the iconic photography speak.\",\"body\":\"In a colorful design, we showed visitors life size photography of the iconic Chocomel pack paired with a hot mug or a cool glass. The product pages has all the key information visitors want to know about their drink: nutritional information, ingredi\\u00ebnts, pack sizes and tell about the durable chocolate that is used in the drink.\",\"textColor\":\"#000000\",\"backgroundColor\":\"#ffffff\",\"paddingTop\":\"big\",\"paddingBottom\":\"big\",\"uiColor\":\"black\"}},\"93\":{\"type\":\"largeImage\",\"enabled\":\"1\",\"fields\":{\"image\":[\"92\"],\"backgroundImage\":\"\",\"backgroundColor\":\"#ffffff\",\"paddingTop\":\"none\",\"paddingBottom\":\"big\",\"uiColor\":\"black\"}}},\"41\":\"Chocomel\",\"31\":\"\",\"40\":[\"67\"],\"50\":[\"73\"],\"39\":\"For the love of chocolate\",\"36\":\"\",\"43\":\"Mobile Application\",\"42\":\"\",\"34\":\"\"}}', '2016-03-17 00:18:37', '2016-03-17 00:18:37', 'be3292ca-4db5-40d6-9d50-2f3219259d4c'),
 ('114', '66', '3', '1', 'en_us', '18', '', '{\"typeId\":\"3\",\"authorId\":\"1\",\"title\":\"Chocomel brand portal\",\"slug\":\"chocomel-brand-portal\",\"postDate\":1457363040,\"expiryDate\":null,\"enabled\":1,\"parentId\":null,\"fields\":{\"3\":{\"80\":{\"type\":\"textFullWidth\",\"enabled\":\"1\",\"fields\":{\"body\":\"A website that let\\u2019s fans share their love for Chocomel, seamlessly integrated with a delicious product showcase.\",\"textColor\":\"#000000\",\"backgroundColor\":\"#ffffff\",\"paddingTop\":\"big\",\"paddingBottom\":\"big\",\"uiColor\":\"black\"}},\"81\":{\"type\":\"textWithImage\",\"enabled\":\"1\",\"fields\":{\"heading\":\"Designing for a love brand\",\"intro\":\"When we were asked to design the brand portal for Chocomel we knew it was about chocolate love. A lot of loyal fans have a healthy obsession for this tasty chocolate drink.\",\"body\":\"Chocomel wanted to position themselves as an A-brand bevarage along with the common soft drinks. Their previous image was more cozy and soft. The new image on the otherhand was to be more fashionable and exclusive.\",\"image\":[\"79\"],\"textColor\":\"#ffffff\",\"backgroundColor\":\"#391f12\",\"imagePosition\":\"right\",\"paddingTop\":\"big\",\"paddingBottom\":\"big\",\"uiColor\":\"white\"}},\"83\":{\"type\":\"largeImage\",\"enabled\":\"1\",\"fields\":{\"image\":[\"82\"],\"backgroundImage\":[\"84\"],\"backgroundColor\":\"#ffffff\",\"paddingTop\":\"big\",\"paddingBottom\":\"big\",\"uiColor\":\"black\"}},\"86\":{\"type\":\"textWithImage\",\"enabled\":\"1\",\"fields\":{\"heading\":\"The voice of chocomel lovers\",\"intro\":\"Instead of Chocomel telling visitors how great Chocomel really is, we engaged the already big group of fans and let them speak for the brand.\",\"body\":\"In a mix of owned and shared content, the homepage is build up from quotes on twitter, fanphoto\\u2019s on instagram and video\\u2019s on youtube.\",\"image\":[\"85\"],\"textColor\":\"#391f10\",\"backgroundColor\":\"#f0e9e4\",\"imagePosition\":\"left\",\"paddingTop\":\"none\",\"paddingBottom\":\"big\",\"uiColor\":\"black\"}},\"89\":{\"type\":\"textTwoColumns\",\"enabled\":\"1\",\"fields\":{\"heading\":\"Enjoying your Chocomel hot or cold?\",\"intro\":\"Winter or summer, Chocomel can be consumed\\r\\nboth hot and cold. \",\"body\":\"Depending on the season, we present the hero product in a warm mug or a cold glass. Since there is an ever lasting discussion on how Chocomel should be consumed, we gave users the option to switch.\",\"textColor\":\"#ffffff\",\"backgroundColor\":\"#391f12\",\"paddingTop\":\"big\",\"paddingBottom\":\"small\",\"uiColor\":\"white\"}},\"90\":{\"type\":\"largeImage\",\"enabled\":\"1\",\"fields\":{\"image\":[\"88\"],\"backgroundImage\":[\"87\"],\"backgroundColor\":\"#000000\",\"paddingTop\":\"none\",\"paddingBottom\":\"big\",\"uiColor\":\"white\"}},\"91\":{\"type\":\"textTwoColumns\",\"enabled\":\"1\",\"fields\":{\"heading\":\"Life sized photography\",\"intro\":\"When it comes to the product, we let the iconic photography speak.\",\"body\":\"In a colorful design, we showed visitors life size photography of the iconic Chocomel pack paired with a hot mug or a cool glass. The product pages has all the key information visitors want to know about their drink: nutritional information, ingredi\\u00ebnts, pack sizes and tell about the durable chocolate that is used in the drink.\",\"textColor\":\"#000000\",\"backgroundColor\":\"#ffffff\",\"paddingTop\":\"big\",\"paddingBottom\":\"small\",\"uiColor\":\"black\"}},\"93\":{\"type\":\"largeImage\",\"enabled\":\"1\",\"fields\":{\"image\":[\"92\"],\"backgroundImage\":\"\",\"backgroundColor\":\"#ffffff\",\"paddingTop\":\"small\",\"paddingBottom\":\"big\",\"uiColor\":\"black\"}}},\"41\":\"Chocomel\",\"31\":\"\",\"40\":[\"67\"],\"50\":[\"73\"],\"39\":\"For the love of chocolate\",\"36\":\"\",\"43\":\"Mobile Application\",\"42\":\"\",\"34\":\"\"}}', '2016-03-17 00:21:09', '2016-03-17 00:21:09', '4e8c0102-af5a-45b9-ab4f-9d76dcbd5106'),
 ('115', '66', '3', '1', 'en_us', '19', '', '{\"typeId\":\"3\",\"authorId\":\"1\",\"title\":\"Chocomel brand portal\",\"slug\":\"chocomel-brand-portal\",\"postDate\":1457363040,\"expiryDate\":null,\"enabled\":1,\"parentId\":null,\"fields\":{\"3\":{\"80\":{\"type\":\"textFullWidth\",\"enabled\":\"1\",\"fields\":{\"body\":\"A website that let\\u2019s fans share their love for Chocomel, seamlessly integrated with a delicious product showcase.\",\"textColor\":\"#000000\",\"backgroundColor\":\"#ffffff\",\"paddingTop\":\"big\",\"paddingBottom\":\"big\",\"uiColor\":\"black\"}},\"81\":{\"type\":\"textWithImage\",\"enabled\":\"1\",\"fields\":{\"heading\":\"Designing for a love brand\",\"intro\":\"When we were asked to design the brand portal for Chocomel we knew it was about chocolate love. A lot of loyal fans have a healthy obsession for this tasty chocolate drink.\",\"body\":\"Chocomel wanted to position themselves as an A-brand bevarage along with the common soft drinks. Their previous image was more cozy and soft. The new image on the otherhand was to be more fashionable and exclusive.\",\"image\":[\"79\"],\"textColor\":\"#ffffff\",\"backgroundColor\":\"#391f12\",\"imagePosition\":\"right\",\"paddingTop\":\"big\",\"paddingBottom\":\"big\",\"uiColor\":\"white\"}},\"83\":{\"type\":\"largeImage\",\"enabled\":\"1\",\"fields\":{\"image\":[\"82\"],\"backgroundImage\":[\"84\"],\"backgroundColor\":\"#ffffff\",\"paddingTop\":\"big\",\"paddingBottom\":\"big\",\"uiColor\":\"black\"}},\"86\":{\"type\":\"textWithImage\",\"enabled\":\"1\",\"fields\":{\"heading\":\"The voice of chocomel lovers\",\"intro\":\"Instead of Chocomel telling visitors how great Chocomel really is, we engaged the already big group of fans and let them speak for the brand.\",\"body\":\"In a mix of owned and shared content, the homepage is build up from quotes on twitter, fanphoto\\u2019s on instagram and video\\u2019s on youtube.\",\"image\":[\"85\"],\"textColor\":\"#391f10\",\"backgroundColor\":\"#f0e9e4\",\"imagePosition\":\"left\",\"paddingTop\":\"none\",\"paddingBottom\":\"big\",\"uiColor\":\"black\"}},\"89\":{\"type\":\"textTwoColumns\",\"enabled\":\"1\",\"fields\":{\"heading\":\"Enjoying your Chocomel hot or cold?\",\"intro\":\"Winter or summer, Chocomel can be consumed\\r\\nboth hot and cold. \",\"body\":\"Depending on the season, we present the hero product in a warm mug or a cold glass. Since there is an ever lasting discussion on how Chocomel should be consumed, we gave users the option to switch.\",\"textColor\":\"#ffffff\",\"backgroundColor\":\"#391f12\",\"paddingTop\":\"big\",\"paddingBottom\":\"small\",\"uiColor\":\"white\"}},\"90\":{\"type\":\"largeImage\",\"enabled\":\"1\",\"fields\":{\"image\":[\"88\"],\"backgroundImage\":[\"87\"],\"backgroundColor\":\"#000000\",\"paddingTop\":\"none\",\"paddingBottom\":\"small\",\"uiColor\":\"white\"}},\"91\":{\"type\":\"textTwoColumns\",\"enabled\":\"1\",\"fields\":{\"heading\":\"Life sized photography\",\"intro\":\"When it comes to the product, we let the iconic photography speak.\",\"body\":\"In a colorful design, we showed visitors life size photography of the iconic Chocomel pack paired with a hot mug or a cool glass. The product pages has all the key information visitors want to know about their drink: nutritional information, ingredi\\u00ebnts, pack sizes and tell about the durable chocolate that is used in the drink.\",\"textColor\":\"#000000\",\"backgroundColor\":\"#ffffff\",\"paddingTop\":\"small\",\"paddingBottom\":\"small\",\"uiColor\":\"black\"}},\"93\":{\"type\":\"largeImage\",\"enabled\":\"1\",\"fields\":{\"image\":[\"92\"],\"backgroundImage\":\"\",\"backgroundColor\":\"#ffffff\",\"paddingTop\":\"small\",\"paddingBottom\":\"big\",\"uiColor\":\"black\"}}},\"41\":\"Chocomel\",\"31\":\"\",\"40\":[\"67\"],\"50\":[\"73\"],\"39\":\"For the love of chocolate\",\"36\":\"\",\"43\":\"Mobile Application\",\"42\":\"\",\"34\":\"\"}}', '2016-03-17 00:21:54', '2016-03-17 00:21:54', '8148a939-32f7-46a3-9cd7-310a164d2360'),
 ('116', '66', '3', '1', 'en_us', '20', '', '{\"typeId\":\"3\",\"authorId\":\"1\",\"title\":\"Chocomel brand portal\",\"slug\":\"chocomel-brand-portal\",\"postDate\":1457363040,\"expiryDate\":null,\"enabled\":1,\"parentId\":null,\"fields\":{\"3\":{\"80\":{\"type\":\"textFullWidth\",\"enabled\":\"1\",\"fields\":{\"body\":\"A website that let\\u2019s fans share their love for Chocomel, seamlessly integrated with a delicious product showcase.\",\"textColor\":\"#000000\",\"backgroundColor\":\"#ffffff\",\"paddingTop\":\"big\",\"paddingBottom\":\"big\",\"uiColor\":\"black\"}},\"81\":{\"type\":\"textWithImage\",\"enabled\":\"1\",\"fields\":{\"heading\":\"Designing for a love brand\",\"intro\":\"When we were asked to design the brand portal for Chocomel we knew it was about chocolate love. A lot of loyal fans have a healthy obsession for this tasty chocolate drink.\",\"body\":\"Chocomel wanted to position themselves as an A-brand bevarage along with the common soft drinks. Their previous image was more cozy and soft. The new image on the otherhand was to be more fashionable and exclusive.\",\"image\":[\"79\"],\"textColor\":\"#ffffff\",\"backgroundColor\":\"#391f12\",\"imagePosition\":\"right\",\"paddingTop\":\"big\",\"paddingBottom\":\"big\",\"uiColor\":\"white\"}},\"83\":{\"type\":\"largeImage\",\"enabled\":\"1\",\"fields\":{\"image\":[\"82\"],\"backgroundImage\":[\"84\"],\"backgroundColor\":\"#ffffff\",\"paddingTop\":\"big\",\"paddingBottom\":\"big\",\"uiColor\":\"black\"}},\"86\":{\"type\":\"textWithImage\",\"enabled\":\"1\",\"fields\":{\"heading\":\"The voice of chocomel lovers\",\"intro\":\"Instead of Chocomel telling visitors how great Chocomel really is, we engaged the already big group of fans and let them speak for the brand.\",\"body\":\"In a mix of owned and shared content, the homepage is build up from quotes on twitter, fanphoto\\u2019s on instagram and video\\u2019s on youtube.\",\"image\":[\"85\"],\"textColor\":\"#391f10\",\"backgroundColor\":\"#f0e9e4\",\"imagePosition\":\"left\",\"paddingTop\":\"none\",\"paddingBottom\":\"big\",\"uiColor\":\"black\"}},\"89\":{\"type\":\"textTwoColumns\",\"enabled\":\"1\",\"fields\":{\"heading\":\"Enjoying your Chocomel hot or cold?\",\"intro\":\"Winter or summer, Chocomel can be consumed\\r\\nboth hot and cold. \",\"body\":\"Depending on the season, we present the hero product in a warm mug or a cold glass. Since there is an ever lasting discussion on how Chocomel should be consumed, we gave users the option to switch.\",\"textColor\":\"#ffffff\",\"backgroundColor\":\"#391f12\",\"paddingTop\":\"big\",\"paddingBottom\":\"small\",\"uiColor\":\"white\"}},\"90\":{\"type\":\"largeImage\",\"enabled\":\"1\",\"fields\":{\"image\":[\"88\"],\"backgroundImage\":[\"87\"],\"backgroundColor\":\"#000000\",\"paddingTop\":\"none\",\"paddingBottom\":\"small\",\"uiColor\":\"white\"}},\"91\":{\"type\":\"textTwoColumns\",\"enabled\":\"1\",\"fields\":{\"heading\":\"Life sized photography\",\"intro\":\"When it comes to the product, we let the iconic photography speak.\",\"body\":\"In a colorful design, we showed visitors life size photography of the iconic Chocomel pack paired with a hot mug or a cool glass. The product pages has all the key information visitors want to know about their drink: nutritional information, ingredi\\u00ebnts, pack sizes and tell about the durable chocolate that is used in the drink.\",\"textColor\":\"#000000\",\"backgroundColor\":\"#ffffff\",\"paddingTop\":\"small\",\"paddingBottom\":\"small\",\"uiColor\":\"black\"}},\"93\":{\"type\":\"largeImage\",\"enabled\":\"1\",\"fields\":{\"image\":[\"92\"],\"backgroundImage\":\"\",\"backgroundColor\":\"#ffffff\",\"paddingTop\":\"small\",\"paddingBottom\":\"big\",\"uiColor\":\"black\"}},\"new1\":{\"type\":\"textTwoColumns\",\"enabled\":\"1\",\"fields\":{\"heading\":\"A site that looks sharp  accross every screen\",\"intro\":\"The grid view helps when scaling the website, by defining the number of horizontal columns the site looks great across all devices and screens. \",\"body\":\"Massive screens gets a 5 column grid while small screens like phone get a modified 2 columns grid. \",\"textColor\":\"#3b1f10\",\"backgroundColor\":\"#f0e9e4\",\"paddingTop\":\"big\",\"paddingBottom\":\"small\",\"uiColor\":\"black\"}},\"new3\":{\"type\":\"largeImage\",\"enabled\":\"1\",\"fields\":{\"image\":[\"100\"],\"backgroundImage\":\"\",\"backgroundColor\":\"#f0e9e4\",\"paddingTop\":\"small\",\"paddingBottom\":\"big\",\"uiColor\":\"black\"}}},\"41\":\"Chocomel\",\"31\":\"\",\"40\":[\"67\"],\"50\":[\"73\"],\"39\":\"For the love of chocolate\",\"36\":\"\",\"43\":\"Mobile Application\",\"42\":\"\",\"34\":\"\"}}', '2016-03-17 00:25:22', '2016-03-17 00:25:22', 'fc1dce89-6af3-458a-b7f3-a78049bf9bec'),
 ('117', '66', '3', '1', 'en_us', '21', '', '{\"typeId\":\"3\",\"authorId\":\"1\",\"title\":\"Chocomel brand portal\",\"slug\":\"chocomel-brand-portal\",\"postDate\":1457363040,\"expiryDate\":null,\"enabled\":1,\"parentId\":null,\"fields\":{\"3\":{\"80\":{\"type\":\"textFullWidth\",\"enabled\":\"1\",\"fields\":{\"body\":\"A website that let\\u2019s fans share their love for Chocomel, seamlessly integrated with a delicious product showcase.\",\"textColor\":\"#000000\",\"backgroundColor\":\"#ffffff\",\"paddingTop\":\"big\",\"paddingBottom\":\"big\",\"uiColor\":\"black\"}},\"81\":{\"type\":\"textWithImage\",\"enabled\":\"1\",\"fields\":{\"heading\":\"Designing for a love brand\",\"intro\":\"When we were asked to design the brand portal for Chocomel we knew it was about chocolate love. A lot of loyal fans have a healthy obsession for this tasty chocolate drink.\",\"body\":\"Chocomel wanted to position themselves as an A-brand bevarage along with the common soft drinks. Their previous image was more cozy and soft. The new image on the otherhand was to be more fashionable and exclusive.\",\"image\":[\"79\"],\"textColor\":\"#ffffff\",\"backgroundColor\":\"#391f12\",\"imagePosition\":\"right\",\"paddingTop\":\"big\",\"paddingBottom\":\"big\",\"uiColor\":\"white\"}},\"83\":{\"type\":\"largeImage\",\"enabled\":\"1\",\"fields\":{\"image\":[\"82\"],\"backgroundImage\":[\"84\"],\"backgroundColor\":\"#ffffff\",\"paddingTop\":\"big\",\"paddingBottom\":\"big\",\"uiColor\":\"black\"}},\"86\":{\"type\":\"textWithImage\",\"enabled\":\"1\",\"fields\":{\"heading\":\"The voice of chocomel lovers\",\"intro\":\"Instead of Chocomel telling visitors how great Chocomel really is, we engaged the already big group of fans and let them speak for the brand.\",\"body\":\"In a mix of owned and shared content, the homepage is build up from quotes on twitter, fanphoto\\u2019s on instagram and video\\u2019s on youtube.\",\"image\":[\"85\"],\"textColor\":\"#391f10\",\"backgroundColor\":\"#f0e9e4\",\"imagePosition\":\"left\",\"paddingTop\":\"none\",\"paddingBottom\":\"big\",\"uiColor\":\"black\"}},\"89\":{\"type\":\"textTwoColumns\",\"enabled\":\"1\",\"fields\":{\"heading\":\"Enjoying your Chocomel hot or cold?\",\"intro\":\"Winter or summer, Chocomel can be consumed\\r\\nboth hot and cold. \",\"body\":\"Depending on the season, we present the hero product in a warm mug or a cold glass. Since there is an ever lasting discussion on how Chocomel should be consumed, we gave users the option to switch.\",\"textColor\":\"#ffffff\",\"backgroundColor\":\"#391f12\",\"paddingTop\":\"big\",\"paddingBottom\":\"small\",\"uiColor\":\"white\"}},\"90\":{\"type\":\"largeImage\",\"enabled\":\"1\",\"fields\":{\"image\":[\"88\"],\"backgroundImage\":[\"87\"],\"backgroundColor\":\"#000000\",\"paddingTop\":\"none\",\"paddingBottom\":\"small\",\"uiColor\":\"white\"}},\"91\":{\"type\":\"textTwoColumns\",\"enabled\":\"1\",\"fields\":{\"heading\":\"Life sized photography\",\"intro\":\"When it comes to the product, we let the iconic photography speak.\",\"body\":\"In a colorful design, we showed visitors life size photography of the iconic Chocomel pack paired with a hot mug or a cool glass. The product pages has all the key information visitors want to know about their drink: nutritional information, ingredi\\u00ebnts, pack sizes and tell about the durable chocolate that is used in the drink.\",\"textColor\":\"#000000\",\"backgroundColor\":\"#ffffff\",\"paddingTop\":\"small\",\"paddingBottom\":\"small\",\"uiColor\":\"black\"}},\"93\":{\"type\":\"largeImage\",\"enabled\":\"1\",\"fields\":{\"image\":[\"92\"],\"backgroundImage\":\"\",\"backgroundColor\":\"#ffffff\",\"paddingTop\":\"small\",\"paddingBottom\":\"big\",\"uiColor\":\"black\"}},\"101\":{\"type\":\"textTwoColumns\",\"enabled\":\"1\",\"fields\":{\"heading\":\"A site that looks sharp  accross every screen\",\"intro\":\"The grid view helps when scaling the website, by defining the number of horizontal columns the site looks great across all devices and screens. \",\"body\":\"Massive screens gets a 5 column grid while small screens like phone get a modified 2 columns grid. \",\"textColor\":\"#3b1f10\",\"backgroundColor\":\"#f0e9e4\",\"paddingTop\":\"big\",\"paddingBottom\":\"small\",\"uiColor\":\"black\"}},\"102\":{\"type\":\"largeImage\",\"enabled\":\"1\",\"fields\":{\"image\":[\"100\"],\"backgroundImage\":\"\",\"backgroundColor\":\"#f0e9e4\",\"paddingTop\":\"small\",\"paddingBottom\":\"big\",\"uiColor\":\"black\"}}},\"41\":\"Chocomel\",\"31\":{\"new1\":{\"type\":\"item\",\"enabled\":\"1\",\"fields\":{\"role\":\"Development\",\"contributorName\":\"eFocus\"}}},\"40\":[\"67\"],\"50\":[\"73\"],\"39\":\"For the love of chocolate\",\"36\":\"\",\"43\":\"Mobile Application\",\"42\":\"\",\"34\":{\"new1\":{\"type\":\"role\",\"enabled\":\"1\",\"fields\":{\"role\":\"Interaction design\"}},\"new2\":{\"type\":\"role\",\"enabled\":\"1\",\"fields\":{\"role\":\"UX Design\"}},\"new3\":{\"type\":\"role\",\"enabled\":\"1\",\"fields\":{\"role\":\"Creative direction\"}},\"new4\":{\"type\":\"role\",\"enabled\":\"1\",\"fields\":{\"role\":\"Concept\"}},\"new5\":{\"type\":\"role\",\"enabled\":\"1\",\"fields\":{\"role\":\"Strategy\"}}}}}', '2016-03-17 00:27:11', '2016-03-17 00:27:11', 'c4fdcb2c-2333-481f-85a8-75aea75b56e8');



DROP TABLE IF EXISTS `craft_fieldgroups`;


--
-- Schema for table `craft_fieldgroups`
--
CREATE TABLE `craft_fieldgroups` (
  `id` int(11) NOT NULL AUTO_INCREMENT,
  `name` varchar(255) COLLATE utf8_unicode_ci NOT NULL,
  `dateCreated` datetime NOT NULL,
  `dateUpdated` datetime NOT NULL,
  `uid` char(36) COLLATE utf8_unicode_ci NOT NULL DEFAULT '0',
  PRIMARY KEY (`id`),
  UNIQUE KEY `craft_fieldgroups_name_unq_idx` (`name`)
) ENGINE=InnoDB AUTO_INCREMENT=4 DEFAULT CHARSET=utf8 COLLATE=utf8_unicode_ci;

--
-- Data for table `craft_fieldgroups`
--

INSERT INTO `craft_fieldgroups` (`id`, `name`, `dateCreated`, `dateUpdated`, `uid`) VALUES
 ('1', 'Default', '2016-02-25 11:25:17', '2016-02-25 11:25:17', 'd959f1ae-b54d-482d-964b-dc2c7eff5dae'),
 ('2', 'Cases', '2016-02-25 13:50:50', '2016-02-25 13:50:50', '30ac7b5d-453d-40dd-8378-c7fce4f98bd7'),
 ('3', 'Homepage', '2016-02-25 14:00:37', '2016-02-25 14:00:37', 'b7177952-a291-4098-a4be-41ccd6272d19');



DROP TABLE IF EXISTS `craft_fieldlayoutfields`;


--
-- Schema for table `craft_fieldlayoutfields`
--
CREATE TABLE `craft_fieldlayoutfields` (
  `id` int(11) NOT NULL AUTO_INCREMENT,
  `layoutId` int(11) NOT NULL,
  `tabId` int(11) NOT NULL,
  `fieldId` int(11) NOT NULL,
  `required` tinyint(1) unsigned NOT NULL DEFAULT '0',
  `sortOrder` smallint(6) unsigned DEFAULT NULL,
  `dateCreated` datetime NOT NULL,
  `dateUpdated` datetime NOT NULL,
  `uid` char(36) COLLATE utf8_unicode_ci NOT NULL DEFAULT '0',
  PRIMARY KEY (`id`),
  UNIQUE KEY `craft_fieldlayoutfields_layoutId_fieldId_unq_idx` (`layoutId`,`fieldId`),
  KEY `craft_fieldlayoutfields_sortOrder_idx` (`sortOrder`),
  KEY `craft_fieldlayoutfields_tabId_fk` (`tabId`),
  KEY `craft_fieldlayoutfields_fieldId_fk` (`fieldId`)
) ENGINE=InnoDB AUTO_INCREMENT=965 DEFAULT CHARSET=utf8 COLLATE=utf8_unicode_ci;

--
-- Data for table `craft_fieldlayoutfields`
--

INSERT INTO `craft_fieldlayoutfields` (`id`, `layoutId`, `tabId`, `fieldId`, `required`, `sortOrder`, `dateCreated`, `dateUpdated`, `uid`) VALUES
 ('11', '13', '5', '10', '0', '1', '2016-02-25 14:01:29', '2016-02-25 14:01:29', 'a4fa73fb-5bd9-434b-8a5f-127f842921a4'),
 ('73', '37', '26', '32', '1', '1', '2016-02-25 14:30:58', '2016-02-25 14:30:58', '73a77fac-2405-4b7f-b643-0185452a9476'),
 ('74', '37', '26', '33', '1', '2', '2016-02-25 14:30:58', '2016-02-25 14:30:58', '3e77f416-5a4d-4fa7-8b91-28a3a02a90c6'),
 ('75', '38', '27', '35', '1', '1', '2016-02-25 14:31:52', '2016-02-25 14:31:52', '6b981362-c419-4344-b14a-71cf92a9e829'),
 ('775', '216', '197', '37', '0', '1', '2016-03-01 14:34:55', '2016-03-01 14:34:55', '8a2e13c2-13dd-4b88-bf98-fd39b83bfd18'),
 ('776', '216', '197', '38', '0', '2', '2016-03-01 14:34:55', '2016-03-01 14:34:55', '7da97467-a4f1-4244-9797-eace835c603b'),
 ('900', '237', '218', '39', '0', '1', '2016-03-15 13:55:31', '2016-03-15 13:55:31', '5a13ed66-ac36-44b4-9882-241a13098f4c'),
 ('901', '237', '218', '40', '1', '2', '2016-03-15 13:55:31', '2016-03-15 13:55:31', 'fd463980-c1c7-4f4d-ae90-7024b157035a'),
 ('902', '237', '218', '50', '0', '3', '2016-03-15 13:55:31', '2016-03-15 13:55:31', '995972be-d125-4e80-af20-54f66c4f9ad3'),
 ('903', '237', '218', '41', '0', '4', '2016-03-15 13:55:31', '2016-03-15 13:55:31', '31c22201-914c-4d2f-800e-a33d5a15fc43'),
 ('904', '237', '218', '43', '0', '5', '2016-03-15 13:55:31', '2016-03-15 13:55:31', '70b2658a-7193-44c1-ad3f-c1d991346f7a'),
 ('905', '237', '218', '42', '0', '6', '2016-03-15 13:55:31', '2016-03-15 13:55:31', 'b35215b1-7b5c-41d0-a67e-fb8563362a3f'),
 ('906', '237', '218', '31', '0', '7', '2016-03-15 13:55:31', '2016-03-15 13:55:31', '043d2f41-73a6-40f3-ab85-4dca26352738'),
 ('907', '237', '218', '34', '0', '8', '2016-03-15 13:55:31', '2016-03-15 13:55:31', '522efa7b-d350-4855-891e-368d0a27a5f9'),
 ('908', '237', '218', '36', '0', '9', '2016-03-15 13:55:31', '2016-03-15 13:55:31', '0049d49a-63f7-47bf-accb-8a8031e13600'),
 ('909', '237', '219', '3', '0', '1', '2016-03-15 13:55:31', '2016-03-15 13:55:31', 'f6a3f688-cb4a-4afc-b2b8-c3da1d2ff30d'),
 ('910', '238', '220', '4', '0', '1', '2016-03-16 15:29:24', '2016-03-16 15:29:24', '6a890d47-634c-4ce1-8bbb-48aef0448cb3'),
 ('911', '238', '220', '5', '0', '2', '2016-03-16 15:29:24', '2016-03-16 15:29:24', '2ea5f0fb-e016-41f3-af10-961bdfea1a98'),
 ('912', '238', '220', '6', '0', '3', '2016-03-16 15:29:24', '2016-03-16 15:29:24', 'd7663f4a-78bd-401f-961b-20674f319a69'),
 ('913', '238', '220', '7', '1', '4', '2016-03-16 15:29:24', '2016-03-16 15:29:24', 'a086dd27-88e9-4ce8-b6b7-cf552ec85de6'),
 ('914', '238', '220', '45', '1', '5', '2016-03-16 15:29:24', '2016-03-16 15:29:24', 'f0c77208-5ae5-4107-87a8-68b1d8f4811a'),
 ('915', '238', '220', '8', '1', '6', '2016-03-16 15:29:24', '2016-03-16 15:29:24', 'd69e1317-f99b-4d4c-af55-0c8138085f2c'),
 ('916', '238', '220', '9', '0', '7', '2016-03-16 15:29:24', '2016-03-16 15:29:24', '16ca6b07-aba2-4ca7-bf62-6d801f64bd77'),
 ('917', '238', '220', '48', '0', '8', '2016-03-16 15:29:24', '2016-03-16 15:29:24', '37b321d9-548d-4c8e-9a65-1c70698650ed'),
 ('918', '238', '220', '49', '0', '9', '2016-03-16 15:29:24', '2016-03-16 15:29:24', '4f56cef3-2cb4-42fe-bc27-1a9c7833b8b3'),
 ('919', '238', '220', '66', '0', '10', '2016-03-16 15:29:24', '2016-03-16 15:29:24', '76cc7008-6a88-4ab7-ba5c-bd3a0b4daaf6'),
 ('920', '239', '221', '11', '1', '1', '2016-03-16 15:29:24', '2016-03-16 15:29:24', '2873e24c-b31a-4227-81b8-f36fa0ae6312'),
 ('921', '239', '221', '17', '1', '2', '2016-03-16 15:29:24', '2016-03-16 15:29:24', '1af0a24e-5e2d-4370-aa6b-1de17bd9e771'),
 ('922', '239', '221', '53', '0', '3', '2016-03-16 15:29:24', '2016-03-16 15:29:24', 'c3008cfa-b7b3-47c9-bdca-403c8fd222d9'),
 ('923', '239', '221', '54', '0', '4', '2016-03-16 15:29:24', '2016-03-16 15:29:24', 'e478e1a4-0f5e-42a1-8806-4e35eae6f6d1'),
 ('924', '239', '221', '67', '0', '5', '2016-03-16 15:29:24', '2016-03-16 15:29:24', '199b53b3-80b1-4492-b155-141b7fa32e4f'),
 ('925', '240', '222', '12', '1', '1', '2016-03-16 15:29:24', '2016-03-16 15:29:24', '641476d8-26de-4be3-8678-e781abfd92cb'),
 ('926', '240', '222', '13', '1', '2', '2016-03-16 15:29:24', '2016-03-16 15:29:24', '05befcd9-cc51-496d-b4b8-6f70cd514bfb'),
 ('927', '240', '222', '18', '1', '3', '2016-03-16 15:29:24', '2016-03-16 15:29:24', '1583c021-a15e-46be-ac31-aba6c0f37a8d'),
 ('928', '240', '222', '65', '0', '4', '2016-03-16 15:29:24', '2016-03-16 15:29:24', '66dc5256-6924-4e79-816c-e22753697425'),
 ('929', '240', '222', '55', '0', '5', '2016-03-16 15:29:24', '2016-03-16 15:29:24', 'c60d3e3d-c5c7-43bf-ac4a-4900526354d5'),
 ('930', '240', '222', '56', '0', '6', '2016-03-16 15:29:24', '2016-03-16 15:29:24', '211103bd-8aea-4334-8d93-98848c5622cd'),
 ('931', '240', '222', '68', '0', '7', '2016-03-16 15:29:24', '2016-03-16 15:29:24', '5f85e0ec-2826-441f-90f4-c3958f404c50'),
 ('932', '241', '223', '14', '1', '1', '2016-03-16 15:29:24', '2016-03-16 15:29:24', '0abc5ecb-7f8c-45c6-a47a-6e03cdb74f87'),
 ('933', '241', '223', '15', '0', '2', '2016-03-16 15:29:24', '2016-03-16 15:29:24', '6b73827e-4e5e-4cf1-ac7a-43aa83f77bbb'),
 ('934', '241', '223', '19', '1', '3', '2016-03-16 15:29:24', '2016-03-16 15:29:24', 'fc8418b8-00ca-4fa6-ba54-a033c082e30c'),
 ('935', '241', '223', '57', '0', '4', '2016-03-16 15:29:24', '2016-03-16 15:29:24', '63f3dd8f-b597-4246-b8ca-9a453bbadd3a'),
 ('936', '241', '223', '58', '0', '5', '2016-03-16 15:29:24', '2016-03-16 15:29:24', 'f928d12d-71df-45d9-a720-43d5f93d224e'),
 ('937', '241', '223', '69', '0', '6', '2016-03-16 15:29:24', '2016-03-16 15:29:24', 'deb1b21d-a009-4011-9727-eed122c178d0'),
 ('938', '242', '224', '16', '0', '1', '2016-03-16 15:29:24', '2016-03-16 15:29:24', 'aac678a0-b580-4e75-9f74-d4bc078a6472'),
 ('939', '242', '224', '59', '0', '2', '2016-03-16 15:29:24', '2016-03-16 15:29:24', '33240e0a-259a-43c7-aacf-262907cf5f75'),
 ('940', '242', '224', '60', '0', '3', '2016-03-16 15:29:24', '2016-03-16 15:29:24', '1af43ddd-dde2-4924-ae29-02e32bd0d759'),
 ('941', '242', '224', '70', '0', '4', '2016-03-16 15:29:24', '2016-03-16 15:29:24', '277bfc77-4e2e-40a5-8ad7-f2d285e28c05'),
 ('942', '243', '225', '20', '0', '1', '2016-03-16 15:29:24', '2016-03-16 15:29:24', '95a73103-5d12-4558-b6e2-b51895346dda'),
 ('943', '243', '225', '21', '0', '2', '2016-03-16 15:29:24', '2016-03-16 15:29:24', '65bde738-dba9-40f0-b0c3-ca1885cc4d95'),
 ('944', '243', '225', '22', '0', '3', '2016-03-16 15:29:24', '2016-03-16 15:29:24', 'b3d0a81a-039d-45d6-b8b5-f51eed651c4a'),
 ('945', '243', '225', '23', '0', '4', '2016-03-16 15:29:24', '2016-03-16 15:29:24', 'a0f0dda0-549f-43a0-abe2-5bc670919fc3'),
 ('946', '243', '225', '46', '1', '5', '2016-03-16 15:29:24', '2016-03-16 15:29:24', '22805062-3d1c-49bc-8473-982c8b829214'),
 ('947', '243', '225', '24', '1', '6', '2016-03-16 15:29:24', '2016-03-16 15:29:24', 'd59bbae4-7b7d-4339-aedb-23bbca9b51ce'),
 ('948', '243', '225', '61', '0', '7', '2016-03-16 15:29:24', '2016-03-16 15:29:24', 'd71b1709-3770-41f2-85f1-abd6e4ef2d67'),
 ('949', '243', '225', '62', '0', '8', '2016-03-16 15:29:24', '2016-03-16 15:29:24', '6d9b749e-c777-4bec-9bf6-4c041a40fe06'),
 ('950', '243', '225', '71', '0', '9', '2016-03-16 15:29:24', '2016-03-16 15:29:24', 'b8acdc4a-f101-41b4-a3ac-178e7a6fb85e'),
 ('951', '244', '226', '25', '0', '1', '2016-03-16 15:29:24', '2016-03-16 15:29:24', 'cc39cfa1-e583-4783-aafd-a9cd62dda79d'),
 ('952', '244', '226', '26', '0', '2', '2016-03-16 15:29:24', '2016-03-16 15:29:24', 'e6ef807f-7eb3-4d0d-a55e-0686a16e2b61'),
 ('953', '244', '226', '27', '0', '3', '2016-03-16 15:29:24', '2016-03-16 15:29:24', '2fbd20df-a872-4402-94da-5a9c543b7239'),
 ('954', '244', '226', '44', '1', '4', '2016-03-16 15:29:24', '2016-03-16 15:29:24', '0a5840bb-4031-4a9c-a607-1ef1e81aaaa2'),
 ('955', '244', '226', '28', '1', '5', '2016-03-16 15:29:24', '2016-03-16 15:29:24', '13f4ee78-713e-4f34-93b5-c304a79cf3e9'),
 ('956', '244', '226', '63', '0', '6', '2016-03-16 15:29:24', '2016-03-16 15:29:24', 'dc2a2c37-9e3c-4361-a7aa-c29880a08869'),
 ('957', '244', '226', '64', '0', '7', '2016-03-16 15:29:24', '2016-03-16 15:29:24', 'b2e2aec6-00ce-48ff-8207-8cc86d87ce71'),
 ('958', '244', '226', '72', '0', '8', '2016-03-16 15:29:24', '2016-03-16 15:29:24', '61b140e5-7cd9-47f1-89bb-62484dccbbd6'),
 ('959', '245', '227', '29', '0', '1', '2016-03-16 15:29:24', '2016-03-16 15:29:24', '56110883-5df0-4b08-8663-a355ed31c5a7'),
 ('960', '245', '227', '47', '1', '2', '2016-03-16 15:29:24', '2016-03-16 15:29:24', '8bf28552-b388-4ffc-b58a-04f4c9f21c9a'),
 ('961', '245', '227', '30', '1', '3', '2016-03-16 15:29:24', '2016-03-16 15:29:24', 'd3144d1b-b62a-4397-8750-39217f1875ea'),
 ('962', '245', '227', '51', '0', '4', '2016-03-16 15:29:24', '2016-03-16 15:29:24', '2260b776-59ca-41df-9780-af9be5b90693'),
 ('963', '245', '227', '52', '0', '5', '2016-03-16 15:29:24', '2016-03-16 15:29:24', '936c804b-8d66-4a57-b747-fe552491717e'),
 ('964', '245', '227', '73', '0', '6', '2016-03-16 15:29:24', '2016-03-16 15:29:24', '8a54bfb6-002a-447c-bdef-dcf4d539c5a3');



DROP TABLE IF EXISTS `craft_fieldlayouts`;


--
-- Schema for table `craft_fieldlayouts`
--
CREATE TABLE `craft_fieldlayouts` (
  `id` int(11) NOT NULL AUTO_INCREMENT,
  `type` varchar(150) COLLATE utf8_unicode_ci NOT NULL,
  `dateCreated` datetime NOT NULL,
  `dateUpdated` datetime NOT NULL,
  `uid` char(36) COLLATE utf8_unicode_ci NOT NULL DEFAULT '0',
  PRIMARY KEY (`id`),
  KEY `craft_fieldlayouts_type_idx` (`type`)
) ENGINE=InnoDB AUTO_INCREMENT=246 DEFAULT CHARSET=utf8 COLLATE=utf8_unicode_ci;

--
-- Data for table `craft_fieldlayouts`
--

INSERT INTO `craft_fieldlayouts` (`id`, `type`, `dateCreated`, `dateUpdated`, `uid`) VALUES
 ('1', 'Tag', '2016-02-25 11:25:17', '2016-02-25 11:25:17', 'e718afbf-b262-4ced-b435-bc090bea1229'),
 ('3', 'Entry', '2016-02-25 11:25:17', '2016-02-25 11:25:17', '686faef0-bcc9-4630-9ef0-36e72d1f6fc8'),
 ('5', 'Entry', '2016-02-25 11:25:17', '2016-02-25 11:25:17', '7c625eb6-dedb-4c4b-a5da-34c189212f01'),
 ('7', 'Entry', '2016-02-25 13:47:58', '2016-02-25 13:47:58', '8a2cbdf7-1dc1-4456-a017-6d03d52482e2'),
 ('9', 'Entry', '2016-02-25 13:49:30', '2016-02-25 13:49:30', '14533b09-6983-447a-bb25-d82497eb8a86'),
 ('10', 'Entry', '2016-02-25 13:49:38', '2016-02-25 13:49:38', '32cd5fbb-9a92-44d7-984a-7ff968f474fa'),
 ('13', 'Entry', '2016-02-25 14:01:29', '2016-02-25 14:01:29', '45187c2e-3a9d-4897-88de-a7ef007bb78d'),
 ('37', 'MatrixBlock', '2016-02-25 14:30:58', '2016-02-25 14:30:58', 'caed8be6-d85a-4438-841a-61e242d33583'),
 ('38', 'MatrixBlock', '2016-02-25 14:31:52', '2016-02-25 14:31:52', '1a778525-e665-4415-a751-19acf2ae79e2'),
 ('43', 'GlobalSet', '2016-02-25 14:50:24', '2016-02-25 14:50:24', 'cf869dcb-e171-4985-91de-b0d8723836b3'),
 ('57', 'Asset', '2016-02-26 12:41:37', '2016-02-26 12:41:37', '820af5b3-24f5-48bd-bef2-24be6e641c96'),
 ('75', 'Asset', '2016-02-26 13:52:16', '2016-02-26 13:52:16', 'df7fba11-1b88-46e6-a9d9-41c3392792e0'),
 ('94', 'Asset', '2016-02-29 09:55:51', '2016-02-29 09:55:51', '12cf2ccf-5322-48bb-99d8-fb3e73bd847c'),
 ('216', 'MatrixBlock', '2016-03-01 14:34:54', '2016-03-01 14:34:54', 'b9ee9336-68a1-46fa-bf0d-6f87ab38e6c7'),
 ('227', 'Entry', '2016-03-07 15:34:59', '2016-03-07 15:34:59', '95e1aff3-586b-4bd1-aa7c-c29c12acea3f'),
 ('228', 'Entry', '2016-03-07 15:36:18', '2016-03-07 15:36:18', '2134f198-ffc7-47a0-8154-c794bed95341'),
 ('237', 'Entry', '2016-03-15 13:55:31', '2016-03-15 13:55:31', '02bf5b82-71c2-4042-ae9f-7009d43795b8'),
 ('238', 'MatrixBlock', '2016-03-16 15:29:24', '2016-03-16 15:29:24', '4feb16ac-f753-47e2-b506-68a245ec312c'),
 ('239', 'MatrixBlock', '2016-03-16 15:29:24', '2016-03-16 15:29:24', '94c745bc-5fdb-4d81-829e-28ebe779df96'),
 ('240', 'MatrixBlock', '2016-03-16 15:29:24', '2016-03-16 15:29:24', '65275634-3a88-4cb1-84f7-7f377566bcfa'),
 ('241', 'MatrixBlock', '2016-03-16 15:29:24', '2016-03-16 15:29:24', '6a7265cd-6d63-4a65-90c1-00ec19d88b50'),
 ('242', 'MatrixBlock', '2016-03-16 15:29:24', '2016-03-16 15:29:24', '76eb99d2-f560-4c2f-90d1-2f85f4b176f0'),
 ('243', 'MatrixBlock', '2016-03-16 15:29:24', '2016-03-16 15:29:24', 'caf89132-aa50-4f26-860d-62fc629f5bca'),
 ('244', 'MatrixBlock', '2016-03-16 15:29:24', '2016-03-16 15:29:24', 'a3bdf074-1026-44d1-b270-b9057cee50d8'),
 ('245', 'MatrixBlock', '2016-03-16 15:29:24', '2016-03-16 15:29:24', 'f1354381-960c-46c1-aa30-a8e623a9dffe');



DROP TABLE IF EXISTS `craft_fieldlayouttabs`;


--
-- Schema for table `craft_fieldlayouttabs`
--
CREATE TABLE `craft_fieldlayouttabs` (
  `id` int(11) NOT NULL AUTO_INCREMENT,
  `layoutId` int(11) NOT NULL,
  `name` varchar(255) COLLATE utf8_unicode_ci NOT NULL,
  `sortOrder` smallint(6) unsigned DEFAULT NULL,
  `dateCreated` datetime NOT NULL,
  `dateUpdated` datetime NOT NULL,
  `uid` char(36) COLLATE utf8_unicode_ci NOT NULL DEFAULT '0',
  PRIMARY KEY (`id`),
  KEY `craft_fieldlayouttabs_sortOrder_idx` (`sortOrder`),
  KEY `craft_fieldlayouttabs_layoutId_fk` (`layoutId`)
) ENGINE=InnoDB AUTO_INCREMENT=228 DEFAULT CHARSET=utf8 COLLATE=utf8_unicode_ci;

--
-- Data for table `craft_fieldlayouttabs`
--

INSERT INTO `craft_fieldlayouttabs` (`id`, `layoutId`, `name`, `sortOrder`, `dateCreated`, `dateUpdated`, `uid`) VALUES
 ('1', '3', 'Content', '1', '2016-02-25 11:25:17', '2016-02-25 11:25:17', 'fa178389-214d-45f0-8c9a-3847f0a43bd2'),
 ('2', '5', 'Content', '1', '2016-02-25 11:25:17', '2016-02-25 11:25:17', '0f7f122e-eb8f-4a4d-8711-3363baa90ed6'),
 ('5', '13', 'Homepage', '1', '2016-02-25 14:01:29', '2016-02-25 14:01:29', '839c5513-c082-4842-ba0a-3f5634687e66'),
 ('26', '37', 'Content', '1', '2016-02-25 14:30:58', '2016-02-25 14:30:58', '6bb5bd39-e68d-4c55-b29f-a040ae3dc3b8'),
 ('27', '38', 'Content', '1', '2016-02-25 14:31:52', '2016-02-25 14:31:52', '3f72259e-9b93-4f6b-95b0-345fff49fd0d'),
 ('197', '216', 'Content', '1', '2016-03-01 14:34:54', '2016-03-01 14:34:54', '6351d909-657c-406c-abf5-2e0559542d29'),
 ('218', '237', 'Case', '1', '2016-03-15 13:55:31', '2016-03-15 13:55:31', '41360d79-b53c-46ec-b3b6-db026a85a55e'),
 ('219', '237', 'Sections', '2', '2016-03-15 13:55:31', '2016-03-15 13:55:31', 'bf3f384e-20e3-42ff-bc87-2f4a5bd7f309'),
 ('220', '238', 'Content', '1', '2016-03-16 15:29:24', '2016-03-16 15:29:24', 'b5fef34d-99a6-4d23-b2be-a001ecf83305'),
 ('221', '239', 'Content', '1', '2016-03-16 15:29:24', '2016-03-16 15:29:24', '8d2c4db6-0602-4323-ac2a-de9d16c74b53'),
 ('222', '240', 'Content', '1', '2016-03-16 15:29:24', '2016-03-16 15:29:24', '010302d9-7e94-4df3-a45c-91eb15e6468a'),
 ('223', '241', 'Content', '1', '2016-03-16 15:29:24', '2016-03-16 15:29:24', 'ece2d00a-8fb4-45e5-8e57-66b9195badd0'),
 ('224', '242', 'Content', '1', '2016-03-16 15:29:24', '2016-03-16 15:29:24', '4d479cee-f7f3-4c62-89c7-d1f72a2928eb'),
 ('225', '243', 'Content', '1', '2016-03-16 15:29:24', '2016-03-16 15:29:24', '5073e1f1-a9ad-47ee-9a29-69e1499e4d04'),
 ('226', '244', 'Content', '1', '2016-03-16 15:29:24', '2016-03-16 15:29:24', '06c94b6e-c8d8-4328-91c2-41ff1a6bcc7c'),
 ('227', '245', 'Content', '1', '2016-03-16 15:29:24', '2016-03-16 15:29:24', '39fb8cac-5ddd-4fe9-afde-2c6bd31bc742');



DROP TABLE IF EXISTS `craft_fields`;


--
-- Schema for table `craft_fields`
--
CREATE TABLE `craft_fields` (
  `id` int(11) NOT NULL AUTO_INCREMENT,
  `groupId` int(11) DEFAULT NULL,
  `name` varchar(255) COLLATE utf8_unicode_ci NOT NULL,
  `handle` varchar(58) COLLATE utf8_unicode_ci NOT NULL,
  `context` varchar(255) COLLATE utf8_unicode_ci NOT NULL DEFAULT 'global',
  `instructions` text COLLATE utf8_unicode_ci,
  `translatable` tinyint(1) unsigned NOT NULL DEFAULT '0',
  `type` varchar(150) COLLATE utf8_unicode_ci NOT NULL,
  `settings` text COLLATE utf8_unicode_ci,
  `dateCreated` datetime NOT NULL,
  `dateUpdated` datetime NOT NULL,
  `uid` char(36) COLLATE utf8_unicode_ci NOT NULL DEFAULT '0',
  PRIMARY KEY (`id`),
  UNIQUE KEY `craft_fields_handle_context_unq_idx` (`handle`,`context`),
  KEY `craft_fields_context_idx` (`context`),
  KEY `craft_fields_groupId_fk` (`groupId`)
) ENGINE=InnoDB AUTO_INCREMENT=74 DEFAULT CHARSET=utf8 COLLATE=utf8_unicode_ci;

--
-- Data for table `craft_fields`
--

INSERT INTO `craft_fields` (`id`, `groupId`, `name`, `handle`, `context`, `instructions`, `translatable`, `type`, `settings`, `dateCreated`, `dateUpdated`, `uid`) VALUES
 ('3', '2', 'Case Sections', 'caseSections', 'global', '', '0', 'Matrix', '{\"maxBlocks\":null}', '2016-02-25 13:55:50', '2016-03-16 15:29:24', 'f42189c1-e2bf-4edd-b4b0-c0bce8d1aace'),
 ('4', NULL, 'Heading', 'heading', 'matrixBlockType:1', '', '0', 'PlainText', '{\"placeholder\":\"\",\"maxLength\":\"250\",\"multiline\":\"\",\"initialRows\":\"4\"}', '2016-02-25 13:55:50', '2016-03-16 15:29:24', '8de48167-55cb-4cf9-9f0b-e3dd6543bb78'),
 ('5', NULL, 'Intro', 'intro', 'matrixBlockType:1', '', '0', 'PlainText', '{\"placeholder\":\"\",\"maxLength\":\"300\",\"multiline\":\"\",\"initialRows\":\"4\"}', '2016-02-25 13:55:50', '2016-03-16 15:29:24', 'f297a41a-53f5-4410-92ce-87e48579e987'),
 ('6', NULL, 'Body', 'body', 'matrixBlockType:1', '', '0', 'PlainText', '{\"placeholder\":\"\",\"maxLength\":\"\",\"multiline\":\"\",\"initialRows\":\"4\"}', '2016-02-25 13:55:50', '2016-03-16 15:29:24', '739390eb-cabb-4914-9853-d915d29b32c4'),
 ('7', NULL, 'Image', 'image', 'matrixBlockType:1', '', '0', 'Assets', '{\"useSingleFolder\":\"1\",\"sources\":[\"folder:2\"],\"defaultUploadLocationSource\":\"2\",\"defaultUploadLocationSubpath\":\"\\/{owner.slug}\",\"singleUploadLocationSource\":\"2\",\"singleUploadLocationSubpath\":\"{owner.slug}\",\"restrictFiles\":\"1\",\"allowedKinds\":[\"image\"],\"limit\":\"1\",\"viewMode\":\"list\",\"selectionLabel\":\"\"}', '2016-02-25 13:55:50', '2016-03-16 15:29:24', 'a0bebfc8-fe39-43ca-8f5a-28e87b59bdb4'),
 ('8', NULL, 'Background Color', 'backgroundColor', 'matrixBlockType:1', '', '0', 'Color', NULL, '2016-02-25 13:55:50', '2016-03-16 15:29:24', 'd9962176-0df9-4146-98d0-66f04747551f'),
 ('9', NULL, 'Image Position', 'imagePosition', 'matrixBlockType:1', '', '0', 'PositionSelect', '{\"options\":[\"left\",\"right\"]}', '2016-02-25 13:55:50', '2016-03-16 15:29:24', '5f95a5ed-a7e2-4e9f-bb08-24c5e2d065b8'),
 ('10', '3', 'Featured Cases', 'featuredCases', 'global', '', '0', 'Entries', '{\"sources\":[\"section:3\"],\"limit\":\"5\",\"selectionLabel\":\"Selected a Case\"}', '2016-02-25 14:01:05', '2016-02-25 14:01:05', '42cfabcc-074f-4551-9e3d-f247e8dd91a6'),
 ('11', NULL, 'Images', 'images', 'matrixBlockType:2', 'Select up to 10 images.', '0', 'Assets', '{\"useSingleFolder\":\"1\",\"sources\":[\"folder:2\"],\"defaultUploadLocationSource\":\"2\",\"defaultUploadLocationSubpath\":\"\",\"singleUploadLocationSource\":\"2\",\"singleUploadLocationSubpath\":\"{owner.slug}\",\"restrictFiles\":\"1\",\"allowedKinds\":[\"image\"],\"limit\":\"10\",\"viewMode\":\"list\",\"selectionLabel\":\"Add assets\"}', '2016-02-25 14:07:12', '2016-03-16 15:29:24', 'ce2cea7b-029b-459f-bf7b-9c466beff50c'),
 ('12', NULL, 'Cover Image', 'coverImage', 'matrixBlockType:3', '', '0', 'Assets', '{\"useSingleFolder\":\"1\",\"sources\":[\"folder:2\"],\"defaultUploadLocationSource\":\"2\",\"defaultUploadLocationSubpath\":\"\",\"singleUploadLocationSource\":\"2\",\"singleUploadLocationSubpath\":\"{owner.slug}\",\"restrictFiles\":\"1\",\"allowedKinds\":[\"image\"],\"limit\":\"1\",\"viewMode\":\"list\",\"selectionLabel\":\"\"}', '2016-02-25 14:10:40', '2016-03-16 15:29:24', '0a3d4e60-2d54-4936-9584-a1124675aee1'),
 ('13', NULL, 'Video', 'video', 'matrixBlockType:3', '', '0', 'Assets', '{\"useSingleFolder\":\"\",\"sources\":[\"folder:1\"],\"defaultUploadLocationSource\":\"1\",\"defaultUploadLocationSubpath\":\"{owner.slug}\",\"singleUploadLocationSource\":\"1\",\"singleUploadLocationSubpath\":\"\",\"restrictFiles\":\"1\",\"allowedKinds\":[\"video\"],\"limit\":\"1\",\"viewMode\":\"list\",\"selectionLabel\":\"\"}', '2016-02-25 14:10:40', '2016-03-16 15:29:24', '58a6b8b0-1261-4c02-b44d-0a2eeb626a2a'),
 ('14', NULL, 'Image', 'image', 'matrixBlockType:4', '', '0', 'Assets', '{\"useSingleFolder\":\"1\",\"sources\":[\"folder:2\"],\"defaultUploadLocationSource\":\"2\",\"defaultUploadLocationSubpath\":\"\",\"singleUploadLocationSource\":\"2\",\"singleUploadLocationSubpath\":\"{owner.slug}\",\"restrictFiles\":\"1\",\"allowedKinds\":[\"image\"],\"limit\":\"1\",\"viewMode\":\"list\",\"selectionLabel\":\"\"}', '2016-02-25 14:15:08', '2016-03-16 15:29:24', 'c5adefc9-ff05-4e26-8d79-24f06f25ca0e'),
 ('15', NULL, 'Background Image', 'backgroundImage', 'matrixBlockType:4', '', '0', 'Assets', '{\"useSingleFolder\":\"1\",\"sources\":[\"folder:2\"],\"defaultUploadLocationSource\":\"2\",\"defaultUploadLocationSubpath\":\"\",\"singleUploadLocationSource\":\"2\",\"singleUploadLocationSubpath\":\"{owner.slug}\",\"restrictFiles\":\"1\",\"allowedKinds\":[\"image\"],\"limit\":\"1\",\"viewMode\":\"list\",\"selectionLabel\":\"\"}', '2016-02-25 14:15:08', '2016-03-16 15:29:24', '3c97f7fd-30f4-47fa-87f0-824a3a78f08e'),
 ('16', NULL, 'Image', 'image', 'matrixBlockType:5', '', '0', 'Assets', '{\"useSingleFolder\":\"1\",\"sources\":[\"folder:2\"],\"defaultUploadLocationSource\":\"2\",\"defaultUploadLocationSubpath\":\"\",\"singleUploadLocationSource\":\"2\",\"singleUploadLocationSubpath\":\"{owner.slug}\",\"restrictFiles\":\"1\",\"allowedKinds\":[\"image\"],\"limit\":\"1\",\"viewMode\":\"list\",\"selectionLabel\":\"\"}', '2016-02-25 14:15:08', '2016-03-16 15:29:24', 'c404845f-7709-45ed-b293-40a3f17b75d7'),
 ('17', NULL, 'Background Color', 'backgroundColor', 'matrixBlockType:2', '', '0', 'Color', NULL, '2016-02-25 14:23:54', '2016-03-16 15:29:24', '40458637-88bc-4a2d-b006-e47bc7055d0d'),
 ('18', NULL, 'Background Color', 'backgroundColor', 'matrixBlockType:3', '', '0', 'Color', NULL, '2016-02-25 14:23:54', '2016-03-16 15:29:24', 'd34ebb77-d6ae-4443-8999-10fa90103522'),
 ('19', NULL, 'Background Color', 'backgroundColor', 'matrixBlockType:4', '', '0', 'Color', NULL, '2016-02-25 14:23:54', '2016-03-16 15:29:24', 'af1d4a5d-fde4-4c01-8cc6-36fb4468d16d'),
 ('20', NULL, 'Heading', 'heading', 'matrixBlockType:6', '', '0', 'PlainText', '{\"placeholder\":\"\",\"maxLength\":\"\",\"multiline\":\"\",\"initialRows\":\"4\"}', '2016-02-25 14:23:54', '2016-03-16 15:29:24', '9250f0a4-71e0-4194-902d-41def514d9e6'),
 ('21', NULL, 'Intro', 'intro', 'matrixBlockType:6', '', '0', 'PlainText', '{\"placeholder\":\"\",\"maxLength\":\"\",\"multiline\":\"1\",\"initialRows\":\"4\"}', '2016-02-25 14:23:54', '2016-03-16 15:29:24', '0b577a40-4325-4c4a-a927-c450828301ca'),
 ('22', NULL, 'Body', 'body', 'matrixBlockType:6', '', '0', 'PlainText', '{\"placeholder\":\"\",\"maxLength\":\"\",\"multiline\":\"1\",\"initialRows\":\"4\"}', '2016-02-25 14:23:54', '2016-03-16 15:29:24', '4fb80412-b3c2-452a-b3fd-1169515f8c47'),
 ('23', NULL, 'Position', 'position', 'matrixBlockType:6', '', '0', 'PositionSelect', '{\"options\":[\"left\",\"center\",\"right\"]}', '2016-02-25 14:23:54', '2016-03-16 15:29:24', 'dd1aae7b-4fdf-4419-89f4-2e0feeecc586'),
 ('24', NULL, 'Background Color', 'backgroundColor', 'matrixBlockType:6', '', '0', 'Color', NULL, '2016-02-25 14:23:54', '2016-03-16 15:29:24', '5527eab8-60d3-4247-bc2f-57d872d633c3'),
 ('25', NULL, 'Heading', 'heading', 'matrixBlockType:7', '', '0', 'PlainText', '{\"placeholder\":\"\",\"maxLength\":\"\",\"multiline\":\"\",\"initialRows\":\"4\"}', '2016-02-25 14:23:55', '2016-03-16 15:29:24', '3989abf6-3956-4749-8f2e-1eb5debf3c46'),
 ('26', NULL, 'Intro', 'intro', 'matrixBlockType:7', '', '0', 'PlainText', '{\"placeholder\":\"\",\"maxLength\":\"\",\"multiline\":\"1\",\"initialRows\":\"4\"}', '2016-02-25 14:23:55', '2016-03-16 15:29:24', '26dfb6e4-7dda-48e7-a1b8-db8ffac0a5e5'),
 ('27', NULL, 'Body', 'body', 'matrixBlockType:7', '', '0', 'PlainText', '{\"placeholder\":\"\",\"maxLength\":\"\",\"multiline\":\"1\",\"initialRows\":\"4\"}', '2016-02-25 14:23:55', '2016-03-16 15:29:24', '1590b1d7-af56-4385-af16-65958f51f1fe'),
 ('28', NULL, 'Background Color', 'backgroundColor', 'matrixBlockType:7', '', '0', 'Color', NULL, '2016-02-25 14:23:55', '2016-03-16 15:29:24', 'd4b7988a-0f2a-406b-9e46-b4d35a2bc82f'),
 ('29', NULL, 'Body', 'body', 'matrixBlockType:8', '', '0', 'PlainText', '{\"placeholder\":\"\",\"maxLength\":\"\",\"multiline\":\"1\",\"initialRows\":\"4\"}', '2016-02-25 14:23:55', '2016-03-16 15:29:24', 'e8438af8-a5bb-4c41-a6e3-d2a8faf1456b'),
 ('30', NULL, 'Background Color', 'backgroundColor', 'matrixBlockType:8', '', '0', 'Color', NULL, '2016-02-25 14:23:55', '2016-03-16 15:29:24', 'c1ac7dd7-ff3b-4a68-a386-f6c142f3f046'),
 ('31', '2', 'Credits', 'credits', 'global', '', '0', 'Matrix', '{\"maxBlocks\":null}', '2016-02-25 14:30:58', '2016-02-25 14:30:58', '462da376-e04a-46ca-b035-26a86b5435e8'),
 ('32', NULL, 'Role', 'role', 'matrixBlockType:9', '', '0', 'PlainText', '{\"placeholder\":\"\",\"maxLength\":\"\",\"multiline\":\"\",\"initialRows\":\"4\"}', '2016-02-25 14:30:58', '2016-02-25 14:30:58', '94222171-06d1-487f-b5ff-6ca892cd9dde'),
 ('33', NULL, 'Contributor Name', 'contributorName', 'matrixBlockType:9', '', '0', 'PlainText', '{\"placeholder\":\"\",\"maxLength\":\"\",\"multiline\":\"\",\"initialRows\":\"4\"}', '2016-02-25 14:30:58', '2016-02-25 14:30:58', 'eac42a4b-14ba-48f8-b0ad-84bca5aab669'),
 ('34', '2', 'Roles', 'roles', 'global', '', '0', 'Matrix', '{\"maxBlocks\":null}', '2016-02-25 14:31:52', '2016-02-25 14:31:52', '18d84fef-13a8-43ba-829d-6268120163ad'),
 ('35', NULL, 'Role', 'role', 'matrixBlockType:10', '', '0', 'PlainText', '{\"placeholder\":\"\",\"maxLength\":\"\",\"multiline\":\"\",\"initialRows\":\"4\"}', '2016-02-25 14:31:52', '2016-02-25 14:31:52', 'c70dfa55-d03e-473c-b4ec-80f8656dd37d'),
 ('36', '2', 'Honours', 'honours', 'global', '', '0', 'Matrix', '{\"maxBlocks\":\"6\"}', '2016-02-25 14:36:09', '2016-03-01 14:34:54', '35347a96-8180-4090-b295-12f41b748c44'),
 ('37', NULL, 'Honour name', 'honourName', 'matrixBlockType:11', '', '0', 'PlainText', '{\"placeholder\":\"\",\"maxLength\":\"\",\"multiline\":\"\",\"initialRows\":\"4\"}', '2016-02-25 14:36:09', '2016-03-01 14:34:54', 'ee626eaf-8f43-425f-a6b7-dd06d7bbf8a3'),
 ('38', NULL, 'Logo', 'logo', 'matrixBlockType:11', '', '0', 'Assets', '{\"useSingleFolder\":\"\",\"sources\":[\"folder:3\"],\"defaultUploadLocationSource\":\"2\",\"defaultUploadLocationSubpath\":\"\",\"singleUploadLocationSource\":\"1\",\"singleUploadLocationSubpath\":\"\",\"restrictFiles\":\"\",\"limit\":\"1\",\"viewMode\":\"list\",\"selectionLabel\":\"\"}', '2016-02-25 14:36:09', '2016-03-01 14:34:54', 'ec8e33ba-f15d-4ae8-b3a9-fa51e0b543e7'),
 ('39', '2', 'Heading', 'heading', 'global', '', '0', 'PlainText', '{\"placeholder\":\"\",\"maxLength\":\"\",\"multiline\":\"1\",\"initialRows\":\"2\"}', '2016-02-25 14:37:26', '2016-02-25 14:37:26', '7eb39d0e-d7b9-4fbe-8fad-151074b7d6fc'),
 ('40', '2', 'Header Background Image', 'headerBackgroundImage', 'global', '', '0', 'Assets', '{\"useSingleFolder\":\"1\",\"sources\":[\"folder:2\"],\"defaultUploadLocationSource\":\"2\",\"defaultUploadLocationSubpath\":\"\",\"singleUploadLocationSource\":\"2\",\"singleUploadLocationSubpath\":\"{slug}\",\"restrictFiles\":\"1\",\"allowedKinds\":[\"image\"],\"limit\":\"1\",\"viewMode\":\"list\",\"selectionLabel\":\"\"}', '2016-02-25 14:37:55', '2016-03-15 13:54:52', '1c013f89-daf4-4ce7-bedf-ab4bea67ff60'),
 ('41', '2', 'Client', 'client', 'global', '', '0', 'PlainText', '{\"placeholder\":\"\",\"maxLength\":\"\",\"multiline\":\"\",\"initialRows\":\"4\"}', '2016-02-25 14:38:25', '2016-02-25 14:38:25', '0289d61e-cd61-4f87-9004-3ed5a9fac7a4'),
 ('42', '2', 'Project URL', 'projectUrl', 'global', '', '0', 'PlainText', '{\"placeholder\":\"\",\"maxLength\":\"\",\"multiline\":\"\",\"initialRows\":\"4\"}', '2016-02-25 14:38:44', '2016-02-25 14:38:44', '764331db-b64e-4482-be14-0dcebcc6e3cf'),
 ('43', '2', 'Project Type', 'projectType', 'global', '', '0', 'Dropdown', '{\"options\":[{\"label\":\"Responsive Website\",\"value\":\"Responsive Website\",\"default\":\"\"},{\"label\":\"Mobile Application\",\"value\":\"Mobile Application\",\"default\":\"\"},{\"label\":\"\",\"value\":\"\",\"default\":\"\"}]}', '2016-02-25 14:39:30', '2016-02-29 10:22:05', 'f2e8be97-86f0-4ff2-9936-725f068cbe39'),
 ('44', NULL, 'Text Color', 'textColor', 'matrixBlockType:7', '', '0', 'Color', NULL, '2016-02-26 13:38:07', '2016-03-16 15:29:24', '50db597c-9e6f-4d12-83c8-ab56dbcfb56f'),
 ('45', NULL, 'Text Color', 'textColor', 'matrixBlockType:1', '', '0', 'Color', NULL, '2016-02-26 13:39:07', '2016-03-16 15:29:24', '514e0811-94c3-4483-8f3b-b22af7433a1d'),
 ('46', NULL, 'Text Color', 'textColor', 'matrixBlockType:6', '', '0', 'Color', NULL, '2016-02-26 13:39:07', '2016-03-16 15:29:24', 'b023e775-a0b6-447f-b7b4-9af6889247eb'),
 ('47', NULL, 'Text Color', 'textColor', 'matrixBlockType:8', '', '0', 'Color', NULL, '2016-02-26 13:39:07', '2016-03-16 15:29:24', 'b406d477-8bf4-4d91-9693-1f140c387fb0'),
 ('48', NULL, 'Padding Top', 'paddingTop', 'matrixBlockType:1', '', '0', 'Dropdown', '{\"options\":[{\"label\":\"None\",\"value\":\"none\",\"default\":\"1\"},{\"label\":\"Small\",\"value\":\"small\",\"default\":\"\"},{\"label\":\"Big\",\"value\":\"big\",\"default\":\"\"}]}', '2016-02-29 11:03:57', '2016-03-16 15:29:24', 'e50f8b87-7e8b-420d-8340-2db9c155ba9f'),
 ('49', NULL, 'Padding Bottom', 'paddingBottom', 'matrixBlockType:1', '', '0', 'Dropdown', '{\"options\":[{\"label\":\"None\",\"value\":\"none\",\"default\":\"1\"},{\"label\":\"Small\",\"value\":\"small\",\"default\":\"\"},{\"label\":\"Big\",\"value\":\"big\",\"default\":\"\"}]}', '2016-02-29 11:07:31', '2016-03-16 15:29:24', '62e56a0d-5041-4b55-8a32-0949ee7683fa'),
 ('50', '2', 'Header Image', 'headerImage', 'global', '', '0', 'Assets', '{\"useSingleFolder\":\"1\",\"sources\":\"*\",\"defaultUploadLocationSource\":\"1\",\"defaultUploadLocationSubpath\":\"\",\"singleUploadLocationSource\":\"2\",\"singleUploadLocationSubpath\":\"{slug}\",\"restrictFiles\":\"1\",\"allowedKinds\":[\"image\"],\"limit\":\"1\",\"viewMode\":\"list\",\"selectionLabel\":\"\"}', '2016-02-29 13:17:35', '2016-02-29 13:20:07', '2271465d-70f9-4b1e-8ccd-a38d234c1b2e'),
 ('51', NULL, 'Padding Top', 'paddingTop', 'matrixBlockType:8', '', '0', 'Dropdown', '{\"options\":[{\"label\":\"None\",\"value\":\"small\",\"default\":\"1\"},{\"label\":\"Small\",\"value\":\"small\",\"default\":\"\"},{\"label\":\"Big\",\"value\":\"big\",\"default\":\"\"}]}', '2016-03-01 12:59:01', '2016-03-16 15:29:24', '9e6b9dc2-5b4f-49bc-951b-8f6bb619c308'),
 ('52', NULL, 'Padding Bottom', 'paddingBottom', 'matrixBlockType:8', '', '0', 'Dropdown', '{\"options\":[{\"label\":\"None\",\"value\":\"none\",\"default\":\"1\"},{\"label\":\"Small\",\"value\":\"small\",\"default\":\"\"},{\"label\":\"Big\",\"value\":\"big\",\"default\":\"\"}]}', '2016-03-01 12:59:01', '2016-03-16 15:29:24', 'cde9fe4f-aac1-4c94-aaf5-c9f4760f86aa'),
 ('53', NULL, 'Padding Top', 'paddingTop', 'matrixBlockType:2', '', '0', 'Dropdown', '{\"options\":[{\"label\":\"None\",\"value\":\"none\",\"default\":\"1\"},{\"label\":\"Small\",\"value\":\"small\",\"default\":\"\"},{\"label\":\"Big\",\"value\":\"big\",\"default\":\"\"}]}', '2016-03-01 13:10:49', '2016-03-16 15:29:24', '05c6253a-6eef-4afa-a506-2f176a823e0c'),
 ('54', NULL, 'Padding Bottom', 'paddingBottom', 'matrixBlockType:2', '', '0', 'Dropdown', '{\"options\":[{\"label\":\"None\",\"value\":\"none\",\"default\":\"1\"},{\"label\":\"Small\",\"value\":\"small\",\"default\":\"\"},{\"label\":\"Big\",\"value\":\"big\",\"default\":\"\"}]}', '2016-03-01 13:10:49', '2016-03-16 15:29:24', '67df4ef6-128f-40c8-b120-344552754779'),
 ('55', NULL, 'Padding Top', 'paddingTop', 'matrixBlockType:3', '', '0', 'Dropdown', '{\"options\":[{\"label\":\"None\",\"value\":\"none\",\"default\":\"1\"},{\"label\":\"Small\",\"value\":\"small\",\"default\":\"\"},{\"label\":\"Big\",\"value\":\"big\",\"default\":\"\"}]}', '2016-03-01 13:10:49', '2016-03-16 15:29:24', '7bca3af2-1697-4cc5-b541-7b89e07bc759'),
 ('56', NULL, 'Padding Bottom', 'paddingBottom', 'matrixBlockType:3', '', '0', 'Dropdown', '{\"options\":[{\"label\":\"None\",\"value\":\"none\",\"default\":\"1\"},{\"label\":\"Small\",\"value\":\"small\",\"default\":\"\"},{\"label\":\"Big\",\"value\":\"big\",\"default\":\"\"}]}', '2016-03-01 13:10:49', '2016-03-16 15:29:24', '3fee4788-6bbe-440a-9a7b-6770b05f9190'),
 ('57', NULL, 'Padding Top', 'paddingTop', 'matrixBlockType:4', '', '0', 'Dropdown', '{\"options\":[{\"label\":\"None\",\"value\":\"none\",\"default\":\"1\"},{\"label\":\"Small\",\"value\":\"small\",\"default\":\"\"},{\"label\":\"Big\",\"value\":\"big\",\"default\":\"\"}]}', '2016-03-01 13:10:49', '2016-03-16 15:29:24', '20e34684-0118-4c5e-9699-0415e29d1001'),
 ('58', NULL, 'Padding Bottom', 'paddingBottom', 'matrixBlockType:4', '', '0', 'Dropdown', '{\"options\":[{\"label\":\"None\",\"value\":\"none\",\"default\":\"1\"},{\"label\":\"Small\",\"value\":\"small\",\"default\":\"\"},{\"label\":\"Big\",\"value\":\"big\",\"default\":\"\"}]}', '2016-03-01 13:10:49', '2016-03-16 15:29:24', 'c1cd865d-8aa3-44e0-ae38-76d7007a1d38'),
 ('59', NULL, 'Padding Top', 'paddingTop', 'matrixBlockType:5', '', '0', 'Dropdown', '{\"options\":[{\"label\":\"None\",\"value\":\"none\",\"default\":\"1\"},{\"label\":\"Small\",\"value\":\"small\",\"default\":\"\"},{\"label\":\"Big\",\"value\":\"big\",\"default\":\"\"}]}', '2016-03-01 13:10:49', '2016-03-16 15:29:24', 'b4aea260-a7c9-4d4f-9cfb-e33f500290f2'),
 ('60', NULL, 'Padding Bottom', 'paddingBottom', 'matrixBlockType:5', '', '0', 'Dropdown', '{\"options\":[{\"label\":\"None\",\"value\":\"none\",\"default\":\"1\"},{\"label\":\"Small\",\"value\":\"small\",\"default\":\"\"},{\"label\":\"Big\",\"value\":\"big\",\"default\":\"\"}]}', '2016-03-01 13:10:49', '2016-03-16 15:29:24', '29ed8296-4545-48a8-b6b3-c45407682180'),
 ('61', NULL, 'Padding Top', 'paddingTop', 'matrixBlockType:6', '', '0', 'Dropdown', '{\"options\":[{\"label\":\"None\",\"value\":\"none\",\"default\":\"1\"},{\"label\":\"Small\",\"value\":\"small\",\"default\":\"\"},{\"label\":\"Big\",\"value\":\"big\",\"default\":\"\"}]}', '2016-03-01 13:10:49', '2016-03-16 15:29:24', '4b964e82-e160-4b04-9297-356d3ebbbc1c'),
 ('62', NULL, 'Padding Bottom', 'paddingBottom', 'matrixBlockType:6', '', '0', 'Dropdown', '{\"options\":[{\"label\":\"None\",\"value\":\"none\",\"default\":\"1\"},{\"label\":\"Small\",\"value\":\"small\",\"default\":\"\"},{\"label\":\"Big\",\"value\":\"big\",\"default\":\"\"}]}', '2016-03-01 13:10:49', '2016-03-16 15:29:24', '418d4ff8-d1be-411d-bcaa-4ecd0705a57b'),
 ('63', NULL, 'Padding Top', 'paddingTop', 'matrixBlockType:7', '', '0', 'Dropdown', '{\"options\":[{\"label\":\"None\",\"value\":\"none\",\"default\":\"1\"},{\"label\":\"Small\",\"value\":\"small\",\"default\":\"\"},{\"label\":\"Big\",\"value\":\"big\",\"default\":\"\"}]}', '2016-03-01 13:10:49', '2016-03-16 15:29:24', 'de78e695-e0ab-44d5-a23e-02fb8a3f00b0'),
 ('64', NULL, 'Padding Bottom', 'paddingBottom', 'matrixBlockType:7', '', '0', 'Dropdown', '{\"options\":[{\"label\":\"None\",\"value\":\"none\",\"default\":\"1\"},{\"label\":\"Small\",\"value\":\"small\",\"default\":\"\"},{\"label\":\"Big\",\"value\":\"big\",\"default\":\"\"}]}', '2016-03-01 13:10:49', '2016-03-16 15:29:24', '4dd66fb3-6738-4d85-ad3b-fa1916a82a2c'),
 ('65', NULL, 'Background Image', 'backgroundImage', 'matrixBlockType:3', '', '0', 'Assets', '{\"useSingleFolder\":\"1\",\"sources\":\"*\",\"defaultUploadLocationSource\":\"1\",\"defaultUploadLocationSubpath\":\"\",\"singleUploadLocationSource\":\"2\",\"singleUploadLocationSubpath\":\"{owner.slug}\",\"restrictFiles\":\"1\",\"allowedKinds\":[\"image\"],\"limit\":\"\",\"viewMode\":\"list\",\"selectionLabel\":\"\"}', '2016-03-01 13:50:37', '2016-03-16 15:29:24', '88de4634-d742-4e88-abec-0b60409cfa55'),
 ('66', NULL, 'UI Color', 'uiColor', 'matrixBlockType:1', '', '0', 'Dropdown', '{\"options\":[{\"label\":\"White\",\"value\":\"white\",\"default\":\"1\"},{\"label\":\"Black\",\"value\":\"black\",\"default\":\"\"}]}', '2016-03-01 16:39:43', '2016-03-16 15:29:24', '47a2a867-58b0-4023-b0ab-afabeaffc2f4'),
 ('67', NULL, 'UI Color', 'uiColor', 'matrixBlockType:2', '', '0', 'Dropdown', '{\"options\":[{\"label\":\"White\",\"value\":\"white\",\"default\":\"1\"},{\"label\":\"Black\",\"value\":\"black\",\"default\":\"\"}]}', '2016-03-14 14:14:17', '2016-03-16 15:29:24', '320a9977-475d-47ac-aa01-09131cabc41f'),
 ('68', NULL, 'UI Color', 'uiColor', 'matrixBlockType:3', '', '0', 'Dropdown', '{\"options\":[{\"label\":\"White\",\"value\":\"white\",\"default\":\"1\"},{\"label\":\"Black\",\"value\":\"black\",\"default\":\"\"}]}', '2016-03-14 14:14:18', '2016-03-16 15:29:24', '7a76d471-541c-41ec-bec0-f4117da69da0'),
 ('69', NULL, 'UI Color', 'uiColor', 'matrixBlockType:4', '', '0', 'Dropdown', '{\"options\":[{\"label\":\"White\",\"value\":\"white\",\"default\":\"1\"},{\"label\":\"Black\",\"value\":\"black\",\"default\":\"\"}]}', '2016-03-14 14:14:18', '2016-03-16 15:29:24', '79b03949-e678-419d-8e31-31480b24a1a6'),
 ('70', NULL, 'UI Color', 'uiColor', 'matrixBlockType:5', '', '0', 'Dropdown', '{\"options\":[{\"label\":\"White\",\"value\":\"white\",\"default\":\"1\"},{\"label\":\"Black\",\"value\":\"black\",\"default\":\"\"}]}', '2016-03-14 14:14:18', '2016-03-16 15:29:24', '44f0bab8-903b-4428-a24d-fb36f8ec727f'),
 ('71', NULL, 'UI Color', 'uiColor', 'matrixBlockType:6', '', '0', 'Dropdown', '{\"options\":[{\"label\":\"White\",\"value\":\"white\",\"default\":\"1\"},{\"label\":\"Black\",\"value\":\"black\",\"default\":\"\"}]}', '2016-03-14 14:14:18', '2016-03-16 15:29:24', '98b05bf7-04e1-4deb-81ac-fae3f83a4937'),
 ('72', NULL, 'UI Color', 'uiColor', 'matrixBlockType:7', '', '0', 'Dropdown', '{\"options\":[{\"label\":\"White\",\"value\":\"white\",\"default\":\"1\"},{\"label\":\"Black\",\"value\":\"black\",\"default\":\"\"}]}', '2016-03-14 14:14:18', '2016-03-16 15:29:24', 'c26bd9a5-ec31-4dd6-9ad5-b00a462081b2'),
 ('73', NULL, 'UI Color', 'uiColor', 'matrixBlockType:8', '', '0', 'Dropdown', '{\"options\":[{\"label\":\"White\",\"value\":\"white\",\"default\":\"1\"},{\"label\":\"Black\",\"value\":\"black\",\"default\":\"\"}]}', '2016-03-14 14:14:18', '2016-03-16 15:29:24', '7cc194ca-cb83-402a-a59d-156334efefa2');



DROP TABLE IF EXISTS `craft_globalsets`;


--
-- Schema for table `craft_globalsets`
--
CREATE TABLE `craft_globalsets` (
  `id` int(11) NOT NULL,
  `name` varchar(255) COLLATE utf8_unicode_ci NOT NULL,
  `handle` varchar(255) COLLATE utf8_unicode_ci NOT NULL,
  `fieldLayoutId` int(10) DEFAULT NULL,
  `dateCreated` datetime NOT NULL,
  `dateUpdated` datetime NOT NULL,
  `uid` char(36) COLLATE utf8_unicode_ci NOT NULL DEFAULT '0',
  PRIMARY KEY (`id`),
  UNIQUE KEY `craft_globalsets_name_unq_idx` (`name`),
  UNIQUE KEY `craft_globalsets_handle_unq_idx` (`handle`),
  KEY `craft_globalsets_fieldLayoutId_fk` (`fieldLayoutId`)
) ENGINE=InnoDB DEFAULT CHARSET=utf8 COLLATE=utf8_unicode_ci;

--
-- Data for table `craft_globalsets`
--

INSERT INTO `craft_globalsets` (`id`, `name`, `handle`, `fieldLayoutId`, `dateCreated`, `dateUpdated`, `uid`) VALUES
 ('11', 'Services', 'services', '43', '2016-02-25 14:50:24', '2016-02-25 14:50:24', '5e005d82-866e-4e6a-a118-ebf4f7639031');



DROP TABLE IF EXISTS `craft_info`;


--
-- Schema for table `craft_info`
--
CREATE TABLE `craft_info` (
  `id` int(11) NOT NULL AUTO_INCREMENT,
  `version` varchar(15) COLLATE utf8_unicode_ci NOT NULL,
  `build` int(11) unsigned NOT NULL,
  `schemaVersion` varchar(15) COLLATE utf8_unicode_ci NOT NULL,
  `releaseDate` datetime NOT NULL,
  `edition` tinyint(1) unsigned NOT NULL DEFAULT '0',
  `siteName` varchar(100) COLLATE utf8_unicode_ci NOT NULL,
  `siteUrl` varchar(255) COLLATE utf8_unicode_ci NOT NULL,
  `timezone` varchar(30) COLLATE utf8_unicode_ci DEFAULT NULL,
  `on` tinyint(1) unsigned NOT NULL DEFAULT '0',
  `maintenance` tinyint(1) unsigned NOT NULL DEFAULT '0',
  `track` varchar(40) COLLATE utf8_unicode_ci NOT NULL,
  `dateCreated` datetime NOT NULL,
  `dateUpdated` datetime NOT NULL,
  `uid` char(36) COLLATE utf8_unicode_ci NOT NULL DEFAULT '0',
  PRIMARY KEY (`id`)
) ENGINE=InnoDB AUTO_INCREMENT=2 DEFAULT CHARSET=utf8 COLLATE=utf8_unicode_ci;

--
-- Data for table `craft_info`
--

INSERT INTO `craft_info` (`id`, `version`, `build`, `schemaVersion`, `releaseDate`, `edition`, `siteName`, `siteUrl`, `timezone`, `on`, `maintenance`, `track`, `dateCreated`, `dateUpdated`, `uid`) VALUES
 ('1', '2.6', '2776', '2.6.2', '2016-03-10 21:53:24', '0', 'Studio Kraftwerk', 'http://kraftwerk-craft.local.shcc.nl', 'UTC', '1', '0', 'stable', '2016-02-25 11:25:16', '2016-03-14 14:16:19', '296b7f51-2eba-4076-8a1d-34b849dda886');



DROP TABLE IF EXISTS `craft_locales`;


--
-- Schema for table `craft_locales`
--
CREATE TABLE `craft_locales` (
  `locale` char(12) COLLATE utf8_unicode_ci NOT NULL,
  `sortOrder` smallint(6) unsigned DEFAULT NULL,
  `dateCreated` datetime NOT NULL,
  `dateUpdated` datetime NOT NULL,
  `uid` char(36) COLLATE utf8_unicode_ci NOT NULL DEFAULT '0',
  PRIMARY KEY (`locale`),
  KEY `craft_locales_sortOrder_idx` (`sortOrder`)
) ENGINE=InnoDB DEFAULT CHARSET=utf8 COLLATE=utf8_unicode_ci;

--
-- Data for table `craft_locales`
--

INSERT INTO `craft_locales` (`locale`, `sortOrder`, `dateCreated`, `dateUpdated`, `uid`) VALUES
 ('en_us', '1', '2016-02-25 11:25:16', '2016-02-25 11:25:16', '44ecab89-455a-43af-9dee-ed03f8ba543e');



DROP TABLE IF EXISTS `craft_matrixblocks`;


--
-- Schema for table `craft_matrixblocks`
--
CREATE TABLE `craft_matrixblocks` (
  `id` int(11) NOT NULL,
  `ownerId` int(11) NOT NULL,
  `fieldId` int(11) NOT NULL,
  `typeId` int(11) DEFAULT NULL,
  `sortOrder` smallint(6) unsigned DEFAULT NULL,
  `ownerLocale` char(12) COLLATE utf8_unicode_ci DEFAULT NULL,
  `dateCreated` datetime NOT NULL,
  `dateUpdated` datetime NOT NULL,
  `uid` char(36) COLLATE utf8_unicode_ci NOT NULL DEFAULT '0',
  PRIMARY KEY (`id`),
  KEY `craft_matrixblocks_ownerId_idx` (`ownerId`),
  KEY `craft_matrixblocks_fieldId_idx` (`fieldId`),
  KEY `craft_matrixblocks_typeId_idx` (`typeId`),
  KEY `craft_matrixblocks_sortOrder_idx` (`sortOrder`),
  KEY `craft_matrixblocks_ownerLocale_fk` (`ownerLocale`)
) ENGINE=InnoDB DEFAULT CHARSET=utf8 COLLATE=utf8_unicode_ci;

--
-- Data for table `craft_matrixblocks`
--

INSERT INTO `craft_matrixblocks` (`id`, `ownerId`, `fieldId`, `typeId`, `sortOrder`, `ownerLocale`, `dateCreated`, `dateUpdated`, `uid`) VALUES
 ('12', '10', '3', '8', '1', NULL, '2016-02-26 10:46:08', '2016-03-16 21:07:07', '38b414f3-b0c9-4596-8511-31434ed0dce5'),
 ('14', '10', '3', '4', '2', NULL, '2016-02-26 11:34:33', '2016-03-16 21:07:08', '34447626-50db-4cbb-ab6a-61c25dc17935'),
 ('17', '10', '3', '7', '3', NULL, '2016-02-26 13:29:08', '2016-03-16 21:07:08', '4d0a6b3b-579f-443c-9417-a830c93f4b7f'),
 ('19', '10', '3', '3', '4', NULL, '2016-02-26 13:53:26', '2016-03-16 21:07:08', '13c7bf75-6376-41cf-a347-285221e2ebd5'),
 ('20', '10', '3', '7', '5', NULL, '2016-02-26 14:02:48', '2016-03-16 21:07:08', '6141119a-7fb1-4f03-9bd3-93cfcbebf086'),
 ('22', '10', '3', '4', '6', NULL, '2016-02-26 14:08:10', '2016-03-16 21:07:08', '133ddadf-fc95-4857-812c-c39b9742d4a1'),
 ('23', '10', '3', '1', '7', NULL, '2016-02-26 14:13:03', '2016-03-16 21:07:08', '7e365327-96d4-4f98-ba13-f31f0318c22a'),
 ('25', '10', '3', '7', '8', NULL, '2016-02-29 09:37:51', '2016-03-16 21:07:08', '6789cb4c-d3dc-4464-845b-9f981c4dd7fb'),
 ('29', '10', '3', '2', '9', NULL, '2016-02-29 09:41:30', '2016-03-16 21:07:08', '037e273d-373c-4aea-9a17-7aefe0f733c7'),
 ('30', '10', '36', '11', '1', NULL, '2016-02-29 09:51:11', '2016-03-16 21:07:07', '3ecc69cc-7624-4651-a16d-e0d8159f9846'),
 ('34', '10', '36', '11', '2', NULL, '2016-02-29 10:00:59', '2016-03-16 21:07:07', '68810467-e293-4c14-b0f3-d0c69365f4e3'),
 ('35', '10', '36', '11', '3', NULL, '2016-02-29 10:00:59', '2016-03-16 21:07:07', 'b4bbcf4f-ac56-458d-8f69-5ae7e3fc2edb'),
 ('36', '10', '31', '9', '1', NULL, '2016-02-29 10:03:07', '2016-03-16 21:07:07', '35345d63-57e3-4c5e-9bb1-995b167d0f83'),
 ('37', '10', '34', '10', '1', NULL, '2016-02-29 10:03:07', '2016-03-16 21:07:07', 'f20e9be2-fd1c-48e3-a8bc-063d0579aa94'),
 ('38', '10', '34', '10', '2', NULL, '2016-02-29 10:03:07', '2016-03-16 21:07:07', '29994272-a49b-4bf5-82c3-a05e8bf0aa92'),
 ('39', '10', '34', '10', '3', NULL, '2016-02-29 10:03:07', '2016-03-16 21:07:07', '1c6340fe-7866-4aba-89bf-67d7344f533c'),
 ('40', '10', '34', '10', '4', NULL, '2016-02-29 10:03:07', '2016-03-16 21:07:07', 'b7055342-5116-453c-81d9-2a11fbd5ff78'),
 ('41', '10', '34', '10', '5', NULL, '2016-02-29 10:03:07', '2016-03-16 21:07:07', 'b54af8b1-3bf6-445d-be47-515bfad06fd3'),
 ('80', '66', '3', '8', '1', NULL, '2016-03-16 15:28:59', '2016-03-17 00:27:11', '1709f1dc-9ffe-4b99-9372-d6ab7950a2c8'),
 ('81', '66', '3', '1', '2', NULL, '2016-03-16 15:28:59', '2016-03-17 00:27:11', '40824476-b1f5-4da4-850d-50bffcdd9ae2'),
 ('83', '66', '3', '4', '3', NULL, '2016-03-16 15:33:25', '2016-03-17 00:27:11', '0bdc4db3-7f91-4c4e-a832-de850c22a55c'),
 ('86', '66', '3', '1', '4', NULL, '2016-03-16 15:46:55', '2016-03-17 00:27:11', '8e65b859-e1c4-4251-9fa9-a588322b5363'),
 ('89', '66', '3', '7', '5', NULL, '2016-03-16 15:54:54', '2016-03-17 00:27:11', '111b5e35-eb5a-4aeb-b32f-5e27164e9e4b'),
 ('90', '66', '3', '4', '6', NULL, '2016-03-16 15:54:54', '2016-03-17 00:27:11', '31ff0870-0c6d-4222-86d1-3aff14599908'),
 ('91', '66', '3', '7', '7', NULL, '2016-03-16 16:47:03', '2016-03-17 00:27:11', '127b2894-25d1-424b-9217-3ca363fd28f4'),
 ('93', '66', '3', '4', '8', NULL, '2016-03-16 16:53:30', '2016-03-17 00:27:11', '94af078c-55cf-4b75-bcc0-3f01f882d5f0'),
 ('101', '66', '3', '7', '9', NULL, '2016-03-17 00:25:22', '2016-03-17 00:27:11', 'a26cbfbf-660b-4b22-b500-eced27ef736a'),
 ('102', '66', '3', '4', '10', NULL, '2016-03-17 00:25:22', '2016-03-17 00:27:11', 'dee91ec1-d188-455b-a609-8867cc972638'),
 ('103', '66', '31', '9', '1', NULL, '2016-03-17 00:27:11', '2016-03-17 00:27:11', 'bac3ea2e-6c39-4daa-9c21-03c9151a63f0'),
 ('104', '66', '34', '10', '1', NULL, '2016-03-17 00:27:11', '2016-03-17 00:27:11', '2b0dbe19-fc3f-4280-93a5-afe90dcd547e'),
 ('105', '66', '34', '10', '2', NULL, '2016-03-17 00:27:11', '2016-03-17 00:27:11', 'efc121a6-b5a1-44c3-aafa-28e94742cd49'),
 ('106', '66', '34', '10', '3', NULL, '2016-03-17 00:27:11', '2016-03-17 00:27:11', 'a38bd29c-04ae-4a4c-a203-fffb97639927'),
 ('107', '66', '34', '10', '4', NULL, '2016-03-17 00:27:11', '2016-03-17 00:27:11', 'c38d8ce5-1c8f-4416-8bad-fd7aca54a29a'),
 ('108', '66', '34', '10', '5', NULL, '2016-03-17 00:27:11', '2016-03-17 00:27:11', '1402301f-cd49-4feb-8cfa-9e0965b97312');



DROP TABLE IF EXISTS `craft_matrixblocktypes`;


--
-- Schema for table `craft_matrixblocktypes`
--
CREATE TABLE `craft_matrixblocktypes` (
  `id` int(11) NOT NULL AUTO_INCREMENT,
  `fieldId` int(11) NOT NULL,
  `fieldLayoutId` int(11) DEFAULT NULL,
  `name` varchar(255) COLLATE utf8_unicode_ci NOT NULL,
  `handle` varchar(255) COLLATE utf8_unicode_ci NOT NULL,
  `sortOrder` smallint(6) unsigned DEFAULT NULL,
  `dateCreated` datetime NOT NULL,
  `dateUpdated` datetime NOT NULL,
  `uid` char(36) COLLATE utf8_unicode_ci NOT NULL DEFAULT '0',
  PRIMARY KEY (`id`),
  UNIQUE KEY `craft_matrixblocktypes_name_fieldId_unq_idx` (`name`,`fieldId`),
  UNIQUE KEY `craft_matrixblocktypes_handle_fieldId_unq_idx` (`handle`,`fieldId`),
  KEY `craft_matrixblocktypes_fieldId_fk` (`fieldId`),
  KEY `craft_matrixblocktypes_fieldLayoutId_fk` (`fieldLayoutId`)
) ENGINE=InnoDB AUTO_INCREMENT=12 DEFAULT CHARSET=utf8 COLLATE=utf8_unicode_ci;

--
-- Data for table `craft_matrixblocktypes`
--

INSERT INTO `craft_matrixblocktypes` (`id`, `fieldId`, `fieldLayoutId`, `name`, `handle`, `sortOrder`, `dateCreated`, `dateUpdated`, `uid`) VALUES
 ('1', '3', '238', 'Text with Image', 'textWithImage', '1', '2016-02-25 13:55:50', '2016-03-16 15:29:24', '5acd5c93-87b0-4903-a387-49fad63351f7'),
 ('2', '3', '239', 'Image Gallery', 'imageGallery', '2', '2016-02-25 14:07:12', '2016-03-16 15:29:24', '4814e20a-f96b-4b08-89d8-53b4d4fdedc1'),
 ('3', '3', '240', 'Video', 'video', '3', '2016-02-25 14:10:40', '2016-03-16 15:29:24', '0e7a5ba7-d00a-4c34-8308-d867dacdeae8'),
 ('4', '3', '241', 'Large Image', 'largeImage', '4', '2016-02-25 14:15:08', '2016-03-16 15:29:24', '31eacbf3-c4d8-49d1-82f6-24bd9d904abd'),
 ('5', '3', '242', 'Image Full', 'imageFull', '5', '2016-02-25 14:15:08', '2016-03-16 15:29:24', 'd05358c6-a707-4816-8cf4-39bdbf3851d8'),
 ('6', '3', '243', 'Text (Single Column)', 'textSingleColumn', '6', '2016-02-25 14:23:54', '2016-03-16 15:29:24', 'a7e9fde2-2225-4e26-9077-92fed659b06c'),
 ('7', '3', '244', 'Text (Two Columns)', 'textTwoColumns', '7', '2016-02-25 14:23:54', '2016-03-16 15:29:24', '9e12acab-3e8f-477d-a7e1-3e2f8ce0bdd9'),
 ('8', '3', '245', 'Text (Full Width)', 'textFullWidth', '8', '2016-02-25 14:23:55', '2016-03-16 15:29:24', 'c652dcce-2af7-4747-94b4-a55d159ad860'),
 ('9', '31', '37', 'item', 'item', '1', '2016-02-25 14:30:58', '2016-02-25 14:30:58', '0cdb1b16-dd63-43e2-bed0-f9528eb305fe'),
 ('10', '34', '38', 'Role', 'role', '1', '2016-02-25 14:31:52', '2016-02-25 14:31:52', '7ead08ec-2b7d-445e-bc0e-7b783c3a2c82'),
 ('11', '36', '216', 'Honour', 'honour', '1', '2016-02-25 14:36:09', '2016-03-01 14:34:55', '242dc4ae-06d1-4c05-a359-b167572538b2');



DROP TABLE IF EXISTS `craft_matrixcontent_casesections`;


--
-- Schema for table `craft_matrixcontent_casesections`
--
CREATE TABLE `craft_matrixcontent_casesections` (
  `id` int(11) NOT NULL AUTO_INCREMENT,
  `elementId` int(11) NOT NULL,
  `locale` char(12) COLLATE utf8_unicode_ci NOT NULL,
  `field_textWithImage_heading` varchar(250) COLLATE utf8_unicode_ci DEFAULT NULL,
  `field_textWithImage_intro` text COLLATE utf8_unicode_ci,
  `field_textWithImage_body` text COLLATE utf8_unicode_ci,
  `field_textWithImage_backgroundColor` char(7) COLLATE utf8_unicode_ci DEFAULT NULL,
  `field_textWithImage_imagePosition` varchar(255) COLLATE utf8_unicode_ci DEFAULT NULL,
  `field_imageGallery_backgroundColor` char(7) COLLATE utf8_unicode_ci DEFAULT NULL,
  `field_video_backgroundColor` char(7) COLLATE utf8_unicode_ci DEFAULT NULL,
  `field_largeImage_backgroundColor` char(7) COLLATE utf8_unicode_ci DEFAULT NULL,
  `field_textSingleColumn_heading` text COLLATE utf8_unicode_ci,
  `field_textSingleColumn_intro` text COLLATE utf8_unicode_ci,
  `field_textSingleColumn_body` text COLLATE utf8_unicode_ci,
  `field_textSingleColumn_position` varchar(255) COLLATE utf8_unicode_ci DEFAULT NULL,
  `field_textSingleColumn_backgroundColor` char(7) COLLATE utf8_unicode_ci DEFAULT NULL,
  `field_textTwoColumns_heading` text COLLATE utf8_unicode_ci,
  `field_textTwoColumns_intro` text COLLATE utf8_unicode_ci,
  `field_textTwoColumns_body` text COLLATE utf8_unicode_ci,
  `field_textTwoColumns_backgroundColor` char(7) COLLATE utf8_unicode_ci DEFAULT NULL,
  `field_textFullWidth_body` text COLLATE utf8_unicode_ci,
  `field_textFullWidth_backgroundColor` char(7) COLLATE utf8_unicode_ci DEFAULT NULL,
  `field_textTwoColumns_textColor` char(7) COLLATE utf8_unicode_ci DEFAULT NULL,
  `field_textWithImage_textColor` char(7) COLLATE utf8_unicode_ci DEFAULT NULL,
  `field_textSingleColumn_textColor` char(7) COLLATE utf8_unicode_ci DEFAULT NULL,
  `field_textFullWidth_textColor` char(7) COLLATE utf8_unicode_ci DEFAULT NULL,
  `field_textWithImage_paddingTop` varchar(255) COLLATE utf8_unicode_ci DEFAULT 'none',
  `field_textWithImage_paddingBottom` varchar(255) COLLATE utf8_unicode_ci DEFAULT 'none',
  `field_textFullWidth_paddingTop` varchar(255) COLLATE utf8_unicode_ci DEFAULT 'small',
  `field_textFullWidth_paddingBottom` varchar(255) COLLATE utf8_unicode_ci DEFAULT 'none',
  `field_imageGallery_paddingTop` varchar(255) COLLATE utf8_unicode_ci DEFAULT 'none',
  `field_imageGallery_paddingBottom` varchar(255) COLLATE utf8_unicode_ci DEFAULT 'none',
  `field_video_paddingTop` varchar(255) COLLATE utf8_unicode_ci DEFAULT 'none',
  `field_video_paddingBottom` varchar(255) COLLATE utf8_unicode_ci DEFAULT 'none',
  `field_largeImage_paddingTop` varchar(255) COLLATE utf8_unicode_ci DEFAULT 'none',
  `field_largeImage_paddingBottom` varchar(255) COLLATE utf8_unicode_ci DEFAULT 'none',
  `field_imageFull_paddingTop` varchar(255) COLLATE utf8_unicode_ci DEFAULT 'none',
  `field_imageFull_paddingBottom` varchar(255) COLLATE utf8_unicode_ci DEFAULT 'none',
  `field_textSingleColumn_paddingTop` varchar(255) COLLATE utf8_unicode_ci DEFAULT 'none',
  `field_textSingleColumn_paddingBottom` varchar(255) COLLATE utf8_unicode_ci DEFAULT 'none',
  `field_textTwoColumns_paddingTop` varchar(255) COLLATE utf8_unicode_ci DEFAULT 'none',
  `field_textTwoColumns_paddingBottom` varchar(255) COLLATE utf8_unicode_ci DEFAULT 'none',
  `field_textWithImage_uiColor` varchar(255) COLLATE utf8_unicode_ci DEFAULT 'white',
  `field_imageGallery_uiColor` varchar(255) COLLATE utf8_unicode_ci DEFAULT 'white',
  `field_video_uiColor` varchar(255) COLLATE utf8_unicode_ci DEFAULT 'white',
  `field_largeImage_uiColor` varchar(255) COLLATE utf8_unicode_ci DEFAULT 'white',
  `field_imageFull_uiColor` varchar(255) COLLATE utf8_unicode_ci DEFAULT 'white',
  `field_textSingleColumn_uiColor` varchar(255) COLLATE utf8_unicode_ci DEFAULT 'white',
  `field_textTwoColumns_uiColor` varchar(255) COLLATE utf8_unicode_ci DEFAULT 'white',
  `field_textFullWidth_uiColor` varchar(255) COLLATE utf8_unicode_ci DEFAULT 'white',
  `dateCreated` datetime NOT NULL,
  `dateUpdated` datetime NOT NULL,
  `uid` char(36) COLLATE utf8_unicode_ci NOT NULL DEFAULT '0',
  PRIMARY KEY (`id`),
  UNIQUE KEY `craft_matrixcontent_casesections_elementId_locale_unq_idx` (`elementId`,`locale`),
  KEY `craft_matrixcontent_casesections_locale_fk` (`locale`)
) ENGINE=InnoDB AUTO_INCREMENT=22 DEFAULT CHARSET=utf8 COLLATE=utf8_unicode_ci;

--
-- Data for table `craft_matrixcontent_casesections`
--

INSERT INTO `craft_matrixcontent_casesections` (`id`, `elementId`, `locale`, `field_textWithImage_heading`, `field_textWithImage_intro`, `field_textWithImage_body`, `field_textWithImage_backgroundColor`, `field_textWithImage_imagePosition`, `field_imageGallery_backgroundColor`, `field_video_backgroundColor`, `field_largeImage_backgroundColor`, `field_textSingleColumn_heading`, `field_textSingleColumn_intro`, `field_textSingleColumn_body`, `field_textSingleColumn_position`, `field_textSingleColumn_backgroundColor`, `field_textTwoColumns_heading`, `field_textTwoColumns_intro`, `field_textTwoColumns_body`, `field_textTwoColumns_backgroundColor`, `field_textFullWidth_body`, `field_textFullWidth_backgroundColor`, `field_textTwoColumns_textColor`, `field_textWithImage_textColor`, `field_textSingleColumn_textColor`, `field_textFullWidth_textColor`, `field_textWithImage_paddingTop`, `field_textWithImage_paddingBottom`, `field_textFullWidth_paddingTop`, `field_textFullWidth_paddingBottom`, `field_imageGallery_paddingTop`, `field_imageGallery_paddingBottom`, `field_video_paddingTop`, `field_video_paddingBottom`, `field_largeImage_paddingTop`, `field_largeImage_paddingBottom`, `field_imageFull_paddingTop`, `field_imageFull_paddingBottom`, `field_textSingleColumn_paddingTop`, `field_textSingleColumn_paddingBottom`, `field_textTwoColumns_paddingTop`, `field_textTwoColumns_paddingBottom`, `field_textWithImage_uiColor`, `field_imageGallery_uiColor`, `field_video_uiColor`, `field_largeImage_uiColor`, `field_imageFull_uiColor`, `field_textSingleColumn_uiColor`, `field_textTwoColumns_uiColor`, `field_textFullWidth_uiColor`, `dateCreated`, `dateUpdated`, `uid`) VALUES
 ('1', '12', 'en_us', NULL, NULL, NULL, NULL, NULL, NULL, NULL, NULL, NULL, NULL, NULL, NULL, NULL, NULL, NULL, NULL, NULL, 'Orangina refreshed their brand identity Achtung!/Kraftwerk wastasked to extend their newbrand identity to a fresh online experience. ', '#ffffff', NULL, NULL, NULL, '#000000', NULL, NULL, 'big', 'small', NULL, NULL, NULL, NULL, NULL, NULL, NULL, NULL, NULL, NULL, NULL, NULL, NULL, NULL, NULL, NULL, NULL, NULL, NULL, 'black', '2016-02-26 10:46:08', '2016-03-16 21:07:07', '9d09384c-6dde-46b8-bc11-280ecfd90561'),
 ('2', '14', 'en_us', NULL, NULL, NULL, NULL, NULL, NULL, NULL, '#000000', NULL, NULL, NULL, NULL, NULL, NULL, NULL, NULL, NULL, NULL, NULL, NULL, NULL, NULL, NULL, NULL, NULL, NULL, NULL, NULL, NULL, NULL, NULL, 'none', 'big', NULL, NULL, NULL, NULL, NULL, NULL, NULL, NULL, NULL, 'black', NULL, NULL, NULL, NULL, '2016-02-26 11:34:33', '2016-03-16 21:07:07', '9a32a5d3-040e-4261-9dce-f7f7cb9ddcaf'),
 ('3', '17', 'en_us', NULL, NULL, NULL, NULL, NULL, NULL, NULL, NULL, NULL, NULL, NULL, NULL, NULL, 'Strategy, Concept & UX', 'The content of the new Orangina website was meantto be kept simple serving a few main purposes.', 'In general there were two main obectives, informing people about the available range of Orangina products and telling them about the history of Orangina as a brand. The homepage would then serve as a hub to these two objectives, as well as to the Orangina social channels.', '#fdaa31', NULL, NULL, '#ffffff', NULL, NULL, NULL, NULL, NULL, NULL, NULL, NULL, NULL, NULL, NULL, NULL, NULL, NULL, NULL, NULL, NULL, 'none', 'small', NULL, NULL, NULL, NULL, NULL, NULL, 'black', NULL, '2016-02-26 13:29:08', '2016-03-16 21:07:08', 'fbd00b0a-afbb-480c-8dfc-2af114fa5dbd'),
 ('4', '19', 'en_us', NULL, NULL, NULL, NULL, NULL, NULL, '#ffa600', NULL, NULL, NULL, NULL, NULL, NULL, NULL, NULL, NULL, NULL, NULL, NULL, NULL, NULL, NULL, NULL, NULL, NULL, NULL, NULL, NULL, NULL, 'none', 'big', NULL, NULL, NULL, NULL, NULL, NULL, NULL, NULL, NULL, NULL, 'black', NULL, NULL, NULL, NULL, NULL, '2016-02-26 13:53:26', '2016-03-16 21:07:08', '5f04cbfa-691a-4dbf-938d-2cec2d65d4c1'),
 ('5', '20', 'en_us', NULL, NULL, NULL, NULL, NULL, NULL, NULL, NULL, NULL, NULL, NULL, NULL, NULL, 'Design elements', 'Colors for the Orangina website were besides the brands Blue and Yellow, based on the labels of the different flavours. ', '', '#ffffff', NULL, NULL, '#000000', NULL, NULL, NULL, NULL, NULL, NULL, NULL, NULL, NULL, NULL, NULL, NULL, NULL, NULL, NULL, NULL, NULL, 'big', 'none', NULL, NULL, NULL, NULL, NULL, NULL, 'black', NULL, '2016-02-26 14:02:48', '2016-03-16 21:07:08', '940efd6c-e536-4690-805e-78e47b133327'),
 ('6', '22', 'en_us', NULL, NULL, NULL, NULL, NULL, NULL, NULL, '#ffffff', NULL, NULL, NULL, NULL, NULL, NULL, NULL, NULL, NULL, NULL, NULL, NULL, NULL, NULL, NULL, NULL, NULL, NULL, NULL, NULL, NULL, NULL, NULL, 'none', 'small', NULL, NULL, NULL, NULL, NULL, NULL, NULL, NULL, NULL, 'black', NULL, NULL, NULL, NULL, '2016-02-26 14:08:10', '2016-03-16 21:07:08', '4ac5c5e9-72e5-405e-8e59-9c8d996b6af0'),
 ('7', '23', 'en_us', 'Iconography', 'To add on the playfull, quirky identity of Orangina, we created an iconset that was used throughout the website.', 'Our hands on mentality can be found throughout the whole process. We bring ideas to life early. We prototype to keep improving along the way. ', '#ffffff', 'right', NULL, NULL, NULL, NULL, NULL, NULL, NULL, NULL, NULL, NULL, NULL, NULL, NULL, NULL, NULL, '#000000', NULL, NULL, 'small', 'big', NULL, NULL, NULL, NULL, NULL, NULL, NULL, NULL, NULL, NULL, NULL, NULL, NULL, NULL, 'black', NULL, NULL, NULL, NULL, NULL, NULL, NULL, '2016-02-26 14:13:03', '2016-03-16 21:07:08', '00cc44c8-71e5-44dd-9b76-ec8970af2308'),
 ('8', '25', 'en_us', NULL, NULL, NULL, NULL, NULL, NULL, NULL, NULL, NULL, NULL, NULL, NULL, NULL, 'Final Designs', 'The content of the new Orangina website was meantto be kept simple serving a few main purposes.', 'In general there were two main obectives, informing people about the available range of Orangina products and telling them about the history of Orangina as a brand. The homepage would then serve as a hub to these two objectives, as well as to the Orangina social channels.', '#092865', NULL, NULL, '#ffffff', NULL, NULL, NULL, NULL, NULL, NULL, NULL, NULL, NULL, NULL, NULL, NULL, NULL, NULL, NULL, NULL, NULL, 'big', 'none', NULL, NULL, NULL, NULL, NULL, NULL, 'white', NULL, '2016-02-29 09:37:51', '2016-03-16 21:07:08', 'a9daad8f-5572-4053-a90f-701e74df278f'),
 ('9', '29', 'en_us', NULL, NULL, NULL, NULL, NULL, '#092865', NULL, NULL, NULL, NULL, NULL, NULL, NULL, NULL, NULL, NULL, NULL, NULL, NULL, NULL, NULL, NULL, NULL, NULL, NULL, NULL, NULL, 'none', 'none', NULL, NULL, NULL, NULL, NULL, NULL, NULL, NULL, NULL, NULL, NULL, 'white', NULL, NULL, NULL, NULL, NULL, NULL, '2016-02-29 09:41:30', '2016-03-16 21:07:08', '51d70b8e-83e4-424e-920a-2cd4be855f5f'),
 ('12', '80', 'en_us', NULL, NULL, NULL, NULL, NULL, NULL, NULL, NULL, NULL, NULL, NULL, NULL, NULL, NULL, NULL, NULL, NULL, 'A website that lets fans share their love for Chocomel, seamlessly integrated with a delicious product showcase.', '#ffffff', NULL, NULL, NULL, '#000000', NULL, NULL, 'big', 'big', NULL, NULL, NULL, NULL, NULL, NULL, NULL, NULL, NULL, NULL, NULL, NULL, NULL, NULL, NULL, NULL, NULL, NULL, NULL, 'black', '2016-03-16 15:28:59', '2016-03-17 00:27:11', 'faf260b0-95a5-4a62-b47b-ee0ea1107b56'),
 ('13', '81', 'en_us', 'Designing for a love brand', 'When we were asked to design the brand portal for Chocomel we knew it was about chocolate love. A lot of loyal fans have a healthy obsession for this tasty chocolate drink.', 'Chocomel wanted to position themselves as an A-brand bevarage along with the common soft drinks. Their previous image was more cozy and soft. The new image on the otherhand was to be more fashionable and exclusive.', '#391f12', 'right', NULL, NULL, NULL, NULL, NULL, NULL, NULL, NULL, NULL, NULL, NULL, NULL, NULL, NULL, NULL, '#ffffff', NULL, NULL, 'big', 'big', NULL, NULL, NULL, NULL, NULL, NULL, NULL, NULL, NULL, NULL, NULL, NULL, NULL, NULL, 'white', NULL, NULL, NULL, NULL, NULL, NULL, NULL, '2016-03-16 15:28:59', '2016-03-17 00:27:11', 'fbb4c01a-dce6-40c8-b03b-2605d901d98b'),
 ('14', '83', 'en_us', NULL, NULL, NULL, NULL, NULL, NULL, NULL, '#ffffff', NULL, NULL, NULL, NULL, NULL, NULL, NULL, NULL, NULL, NULL, NULL, NULL, NULL, NULL, NULL, NULL, NULL, NULL, NULL, NULL, NULL, NULL, NULL, 'big', 'big', NULL, NULL, NULL, NULL, NULL, NULL, NULL, NULL, NULL, 'black', NULL, NULL, NULL, NULL, '2016-03-16 15:33:25', '2016-03-17 00:27:11', '17b736ea-105e-4688-8b83-09574c1cad2e'),
 ('15', '86', 'en_us', 'The voice of chocomel lovers', 'Instead of Chocomel telling visitors how great Chocomel really is, we engaged the already big group of fans and let them speak for the brand.', 'In a mix of owned and shared content, the homepage is build up from quotes on twitter, fanphotos on instagram and videos on youtube.', '#f0e9e4', 'left', NULL, NULL, NULL, NULL, NULL, NULL, NULL, NULL, NULL, NULL, NULL, NULL, NULL, NULL, NULL, '#391f10', NULL, NULL, 'none', 'big', NULL, NULL, NULL, NULL, NULL, NULL, NULL, NULL, NULL, NULL, NULL, NULL, NULL, NULL, 'black', NULL, NULL, NULL, NULL, NULL, NULL, NULL, '2016-03-16 15:46:55', '2016-03-17 00:27:11', '4502ba85-9b22-45c4-873e-a0ff7907b663'),
 ('16', '89', 'en_us', NULL, NULL, NULL, NULL, NULL, NULL, NULL, NULL, NULL, NULL, NULL, NULL, NULL, 'Enjoying your Chocomel hot or cold?', 'Winter or summer, Chocomel can be consumed\r\nboth hot and cold. ', 'Depending on the season, we present the hero product in a warm mug or a cold glass. Since there is an ever lasting discussion on how Chocomel should be consumed, we gave users the option to switch.', '#391f12', NULL, NULL, '#ffffff', NULL, NULL, NULL, NULL, NULL, NULL, NULL, NULL, NULL, NULL, NULL, NULL, NULL, NULL, NULL, NULL, NULL, 'big', 'small', NULL, NULL, NULL, NULL, NULL, NULL, 'white', NULL, '2016-03-16 15:54:54', '2016-03-17 00:27:11', '58ceab7e-d5da-4da7-8ca7-b5a17ee6751f'),
 ('17', '90', 'en_us', NULL, NULL, NULL, NULL, NULL, NULL, NULL, '#000000', NULL, NULL, NULL, NULL, NULL, NULL, NULL, NULL, NULL, NULL, NULL, NULL, NULL, NULL, NULL, NULL, NULL, NULL, NULL, NULL, NULL, NULL, NULL, 'none', 'small', NULL, NULL, NULL, NULL, NULL, NULL, NULL, NULL, NULL, 'white', NULL, NULL, NULL, NULL, '2016-03-16 15:54:54', '2016-03-17 00:27:11', 'f8fe58f2-8383-49b3-b935-c6c7731c7c39'),
 ('18', '91', 'en_us', NULL, NULL, NULL, NULL, NULL, NULL, NULL, NULL, NULL, NULL, NULL, NULL, NULL, 'Life sized photography', 'When it comes to the product, we let the iconic photography speak.', 'In a colorful design, we showed visitors life size photography of the iconic Chocomel pack paired with a hot mug or a cool glass. The product pages has all the key information visitors want to know about their drink: nutritional information, ingredints, pack sizes and tell about the durable chocolate that is used in the drink.', '#ffffff', NULL, NULL, '#000000', NULL, NULL, NULL, NULL, NULL, NULL, NULL, NULL, NULL, NULL, NULL, NULL, NULL, NULL, NULL, NULL, NULL, 'small', 'small', NULL, NULL, NULL, NULL, NULL, NULL, 'black', NULL, '2016-03-16 16:47:03', '2016-03-17 00:27:11', 'c91180b6-0f74-4e9b-a673-126bc061460b'),
 ('19', '93', 'en_us', NULL, NULL, NULL, NULL, NULL, NULL, NULL, '#ffffff', NULL, NULL, NULL, NULL, NULL, NULL, NULL, NULL, NULL, NULL, NULL, NULL, NULL, NULL, NULL, NULL, NULL, NULL, NULL, NULL, NULL, NULL, NULL, 'small', 'big', NULL, NULL, NULL, NULL, NULL, NULL, NULL, NULL, NULL, 'black', NULL, NULL, NULL, NULL, '2016-03-16 16:53:30', '2016-03-17 00:27:11', '33b6f29c-8974-4040-938c-b2ca0c2160ed'),
 ('20', '101', 'en_us', NULL, NULL, NULL, NULL, NULL, NULL, NULL, NULL, NULL, NULL, NULL, NULL, NULL, 'A site that looks sharp  accross every screen', 'The grid view helps when scaling the website, by defining the number of horizontal columns the site looks great across all devices and screens. ', 'Massive screens gets a 5 column grid while small screens like phone get a modified 2 columns grid. ', '#f0e9e4', NULL, NULL, '#3b1f10', NULL, NULL, NULL, NULL, NULL, NULL, NULL, NULL, NULL, NULL, NULL, NULL, NULL, NULL, NULL, NULL, NULL, 'big', 'small', NULL, NULL, NULL, NULL, NULL, NULL, 'black', NULL, '2016-03-17 00:25:22', '2016-03-17 00:27:11', '27ac5317-3fa1-4599-873a-b444f9cd836b'),
 ('21', '102', 'en_us', NULL, NULL, NULL, NULL, NULL, NULL, NULL, '#f0e9e4', NULL, NULL, NULL, NULL, NULL, NULL, NULL, NULL, NULL, NULL, NULL, NULL, NULL, NULL, NULL, NULL, NULL, NULL, NULL, NULL, NULL, NULL, NULL, 'small', 'big', NULL, NULL, NULL, NULL, NULL, NULL, NULL, NULL, NULL, 'black', NULL, NULL, NULL, NULL, '2016-03-17 00:25:22', '2016-03-17 00:27:11', 'e3543a97-5ddb-4c54-ab6f-7f1cf1377caf');



DROP TABLE IF EXISTS `craft_matrixcontent_credits`;


--
-- Schema for table `craft_matrixcontent_credits`
--
CREATE TABLE `craft_matrixcontent_credits` (
  `id` int(11) NOT NULL AUTO_INCREMENT,
  `elementId` int(11) NOT NULL,
  `locale` char(12) COLLATE utf8_unicode_ci NOT NULL,
  `field_item_role` text COLLATE utf8_unicode_ci,
  `field_item_contributorName` text COLLATE utf8_unicode_ci,
  `dateCreated` datetime NOT NULL,
  `dateUpdated` datetime NOT NULL,
  `uid` char(36) COLLATE utf8_unicode_ci NOT NULL DEFAULT '0',
  PRIMARY KEY (`id`),
  UNIQUE KEY `craft_matrixcontent_credits_elementId_locale_unq_idx` (`elementId`,`locale`),
  KEY `craft_matrixcontent_credits_locale_fk` (`locale`)
) ENGINE=InnoDB AUTO_INCREMENT=4 DEFAULT CHARSET=utf8 COLLATE=utf8_unicode_ci;

--
-- Data for table `craft_matrixcontent_credits`
--

INSERT INTO `craft_matrixcontent_credits` (`id`, `elementId`, `locale`, `field_item_role`, `field_item_contributorName`, `dateCreated`, `dateUpdated`, `uid`) VALUES
 ('2', '36', 'en_us', 'Development', 'Inalise B.V.', '2016-02-29 10:03:07', '2016-03-16 21:07:07', 'f653c7c7-18b2-4a25-8579-5eca2529f92b'),
 ('3', '103', 'en_us', 'Development', 'eFocus', '2016-03-17 00:27:11', '2016-03-17 00:27:11', '2804b632-3ea4-44d1-af64-3a8f4e2fda98');



DROP TABLE IF EXISTS `craft_matrixcontent_honours`;


--
-- Schema for table `craft_matrixcontent_honours`
--
CREATE TABLE `craft_matrixcontent_honours` (
  `id` int(11) NOT NULL AUTO_INCREMENT,
  `elementId` int(11) NOT NULL,
  `locale` char(12) COLLATE utf8_unicode_ci NOT NULL,
  `field_honour_honourName` text COLLATE utf8_unicode_ci,
  `dateCreated` datetime NOT NULL,
  `dateUpdated` datetime NOT NULL,
  `uid` char(36) COLLATE utf8_unicode_ci NOT NULL DEFAULT '0',
  PRIMARY KEY (`id`),
  UNIQUE KEY `craft_matrixcontent_honours_elementId_locale_unq_idx` (`elementId`,`locale`),
  KEY `craft_matrixcontent_honours_locale_fk` (`locale`)
) ENGINE=InnoDB AUTO_INCREMENT=4 DEFAULT CHARSET=utf8 COLLATE=utf8_unicode_ci;

--
-- Data for table `craft_matrixcontent_honours`
--

INSERT INTO `craft_matrixcontent_honours` (`id`, `elementId`, `locale`, `field_honour_honourName`, `dateCreated`, `dateUpdated`, `uid`) VALUES
 ('1', '30', 'en_us', 'FWA SOTD', '2016-02-29 09:51:11', '2016-03-16 21:07:07', '29778be7-bb44-4d8d-bf63-c2f7c843d157'),
 ('2', '34', 'en_us', 'FWA MOTD', '2016-02-29 10:00:59', '2016-03-16 21:07:07', 'd4e1f583-8c8a-4854-9707-55e3c3987d25'),
 ('3', '35', 'en_us', 'Awwwards SOTD', '2016-02-29 10:00:59', '2016-03-16 21:07:07', 'b79b26ba-a33d-437b-bfc1-f395ebe84229');



DROP TABLE IF EXISTS `craft_matrixcontent_roles`;


--
-- Schema for table `craft_matrixcontent_roles`
--
CREATE TABLE `craft_matrixcontent_roles` (
  `id` int(11) NOT NULL AUTO_INCREMENT,
  `elementId` int(11) NOT NULL,
  `locale` char(12) COLLATE utf8_unicode_ci NOT NULL,
  `field_role_role` text COLLATE utf8_unicode_ci,
  `dateCreated` datetime NOT NULL,
  `dateUpdated` datetime NOT NULL,
  `uid` char(36) COLLATE utf8_unicode_ci NOT NULL DEFAULT '0',
  PRIMARY KEY (`id`),
  UNIQUE KEY `craft_matrixcontent_roles_elementId_locale_unq_idx` (`elementId`,`locale`),
  KEY `craft_matrixcontent_roles_locale_fk` (`locale`)
) ENGINE=InnoDB AUTO_INCREMENT=11 DEFAULT CHARSET=utf8 COLLATE=utf8_unicode_ci;

--
-- Data for table `craft_matrixcontent_roles`
--

INSERT INTO `craft_matrixcontent_roles` (`id`, `elementId`, `locale`, `field_role_role`, `dateCreated`, `dateUpdated`, `uid`) VALUES
 ('1', '37', 'en_us', 'Interaction design', '2016-02-29 10:03:07', '2016-03-16 21:07:07', '73be0c7c-258c-43cf-ba89-dc1e65880b0c'),
 ('2', '38', 'en_us', 'UX Design', '2016-02-29 10:03:07', '2016-03-16 21:07:07', '2ddc33f7-3f41-471d-8384-eb77d6123524'),
 ('3', '39', 'en_us', 'Creative direction', '2016-02-29 10:03:07', '2016-03-16 21:07:07', '9563c88b-8e2f-46dd-aed5-16474fb5fae6'),
 ('4', '40', 'en_us', 'Concept', '2016-02-29 10:03:07', '2016-03-16 21:07:07', '6834b281-b873-434c-9a38-70f31447e28f'),
 ('5', '41', 'en_us', 'Strategy', '2016-02-29 10:03:07', '2016-03-16 21:07:07', 'ece16551-61b3-4a83-86f5-5d002b888492'),
 ('6', '104', 'en_us', 'Interaction design', '2016-03-17 00:27:11', '2016-03-17 00:27:11', 'e79e7a13-2105-435e-83fa-4ea80d02fab5'),
 ('7', '105', 'en_us', 'UX Design', '2016-03-17 00:27:11', '2016-03-17 00:27:11', '3174e3cb-386e-4f51-b39e-4fde3dc03fae'),
 ('8', '106', 'en_us', 'Creative direction', '2016-03-17 00:27:11', '2016-03-17 00:27:11', '4e40958e-927a-41c6-9e34-d270fcc6c1a2'),
 ('9', '107', 'en_us', 'Concept', '2016-03-17 00:27:11', '2016-03-17 00:27:11', '32acb7e1-a758-4b0f-b26d-aba3460e310b'),
 ('10', '108', 'en_us', 'Strategy', '2016-03-17 00:27:11', '2016-03-17 00:27:11', '15625cf8-db86-46a8-9d72-daecac3349e3');



DROP TABLE IF EXISTS `craft_migrations`;


--
-- Schema for table `craft_migrations`
--
CREATE TABLE `craft_migrations` (
  `id` int(11) NOT NULL AUTO_INCREMENT,
  `pluginId` int(11) DEFAULT NULL,
  `version` varchar(255) COLLATE utf8_unicode_ci NOT NULL,
  `applyTime` datetime NOT NULL,
  `dateCreated` datetime NOT NULL,
  `dateUpdated` datetime NOT NULL,
  `uid` char(36) COLLATE utf8_unicode_ci NOT NULL DEFAULT '0',
  PRIMARY KEY (`id`),
  UNIQUE KEY `craft_migrations_version_unq_idx` (`version`),
  KEY `craft_migrations_pluginId_fk` (`pluginId`)
) ENGINE=InnoDB AUTO_INCREMENT=31 DEFAULT CHARSET=utf8 COLLATE=utf8_unicode_ci;

--
-- Data for table `craft_migrations`
--

INSERT INTO `craft_migrations` (`id`, `pluginId`, `version`, `applyTime`, `dateCreated`, `dateUpdated`, `uid`) VALUES
 ('1', NULL, 'm000000_000000_base', '2016-02-25 11:25:16', '2016-02-25 11:25:16', '2016-02-25 11:25:16', 'd49ea86f-1304-4ffe-a774-03e4ee5ca5f3'),
 ('2', NULL, 'm140730_000001_add_filename_and_format_to_transformindex', '2016-02-25 11:25:16', '2016-02-25 11:25:16', '2016-02-25 11:25:16', '8ab99b9c-20f5-48be-b696-169926a50588'),
 ('3', NULL, 'm140815_000001_add_format_to_transforms', '2016-02-25 11:25:16', '2016-02-25 11:25:16', '2016-02-25 11:25:16', '3412aade-49cb-44e9-a26a-87c078a41ff9'),
 ('4', NULL, 'm140822_000001_allow_more_than_128_items_per_field', '2016-02-25 11:25:16', '2016-02-25 11:25:16', '2016-02-25 11:25:16', '572fd3a2-143f-4e86-805d-003d2c8e2f17'),
 ('5', NULL, 'm140829_000001_single_title_formats', '2016-02-25 11:25:16', '2016-02-25 11:25:16', '2016-02-25 11:25:16', '7526265b-2c52-4c2a-bd46-7e09be0532e4'),
 ('6', NULL, 'm140831_000001_extended_cache_keys', '2016-02-25 11:25:16', '2016-02-25 11:25:16', '2016-02-25 11:25:16', 'b9ea5119-4105-424a-a8f9-213921b786a7'),
 ('7', NULL, 'm140922_000001_delete_orphaned_matrix_blocks', '2016-02-25 11:25:16', '2016-02-25 11:25:16', '2016-02-25 11:25:16', 'dbee261e-4d54-4324-a652-edfca671954a'),
 ('8', NULL, 'm141008_000001_elements_index_tune', '2016-02-25 11:25:16', '2016-02-25 11:25:16', '2016-02-25 11:25:16', '7c5a95d5-408a-46c2-876c-6b2317f1b2f6'),
 ('9', NULL, 'm141009_000001_assets_source_handle', '2016-02-25 11:25:16', '2016-02-25 11:25:16', '2016-02-25 11:25:16', '2767a51b-4a51-40ad-a4af-3818e17cdb9d'),
 ('10', NULL, 'm141024_000001_field_layout_tabs', '2016-02-25 11:25:16', '2016-02-25 11:25:16', '2016-02-25 11:25:16', 'd0dec3ea-9b70-403c-8658-6ab4d4e2f072'),
 ('11', NULL, 'm141030_000000_plugin_schema_versions', '2016-02-25 11:25:16', '2016-02-25 11:25:16', '2016-02-25 11:25:16', '64eff8bc-152c-4c41-9a68-a6aa31d0bb08'),
 ('12', NULL, 'm141030_000001_drop_structure_move_permission', '2016-02-25 11:25:16', '2016-02-25 11:25:16', '2016-02-25 11:25:16', 'c8495cf2-e0b9-4db6-9647-b37b4d234db8'),
 ('13', NULL, 'm141103_000001_tag_titles', '2016-02-25 11:25:16', '2016-02-25 11:25:16', '2016-02-25 11:25:16', 'd20aaec8-4a02-4b29-ac24-0e6d03b95148'),
 ('14', NULL, 'm141109_000001_user_status_shuffle', '2016-02-25 11:25:16', '2016-02-25 11:25:16', '2016-02-25 11:25:16', '4ebab5ef-6ec1-4b7d-92de-8d053b495945'),
 ('15', NULL, 'm141126_000001_user_week_start_day', '2016-02-25 11:25:16', '2016-02-25 11:25:16', '2016-02-25 11:25:16', '56f86a14-7cec-4858-bf88-9cbe8c78329f'),
 ('16', NULL, 'm150210_000001_adjust_user_photo_size', '2016-02-25 11:25:16', '2016-02-25 11:25:16', '2016-02-25 11:25:16', '2c745f76-c8c3-4eb1-9f95-2728ed013c2d'),
 ('17', NULL, 'm150724_000001_adjust_quality_settings', '2016-02-25 11:25:16', '2016-02-25 11:25:16', '2016-02-25 11:25:16', '97512dba-1a6a-425b-af69-9e85d199818d'),
 ('18', NULL, 'm150827_000000_element_index_settings', '2016-02-25 11:25:16', '2016-02-25 11:25:16', '2016-02-25 11:25:16', '54be5ed1-ea37-4c93-81ac-53d299456c9c'),
 ('19', NULL, 'm150918_000001_add_colspan_to_widgets', '2016-02-25 11:25:16', '2016-02-25 11:25:16', '2016-02-25 11:25:16', '5d327f66-62aa-48be-bb12-edb2eadc4c95'),
 ('20', NULL, 'm151007_000000_clear_asset_caches', '2016-02-25 11:25:16', '2016-02-25 11:25:16', '2016-02-25 11:25:16', '5b957635-1025-4281-8434-2bcb08d4b3ad'),
 ('21', NULL, 'm151109_000000_text_url_formats', '2016-02-25 11:25:16', '2016-02-25 11:25:16', '2016-02-25 11:25:16', '3ae6e920-240a-40cd-811e-715467b1174f'),
 ('22', NULL, 'm151110_000000_move_logo', '2016-02-25 11:25:16', '2016-02-25 11:25:16', '2016-02-25 11:25:16', 'ed2bea37-09c8-4b0a-86b2-825ce5450361'),
 ('23', NULL, 'm151117_000000_adjust_image_widthheight', '2016-02-25 11:25:16', '2016-02-25 11:25:16', '2016-02-25 11:25:16', '757d07da-7c83-46de-b65e-e5a41980435c'),
 ('24', NULL, 'm151127_000000_clear_license_key_status', '2016-02-25 11:25:16', '2016-02-25 11:25:16', '2016-02-25 11:25:16', '9bba2097-ad95-4e6a-a7f5-3007a0203a29'),
 ('25', NULL, 'm151127_000000_plugin_license_keys', '2016-02-25 11:25:16', '2016-02-25 11:25:16', '2016-02-25 11:25:16', '6ab452f0-2bcf-4efa-8897-6c9c48c2f396'),
 ('26', NULL, 'm151130_000000_update_pt_widget_feeds', '2016-02-25 11:25:16', '2016-02-25 11:25:16', '2016-02-25 11:25:16', '7bcba7ea-6a4f-441e-9fd3-231f512b07f2'),
 ('27', NULL, 'm160223_000000_sortorder_to_smallint', '2016-02-25 15:49:52', '2016-02-25 15:49:52', '2016-02-25 15:49:52', '247b0565-5472-4e23-8207-0c5c18de3daf'),
 ('28', NULL, 'm160114_000000_asset_sources_public_url_default_true', '2016-03-09 16:42:28', '2016-03-09 16:42:28', '2016-03-09 16:42:28', 'c39a8706-e0a3-4c6b-a9a7-4045535218a8'),
 ('29', NULL, 'm160229_000000_set_default_entry_statuses', '2016-03-09 16:42:28', '2016-03-09 16:42:28', '2016-03-09 16:42:28', '0573cb7d-5e98-4272-a0ef-cdea42f316bd'),
 ('30', NULL, 'm160304_000000_client_permissions', '2016-03-09 16:42:28', '2016-03-09 16:42:28', '2016-03-09 16:42:28', 'cd4bd144-0469-46fc-b027-7245fdad7b5a');



DROP TABLE IF EXISTS `craft_plugins`;


--
-- Schema for table `craft_plugins`
--
CREATE TABLE `craft_plugins` (
  `id` int(11) NOT NULL AUTO_INCREMENT,
  `class` varchar(150) COLLATE utf8_unicode_ci NOT NULL,
  `version` varchar(15) COLLATE utf8_unicode_ci NOT NULL,
  `schemaVersion` varchar(15) COLLATE utf8_unicode_ci DEFAULT NULL,
  `licenseKey` char(24) COLLATE utf8_unicode_ci DEFAULT NULL,
  `licenseKeyStatus` enum('valid','invalid','mismatched','unknown') COLLATE utf8_unicode_ci NOT NULL DEFAULT 'unknown',
  `enabled` tinyint(1) unsigned NOT NULL DEFAULT '0',
  `settings` text COLLATE utf8_unicode_ci,
  `installDate` datetime NOT NULL,
  `dateCreated` datetime NOT NULL,
  `dateUpdated` datetime NOT NULL,
  `uid` char(36) COLLATE utf8_unicode_ci NOT NULL DEFAULT '0',
  PRIMARY KEY (`id`)
) ENGINE=InnoDB AUTO_INCREMENT=4 DEFAULT CHARSET=utf8 COLLATE=utf8_unicode_ci;

--
-- Data for table `craft_plugins`
--

INSERT INTO `craft_plugins` (`id`, `class`, `version`, `schemaVersion`, `licenseKey`, `licenseKeyStatus`, `enabled`, `settings`, `installDate`, `dateCreated`, `dateUpdated`, `uid`) VALUES
 ('1', 'Api', '0.1.0', NULL, NULL, 'unknown', '1', NULL, '2016-03-03 10:46:23', '2016-03-03 10:46:23', '2016-03-17 00:43:52', '4cbbb46a-99c1-492d-bebd-780cbbfa4d5a'),
 ('3', 'Kraftwerk', '1.0.0', NULL, NULL, 'unknown', '1', NULL, '2016-03-07 10:39:20', '2016-03-07 10:39:20', '2016-03-17 00:43:52', '02127a15-3702-4d6a-a4f7-736c77caa6ad');



DROP TABLE IF EXISTS `craft_rackspaceaccess`;


--
-- Schema for table `craft_rackspaceaccess`
--
CREATE TABLE `craft_rackspaceaccess` (
  `id` int(11) NOT NULL AUTO_INCREMENT,
  `connectionKey` varchar(255) COLLATE utf8_unicode_ci NOT NULL,
  `token` varchar(255) COLLATE utf8_unicode_ci NOT NULL,
  `storageUrl` varchar(255) COLLATE utf8_unicode_ci NOT NULL,
  `cdnUrl` varchar(255) COLLATE utf8_unicode_ci NOT NULL,
  `dateCreated` datetime NOT NULL,
  `dateUpdated` datetime NOT NULL,
  `uid` char(36) COLLATE utf8_unicode_ci NOT NULL DEFAULT '0',
  PRIMARY KEY (`id`),
  UNIQUE KEY `craft_rackspaceaccess_connectionKey_unq_idx` (`connectionKey`)
) ENGINE=InnoDB DEFAULT CHARSET=utf8 COLLATE=utf8_unicode_ci;

DROP TABLE IF EXISTS `craft_relations`;


--
-- Schema for table `craft_relations`
--
CREATE TABLE `craft_relations` (
  `id` int(11) NOT NULL AUTO_INCREMENT,
  `fieldId` int(11) NOT NULL,
  `sourceId` int(11) NOT NULL,
  `sourceLocale` char(12) COLLATE utf8_unicode_ci DEFAULT NULL,
  `targetId` int(11) NOT NULL,
  `sortOrder` smallint(6) DEFAULT NULL,
  `dateCreated` datetime NOT NULL,
  `dateUpdated` datetime NOT NULL,
  `uid` char(36) COLLATE utf8_unicode_ci NOT NULL DEFAULT '0',
  PRIMARY KEY (`id`),
  UNIQUE KEY `craft_relations_fieldId_sourceId_sourceLocale_targetId_unq_idx` (`fieldId`,`sourceId`,`sourceLocale`,`targetId`),
  KEY `craft_relations_sourceId_fk` (`sourceId`),
  KEY `craft_relations_sourceLocale_fk` (`sourceLocale`),
  KEY `craft_relations_targetId_fk` (`targetId`)
) ENGINE=InnoDB AUTO_INCREMENT=857 DEFAULT CHARSET=utf8 COLLATE=utf8_unicode_ci;

--
-- Data for table `craft_relations`
--

INSERT INTO `craft_relations` (`id`, `fieldId`, `sourceId`, `sourceLocale`, `targetId`, `sortOrder`, `dateCreated`, `dateUpdated`, `uid`) VALUES
 ('779', '40', '10', NULL, '62', '1', '2016-03-16 21:07:07', '2016-03-16 21:07:07', '88c9eb68-f753-475a-b312-cfc7c177b3eb'),
 ('780', '50', '10', NULL, '71', '1', '2016-03-16 21:07:07', '2016-03-16 21:07:07', '8be152c6-dd48-49e8-a9bd-6d3b50870128'),
 ('781', '38', '30', NULL, '32', '1', '2016-03-16 21:07:07', '2016-03-16 21:07:07', 'a8f10779-0c7a-4933-84b2-c3edd370ff45'),
 ('782', '38', '34', NULL, '32', '1', '2016-03-16 21:07:07', '2016-03-16 21:07:07', '7f4a98a0-d053-48e4-a076-df18a6c2de29'),
 ('783', '38', '35', NULL, '33', '1', '2016-03-16 21:07:07', '2016-03-16 21:07:07', '859be1f8-f02a-4cf9-9024-2f31a36e8024'),
 ('784', '14', '14', NULL, '61', '1', '2016-03-16 21:07:07', '2016-03-16 21:07:07', '926cab7c-ab58-4760-84ae-beb32772a9a4'),
 ('785', '15', '14', NULL, '60', '1', '2016-03-16 21:07:08', '2016-03-16 21:07:08', 'ba69131c-ad85-42ca-b4e5-8ca4bf829474'),
 ('786', '12', '19', NULL, '64', '1', '2016-03-16 21:07:08', '2016-03-16 21:07:08', '426734b5-1f3a-4921-9844-004d1fe0ab1a'),
 ('787', '13', '19', NULL, '18', '1', '2016-03-16 21:07:08', '2016-03-16 21:07:08', '773b7ae8-37a4-4ed2-b0b8-abf01cc91a1d'),
 ('788', '65', '19', NULL, '65', '1', '2016-03-16 21:07:08', '2016-03-16 21:07:08', 'e4b6c22c-5a7f-4bbf-9e86-d625d58ea7d6'),
 ('789', '14', '22', NULL, '59', '1', '2016-03-16 21:07:08', '2016-03-16 21:07:08', '3ab208e1-ff78-4a77-9c55-53e5a038b9d3'),
 ('790', '7', '23', NULL, '54', '1', '2016-03-16 21:07:08', '2016-03-16 21:07:08', 'fc538dd2-df6d-4f4b-a434-a4346e9dd637'),
 ('791', '11', '29', NULL, '57', '1', '2016-03-16 21:07:08', '2016-03-16 21:07:08', '0634e7df-8410-41c7-868f-29195117ce82'),
 ('792', '11', '29', NULL, '56', '2', '2016-03-16 21:07:08', '2016-03-16 21:07:08', '1789b005-31d8-425f-9fa7-d3b1d1413f60'),
 ('793', '11', '29', NULL, '55', '3', '2016-03-16 21:07:08', '2016-03-16 21:07:08', 'b56fde2a-72df-4126-b423-7c40b7a41430'),
 ('794', '11', '29', NULL, '75', '4', '2016-03-16 21:07:08', '2016-03-16 21:07:08', 'd34a0644-f88c-47bd-8f63-f7ec32a9e74b'),
 ('795', '11', '29', NULL, '74', '5', '2016-03-16 21:07:08', '2016-03-16 21:07:08', 'e10d9b8e-8bcb-43fc-8858-b8de2b446c0e'),
 ('797', '10', '5', NULL, '10', '1', '2016-03-16 21:25:48', '2016-03-16 21:25:48', 'c1b40061-8c97-4b69-9225-c7c0e09eff31'),
 ('798', '10', '5', NULL, '66', '2', '2016-03-16 21:25:48', '2016-03-16 21:25:48', 'ea44836a-4a52-47bb-ab43-68c269b37695'),
 ('799', '10', '5', NULL, '97', '3', '2016-03-16 21:25:48', '2016-03-16 21:25:48', '9fa45654-1f31-4b43-a976-d6a084ec05a2'),
 ('800', '40', '97', NULL, '96', '1', '2016-03-16 21:39:52', '2016-03-16 21:39:52', 'e32299cd-412b-4d20-bc8b-11cb6b5a7f2f'),
 ('847', '40', '66', NULL, '67', '1', '2016-03-17 00:27:11', '2016-03-17 00:27:11', 'ee5480d5-6c12-4141-83ab-65b3e779f85e'),
 ('848', '50', '66', NULL, '73', '1', '2016-03-17 00:27:11', '2016-03-17 00:27:11', '4bd37b45-6d49-4a57-a944-bc09d14b3663'),
 ('849', '7', '81', NULL, '79', '1', '2016-03-17 00:27:11', '2016-03-17 00:27:11', 'edfd56d8-c132-4ab2-8103-e085178c5f31'),
 ('850', '14', '83', NULL, '82', '1', '2016-03-17 00:27:11', '2016-03-17 00:27:11', '6737274f-5085-4e77-922a-8323bbc965fe'),
 ('851', '15', '83', NULL, '84', '1', '2016-03-17 00:27:11', '2016-03-17 00:27:11', 'a987d638-61f1-47df-9364-d1a84d75203c'),
 ('852', '7', '86', NULL, '85', '1', '2016-03-17 00:27:11', '2016-03-17 00:27:11', 'a5f66803-82ab-46cc-8392-3496e6c5dee0'),
 ('853', '14', '90', NULL, '88', '1', '2016-03-17 00:27:11', '2016-03-17 00:27:11', '8b27bb5a-37e8-498c-a5cd-ea89dba2831f'),
 ('854', '15', '90', NULL, '87', '1', '2016-03-17 00:27:11', '2016-03-17 00:27:11', '87bd179d-4357-4666-b284-497332663504'),
 ('855', '14', '93', NULL, '92', '1', '2016-03-17 00:27:11', '2016-03-17 00:27:11', '6a59f6fc-8b4b-49d2-9a32-954a52cfdc62'),
 ('856', '14', '102', NULL, '100', '1', '2016-03-17 00:27:11', '2016-03-17 00:27:11', 'a911514d-52cf-4753-a599-f781f7933e91');



DROP TABLE IF EXISTS `craft_routes`;


--
-- Schema for table `craft_routes`
--
CREATE TABLE `craft_routes` (
  `id` int(11) NOT NULL AUTO_INCREMENT,
  `locale` char(12) COLLATE utf8_unicode_ci DEFAULT NULL,
  `urlParts` varchar(255) COLLATE utf8_unicode_ci NOT NULL,
  `urlPattern` varchar(255) COLLATE utf8_unicode_ci NOT NULL,
  `template` varchar(255) COLLATE utf8_unicode_ci NOT NULL,
  `sortOrder` smallint(6) unsigned DEFAULT NULL,
  `dateCreated` datetime NOT NULL,
  `dateUpdated` datetime NOT NULL,
  `uid` char(36) COLLATE utf8_unicode_ci NOT NULL DEFAULT '0',
  PRIMARY KEY (`id`),
  UNIQUE KEY `craft_routes_urlPattern_unq_idx` (`urlPattern`),
  KEY `craft_routes_locale_idx` (`locale`)
) ENGINE=InnoDB DEFAULT CHARSET=utf8 COLLATE=utf8_unicode_ci;

DROP TABLE IF EXISTS `craft_searchindex`;


--
-- Schema for table `craft_searchindex`
--
CREATE TABLE `craft_searchindex` (
  `elementId` int(11) NOT NULL,
  `attribute` varchar(25) COLLATE utf8_unicode_ci NOT NULL,
  `fieldId` int(11) NOT NULL,
  `locale` char(12) COLLATE utf8_unicode_ci NOT NULL,
  `keywords` text COLLATE utf8_unicode_ci NOT NULL,
  PRIMARY KEY (`elementId`,`attribute`,`fieldId`,`locale`),
  FULLTEXT KEY `craft_searchindex_keywords_idx` (`keywords`)
) ENGINE=MyISAM DEFAULT CHARSET=utf8 COLLATE=utf8_unicode_ci;

--
-- Data for table `craft_searchindex`
--

INSERT INTO `craft_searchindex` (`elementId`, `attribute`, `fieldId`, `locale`, `keywords`) VALUES
 ('1', 'username', '0', 'en_us', ' kraftwerk '),
 ('1', 'firstname', '0', 'en_us', ''),
 ('1', 'lastname', '0', 'en_us', ''),
 ('1', 'fullname', '0', 'en_us', ''),
 ('1', 'email', '0', 'en_us', ' backend superherocheesecake com '),
 ('1', 'slug', '0', 'en_us', ''),
 ('10', 'field', '39', 'en_us', ' a quirky new online appearance for a soda brand '),
 ('19', 'field', '56', 'en_us', ' big '),
 ('20', 'field', '63', 'en_us', ' big '),
 ('20', 'field', '64', 'en_us', ' none '),
 ('29', 'field', '53', 'en_us', ' none '),
 ('25', 'field', '64', 'en_us', ' none '),
 ('25', 'field', '63', 'en_us', ' big '),
 ('5', 'slug', '0', 'en_us', ' homepage '),
 ('5', 'title', '0', 'en_us', ' homepage '),
 ('6', 'slug', '0', 'en_us', ' about '),
 ('6', 'title', '0', 'en_us', ' about '),
 ('7', 'slug', '0', 'en_us', ' contact '),
 ('7', 'title', '0', 'en_us', ' contact '),
 ('29', 'field', '54', 'en_us', ' none '),
 ('22', 'field', '57', 'en_us', ' none '),
 ('69', 'slug', '0', 'en_us', ''),
 ('69', 'title', '0', 'en_us', ' work '),
 ('10', 'field', '40', 'en_us', ' orangina header background '),
 ('10', 'field', '41', 'en_us', ' orangina '),
 ('10', 'field', '43', 'en_us', ' responsive website '),
 ('10', 'field', '42', 'en_us', ' http orangina eu '),
 ('10', 'field', '31', 'en_us', ' inalise b v development '),
 ('10', 'field', '34', 'en_us', ' interaction design ux design creative direction concept strategy '),
 ('10', 'field', '36', 'en_us', ' fwa sotd fwa fwa motd fwa awwwards sotd awwwards '),
 ('10', 'field', '3', 'en_us', ' ffffff orangina refreshed their brand identity achtung kraftwerk wastasked to extend their newbrand identity to a fresh online experience small big 000000 black 000000 orangina screen background orangina screen big none black fdaa31 in general there were two main obectives informing people about the available range of orangina products and telling them about the history of orangina as a brand the homepage would then serve as a hub to these two objectives as well as to the orangina social channels strategy concept ux the content of the new orangina website was meantto be kept simple serving a few main purposes small none ffffff black ffa600 orangina video background orangina video cover big none black reel2015 ffffff design elements colors for the orangina website were besides the brand s blue and yellow based on the labels of the different flavours none big 000000 black ffffff orangina bottles small none black ffffff our hands on mentality can be found throughout the whole process we bring ideas to life early we prototype to keep improving along the way iconography orangina icons right to add on the playfull quirky identity of orangina we created an iconset that was used throughout the website big small 000000 black 092865 in general there were two main obectives informing people about the available range of orangina products and telling them about the history of orangina as a brand the homepage would then serve as a hub to these two objectives as well as to the orangina social channels final designs the content of the new orangina website was meantto be kept simple serving a few main purposes none big ffffff white 092865 orangina slide 1 orangina slide 2 orangina slide 3 orangina slide 4 orangina slide 5 none none white '),
 ('10', 'slug', '0', 'en_us', ' orangina '),
 ('10', 'title', '0', 'en_us', ' orangina global website '),
 ('11', 'slug', '0', 'en_us', ''),
 ('5', 'field', '10', 'en_us', ' orangina global website chocomel brand portal test case '),
 ('12', 'field', '29', 'en_us', ' orangina refreshed their brand identity achtung kraftwerk wastasked to extend their newbrand identity to a fresh online experience '),
 ('12', 'field', '30', 'en_us', ' ffffff '),
 ('12', 'slug', '0', 'en_us', ''),
 ('61', 'extension', '0', 'en_us', ' png '),
 ('61', 'kind', '0', 'en_us', ' image '),
 ('14', 'field', '14', 'en_us', ' orangina screen '),
 ('14', 'field', '15', 'en_us', ' orangina screen background '),
 ('14', 'field', '19', 'en_us', ' 000000 '),
 ('14', 'slug', '0', 'en_us', ''),
 ('60', 'kind', '0', 'en_us', ' image '),
 ('60', 'slug', '0', 'en_us', ' orangina screen background '),
 ('61', 'filename', '0', 'en_us', ' orangina screen png '),
 ('60', 'title', '0', 'en_us', ' orangina screen background '),
 ('60', 'extension', '0', 'en_us', ' png '),
 ('17', 'field', '25', 'en_us', ' strategy concept ux '),
 ('17', 'field', '26', 'en_us', ' the content of the new orangina website was meantto be kept simple serving a few main purposes '),
 ('17', 'field', '27', 'en_us', ' in general there were two main obectives informing people about the available range of orangina products and telling them about the history of orangina as a brand the homepage would then serve as a hub to these two objectives as well as to the orangina social channels '),
 ('17', 'field', '28', 'en_us', ' fdaa31 '),
 ('17', 'slug', '0', 'en_us', ''),
 ('12', 'field', '47', 'en_us', ' 000000 '),
 ('17', 'field', '44', 'en_us', ' ffffff '),
 ('18', 'filename', '0', 'en_us', ' reel2015 mp4 '),
 ('18', 'extension', '0', 'en_us', ' mp4 '),
 ('18', 'kind', '0', 'en_us', ' video '),
 ('18', 'slug', '0', 'en_us', ' reel2015 1 '),
 ('18', 'title', '0', 'en_us', ' reel2015 '),
 ('19', 'field', '12', 'en_us', ' orangina video cover '),
 ('19', 'field', '13', 'en_us', ' reel2015 '),
 ('19', 'field', '18', 'en_us', ' ffa600 '),
 ('19', 'slug', '0', 'en_us', ''),
 ('20', 'field', '25', 'en_us', ' design elements '),
 ('20', 'field', '26', 'en_us', ' colors for the orangina website were besides the brand s blue and yellow based on the labels of the different flavours '),
 ('20', 'field', '27', 'en_us', ''),
 ('20', 'field', '44', 'en_us', ' 000000 '),
 ('20', 'field', '28', 'en_us', ' ffffff '),
 ('20', 'slug', '0', 'en_us', ''),
 ('60', 'filename', '0', 'en_us', ' orangina screen background png '),
 ('59', 'title', '0', 'en_us', ' orangina bottles '),
 ('59', 'slug', '0', 'en_us', ''),
 ('59', 'kind', '0', 'en_us', ' image '),
 ('22', 'field', '14', 'en_us', ' orangina bottles '),
 ('22', 'field', '15', 'en_us', ''),
 ('22', 'field', '19', 'en_us', ' ffffff '),
 ('22', 'slug', '0', 'en_us', ''),
 ('23', 'field', '4', 'en_us', ' iconography '),
 ('23', 'field', '5', 'en_us', ' to add on the playfull quirky identity of orangina we created an iconset that was used throughout the website '),
 ('23', 'field', '6', 'en_us', ' our hands on mentality can be found throughout the whole process we bring ideas to life early we prototype to keep improving along the way '),
 ('23', 'field', '7', 'en_us', ' orangina icons '),
 ('23', 'field', '45', 'en_us', ' 000000 '),
 ('23', 'field', '8', 'en_us', ' ffffff '),
 ('23', 'field', '9', 'en_us', ' right '),
 ('23', 'slug', '0', 'en_us', ''),
 ('56', 'slug', '0', 'en_us', ''),
 ('56', 'title', '0', 'en_us', ' orangina slide 2 '),
 ('56', 'kind', '0', 'en_us', ' image '),
 ('25', 'field', '25', 'en_us', ' final designs '),
 ('25', 'field', '26', 'en_us', ' the content of the new orangina website was meantto be kept simple serving a few main purposes '),
 ('25', 'field', '27', 'en_us', ' in general there were two main obectives informing people about the available range of orangina products and telling them about the history of orangina as a brand the homepage would then serve as a hub to these two objectives as well as to the orangina social channels '),
 ('25', 'field', '44', 'en_us', ' ffffff '),
 ('25', 'field', '28', 'en_us', ' 092865 '),
 ('25', 'slug', '0', 'en_us', ''),
 ('59', 'extension', '0', 'en_us', ' png '),
 ('59', 'filename', '0', 'en_us', ' orangina bottles png '),
 ('62', 'filename', '0', 'en_us', ' orangina header background jpg '),
 ('62', 'kind', '0', 'en_us', ' image ');
INSERT INTO `craft_searchindex` (`elementId`, `attribute`, `fieldId`, `locale`, `keywords`) VALUES
 ('62', 'slug', '0', 'en_us', ''),
 ('62', 'title', '0', 'en_us', ' orangina header background '),
 ('57', 'title', '0', 'en_us', ' orangina slide 1 '),
 ('57', 'slug', '0', 'en_us', ''),
 ('29', 'field', '11', 'en_us', ' orangina slide 1 orangina slide 2 orangina slide 3 orangina slide 4 orangina slide 5 '),
 ('29', 'field', '17', 'en_us', ' 092865 '),
 ('29', 'slug', '0', 'en_us', ''),
 ('30', 'field', '37', 'en_us', ' fwa sotd '),
 ('30', 'field', '38', 'en_us', ' fwa '),
 ('30', 'slug', '0', 'en_us', ''),
 ('32', 'kind', '0', 'en_us', ' image '),
 ('32', 'extension', '0', 'en_us', ' png '),
 ('32', 'filename', '0', 'en_us', ' logo fwa png '),
 ('32', 'slug', '0', 'en_us', ' logo fwa '),
 ('32', 'title', '0', 'en_us', ' fwa '),
 ('33', 'filename', '0', 'en_us', ' logo awwwards png '),
 ('33', 'extension', '0', 'en_us', ' png '),
 ('33', 'kind', '0', 'en_us', ' image '),
 ('33', 'slug', '0', 'en_us', ' logo awwwards '),
 ('33', 'title', '0', 'en_us', ' awwwards '),
 ('34', 'field', '37', 'en_us', ' fwa motd '),
 ('34', 'field', '38', 'en_us', ' fwa '),
 ('34', 'slug', '0', 'en_us', ''),
 ('35', 'field', '37', 'en_us', ' awwwards sotd '),
 ('35', 'field', '38', 'en_us', ' awwwards '),
 ('35', 'slug', '0', 'en_us', ''),
 ('36', 'field', '32', 'en_us', ' development '),
 ('36', 'field', '33', 'en_us', ' inalise b v '),
 ('36', 'slug', '0', 'en_us', ''),
 ('37', 'field', '35', 'en_us', ' interaction design '),
 ('37', 'slug', '0', 'en_us', ''),
 ('38', 'field', '35', 'en_us', ' ux design '),
 ('38', 'slug', '0', 'en_us', ''),
 ('39', 'field', '35', 'en_us', ' creative direction '),
 ('39', 'slug', '0', 'en_us', ''),
 ('40', 'field', '35', 'en_us', ' concept '),
 ('40', 'slug', '0', 'en_us', ''),
 ('41', 'field', '35', 'en_us', ' strategy '),
 ('41', 'slug', '0', 'en_us', ''),
 ('10', 'field', '50', 'en_us', ' orangina header image '),
 ('62', 'extension', '0', 'en_us', ' jpg '),
 ('61', 'slug', '0', 'en_us', ''),
 ('61', 'title', '0', 'en_us', ' orangina screen '),
 ('23', 'field', '49', 'en_us', ' big '),
 ('54', 'filename', '0', 'en_us', ' orangina icons png '),
 ('65', 'filename', '0', 'en_us', ' orangina video background png '),
 ('65', 'extension', '0', 'en_us', ' png '),
 ('64', 'filename', '0', 'en_us', ' orangina video cover jpg '),
 ('65', 'kind', '0', 'en_us', ' image '),
 ('56', 'filename', '0', 'en_us', ' orangina slide 2 jpg '),
 ('54', 'extension', '0', 'en_us', ' png '),
 ('54', 'kind', '0', 'en_us', ' image '),
 ('54', 'slug', '0', 'en_us', ' orangina icons '),
 ('54', 'title', '0', 'en_us', ' orangina icons '),
 ('55', 'filename', '0', 'en_us', ' orangina slide 3 jpg '),
 ('55', 'extension', '0', 'en_us', ' jpg '),
 ('55', 'kind', '0', 'en_us', ' image '),
 ('55', 'slug', '0', 'en_us', ''),
 ('55', 'title', '0', 'en_us', ' orangina slide 3 '),
 ('17', 'field', '63', 'en_us', ' none '),
 ('14', 'field', '58', 'en_us', ' big '),
 ('14', 'field', '57', 'en_us', ' none '),
 ('17', 'field', '64', 'en_us', ' small '),
 ('19', 'field', '55', 'en_us', ' none '),
 ('12', 'field', '51', 'en_us', ' big '),
 ('64', 'extension', '0', 'en_us', ' jpg '),
 ('64', 'kind', '0', 'en_us', ' image '),
 ('64', 'slug', '0', 'en_us', ''),
 ('64', 'title', '0', 'en_us', ' orangina video cover '),
 ('57', 'kind', '0', 'en_us', ' image '),
 ('57', 'extension', '0', 'en_us', ' jpg '),
 ('57', 'filename', '0', 'en_us', ' orangina slide 1 jpg '),
 ('56', 'extension', '0', 'en_us', ' jpg '),
 ('23', 'field', '48', 'en_us', ' small '),
 ('22', 'field', '58', 'en_us', ' small '),
 ('12', 'field', '52', 'en_us', ' small '),
 ('65', 'slug', '0', 'en_us', ' orangina video background '),
 ('65', 'title', '0', 'en_us', ' orangina video background '),
 ('19', 'field', '65', 'en_us', ' orangina video background '),
 ('23', 'field', '66', 'en_us', ' black '),
 ('66', 'field', '39', 'en_us', ' for the love of chocolate '),
 ('66', 'field', '40', 'en_us', ' header background '),
 ('66', 'field', '50', 'en_us', ' header image '),
 ('66', 'field', '41', 'en_us', ' chocomel '),
 ('66', 'field', '43', 'en_us', ' mobile application '),
 ('66', 'field', '42', 'en_us', ''),
 ('66', 'field', '31', 'en_us', ' efocus development '),
 ('66', 'field', '34', 'en_us', ' interaction design ux design creative direction concept strategy '),
 ('66', 'field', '36', 'en_us', ''),
 ('66', 'field', '3', 'en_us', ' ffffff a website that let s fans share their love for chocomel seamlessly integrated with a delicious product showcase big big 000000 black 391f12 chocomel wanted to position themselves as an a brand bevarage along with the common soft drinks their previous image was more cozy and soft the new image on the otherhand was to be more fashionable and exclusive designing for a love brand pak right when we were asked to design the brand portal for chocomel we knew it was about chocolate love a lot of loyal fans have a healthy obsession for this tasty chocolate drink big big ffffff white ffffff screen background screen big big black f0e9e4 in a mix of owned and shared content the homepage is build up from quotes on twitter fanphoto s on instagram and video s on youtube the voice of chocomel lovers blocks left instead of chocomel telling visitors how great chocomel really is we engaged the already big group of fans and let them speak for the brand big none 391f10 black 391f12 depending on the season we present the hero product in a warm mug or a cold glass since there is an ever lasting discussion on how chocomel should be consumed we gave users the option to switch enjoying your chocomel hot or cold winter or summer chocomel can be consumed both hot and cold small big ffffff white 000000 glas background glas small none white ffffff in a colorful design we showed visitors life size photography of the iconic chocomel pack paired with a hot mug or a cool glass the product pages has all the key information visitors want to know about their drink nutritional information ingredients pack sizes and tell about the durable chocolate that is used in the drink life sized photography when it comes to the product we let the iconic photography speak small small 000000 black ffffff screen 2 big small black f0e9e4 massive screens gets a 5 column grid while small screens like phone get a modified 2 columns grid a site that looks sharp accross every screen the grid view helps when scaling the website by defining the number of horizontal columns the site looks great across all devices and screens small big 3b1f10 black f0e9e4 devices big small black '),
 ('66', 'slug', '0', 'en_us', ' chocomel brand portal '),
 ('66', 'title', '0', 'en_us', ' chocomel brand portal '),
 ('67', 'filename', '0', 'en_us', ' header background jpg '),
 ('67', 'extension', '0', 'en_us', ' jpg '),
 ('67', 'kind', '0', 'en_us', ' image '),
 ('67', 'slug', '0', 'en_us', ''),
 ('67', 'title', '0', 'en_us', ' header background '),
 ('12', 'field', '73', 'en_us', ' black '),
 ('14', 'field', '69', 'en_us', ' black '),
 ('17', 'field', '72', 'en_us', ' black ');
INSERT INTO `craft_searchindex` (`elementId`, `attribute`, `fieldId`, `locale`, `keywords`) VALUES
 ('19', 'field', '68', 'en_us', ' black '),
 ('20', 'field', '72', 'en_us', ' black '),
 ('22', 'field', '69', 'en_us', ' black '),
 ('25', 'field', '72', 'en_us', ' white '),
 ('29', 'field', '67', 'en_us', ' white '),
 ('74', 'filename', '0', 'en_us', ' orangina slide 5 jpg '),
 ('71', 'filename', '0', 'en_us', ' orangina header image png '),
 ('71', 'extension', '0', 'en_us', ' png '),
 ('71', 'kind', '0', 'en_us', ' image '),
 ('71', 'slug', '0', 'en_us', ' orangina header image '),
 ('71', 'title', '0', 'en_us', ' orangina header image '),
 ('73', 'filename', '0', 'en_us', ' header image png '),
 ('73', 'extension', '0', 'en_us', ' png '),
 ('73', 'kind', '0', 'en_us', ' image '),
 ('73', 'slug', '0', 'en_us', ' header image '),
 ('73', 'title', '0', 'en_us', ' header image '),
 ('74', 'extension', '0', 'en_us', ' jpg '),
 ('74', 'kind', '0', 'en_us', ' image '),
 ('74', 'slug', '0', 'en_us', ''),
 ('74', 'title', '0', 'en_us', ' orangina slide 5 '),
 ('75', 'filename', '0', 'en_us', ' orangina slide 4 jpg '),
 ('75', 'extension', '0', 'en_us', ' jpg '),
 ('75', 'kind', '0', 'en_us', ' image '),
 ('75', 'slug', '0', 'en_us', ''),
 ('75', 'title', '0', 'en_us', ' orangina slide 4 '),
 ('77', 'filename', '0', 'en_us', ' screen shot 2016 03 01 at 14 56 18 png '),
 ('77', 'extension', '0', 'en_us', ' png '),
 ('77', 'kind', '0', 'en_us', ' image '),
 ('77', 'slug', '0', 'en_us', ' screen shot 2016 03 01 at 14 56 18 '),
 ('77', 'title', '0', 'en_us', ' screen shot 2016 03 01 at 14 56 18 '),
 ('96', 'kind', '0', 'en_us', ' image '),
 ('96', 'extension', '0', 'en_us', ' png '),
 ('96', 'filename', '0', 'en_us', ' screen shot 2016 03 01 at 14 56 18_160316_222532 png '),
 ('97', 'field', '39', 'en_us', ' test case '),
 ('96', 'slug', '0', 'en_us', ' screen shot 2016 03 01 at 14 56 18 '),
 ('96', 'title', '0', 'en_us', ' screen shot 2016 03 01 at 14 56 18 '),
 ('79', 'filename', '0', 'en_us', ' pak png '),
 ('79', 'extension', '0', 'en_us', ' png '),
 ('79', 'kind', '0', 'en_us', ' image '),
 ('79', 'slug', '0', 'en_us', ''),
 ('79', 'title', '0', 'en_us', ' pak '),
 ('80', 'field', '29', 'en_us', ' a website that let s fans share their love for chocomel seamlessly integrated with a delicious product showcase '),
 ('80', 'field', '47', 'en_us', ' 000000 '),
 ('80', 'field', '30', 'en_us', ' ffffff '),
 ('80', 'field', '51', 'en_us', ' big '),
 ('80', 'field', '52', 'en_us', ' big '),
 ('80', 'field', '73', 'en_us', ' black '),
 ('80', 'slug', '0', 'en_us', ''),
 ('81', 'field', '4', 'en_us', ' designing for a love brand '),
 ('81', 'field', '5', 'en_us', ' when we were asked to design the brand portal for chocomel we knew it was about chocolate love a lot of loyal fans have a healthy obsession for this tasty chocolate drink '),
 ('81', 'field', '6', 'en_us', ' chocomel wanted to position themselves as an a brand bevarage along with the common soft drinks their previous image was more cozy and soft the new image on the otherhand was to be more fashionable and exclusive '),
 ('81', 'field', '7', 'en_us', ' pak '),
 ('81', 'field', '45', 'en_us', ' ffffff '),
 ('81', 'field', '8', 'en_us', ' 391f12 '),
 ('81', 'field', '9', 'en_us', ' right '),
 ('81', 'field', '48', 'en_us', ' big '),
 ('81', 'field', '49', 'en_us', ' big '),
 ('81', 'field', '66', 'en_us', ' white '),
 ('81', 'slug', '0', 'en_us', ''),
 ('82', 'filename', '0', 'en_us', ' screen png '),
 ('82', 'extension', '0', 'en_us', ' png '),
 ('82', 'kind', '0', 'en_us', ' image '),
 ('82', 'slug', '0', 'en_us', ''),
 ('82', 'title', '0', 'en_us', ' screen '),
 ('83', 'field', '14', 'en_us', ' screen '),
 ('83', 'field', '15', 'en_us', ' screen background '),
 ('83', 'field', '19', 'en_us', ' ffffff '),
 ('83', 'field', '57', 'en_us', ' big '),
 ('83', 'field', '58', 'en_us', ' big '),
 ('83', 'field', '69', 'en_us', ' black '),
 ('83', 'slug', '0', 'en_us', ''),
 ('84', 'filename', '0', 'en_us', ' screen background png '),
 ('84', 'extension', '0', 'en_us', ' png '),
 ('84', 'kind', '0', 'en_us', ' image '),
 ('84', 'slug', '0', 'en_us', ''),
 ('84', 'title', '0', 'en_us', ' screen background '),
 ('85', 'filename', '0', 'en_us', ' blocks png '),
 ('85', 'extension', '0', 'en_us', ' png '),
 ('85', 'kind', '0', 'en_us', ' image '),
 ('85', 'slug', '0', 'en_us', ''),
 ('85', 'title', '0', 'en_us', ' blocks '),
 ('86', 'field', '4', 'en_us', ' the voice of chocomel lovers '),
 ('86', 'field', '5', 'en_us', ' instead of chocomel telling visitors how great chocomel really is we engaged the already big group of fans and let them speak for the brand '),
 ('86', 'field', '6', 'en_us', ' in a mix of owned and shared content the homepage is build up from quotes on twitter fanphoto s on instagram and video s on youtube '),
 ('86', 'field', '7', 'en_us', ' blocks '),
 ('86', 'field', '45', 'en_us', ' 391f10 '),
 ('86', 'field', '8', 'en_us', ' f0e9e4 '),
 ('86', 'field', '9', 'en_us', ' left '),
 ('86', 'field', '48', 'en_us', ' none '),
 ('86', 'field', '49', 'en_us', ' big '),
 ('86', 'field', '66', 'en_us', ' black '),
 ('86', 'slug', '0', 'en_us', ''),
 ('87', 'filename', '0', 'en_us', ' glas background png '),
 ('87', 'extension', '0', 'en_us', ' png '),
 ('87', 'kind', '0', 'en_us', ' image '),
 ('87', 'slug', '0', 'en_us', ' glas background '),
 ('87', 'title', '0', 'en_us', ' glas background '),
 ('88', 'filename', '0', 'en_us', ' glas png '),
 ('88', 'extension', '0', 'en_us', ' png '),
 ('88', 'kind', '0', 'en_us', ' image ');
INSERT INTO `craft_searchindex` (`elementId`, `attribute`, `fieldId`, `locale`, `keywords`) VALUES
 ('88', 'slug', '0', 'en_us', ''),
 ('88', 'title', '0', 'en_us', ' glas '),
 ('89', 'field', '25', 'en_us', ' enjoying your chocomel hot or cold '),
 ('89', 'field', '26', 'en_us', ' winter or summer chocomel can be consumed both hot and cold '),
 ('89', 'field', '27', 'en_us', ' depending on the season we present the hero product in a warm mug or a cold glass since there is an ever lasting discussion on how chocomel should be consumed we gave users the option to switch '),
 ('89', 'field', '44', 'en_us', ' ffffff '),
 ('89', 'field', '28', 'en_us', ' 391f12 '),
 ('89', 'field', '63', 'en_us', ' big '),
 ('89', 'field', '64', 'en_us', ' small '),
 ('89', 'field', '72', 'en_us', ' white '),
 ('89', 'slug', '0', 'en_us', ''),
 ('90', 'field', '14', 'en_us', ' glas '),
 ('90', 'field', '15', 'en_us', ' glas background '),
 ('90', 'field', '19', 'en_us', ' 000000 '),
 ('90', 'field', '57', 'en_us', ' none '),
 ('90', 'field', '58', 'en_us', ' small '),
 ('90', 'field', '69', 'en_us', ' white '),
 ('90', 'slug', '0', 'en_us', ''),
 ('91', 'field', '25', 'en_us', ' life sized photography '),
 ('91', 'field', '26', 'en_us', ' when it comes to the product we let the iconic photography speak '),
 ('91', 'field', '27', 'en_us', ' in a colorful design we showed visitors life size photography of the iconic chocomel pack paired with a hot mug or a cool glass the product pages has all the key information visitors want to know about their drink nutritional information ingredients pack sizes and tell about the durable chocolate that is used in the drink '),
 ('91', 'field', '44', 'en_us', ' 000000 '),
 ('91', 'field', '28', 'en_us', ' ffffff '),
 ('91', 'field', '63', 'en_us', ' small '),
 ('91', 'field', '64', 'en_us', ' small '),
 ('91', 'field', '72', 'en_us', ' black '),
 ('91', 'slug', '0', 'en_us', ''),
 ('92', 'filename', '0', 'en_us', ' screen 2 png '),
 ('92', 'extension', '0', 'en_us', ' png '),
 ('92', 'kind', '0', 'en_us', ' image '),
 ('92', 'slug', '0', 'en_us', ''),
 ('92', 'title', '0', 'en_us', ' screen 2 '),
 ('93', 'field', '14', 'en_us', ' screen 2 '),
 ('93', 'field', '15', 'en_us', ''),
 ('93', 'field', '19', 'en_us', ' ffffff '),
 ('93', 'field', '57', 'en_us', ' small '),
 ('93', 'field', '58', 'en_us', ' big '),
 ('93', 'field', '69', 'en_us', ' black '),
 ('93', 'slug', '0', 'en_us', ''),
 ('97', 'field', '40', 'en_us', ' screen shot 2016 03 01 at 14 56 18 '),
 ('97', 'field', '50', 'en_us', ''),
 ('97', 'field', '41', 'en_us', ' test '),
 ('97', 'field', '43', 'en_us', ''),
 ('97', 'field', '42', 'en_us', ''),
 ('97', 'field', '31', 'en_us', ''),
 ('97', 'field', '34', 'en_us', ''),
 ('97', 'field', '36', 'en_us', ''),
 ('97', 'field', '3', 'en_us', ''),
 ('97', 'slug', '0', 'en_us', ' test case '),
 ('97', 'title', '0', 'en_us', ' test case '),
 ('100', 'extension', '0', 'en_us', ' png '),
 ('100', 'filename', '0', 'en_us', ' devices png '),
 ('100', 'kind', '0', 'en_us', ' image '),
 ('100', 'slug', '0', 'en_us', ''),
 ('100', 'title', '0', 'en_us', ' devices '),
 ('101', 'field', '25', 'en_us', ' a site that looks sharp accross every screen '),
 ('101', 'field', '26', 'en_us', ' the grid view helps when scaling the website by defining the number of horizontal columns the site looks great across all devices and screens '),
 ('101', 'field', '27', 'en_us', ' massive screens gets a 5 column grid while small screens like phone get a modified 2 columns grid '),
 ('101', 'field', '44', 'en_us', ' 3b1f10 '),
 ('101', 'field', '28', 'en_us', ' f0e9e4 '),
 ('101', 'field', '63', 'en_us', ' big '),
 ('101', 'field', '64', 'en_us', ' small '),
 ('101', 'field', '72', 'en_us', ' black '),
 ('101', 'slug', '0', 'en_us', ''),
 ('102', 'field', '14', 'en_us', ' devices '),
 ('102', 'field', '15', 'en_us', ''),
 ('102', 'field', '19', 'en_us', ' f0e9e4 '),
 ('102', 'field', '57', 'en_us', ' small '),
 ('102', 'field', '58', 'en_us', ' big '),
 ('102', 'field', '69', 'en_us', ' black '),
 ('102', 'slug', '0', 'en_us', ''),
 ('103', 'field', '32', 'en_us', ' development '),
 ('103', 'field', '33', 'en_us', ' efocus '),
 ('103', 'slug', '0', 'en_us', ''),
 ('104', 'field', '35', 'en_us', ' interaction design '),
 ('104', 'slug', '0', 'en_us', ''),
 ('105', 'field', '35', 'en_us', ' ux design '),
 ('105', 'slug', '0', 'en_us', ''),
 ('106', 'field', '35', 'en_us', ' creative direction '),
 ('106', 'slug', '0', 'en_us', ''),
 ('107', 'field', '35', 'en_us', ' concept '),
 ('107', 'slug', '0', 'en_us', ''),
 ('108', 'field', '35', 'en_us', ' strategy '),
 ('108', 'slug', '0', 'en_us', '');



DROP TABLE IF EXISTS `craft_sections`;


--
-- Schema for table `craft_sections`
--
CREATE TABLE `craft_sections` (
  `id` int(11) NOT NULL AUTO_INCREMENT,
  `structureId` int(11) DEFAULT NULL,
  `name` varchar(255) COLLATE utf8_unicode_ci NOT NULL,
  `handle` varchar(255) COLLATE utf8_unicode_ci NOT NULL,
  `type` enum('single','channel','structure') COLLATE utf8_unicode_ci NOT NULL DEFAULT 'channel',
  `hasUrls` tinyint(1) unsigned NOT NULL DEFAULT '1',
  `template` varchar(500) COLLATE utf8_unicode_ci DEFAULT NULL,
  `enableVersioning` tinyint(1) unsigned NOT NULL DEFAULT '0',
  `dateCreated` datetime NOT NULL,
  `dateUpdated` datetime NOT NULL,
  `uid` char(36) COLLATE utf8_unicode_ci NOT NULL DEFAULT '0',
  PRIMARY KEY (`id`),
  UNIQUE KEY `craft_sections_name_unq_idx` (`name`),
  UNIQUE KEY `craft_sections_handle_unq_idx` (`handle`),
  KEY `craft_sections_structureId_fk` (`structureId`)
) ENGINE=InnoDB AUTO_INCREMENT=10 DEFAULT CHARSET=utf8 COLLATE=utf8_unicode_ci;

--
-- Data for table `craft_sections`
--

INSERT INTO `craft_sections` (`id`, `structureId`, `name`, `handle`, `type`, `hasUrls`, `template`, `enableVersioning`, `dateCreated`, `dateUpdated`, `uid`) VALUES
 ('3', '1', 'Case', 'case', 'structure', '1', 'case/_entry', '1', '2016-02-25 13:47:27', '2016-03-07 12:16:15', '0f289536-489f-494b-b595-5f99f79e5d8a'),
 ('5', NULL, 'Homepage', 'homepage', 'single', '1', 'layouts/index', '1', '2016-02-25 13:49:09', '2016-03-07 12:52:11', '2c066dbe-4222-44a4-9bc5-ba0fa25b77d1'),
 ('6', NULL, 'About', 'about', 'single', '1', 'layouts/index', '1', '2016-02-25 13:49:30', '2016-03-07 12:52:26', '42d6190b-0660-4b92-a0be-00754f79e5ac'),
 ('7', NULL, 'Contact', 'contact', 'single', '1', 'layouts/index', '1', '2016-02-25 13:49:38', '2016-03-07 12:51:59', '39a13606-522c-426f-99a4-9e3ad711788e'),
 ('9', NULL, 'Work', 'work', 'single', '1', 'layouts/index', '1', '2016-03-07 15:36:18', '2016-03-07 15:36:18', '7161ef55-f095-4ef6-b9d2-4dc7c4ac7ec8');



DROP TABLE IF EXISTS `craft_sections_i18n`;


--
-- Schema for table `craft_sections_i18n`
--
CREATE TABLE `craft_sections_i18n` (
  `id` int(11) NOT NULL AUTO_INCREMENT,
  `sectionId` int(11) NOT NULL,
  `locale` char(12) COLLATE utf8_unicode_ci NOT NULL,
  `enabledByDefault` tinyint(1) unsigned NOT NULL DEFAULT '1',
  `urlFormat` text COLLATE utf8_unicode_ci,
  `nestedUrlFormat` text COLLATE utf8_unicode_ci,
  `dateCreated` datetime NOT NULL,
  `dateUpdated` datetime NOT NULL,
  `uid` char(36) COLLATE utf8_unicode_ci NOT NULL DEFAULT '0',
  PRIMARY KEY (`id`),
  UNIQUE KEY `craft_sections_i18n_sectionId_locale_unq_idx` (`sectionId`,`locale`),
  KEY `craft_sections_i18n_locale_fk` (`locale`)
) ENGINE=InnoDB AUTO_INCREMENT=10 DEFAULT CHARSET=utf8 COLLATE=utf8_unicode_ci;

--
-- Data for table `craft_sections_i18n`
--

INSERT INTO `craft_sections_i18n` (`id`, `sectionId`, `locale`, `enabledByDefault`, `urlFormat`, `nestedUrlFormat`, `dateCreated`, `dateUpdated`, `uid`) VALUES
 ('3', '3', 'en_us', '1', 'work/{slug}', NULL, '2016-02-25 13:47:27', '2016-03-09 16:42:28', '52f43946-6157-4b9f-9486-7559663fccd6'),
 ('5', '5', 'en_us', '1', '__home__', NULL, '2016-02-25 13:49:09', '2016-03-09 16:42:28', '2bc49b0d-91ae-4550-860e-b9c2e0a9b5a3'),
 ('6', '6', 'en_us', '1', 'about', NULL, '2016-02-25 13:49:30', '2016-03-09 16:42:28', '9ca54db3-8a61-422b-b102-f8414bcb2878'),
 ('7', '7', 'en_us', '1', 'contact', NULL, '2016-02-25 13:49:38', '2016-03-09 16:42:28', '8eac3c77-821e-41b4-8577-3b728a995cf9'),
 ('9', '9', 'en_us', '1', 'work', NULL, '2016-03-07 15:36:18', '2016-03-09 16:42:28', 'f1c41fca-5b45-4b87-9362-f9f6ede7f746');



DROP TABLE IF EXISTS `craft_sessions`;


--
-- Schema for table `craft_sessions`
--
CREATE TABLE `craft_sessions` (
  `id` int(11) NOT NULL AUTO_INCREMENT,
  `userId` int(11) NOT NULL,
  `token` char(100) COLLATE utf8_unicode_ci NOT NULL,
  `dateCreated` datetime NOT NULL,
  `dateUpdated` datetime NOT NULL,
  `uid` char(36) COLLATE utf8_unicode_ci NOT NULL DEFAULT '0',
  PRIMARY KEY (`id`),
  KEY `craft_sessions_uid_idx` (`uid`),
  KEY `craft_sessions_token_idx` (`token`),
  KEY `craft_sessions_dateUpdated_idx` (`dateUpdated`),
  KEY `craft_sessions_userId_fk` (`userId`)
) ENGINE=InnoDB AUTO_INCREMENT=23 DEFAULT CHARSET=utf8 COLLATE=utf8_unicode_ci;

DROP TABLE IF EXISTS `craft_shunnedmessages`;


--
-- Schema for table `craft_shunnedmessages`
--
CREATE TABLE `craft_shunnedmessages` (
  `id` int(11) NOT NULL AUTO_INCREMENT,
  `userId` int(11) NOT NULL,
  `message` varchar(255) COLLATE utf8_unicode_ci NOT NULL,
  `expiryDate` datetime DEFAULT NULL,
  `dateCreated` datetime NOT NULL,
  `dateUpdated` datetime NOT NULL,
  `uid` char(36) COLLATE utf8_unicode_ci NOT NULL DEFAULT '0',
  PRIMARY KEY (`id`),
  UNIQUE KEY `craft_shunnedmessages_userId_message_unq_idx` (`userId`,`message`)
) ENGINE=InnoDB DEFAULT CHARSET=utf8 COLLATE=utf8_unicode_ci;

DROP TABLE IF EXISTS `craft_structureelements`;


--
-- Schema for table `craft_structureelements`
--
CREATE TABLE `craft_structureelements` (
  `id` int(11) NOT NULL AUTO_INCREMENT,
  `structureId` int(11) NOT NULL,
  `elementId` int(11) DEFAULT NULL,
  `root` int(11) unsigned DEFAULT NULL,
  `lft` int(11) unsigned NOT NULL,
  `rgt` int(11) unsigned NOT NULL,
  `level` smallint(6) unsigned NOT NULL,
  `dateCreated` datetime NOT NULL,
  `dateUpdated` datetime NOT NULL,
  `uid` char(36) COLLATE utf8_unicode_ci NOT NULL DEFAULT '0',
  PRIMARY KEY (`id`),
  UNIQUE KEY `craft_structureelements_structureId_elementId_unq_idx` (`structureId`,`elementId`),
  KEY `craft_structureelements_root_idx` (`root`),
  KEY `craft_structureelements_lft_idx` (`lft`),
  KEY `craft_structureelements_rgt_idx` (`rgt`),
  KEY `craft_structureelements_level_idx` (`level`),
  KEY `craft_structureelements_elementId_fk` (`elementId`)
) ENGINE=InnoDB AUTO_INCREMENT=8 DEFAULT CHARSET=utf8 COLLATE=utf8_unicode_ci;

--
-- Data for table `craft_structureelements`
--

INSERT INTO `craft_structureelements` (`id`, `structureId`, `elementId`, `root`, `lft`, `rgt`, `level`, `dateCreated`, `dateUpdated`, `uid`) VALUES
 ('1', '1', NULL, '1', '1', '8', '0', '2016-02-25 14:42:11', '2016-02-25 14:42:11', 'ac49b33a-2fb3-4bed-9710-b92750cca985'),
 ('3', '1', '10', '1', '2', '3', '1', '2016-02-25 14:42:24', '2016-02-25 14:42:24', 'e990b2d6-3b55-482a-82fc-19b55480e5e1'),
 ('5', '1', '66', '1', '4', '5', '1', '2016-03-07 15:04:49', '2016-03-07 15:04:49', '17de1f4d-cc8f-4cea-9f50-33be21ac84b1'),
 ('7', '1', '97', '1', '6', '7', '1', '2016-03-16 21:25:32', '2016-03-16 21:25:32', '7e9cdb33-8fdd-4f7e-9463-1a3d6b5423a0');



DROP TABLE IF EXISTS `craft_structures`;


--
-- Schema for table `craft_structures`
--
CREATE TABLE `craft_structures` (
  `id` int(11) NOT NULL AUTO_INCREMENT,
  `maxLevels` smallint(6) unsigned DEFAULT NULL,
  `dateCreated` datetime NOT NULL,
  `dateUpdated` datetime NOT NULL,
  `uid` char(36) COLLATE utf8_unicode_ci NOT NULL DEFAULT '0',
  PRIMARY KEY (`id`)
) ENGINE=InnoDB AUTO_INCREMENT=2 DEFAULT CHARSET=utf8 COLLATE=utf8_unicode_ci;

--
-- Data for table `craft_structures`
--

INSERT INTO `craft_structures` (`id`, `maxLevels`, `dateCreated`, `dateUpdated`, `uid`) VALUES
 ('1', '1', '2016-02-25 14:42:11', '2016-03-07 12:16:15', '54a066d6-3981-4ae0-be93-5371dc6b0ca3');



DROP TABLE IF EXISTS `craft_systemsettings`;


--
-- Schema for table `craft_systemsettings`
--
CREATE TABLE `craft_systemsettings` (
  `id` int(11) NOT NULL AUTO_INCREMENT,
  `category` varchar(15) COLLATE utf8_unicode_ci NOT NULL,
  `settings` text COLLATE utf8_unicode_ci,
  `dateCreated` datetime NOT NULL,
  `dateUpdated` datetime NOT NULL,
  `uid` char(36) COLLATE utf8_unicode_ci NOT NULL DEFAULT '0',
  PRIMARY KEY (`id`),
  UNIQUE KEY `craft_systemsettings_category_unq_idx` (`category`)
) ENGINE=InnoDB AUTO_INCREMENT=2 DEFAULT CHARSET=utf8 COLLATE=utf8_unicode_ci;

--
-- Data for table `craft_systemsettings`
--

INSERT INTO `craft_systemsettings` (`id`, `category`, `settings`, `dateCreated`, `dateUpdated`, `uid`) VALUES
 ('1', 'email', '{\"protocol\":\"php\",\"emailAddress\":\"sara@superherocheesecake.com\",\"senderName\":\"[Kraftwerk] Kraftwerk website\"}', '2016-02-25 11:25:17', '2016-02-25 11:25:17', '3735bf9a-2473-4b6e-8b38-5e9850f987ef');



DROP TABLE IF EXISTS `craft_taggroups`;


--
-- Schema for table `craft_taggroups`
--
CREATE TABLE `craft_taggroups` (
  `id` int(11) NOT NULL AUTO_INCREMENT,
  `name` varchar(255) COLLATE utf8_unicode_ci NOT NULL,
  `handle` varchar(255) COLLATE utf8_unicode_ci NOT NULL,
  `fieldLayoutId` int(10) DEFAULT NULL,
  `dateCreated` datetime NOT NULL,
  `dateUpdated` datetime NOT NULL,
  `uid` char(36) COLLATE utf8_unicode_ci NOT NULL DEFAULT '0',
  PRIMARY KEY (`id`),
  UNIQUE KEY `craft_taggroups_name_unq_idx` (`name`),
  UNIQUE KEY `craft_taggroups_handle_unq_idx` (`handle`),
  KEY `craft_taggroups_fieldLayoutId_fk` (`fieldLayoutId`)
) ENGINE=InnoDB AUTO_INCREMENT=2 DEFAULT CHARSET=utf8 COLLATE=utf8_unicode_ci;

--
-- Data for table `craft_taggroups`
--

INSERT INTO `craft_taggroups` (`id`, `name`, `handle`, `fieldLayoutId`, `dateCreated`, `dateUpdated`, `uid`) VALUES
 ('1', 'Default', 'default', '1', '2016-02-25 11:25:17', '2016-02-25 11:25:17', 'bd03e42b-7841-4a6c-8872-253c21fd63d9');



DROP TABLE IF EXISTS `craft_tags`;


--
-- Schema for table `craft_tags`
--
CREATE TABLE `craft_tags` (
  `id` int(11) NOT NULL,
  `groupId` int(11) NOT NULL,
  `dateCreated` datetime NOT NULL,
  `dateUpdated` datetime NOT NULL,
  `uid` char(36) COLLATE utf8_unicode_ci NOT NULL DEFAULT '0',
  PRIMARY KEY (`id`),
  KEY `craft_tags_groupId_fk` (`groupId`)
) ENGINE=InnoDB DEFAULT CHARSET=utf8 COLLATE=utf8_unicode_ci;

DROP TABLE IF EXISTS `craft_tasks`;


--
-- Schema for table `craft_tasks`
--
CREATE TABLE `craft_tasks` (
  `id` int(11) NOT NULL AUTO_INCREMENT,
  `root` int(11) unsigned DEFAULT NULL,
  `lft` int(11) unsigned NOT NULL,
  `rgt` int(11) unsigned NOT NULL,
  `level` smallint(6) unsigned NOT NULL,
  `currentStep` int(11) unsigned DEFAULT NULL,
  `totalSteps` int(11) unsigned DEFAULT NULL,
  `status` enum('pending','error','running') COLLATE utf8_unicode_ci DEFAULT NULL,
  `type` varchar(150) COLLATE utf8_unicode_ci NOT NULL,
  `description` varchar(255) COLLATE utf8_unicode_ci DEFAULT NULL,
  `settings` text COLLATE utf8_unicode_ci,
  `dateCreated` datetime NOT NULL,
  `dateUpdated` datetime NOT NULL,
  `uid` char(36) COLLATE utf8_unicode_ci NOT NULL DEFAULT '0',
  PRIMARY KEY (`id`),
  KEY `craft_tasks_root_idx` (`root`),
  KEY `craft_tasks_lft_idx` (`lft`),
  KEY `craft_tasks_rgt_idx` (`rgt`),
  KEY `craft_tasks_level_idx` (`level`)
) ENGINE=InnoDB AUTO_INCREMENT=29 DEFAULT CHARSET=utf8 COLLATE=utf8_unicode_ci;

DROP TABLE IF EXISTS `craft_templatecachecriteria`;


--
-- Schema for table `craft_templatecachecriteria`
--
CREATE TABLE `craft_templatecachecriteria` (
  `id` int(11) NOT NULL AUTO_INCREMENT,
  `cacheId` int(11) NOT NULL,
  `type` varchar(150) COLLATE utf8_unicode_ci NOT NULL,
  `criteria` text COLLATE utf8_unicode_ci NOT NULL,
  PRIMARY KEY (`id`),
  KEY `craft_templatecachecriteria_cacheId_fk` (`cacheId`),
  KEY `craft_templatecachecriteria_type_idx` (`type`)
) ENGINE=InnoDB DEFAULT CHARSET=utf8 COLLATE=utf8_unicode_ci;

DROP TABLE IF EXISTS `craft_templatecacheelements`;


--
-- Schema for table `craft_templatecacheelements`
--
CREATE TABLE `craft_templatecacheelements` (
  `cacheId` int(11) NOT NULL,
  `elementId` int(11) NOT NULL,
  KEY `craft_templatecacheelements_cacheId_fk` (`cacheId`),
  KEY `craft_templatecacheelements_elementId_fk` (`elementId`)
) ENGINE=InnoDB DEFAULT CHARSET=utf8 COLLATE=utf8_unicode_ci;

DROP TABLE IF EXISTS `craft_templatecaches`;


--
-- Schema for table `craft_templatecaches`
--
CREATE TABLE `craft_templatecaches` (
  `id` int(11) NOT NULL AUTO_INCREMENT,
  `cacheKey` varchar(255) COLLATE utf8_unicode_ci NOT NULL,
  `locale` char(12) COLLATE utf8_unicode_ci NOT NULL,
  `path` varchar(255) COLLATE utf8_unicode_ci DEFAULT NULL,
  `expiryDate` datetime NOT NULL,
  `body` mediumtext COLLATE utf8_unicode_ci NOT NULL,
  PRIMARY KEY (`id`),
  KEY `craft_templatecaches_expiryDate_cacheKey_locale_path_idx` (`expiryDate`,`cacheKey`,`locale`,`path`),
  KEY `craft_templatecaches_locale_fk` (`locale`)
) ENGINE=InnoDB DEFAULT CHARSET=utf8 COLLATE=utf8_unicode_ci;

DROP TABLE IF EXISTS `craft_tokens`;


--
-- Schema for table `craft_tokens`
--
CREATE TABLE `craft_tokens` (
  `id` int(11) NOT NULL AUTO_INCREMENT,
  `token` char(32) COLLATE utf8_unicode_ci NOT NULL,
  `route` text COLLATE utf8_unicode_ci,
  `usageLimit` tinyint(3) unsigned DEFAULT NULL,
  `usageCount` tinyint(3) unsigned DEFAULT NULL,
  `expiryDate` datetime NOT NULL,
  `dateCreated` datetime NOT NULL,
  `dateUpdated` datetime NOT NULL,
  `uid` char(36) COLLATE utf8_unicode_ci NOT NULL DEFAULT '0',
  PRIMARY KEY (`id`),
  UNIQUE KEY `craft_tokens_token_unq_idx` (`token`),
  KEY `craft_tokens_expiryDate_idx` (`expiryDate`)
) ENGINE=InnoDB DEFAULT CHARSET=utf8 COLLATE=utf8_unicode_ci;

DROP TABLE IF EXISTS `craft_usergroups`;


--
-- Schema for table `craft_usergroups`
--
CREATE TABLE `craft_usergroups` (
  `id` int(11) NOT NULL AUTO_INCREMENT,
  `name` varchar(255) COLLATE utf8_unicode_ci NOT NULL,
  `handle` varchar(255) COLLATE utf8_unicode_ci NOT NULL,
  `dateCreated` datetime NOT NULL,
  `dateUpdated` datetime NOT NULL,
  `uid` char(36) COLLATE utf8_unicode_ci NOT NULL DEFAULT '0',
  PRIMARY KEY (`id`)
) ENGINE=InnoDB DEFAULT CHARSET=utf8 COLLATE=utf8_unicode_ci;

DROP TABLE IF EXISTS `craft_usergroups_users`;


--
-- Schema for table `craft_usergroups_users`
--
CREATE TABLE `craft_usergroups_users` (
  `id` int(11) NOT NULL AUTO_INCREMENT,
  `groupId` int(11) NOT NULL,
  `userId` int(11) NOT NULL,
  `dateCreated` datetime NOT NULL,
  `dateUpdated` datetime NOT NULL,
  `uid` char(36) COLLATE utf8_unicode_ci NOT NULL DEFAULT '0',
  PRIMARY KEY (`id`),
  UNIQUE KEY `craft_usergroups_users_groupId_userId_unq_idx` (`groupId`,`userId`),
  KEY `craft_usergroups_users_userId_fk` (`userId`)
) ENGINE=InnoDB DEFAULT CHARSET=utf8 COLLATE=utf8_unicode_ci;

DROP TABLE IF EXISTS `craft_userpermissions`;


--
-- Schema for table `craft_userpermissions`
--
CREATE TABLE `craft_userpermissions` (
  `id` int(11) NOT NULL AUTO_INCREMENT,
  `name` varchar(255) COLLATE utf8_unicode_ci NOT NULL,
  `dateCreated` datetime NOT NULL,
  `dateUpdated` datetime NOT NULL,
  `uid` char(36) COLLATE utf8_unicode_ci NOT NULL DEFAULT '0',
  PRIMARY KEY (`id`),
  UNIQUE KEY `craft_userpermissions_name_unq_idx` (`name`)
) ENGINE=InnoDB DEFAULT CHARSET=utf8 COLLATE=utf8_unicode_ci;

DROP TABLE IF EXISTS `craft_userpermissions_usergroups`;


--
-- Schema for table `craft_userpermissions_usergroups`
--
CREATE TABLE `craft_userpermissions_usergroups` (
  `id` int(11) NOT NULL AUTO_INCREMENT,
  `permissionId` int(11) NOT NULL,
  `groupId` int(11) NOT NULL,
  `dateCreated` datetime NOT NULL,
  `dateUpdated` datetime NOT NULL,
  `uid` char(36) COLLATE utf8_unicode_ci NOT NULL DEFAULT '0',
  PRIMARY KEY (`id`),
  UNIQUE KEY `craft_userpermissions_usergroups_permissionId_groupId_unq_idx` (`permissionId`,`groupId`),
  KEY `craft_userpermissions_usergroups_groupId_fk` (`groupId`)
) ENGINE=InnoDB DEFAULT CHARSET=utf8 COLLATE=utf8_unicode_ci;

DROP TABLE IF EXISTS `craft_userpermissions_users`;


--
-- Schema for table `craft_userpermissions_users`
--
CREATE TABLE `craft_userpermissions_users` (
  `id` int(11) NOT NULL AUTO_INCREMENT,
  `permissionId` int(11) NOT NULL,
  `userId` int(11) NOT NULL,
  `dateCreated` datetime NOT NULL,
  `dateUpdated` datetime NOT NULL,
  `uid` char(36) COLLATE utf8_unicode_ci NOT NULL DEFAULT '0',
  PRIMARY KEY (`id`),
  UNIQUE KEY `craft_userpermissions_users_permissionId_userId_unq_idx` (`permissionId`,`userId`),
  KEY `craft_userpermissions_users_userId_fk` (`userId`)
) ENGINE=InnoDB DEFAULT CHARSET=utf8 COLLATE=utf8_unicode_ci;

DROP TABLE IF EXISTS `craft_users`;


--
-- Schema for table `craft_users`
--
CREATE TABLE `craft_users` (
  `id` int(11) NOT NULL,
  `username` varchar(100) COLLATE utf8_unicode_ci NOT NULL,
  `photo` varchar(100) COLLATE utf8_unicode_ci DEFAULT NULL,
  `firstName` varchar(100) COLLATE utf8_unicode_ci DEFAULT NULL,
  `lastName` varchar(100) COLLATE utf8_unicode_ci DEFAULT NULL,
  `email` varchar(255) COLLATE utf8_unicode_ci NOT NULL,
  `password` char(255) COLLATE utf8_unicode_ci DEFAULT NULL,
  `preferredLocale` char(12) COLLATE utf8_unicode_ci DEFAULT NULL,
  `weekStartDay` tinyint(1) unsigned NOT NULL DEFAULT '0',
  `admin` tinyint(1) unsigned NOT NULL DEFAULT '0',
  `client` tinyint(1) unsigned NOT NULL DEFAULT '0',
  `locked` tinyint(1) unsigned NOT NULL DEFAULT '0',
  `suspended` tinyint(1) unsigned NOT NULL DEFAULT '0',
  `pending` tinyint(1) unsigned NOT NULL DEFAULT '0',
  `archived` tinyint(1) unsigned NOT NULL DEFAULT '0',
  `lastLoginDate` datetime DEFAULT NULL,
  `lastLoginAttemptIPAddress` varchar(45) COLLATE utf8_unicode_ci DEFAULT NULL,
  `invalidLoginWindowStart` datetime DEFAULT NULL,
  `invalidLoginCount` tinyint(4) unsigned DEFAULT NULL,
  `lastInvalidLoginDate` datetime DEFAULT NULL,
  `lockoutDate` datetime DEFAULT NULL,
  `verificationCode` char(100) COLLATE utf8_unicode_ci DEFAULT NULL,
  `verificationCodeIssuedDate` datetime DEFAULT NULL,
  `unverifiedEmail` varchar(255) COLLATE utf8_unicode_ci DEFAULT NULL,
  `passwordResetRequired` tinyint(1) unsigned NOT NULL DEFAULT '0',
  `lastPasswordChangeDate` datetime DEFAULT NULL,
  `dateCreated` datetime NOT NULL,
  `dateUpdated` datetime NOT NULL,
  `uid` char(36) COLLATE utf8_unicode_ci NOT NULL DEFAULT '0',
  PRIMARY KEY (`id`),
  UNIQUE KEY `craft_users_username_unq_idx` (`username`),
  UNIQUE KEY `craft_users_email_unq_idx` (`email`),
  KEY `craft_users_verificationCode_idx` (`verificationCode`),
  KEY `craft_users_uid_idx` (`uid`),
  KEY `craft_users_preferredLocale_fk` (`preferredLocale`)
) ENGINE=InnoDB DEFAULT CHARSET=utf8 COLLATE=utf8_unicode_ci;

--
-- Data for table `craft_users`
--

INSERT INTO `craft_users` (`id`, `username`, `photo`, `firstName`, `lastName`, `email`, `password`, `preferredLocale`, `weekStartDay`, `admin`, `client`, `locked`, `suspended`, `pending`, `archived`, `lastLoginDate`, `lastLoginAttemptIPAddress`, `invalidLoginWindowStart`, `invalidLoginCount`, `lastInvalidLoginDate`, `lockoutDate`, `verificationCode`, `verificationCodeIssuedDate`, `unverifiedEmail`, `passwordResetRequired`, `lastPasswordChangeDate`, `dateCreated`, `dateUpdated`, `uid`) VALUES
 ('1', 'kraftwerk', NULL, '', '', 'backend@superherocheesecake.com', '$2y$13$j/auA452MFR4bFvP.CNsAesWg6reEjdcwLhZufBx4PNCN1VcTsca.', NULL, '1', '1', '0', '0', '0', '0', '0', '2016-03-17 13:39:44', '10.0.0.1', NULL, NULL, '2016-03-16 19:01:42', NULL, NULL, NULL, NULL, '0', '2016-03-17 13:38:38', '2016-02-25 11:25:17', '2016-03-17 13:39:44', 'dfb1ea83-dc50-4720-ab26-bfeb103e4027');



DROP TABLE IF EXISTS `craft_widgets`;


--
-- Schema for table `craft_widgets`
--
CREATE TABLE `craft_widgets` (
  `id` int(11) NOT NULL AUTO_INCREMENT,
  `userId` int(11) NOT NULL,
  `type` varchar(150) COLLATE utf8_unicode_ci NOT NULL,
  `sortOrder` smallint(6) unsigned DEFAULT NULL,
  `colspan` tinyint(4) unsigned DEFAULT NULL,
  `settings` text COLLATE utf8_unicode_ci,
  `enabled` tinyint(1) unsigned NOT NULL DEFAULT '1',
  `dateCreated` datetime NOT NULL,
  `dateUpdated` datetime NOT NULL,
  `uid` char(36) COLLATE utf8_unicode_ci NOT NULL DEFAULT '0',
  PRIMARY KEY (`id`),
  KEY `craft_widgets_userId_fk` (`userId`)
) ENGINE=InnoDB AUTO_INCREMENT=5 DEFAULT CHARSET=utf8 COLLATE=utf8_unicode_ci;

--
-- Data for table `craft_widgets`
--

INSERT INTO `craft_widgets` (`id`, `userId`, `type`, `sortOrder`, `colspan`, `settings`, `enabled`, `dateCreated`, `dateUpdated`, `uid`) VALUES
 ('1', '1', 'RecentEntries', '1', NULL, NULL, '1', '2016-02-25 11:25:19', '2016-02-25 11:25:19', '9cf71045-d4b6-4e4b-96f9-fd3dc4a6d4ec'),
 ('2', '1', 'GetHelp', '2', NULL, NULL, '0', '2016-02-25 11:25:19', '2016-02-25 15:50:05', '55e551e1-ddf0-4854-bdfc-ce603f71ccbe'),
 ('3', '1', 'Updates', '3', NULL, NULL, '1', '2016-02-25 11:25:19', '2016-02-25 11:25:19', 'c702e52e-4d2d-4165-99b0-f662081a4fd5'),
 ('4', '1', 'Feed', '4', NULL, '{\"url\":\"https:\\/\\/craftcms.com\\/news.rss\",\"title\":\"Craft News\"}', '0', '2016-02-25 11:25:19', '2016-02-25 15:50:11', 'a3530f4b-bd69-4641-ad80-4814303cb49b');


--
-- Constraints for tables
--


--
-- Constraints for table `craft_assetfiles`
--
ALTER TABLE `craft_assetfiles`
	ADD CONSTRAINT `craft_assetfiles_folderId_fk` FOREIGN KEY (`folderId`) REFERENCES `craft_assetfolders` (`id`) ON DELETE CASCADE,
	ADD CONSTRAINT `craft_assetfiles_id_fk` FOREIGN KEY (`id`) REFERENCES `craft_elements` (`id`) ON DELETE CASCADE,
	ADD CONSTRAINT `craft_assetfiles_sourceId_fk` FOREIGN KEY (`sourceId`) REFERENCES `craft_assetsources` (`id`) ON DELETE CASCADE;

--
-- Constraints for table `craft_assetfolders`
--
ALTER TABLE `craft_assetfolders`
	ADD CONSTRAINT `craft_assetfolders_parentId_fk` FOREIGN KEY (`parentId`) REFERENCES `craft_assetfolders` (`id`) ON DELETE CASCADE,
	ADD CONSTRAINT `craft_assetfolders_sourceId_fk` FOREIGN KEY (`sourceId`) REFERENCES `craft_assetsources` (`id`) ON DELETE CASCADE;

--
-- Constraints for table `craft_assetindexdata`
--
ALTER TABLE `craft_assetindexdata`
	ADD CONSTRAINT `craft_assetindexdata_sourceId_fk` FOREIGN KEY (`sourceId`) REFERENCES `craft_assetsources` (`id`) ON DELETE CASCADE;

--
-- Constraints for table `craft_assetsources`
--
ALTER TABLE `craft_assetsources`
	ADD CONSTRAINT `craft_assetsources_fieldLayoutId_fk` FOREIGN KEY (`fieldLayoutId`) REFERENCES `craft_fieldlayouts` (`id`) ON DELETE SET NULL;

--
-- Constraints for table `craft_categories`
--
ALTER TABLE `craft_categories`
	ADD CONSTRAINT `craft_categories_groupId_fk` FOREIGN KEY (`groupId`) REFERENCES `craft_categorygroups` (`id`) ON DELETE CASCADE,
	ADD CONSTRAINT `craft_categories_id_fk` FOREIGN KEY (`id`) REFERENCES `craft_elements` (`id`) ON DELETE CASCADE;

--
-- Constraints for table `craft_categorygroups`
--
ALTER TABLE `craft_categorygroups`
	ADD CONSTRAINT `craft_categorygroups_fieldLayoutId_fk` FOREIGN KEY (`fieldLayoutId`) REFERENCES `craft_fieldlayouts` (`id`) ON DELETE SET NULL,
	ADD CONSTRAINT `craft_categorygroups_structureId_fk` FOREIGN KEY (`structureId`) REFERENCES `craft_structures` (`id`) ON DELETE CASCADE;

--
-- Constraints for table `craft_categorygroups_i18n`
--
ALTER TABLE `craft_categorygroups_i18n`
	ADD CONSTRAINT `craft_categorygroups_i18n_groupId_fk` FOREIGN KEY (`groupId`) REFERENCES `craft_categorygroups` (`id`) ON DELETE CASCADE,
	ADD CONSTRAINT `craft_categorygroups_i18n_locale_fk` FOREIGN KEY (`locale`) REFERENCES `craft_locales` (`locale`) ON DELETE CASCADE ON UPDATE CASCADE;

--
-- Constraints for table `craft_content`
--
ALTER TABLE `craft_content`
	ADD CONSTRAINT `craft_content_elementId_fk` FOREIGN KEY (`elementId`) REFERENCES `craft_elements` (`id`) ON DELETE CASCADE,
	ADD CONSTRAINT `craft_content_locale_fk` FOREIGN KEY (`locale`) REFERENCES `craft_locales` (`locale`) ON DELETE CASCADE ON UPDATE CASCADE;

--
-- Constraints for table `craft_elements_i18n`
--
ALTER TABLE `craft_elements_i18n`
	ADD CONSTRAINT `craft_elements_i18n_elementId_fk` FOREIGN KEY (`elementId`) REFERENCES `craft_elements` (`id`) ON DELETE CASCADE,
	ADD CONSTRAINT `craft_elements_i18n_locale_fk` FOREIGN KEY (`locale`) REFERENCES `craft_locales` (`locale`) ON DELETE CASCADE ON UPDATE CASCADE;

--
-- Constraints for table `craft_emailmessages`
--
ALTER TABLE `craft_emailmessages`
	ADD CONSTRAINT `craft_emailmessages_locale_fk` FOREIGN KEY (`locale`) REFERENCES `craft_locales` (`locale`) ON DELETE CASCADE ON UPDATE CASCADE;

--
-- Constraints for table `craft_entries`
--
ALTER TABLE `craft_entries`
	ADD CONSTRAINT `craft_entries_authorId_fk` FOREIGN KEY (`authorId`) REFERENCES `craft_users` (`id`) ON DELETE CASCADE,
	ADD CONSTRAINT `craft_entries_id_fk` FOREIGN KEY (`id`) REFERENCES `craft_elements` (`id`) ON DELETE CASCADE,
	ADD CONSTRAINT `craft_entries_sectionId_fk` FOREIGN KEY (`sectionId`) REFERENCES `craft_sections` (`id`) ON DELETE CASCADE,
	ADD CONSTRAINT `craft_entries_typeId_fk` FOREIGN KEY (`typeId`) REFERENCES `craft_entrytypes` (`id`) ON DELETE CASCADE;

--
-- Constraints for table `craft_entrydrafts`
--
ALTER TABLE `craft_entrydrafts`
	ADD CONSTRAINT `craft_entrydrafts_creatorId_fk` FOREIGN KEY (`creatorId`) REFERENCES `craft_users` (`id`) ON DELETE CASCADE,
	ADD CONSTRAINT `craft_entrydrafts_entryId_fk` FOREIGN KEY (`entryId`) REFERENCES `craft_entries` (`id`) ON DELETE CASCADE,
	ADD CONSTRAINT `craft_entrydrafts_locale_fk` FOREIGN KEY (`locale`) REFERENCES `craft_locales` (`locale`) ON DELETE CASCADE ON UPDATE CASCADE,
	ADD CONSTRAINT `craft_entrydrafts_sectionId_fk` FOREIGN KEY (`sectionId`) REFERENCES `craft_sections` (`id`) ON DELETE CASCADE;

--
-- Constraints for table `craft_entrytypes`
--
ALTER TABLE `craft_entrytypes`
	ADD CONSTRAINT `craft_entrytypes_fieldLayoutId_fk` FOREIGN KEY (`fieldLayoutId`) REFERENCES `craft_fieldlayouts` (`id`) ON DELETE SET NULL,
	ADD CONSTRAINT `craft_entrytypes_sectionId_fk` FOREIGN KEY (`sectionId`) REFERENCES `craft_sections` (`id`) ON DELETE CASCADE;

--
-- Constraints for table `craft_entryversions`
--
ALTER TABLE `craft_entryversions`
	ADD CONSTRAINT `craft_entryversions_creatorId_fk` FOREIGN KEY (`creatorId`) REFERENCES `craft_users` (`id`) ON DELETE SET NULL,
	ADD CONSTRAINT `craft_entryversions_entryId_fk` FOREIGN KEY (`entryId`) REFERENCES `craft_entries` (`id`) ON DELETE CASCADE,
	ADD CONSTRAINT `craft_entryversions_locale_fk` FOREIGN KEY (`locale`) REFERENCES `craft_locales` (`locale`) ON DELETE CASCADE ON UPDATE CASCADE,
	ADD CONSTRAINT `craft_entryversions_sectionId_fk` FOREIGN KEY (`sectionId`) REFERENCES `craft_sections` (`id`) ON DELETE CASCADE;

--
-- Constraints for table `craft_fieldlayoutfields`
--
ALTER TABLE `craft_fieldlayoutfields`
	ADD CONSTRAINT `craft_fieldlayoutfields_fieldId_fk` FOREIGN KEY (`fieldId`) REFERENCES `craft_fields` (`id`) ON DELETE CASCADE,
	ADD CONSTRAINT `craft_fieldlayoutfields_layoutId_fk` FOREIGN KEY (`layoutId`) REFERENCES `craft_fieldlayouts` (`id`) ON DELETE CASCADE,
	ADD CONSTRAINT `craft_fieldlayoutfields_tabId_fk` FOREIGN KEY (`tabId`) REFERENCES `craft_fieldlayouttabs` (`id`) ON DELETE CASCADE;

--
-- Constraints for table `craft_fieldlayouttabs`
--
ALTER TABLE `craft_fieldlayouttabs`
	ADD CONSTRAINT `craft_fieldlayouttabs_layoutId_fk` FOREIGN KEY (`layoutId`) REFERENCES `craft_fieldlayouts` (`id`) ON DELETE CASCADE;

--
-- Constraints for table `craft_fields`
--
ALTER TABLE `craft_fields`
	ADD CONSTRAINT `craft_fields_groupId_fk` FOREIGN KEY (`groupId`) REFERENCES `craft_fieldgroups` (`id`) ON DELETE CASCADE;

--
-- Constraints for table `craft_globalsets`
--
ALTER TABLE `craft_globalsets`
	ADD CONSTRAINT `craft_globalsets_fieldLayoutId_fk` FOREIGN KEY (`fieldLayoutId`) REFERENCES `craft_fieldlayouts` (`id`) ON DELETE SET NULL,
	ADD CONSTRAINT `craft_globalsets_id_fk` FOREIGN KEY (`id`) REFERENCES `craft_elements` (`id`) ON DELETE CASCADE;

--
-- Constraints for table `craft_matrixblocks`
--
ALTER TABLE `craft_matrixblocks`
	ADD CONSTRAINT `craft_matrixblocks_fieldId_fk` FOREIGN KEY (`fieldId`) REFERENCES `craft_fields` (`id`) ON DELETE CASCADE,
	ADD CONSTRAINT `craft_matrixblocks_id_fk` FOREIGN KEY (`id`) REFERENCES `craft_elements` (`id`) ON DELETE CASCADE,
	ADD CONSTRAINT `craft_matrixblocks_ownerId_fk` FOREIGN KEY (`ownerId`) REFERENCES `craft_elements` (`id`) ON DELETE CASCADE,
	ADD CONSTRAINT `craft_matrixblocks_ownerLocale_fk` FOREIGN KEY (`ownerLocale`) REFERENCES `craft_locales` (`locale`) ON DELETE CASCADE ON UPDATE CASCADE,
	ADD CONSTRAINT `craft_matrixblocks_typeId_fk` FOREIGN KEY (`typeId`) REFERENCES `craft_matrixblocktypes` (`id`) ON DELETE CASCADE;

--
-- Constraints for table `craft_matrixblocktypes`
--
ALTER TABLE `craft_matrixblocktypes`
	ADD CONSTRAINT `craft_matrixblocktypes_fieldId_fk` FOREIGN KEY (`fieldId`) REFERENCES `craft_fields` (`id`) ON DELETE CASCADE,
	ADD CONSTRAINT `craft_matrixblocktypes_fieldLayoutId_fk` FOREIGN KEY (`fieldLayoutId`) REFERENCES `craft_fieldlayouts` (`id`) ON DELETE SET NULL;

--
-- Constraints for table `craft_matrixcontent_casesections`
--
ALTER TABLE `craft_matrixcontent_casesections`
	ADD CONSTRAINT `craft_matrixcontent_casesections_elementId_fk` FOREIGN KEY (`elementId`) REFERENCES `craft_elements` (`id`) ON DELETE CASCADE,
	ADD CONSTRAINT `craft_matrixcontent_casesections_locale_fk` FOREIGN KEY (`locale`) REFERENCES `craft_locales` (`locale`) ON DELETE CASCADE ON UPDATE CASCADE;

--
-- Constraints for table `craft_matrixcontent_credits`
--
ALTER TABLE `craft_matrixcontent_credits`
	ADD CONSTRAINT `craft_matrixcontent_credits_elementId_fk` FOREIGN KEY (`elementId`) REFERENCES `craft_elements` (`id`) ON DELETE CASCADE,
	ADD CONSTRAINT `craft_matrixcontent_credits_locale_fk` FOREIGN KEY (`locale`) REFERENCES `craft_locales` (`locale`) ON DELETE CASCADE ON UPDATE CASCADE;

--
-- Constraints for table `craft_matrixcontent_honours`
--
ALTER TABLE `craft_matrixcontent_honours`
	ADD CONSTRAINT `craft_matrixcontent_honours_elementId_fk` FOREIGN KEY (`elementId`) REFERENCES `craft_elements` (`id`) ON DELETE CASCADE,
	ADD CONSTRAINT `craft_matrixcontent_honours_locale_fk` FOREIGN KEY (`locale`) REFERENCES `craft_locales` (`locale`) ON DELETE CASCADE ON UPDATE CASCADE;

--
-- Constraints for table `craft_matrixcontent_roles`
--
ALTER TABLE `craft_matrixcontent_roles`
	ADD CONSTRAINT `craft_matrixcontent_roles_elementId_fk` FOREIGN KEY (`elementId`) REFERENCES `craft_elements` (`id`) ON DELETE CASCADE,
	ADD CONSTRAINT `craft_matrixcontent_roles_locale_fk` FOREIGN KEY (`locale`) REFERENCES `craft_locales` (`locale`) ON DELETE CASCADE ON UPDATE CASCADE;

--
-- Constraints for table `craft_migrations`
--
ALTER TABLE `craft_migrations`
	ADD CONSTRAINT `craft_migrations_pluginId_fk` FOREIGN KEY (`pluginId`) REFERENCES `craft_plugins` (`id`) ON DELETE CASCADE;

--
-- Constraints for table `craft_relations`
--
ALTER TABLE `craft_relations`
	ADD CONSTRAINT `craft_relations_fieldId_fk` FOREIGN KEY (`fieldId`) REFERENCES `craft_fields` (`id`) ON DELETE CASCADE,
	ADD CONSTRAINT `craft_relations_sourceId_fk` FOREIGN KEY (`sourceId`) REFERENCES `craft_elements` (`id`) ON DELETE CASCADE,
	ADD CONSTRAINT `craft_relations_sourceLocale_fk` FOREIGN KEY (`sourceLocale`) REFERENCES `craft_locales` (`locale`) ON DELETE CASCADE ON UPDATE CASCADE,
	ADD CONSTRAINT `craft_relations_targetId_fk` FOREIGN KEY (`targetId`) REFERENCES `craft_elements` (`id`) ON DELETE CASCADE;

--
-- Constraints for table `craft_routes`
--
ALTER TABLE `craft_routes`
	ADD CONSTRAINT `craft_routes_locale_fk` FOREIGN KEY (`locale`) REFERENCES `craft_locales` (`locale`) ON DELETE CASCADE ON UPDATE CASCADE;

--
-- Constraints for table `craft_sections`
--
ALTER TABLE `craft_sections`
	ADD CONSTRAINT `craft_sections_structureId_fk` FOREIGN KEY (`structureId`) REFERENCES `craft_structures` (`id`) ON DELETE SET NULL;

--
-- Constraints for table `craft_sections_i18n`
--
ALTER TABLE `craft_sections_i18n`
	ADD CONSTRAINT `craft_sections_i18n_locale_fk` FOREIGN KEY (`locale`) REFERENCES `craft_locales` (`locale`) ON DELETE CASCADE ON UPDATE CASCADE,
	ADD CONSTRAINT `craft_sections_i18n_sectionId_fk` FOREIGN KEY (`sectionId`) REFERENCES `craft_sections` (`id`) ON DELETE CASCADE;

--
-- Constraints for table `craft_sessions`
--
ALTER TABLE `craft_sessions`
	ADD CONSTRAINT `craft_sessions_userId_fk` FOREIGN KEY (`userId`) REFERENCES `craft_users` (`id`) ON DELETE CASCADE;

--
-- Constraints for table `craft_shunnedmessages`
--
ALTER TABLE `craft_shunnedmessages`
	ADD CONSTRAINT `craft_shunnedmessages_userId_fk` FOREIGN KEY (`userId`) REFERENCES `craft_users` (`id`) ON DELETE CASCADE;

--
-- Constraints for table `craft_structureelements`
--
ALTER TABLE `craft_structureelements`
	ADD CONSTRAINT `craft_structureelements_elementId_fk` FOREIGN KEY (`elementId`) REFERENCES `craft_elements` (`id`) ON DELETE CASCADE,
	ADD CONSTRAINT `craft_structureelements_structureId_fk` FOREIGN KEY (`structureId`) REFERENCES `craft_structures` (`id`) ON DELETE CASCADE;

--
-- Constraints for table `craft_taggroups`
--
ALTER TABLE `craft_taggroups`
	ADD CONSTRAINT `craft_taggroups_fieldLayoutId_fk` FOREIGN KEY (`fieldLayoutId`) REFERENCES `craft_fieldlayouts` (`id`) ON DELETE SET NULL;

--
-- Constraints for table `craft_tags`
--
ALTER TABLE `craft_tags`
	ADD CONSTRAINT `craft_tags_groupId_fk` FOREIGN KEY (`groupId`) REFERENCES `craft_taggroups` (`id`) ON DELETE CASCADE,
	ADD CONSTRAINT `craft_tags_id_fk` FOREIGN KEY (`id`) REFERENCES `craft_elements` (`id`) ON DELETE CASCADE;

--
-- Constraints for table `craft_templatecachecriteria`
--
ALTER TABLE `craft_templatecachecriteria`
	ADD CONSTRAINT `craft_templatecachecriteria_cacheId_fk` FOREIGN KEY (`cacheId`) REFERENCES `craft_templatecaches` (`id`) ON DELETE CASCADE;

--
-- Constraints for table `craft_templatecacheelements`
--
ALTER TABLE `craft_templatecacheelements`
	ADD CONSTRAINT `craft_templatecacheelements_cacheId_fk` FOREIGN KEY (`cacheId`) REFERENCES `craft_templatecaches` (`id`) ON DELETE CASCADE,
	ADD CONSTRAINT `craft_templatecacheelements_elementId_fk` FOREIGN KEY (`elementId`) REFERENCES `craft_elements` (`id`) ON DELETE CASCADE;

--
-- Constraints for table `craft_templatecaches`
--
ALTER TABLE `craft_templatecaches`
	ADD CONSTRAINT `craft_templatecaches_locale_fk` FOREIGN KEY (`locale`) REFERENCES `craft_locales` (`locale`) ON DELETE CASCADE ON UPDATE CASCADE;

--
-- Constraints for table `craft_usergroups_users`
--
ALTER TABLE `craft_usergroups_users`
	ADD CONSTRAINT `craft_usergroups_users_groupId_fk` FOREIGN KEY (`groupId`) REFERENCES `craft_usergroups` (`id`) ON DELETE CASCADE,
	ADD CONSTRAINT `craft_usergroups_users_userId_fk` FOREIGN KEY (`userId`) REFERENCES `craft_users` (`id`) ON DELETE CASCADE;

--
-- Constraints for table `craft_userpermissions_usergroups`
--
ALTER TABLE `craft_userpermissions_usergroups`
	ADD CONSTRAINT `craft_userpermissions_usergroups_groupId_fk` FOREIGN KEY (`groupId`) REFERENCES `craft_usergroups` (`id`) ON DELETE CASCADE,
	ADD CONSTRAINT `craft_userpermissions_usergroups_permissionId_fk` FOREIGN KEY (`permissionId`) REFERENCES `craft_userpermissions` (`id`) ON DELETE CASCADE;

--
-- Constraints for table `craft_userpermissions_users`
--
ALTER TABLE `craft_userpermissions_users`
	ADD CONSTRAINT `craft_userpermissions_users_permissionId_fk` FOREIGN KEY (`permissionId`) REFERENCES `craft_userpermissions` (`id`) ON DELETE CASCADE,
	ADD CONSTRAINT `craft_userpermissions_users_userId_fk` FOREIGN KEY (`userId`) REFERENCES `craft_users` (`id`) ON DELETE CASCADE;

--
-- Constraints for table `craft_users`
--
ALTER TABLE `craft_users`
	ADD CONSTRAINT `craft_users_id_fk` FOREIGN KEY (`id`) REFERENCES `craft_elements` (`id`) ON DELETE CASCADE,
	ADD CONSTRAINT `craft_users_preferredLocale_fk` FOREIGN KEY (`preferredLocale`) REFERENCES `craft_locales` (`locale`) ON DELETE SET NULL ON UPDATE CASCADE;

--
-- Constraints for table `craft_widgets`
--
ALTER TABLE `craft_widgets`
	ADD CONSTRAINT `craft_widgets_userId_fk` FOREIGN KEY (`userId`) REFERENCES `craft_users` (`id`) ON DELETE CASCADE;

SET FOREIGN_KEY_CHECKS = 1;
