-- Generated by Craft v2.5.2767 on Mar 7, 2016, 4:17:06 PM.

--
-- Disable foreign key checks and autocommit.
--

SET FOREIGN_KEY_CHECKS = 0;
SET SQL_MODE = "NO_AUTO_VALUE_ON_ZERO";
SET AUTOCOMMIT = 0;
SET NAMES utf8;


DROP TABLE IF EXISTS `craft_assetfiles`;


--
-- Schema for table `craft_assetfiles`
--
CREATE TABLE `craft_assetfiles` (
  `id` int(11) NOT NULL,
  `sourceId` int(11) DEFAULT NULL,
  `folderId` int(11) NOT NULL,
  `filename` varchar(255) COLLATE utf8_unicode_ci NOT NULL,
  `kind` varchar(50) COLLATE utf8_unicode_ci NOT NULL DEFAULT 'unknown',
  `width` int(11) unsigned DEFAULT NULL,
  `height` int(11) unsigned DEFAULT NULL,
  `size` int(11) unsigned DEFAULT NULL,
  `dateModified` datetime DEFAULT NULL,
  `dateCreated` datetime NOT NULL,
  `dateUpdated` datetime NOT NULL,
  `uid` char(36) COLLATE utf8_unicode_ci NOT NULL DEFAULT '0',
  PRIMARY KEY (`id`),
  UNIQUE KEY `craft_assetfiles_filename_folderId_unq_idx` (`filename`,`folderId`),
  KEY `craft_assetfiles_sourceId_fk` (`sourceId`),
  KEY `craft_assetfiles_folderId_fk` (`folderId`)
) ENGINE=InnoDB DEFAULT CHARSET=utf8 COLLATE=utf8_unicode_ci;

--
-- Data for table `craft_assetfiles`
--

INSERT INTO `craft_assetfiles` (`id`, `sourceId`, `folderId`, `filename`, `kind`, `width`, `height`, `size`, `dateModified`, `dateCreated`, `dateUpdated`, `uid`) VALUES
 ('18', '1', '1', 'reel2015.mp4', 'video', NULL, NULL, '6172718', '2016-02-26 13:52:31', '2016-02-26 13:52:31', '2016-02-26 13:52:49', '5745c266-6132-4fb2-8ca1-13e626ca9b4f'),
 ('32', '3', '3', 'logo-fwa.png', 'image', '68', '22', '1285', '2016-02-29 09:57:45', '2016-02-29 09:57:45', '2016-02-29 09:57:45', 'de1a015c-161f-4711-ade9-c4eae2a7115b'),
 ('33', '3', '3', 'logo-awwwards.png', 'image', '34', '42', '1039', '2016-02-29 10:00:48', '2016-02-29 10:00:49', '2016-02-29 10:00:49', '2a2febfb-3860-497b-bf67-ca8cacd2caa1'),
 ('54', '2', '5', 'orangina-icons.png', 'image', '320', '338', '25169', '2016-02-29 12:28:31', '2016-02-29 11:46:14', '2016-02-29 12:28:36', '6ef4df1d-53f9-46e9-b49a-1255e18a8cca'),
 ('55', '2', '5', 'orangina-slide-3.jpg', 'image', '1151', '720', '152920', '2016-02-29 12:28:30', '2016-02-29 12:28:30', '2016-02-29 12:28:30', '7ae3f087-8b5c-4273-966c-b77ab8637dec'),
 ('56', '2', '5', 'orangina-slide-2.jpg', 'image', '1151', '720', '121027', '2016-02-29 12:28:30', '2016-02-29 12:28:30', '2016-02-29 12:28:30', 'fb1200fb-e522-44ed-ad17-3bdc12a6c17b'),
 ('57', '2', '5', 'orangina-slide-1.jpg', 'image', '1151', '720', '132436', '2016-02-29 12:28:30', '2016-02-29 12:28:31', '2016-02-29 12:28:31', 'ca56961d-c1f3-45d8-a913-d87db4be66e1'),
 ('59', '2', '5', 'orangina-bottles.png', 'image', '1085', '442', '312445', '2016-02-29 12:28:31', '2016-02-29 12:28:32', '2016-02-29 12:28:32', '0bff4d15-09fe-4098-8588-c21bff554092'),
 ('60', '2', '5', 'orangina-screen-background.png', 'image', '1440', '780', '10399', '2016-03-01 13:35:27', '2016-02-29 12:28:32', '2016-03-01 13:35:29', '4e019e86-2d25-4b7b-9229-68ec8fb87624'),
 ('61', '2', '5', 'orangina-screen.png', 'image', '1103', '640', '556193', '2016-02-29 12:28:33', '2016-02-29 12:28:33', '2016-02-29 12:28:33', '7ec6da7c-2377-490c-bba4-af3dc0386928'),
 ('62', '2', '5', 'orangina-header-background.jpg', 'image', '1440', '900', '39755', '2016-02-29 13:23:59', '2016-02-29 13:24:00', '2016-02-29 13:24:00', 'b3663c7f-1f78-4716-8612-462d80538ae2'),
 ('64', '2', '5', 'orangina-video-cover.jpg', 'image', '1152', '660', '192505', '2016-03-01 13:46:37', '2016-03-01 13:46:38', '2016-03-01 13:46:38', '1019c172-8b59-4710-925d-c2eee3d09d71'),
 ('65', '2', '5', 'orangina-video-background.png', 'image', '1440', '831', '10803', '2016-03-01 13:50:57', '2016-03-01 13:50:58', '2016-03-01 13:50:58', '94c8cc4f-c4fa-4243-a79b-fd668cb1d819'),
 ('67', '2', '18', 'header-background.jpg', 'image', '1440', '900', '19517', '2016-03-07 15:11:29', '2016-03-07 15:11:29', '2016-03-07 15:11:29', '0595591e-5182-4e96-b828-5b9df2d78b89');



DROP TABLE IF EXISTS `craft_assetfolders`;


--
-- Schema for table `craft_assetfolders`
--
CREATE TABLE `craft_assetfolders` (
  `id` int(11) NOT NULL AUTO_INCREMENT,
  `parentId` int(11) DEFAULT NULL,
  `sourceId` int(11) DEFAULT NULL,
  `name` varchar(255) COLLATE utf8_unicode_ci NOT NULL,
  `path` varchar(255) COLLATE utf8_unicode_ci DEFAULT NULL,
  `dateCreated` datetime NOT NULL,
  `dateUpdated` datetime NOT NULL,
  `uid` char(36) COLLATE utf8_unicode_ci NOT NULL DEFAULT '0',
  PRIMARY KEY (`id`),
  UNIQUE KEY `craft_assetfolders_name_parentId_sourceId_unq_idx` (`name`,`parentId`,`sourceId`),
  KEY `craft_assetfolders_parentId_fk` (`parentId`),
  KEY `craft_assetfolders_sourceId_fk` (`sourceId`)
) ENGINE=InnoDB AUTO_INCREMENT=19 DEFAULT CHARSET=utf8 COLLATE=utf8_unicode_ci;

--
-- Data for table `craft_assetfolders`
--

INSERT INTO `craft_assetfolders` (`id`, `parentId`, `sourceId`, `name`, `path`, `dateCreated`, `dateUpdated`, `uid`) VALUES
 ('1', NULL, '1', 'Video\'s', '', '2016-02-25 14:03:09', '2016-02-25 14:03:09', 'a1517dbf-9fb5-4ff2-9bc7-d440138460c4'),
 ('2', NULL, '2', 'Images', '', '2016-02-25 14:04:54', '2016-02-25 14:04:54', '8575c608-474d-4eeb-8143-61b8a06a3861'),
 ('3', NULL, '3', 'Honours', '', '2016-02-29 09:54:08', '2016-02-29 09:54:08', '0c983bb2-aa4b-491a-8804-c2f375aa382b'),
 ('4', '2', '2', 'passat-500', 'passat-500/', '2016-02-29 10:56:32', '2016-02-29 10:56:32', '7efbf8f4-c6d0-4f3f-8ee2-1bb4925d7fcc'),
 ('5', '2', '2', 'orangina', 'orangina/', '2016-02-29 10:56:46', '2016-02-29 10:56:46', '3a66cefa-8bc2-4463-bba8-9b6eadd2b8c8'),
 ('6', NULL, NULL, 'Temporary source', NULL, '2016-02-29 11:27:02', '2016-02-29 11:27:02', '01fff2f2-e84a-47f9-bea4-ee4062109b38'),
 ('7', '6', NULL, 'user_1', NULL, '2016-02-29 11:27:02', '2016-02-29 11:27:02', '76504120-14bd-4e7f-b5ef-e4e087070be1'),
 ('8', '7', NULL, 'field_7', 'field_7/', '2016-02-29 11:27:02', '2016-02-29 11:27:02', '431e0f0f-f369-49fa-afba-92563ab374c2'),
 ('9', '1', '1', 'orangina', 'orangina/', '2016-02-29 11:43:20', '2016-02-29 11:43:20', '44fe7020-736d-460e-8a8a-c91f96f9b7b5'),
 ('10', '7', NULL, 'field_40', 'field_40/', '2016-03-07 15:04:25', '2016-03-07 15:04:25', '6d479290-ba36-4335-827f-297753534ac1'),
 ('11', '7', NULL, 'field_50', 'field_50/', '2016-03-07 15:04:25', '2016-03-07 15:04:25', '3d1e3d43-415b-4ea0-bbd9-8c269036ef83'),
 ('12', '7', NULL, 'field_11', 'field_11/', '2016-03-07 15:04:26', '2016-03-07 15:04:26', '7a9e894b-82a8-45d7-8eda-3bfb8a95f901'),
 ('13', '7', NULL, 'field_12', 'field_12/', '2016-03-07 15:04:26', '2016-03-07 15:04:26', '4143f70e-9fe5-4d7c-ac4c-66bac15bf644'),
 ('14', '7', NULL, 'field_65', 'field_65/', '2016-03-07 15:04:26', '2016-03-07 15:04:26', 'ccfda04d-3c43-448f-bac7-5257dbdef4bc'),
 ('15', '7', NULL, 'field_14', 'field_14/', '2016-03-07 15:04:26', '2016-03-07 15:04:26', '5b54af10-4c1b-4228-ae97-363bb4c1d6f7'),
 ('16', '7', NULL, 'field_15', 'field_15/', '2016-03-07 15:04:26', '2016-03-07 15:04:26', '80f90547-2891-46f4-9efc-e8adacb9c85d'),
 ('17', '7', NULL, 'field_16', 'field_16/', '2016-03-07 15:04:26', '2016-03-07 15:04:26', '6b71793c-b632-4bb2-b1b3-1449c43010d6'),
 ('18', '2', '2', 'chocomel-brand-portal', 'chocomel-brand-portal/', '2016-03-07 15:09:25', '2016-03-07 15:09:25', '8715de60-afad-4789-bef6-42946c62beba');



DROP TABLE IF EXISTS `craft_assetindexdata`;


--
-- Schema for table `craft_assetindexdata`
--
CREATE TABLE `craft_assetindexdata` (
  `id` int(11) NOT NULL AUTO_INCREMENT,
  `sessionId` varchar(36) COLLATE utf8_unicode_ci NOT NULL DEFAULT '',
  `sourceId` int(10) NOT NULL,
  `offset` int(10) NOT NULL,
  `uri` varchar(255) COLLATE utf8_unicode_ci DEFAULT NULL,
  `size` int(10) DEFAULT NULL,
  `recordId` int(10) DEFAULT NULL,
  `dateCreated` datetime NOT NULL,
  `dateUpdated` datetime NOT NULL,
  `uid` char(36) COLLATE utf8_unicode_ci NOT NULL DEFAULT '0',
  PRIMARY KEY (`id`),
  UNIQUE KEY `craft_assetindexdata_sessionId_sourceId_offset_unq_idx` (`sessionId`,`sourceId`,`offset`),
  KEY `craft_assetindexdata_sourceId_fk` (`sourceId`)
) ENGINE=InnoDB DEFAULT CHARSET=utf8 COLLATE=utf8_unicode_ci;

DROP TABLE IF EXISTS `craft_assetsources`;


--
-- Schema for table `craft_assetsources`
--
CREATE TABLE `craft_assetsources` (
  `id` int(11) NOT NULL AUTO_INCREMENT,
  `name` varchar(255) COLLATE utf8_unicode_ci NOT NULL,
  `handle` varchar(255) COLLATE utf8_unicode_ci NOT NULL,
  `type` varchar(150) COLLATE utf8_unicode_ci NOT NULL,
  `settings` text COLLATE utf8_unicode_ci,
  `sortOrder` smallint(6) unsigned DEFAULT NULL,
  `fieldLayoutId` int(10) DEFAULT NULL,
  `dateCreated` datetime NOT NULL,
  `dateUpdated` datetime NOT NULL,
  `uid` char(36) COLLATE utf8_unicode_ci NOT NULL DEFAULT '0',
  PRIMARY KEY (`id`),
  UNIQUE KEY `craft_assetsources_name_unq_idx` (`name`),
  UNIQUE KEY `craft_assetsources_handle_unq_idx` (`handle`),
  KEY `craft_assetsources_fieldLayoutId_fk` (`fieldLayoutId`)
) ENGINE=InnoDB AUTO_INCREMENT=4 DEFAULT CHARSET=utf8 COLLATE=utf8_unicode_ci;

--
-- Data for table `craft_assetsources`
--

INSERT INTO `craft_assetsources` (`id`, `name`, `handle`, `type`, `settings`, `sortOrder`, `fieldLayoutId`, `dateCreated`, `dateUpdated`, `uid`) VALUES
 ('1', 'Video\'s', 'videos', 'Local', '{\"path\":\"content\\/videos\\/\",\"url\":\"\\/content\\/videos\\/\"}', '1', '75', '2016-02-25 14:03:09', '2016-02-26 13:52:16', '955a2581-ca22-455a-baf3-699ab7624683'),
 ('2', 'Images', 'images', 'Local', '{\"path\":\"content\\/images\\/\",\"url\":\"\\/content\\/images\\/\"}', '2', '57', '2016-02-25 14:04:54', '2016-02-26 12:41:37', 'eedfaa64-6031-453d-8990-d94ff7b14792'),
 ('3', 'Honours', 'honours', 'Local', '{\"path\":\"content\\/images\\/honours\\/\",\"url\":\"\\/content\\/images\\/honours\\/\"}', '3', '94', '2016-02-29 09:54:08', '2016-02-29 09:55:51', 'fccca845-d8c1-42a1-8af4-5ffb28c1704c');



DROP TABLE IF EXISTS `craft_assettransformindex`;


--
-- Schema for table `craft_assettransformindex`
--
CREATE TABLE `craft_assettransformindex` (
  `id` int(11) NOT NULL AUTO_INCREMENT,
  `fileId` int(11) NOT NULL,
  `filename` varchar(255) COLLATE utf8_unicode_ci DEFAULT NULL,
  `format` varchar(255) COLLATE utf8_unicode_ci DEFAULT NULL,
  `location` varchar(255) COLLATE utf8_unicode_ci NOT NULL,
  `sourceId` int(11) DEFAULT NULL,
  `fileExists` tinyint(1) DEFAULT NULL,
  `inProgress` tinyint(1) DEFAULT NULL,
  `dateIndexed` datetime DEFAULT NULL,
  `dateCreated` datetime NOT NULL,
  `dateUpdated` datetime NOT NULL,
  `uid` char(36) COLLATE utf8_unicode_ci NOT NULL DEFAULT '0',
  PRIMARY KEY (`id`),
  KEY `craft_assettransformindex_sourceId_fileId_location_idx` (`sourceId`,`fileId`,`location`)
) ENGINE=InnoDB DEFAULT CHARSET=utf8 COLLATE=utf8_unicode_ci;

DROP TABLE IF EXISTS `craft_assettransforms`;


--
-- Schema for table `craft_assettransforms`
--
CREATE TABLE `craft_assettransforms` (
  `id` int(11) NOT NULL AUTO_INCREMENT,
  `name` varchar(255) COLLATE utf8_unicode_ci NOT NULL,
  `handle` varchar(255) COLLATE utf8_unicode_ci NOT NULL,
  `mode` enum('stretch','fit','crop') COLLATE utf8_unicode_ci NOT NULL DEFAULT 'crop',
  `position` enum('top-left','top-center','top-right','center-left','center-center','center-right','bottom-left','bottom-center','bottom-right') COLLATE utf8_unicode_ci NOT NULL DEFAULT 'center-center',
  `height` int(10) DEFAULT NULL,
  `width` int(10) DEFAULT NULL,
  `format` varchar(255) COLLATE utf8_unicode_ci DEFAULT NULL,
  `quality` int(10) DEFAULT NULL,
  `dimensionChangeTime` datetime DEFAULT NULL,
  `dateCreated` datetime NOT NULL,
  `dateUpdated` datetime NOT NULL,
  `uid` char(36) COLLATE utf8_unicode_ci NOT NULL DEFAULT '0',
  PRIMARY KEY (`id`),
  UNIQUE KEY `craft_assettransforms_name_unq_idx` (`name`),
  UNIQUE KEY `craft_assettransforms_handle_unq_idx` (`handle`)
) ENGINE=InnoDB AUTO_INCREMENT=2 DEFAULT CHARSET=utf8 COLLATE=utf8_unicode_ci;

--
-- Data for table `craft_assettransforms`
--

INSERT INTO `craft_assettransforms` (`id`, `name`, `handle`, `mode`, `position`, `height`, `width`, `format`, `quality`, `dimensionChangeTime`, `dateCreated`, `dateUpdated`, `uid`) VALUES
 ('1', 'Image large', 'imageLarge', 'fit', 'center-center', '500', '500', NULL, NULL, '2016-02-26 12:35:24', '2016-02-26 12:35:24', '2016-02-26 12:35:24', '9871cc11-f939-4e10-8c28-1db0a8ded39f');



DROP TABLE IF EXISTS `craft_categories`;


--
-- Schema for table `craft_categories`
--
CREATE TABLE `craft_categories` (
  `id` int(11) NOT NULL,
  `groupId` int(11) NOT NULL,
  `dateCreated` datetime NOT NULL,
  `dateUpdated` datetime NOT NULL,
  `uid` char(36) COLLATE utf8_unicode_ci NOT NULL DEFAULT '0',
  PRIMARY KEY (`id`),
  KEY `craft_categories_groupId_fk` (`groupId`)
) ENGINE=InnoDB DEFAULT CHARSET=utf8 COLLATE=utf8_unicode_ci;

DROP TABLE IF EXISTS `craft_categorygroups`;


--
-- Schema for table `craft_categorygroups`
--
CREATE TABLE `craft_categorygroups` (
  `id` int(11) NOT NULL AUTO_INCREMENT,
  `structureId` int(11) NOT NULL,
  `fieldLayoutId` int(11) DEFAULT NULL,
  `name` varchar(255) COLLATE utf8_unicode_ci NOT NULL,
  `handle` varchar(255) COLLATE utf8_unicode_ci NOT NULL,
  `hasUrls` tinyint(1) unsigned NOT NULL DEFAULT '1',
  `template` varchar(500) COLLATE utf8_unicode_ci DEFAULT NULL,
  `dateCreated` datetime NOT NULL,
  `dateUpdated` datetime NOT NULL,
  `uid` char(36) COLLATE utf8_unicode_ci NOT NULL DEFAULT '0',
  PRIMARY KEY (`id`),
  UNIQUE KEY `craft_categorygroups_name_unq_idx` (`name`),
  UNIQUE KEY `craft_categorygroups_handle_unq_idx` (`handle`),
  KEY `craft_categorygroups_structureId_fk` (`structureId`),
  KEY `craft_categorygroups_fieldLayoutId_fk` (`fieldLayoutId`)
) ENGINE=InnoDB DEFAULT CHARSET=utf8 COLLATE=utf8_unicode_ci;

DROP TABLE IF EXISTS `craft_categorygroups_i18n`;


--
-- Schema for table `craft_categorygroups_i18n`
--
CREATE TABLE `craft_categorygroups_i18n` (
  `id` int(11) NOT NULL AUTO_INCREMENT,
  `groupId` int(11) NOT NULL,
  `locale` char(12) COLLATE utf8_unicode_ci NOT NULL,
  `urlFormat` text COLLATE utf8_unicode_ci,
  `nestedUrlFormat` text COLLATE utf8_unicode_ci,
  `dateCreated` datetime NOT NULL,
  `dateUpdated` datetime NOT NULL,
  `uid` char(36) COLLATE utf8_unicode_ci NOT NULL DEFAULT '0',
  PRIMARY KEY (`id`),
  UNIQUE KEY `craft_categorygroups_i18n_groupId_locale_unq_idx` (`groupId`,`locale`),
  KEY `craft_categorygroups_i18n_locale_fk` (`locale`)
) ENGINE=InnoDB DEFAULT CHARSET=utf8 COLLATE=utf8_unicode_ci;

DROP TABLE IF EXISTS `craft_content`;


--
-- Schema for table `craft_content`
--
CREATE TABLE `craft_content` (
  `id` int(11) NOT NULL AUTO_INCREMENT,
  `elementId` int(11) NOT NULL,
  `locale` char(12) COLLATE utf8_unicode_ci NOT NULL,
  `title` varchar(255) COLLATE utf8_unicode_ci DEFAULT NULL,
  `field_heading` text COLLATE utf8_unicode_ci,
  `field_client` text COLLATE utf8_unicode_ci,
  `field_projectUrl` text COLLATE utf8_unicode_ci,
  `field_projectType` varchar(255) COLLATE utf8_unicode_ci DEFAULT NULL,
  `dateCreated` datetime NOT NULL,
  `dateUpdated` datetime NOT NULL,
  `uid` char(36) COLLATE utf8_unicode_ci NOT NULL DEFAULT '0',
  PRIMARY KEY (`id`),
  UNIQUE KEY `craft_content_elementId_locale_unq_idx` (`elementId`,`locale`),
  KEY `craft_content_title_idx` (`title`),
  KEY `craft_content_locale_fk` (`locale`)
) ENGINE=InnoDB AUTO_INCREMENT=49 DEFAULT CHARSET=utf8 COLLATE=utf8_unicode_ci;

--
-- Data for table `craft_content`
--

INSERT INTO `craft_content` (`id`, `elementId`, `locale`, `title`, `field_heading`, `field_client`, `field_projectUrl`, `field_projectType`, `dateCreated`, `dateUpdated`, `uid`) VALUES
 ('1', '1', 'en_us', NULL, NULL, NULL, NULL, NULL, '2016-02-25 11:25:17', '2016-02-25 11:25:17', 'fe67134b-b0d4-4ebd-98e2-19c1e6a71c4d'),
 ('5', '5', 'en_us', 'Homepage', NULL, NULL, NULL, NULL, '2016-02-25 13:49:09', '2016-03-07 12:52:12', '746c5466-6f17-4a1d-b373-22d8558b7aa7'),
 ('6', '6', 'en_us', 'About', NULL, NULL, NULL, NULL, '2016-02-25 13:49:30', '2016-03-07 12:52:26', '68e6f1e4-3f18-4cde-a90c-7f0f4ab0ef74'),
 ('7', '7', 'en_us', 'Contact', NULL, NULL, NULL, NULL, '2016-02-25 13:49:38', '2016-03-07 12:52:00', '71b9574a-7ee9-42d4-b34d-bf9e8a528964'),
 ('9', '10', 'en_us', 'Orangina global website', 'A quirky new online appearance for a soda brand', 'Orangina', 'http://orangina.eu/', 'Responsive Website', '2016-02-25 14:42:24', '2016-03-07 12:16:15', '7dc7b57e-6116-4d87-aa34-f2a203ed3de7'),
 ('10', '11', 'en_us', NULL, NULL, NULL, NULL, NULL, '2016-02-25 14:50:24', '2016-02-25 14:50:24', 'bc74844b-931c-4d98-b786-33713a78d44b'),
 ('14', '18', 'en_us', 'Reel2015', NULL, NULL, NULL, NULL, '2016-02-26 13:52:31', '2016-02-26 13:52:54', '68d289f8-82ed-4f17-bd6d-9f51f6a5ab72'),
 ('21', '32', 'en_us', 'FWA', NULL, NULL, NULL, NULL, '2016-02-29 09:57:45', '2016-02-29 10:01:14', 'da2da9ab-890a-4fc2-aad6-fe2d4216ab50'),
 ('22', '33', 'en_us', 'Awwwards', NULL, NULL, NULL, NULL, '2016-02-29 10:00:49', '2016-02-29 10:01:19', '96426cd5-f5f3-4e60-88d9-b49ad4d7c1f6'),
 ('33', '54', 'en_us', 'Orangina Icons', NULL, NULL, NULL, NULL, '2016-02-29 11:46:14', '2016-02-29 12:28:36', '2788055f-a34c-4fb2-b77a-469e488f0a29'),
 ('34', '55', 'en_us', 'Orangina Slide 3', NULL, NULL, NULL, NULL, '2016-02-29 12:28:30', '2016-02-29 12:28:30', 'cf93d7b3-9c5d-4d8c-9e30-ddd871a3715d'),
 ('35', '56', 'en_us', 'Orangina Slide 2', NULL, NULL, NULL, NULL, '2016-02-29 12:28:30', '2016-02-29 12:28:30', '985aa7b2-bb3f-4323-afd4-b764bc9eccc4'),
 ('36', '57', 'en_us', 'Orangina Slide 1', NULL, NULL, NULL, NULL, '2016-02-29 12:28:31', '2016-02-29 12:28:31', 'cd82e32d-42aa-4cbe-8bcf-a0e2c1bf01a4'),
 ('38', '59', 'en_us', 'Orangina Bottles', NULL, NULL, NULL, NULL, '2016-02-29 12:28:32', '2016-02-29 12:28:32', '5b143731-d51a-4c32-9373-7c6334208391'),
 ('39', '60', 'en_us', 'Orangina Screen Background', NULL, NULL, NULL, NULL, '2016-02-29 12:28:32', '2016-03-01 13:35:29', 'a26d6b52-6c24-4f06-a521-dbffe12c8be9'),
 ('40', '61', 'en_us', 'Orangina Screen', NULL, NULL, NULL, NULL, '2016-02-29 12:28:33', '2016-02-29 12:28:33', 'a5feeff5-eb32-474f-8d9f-40e548c054ae'),
 ('41', '62', 'en_us', 'Orangina Header Background', NULL, NULL, NULL, NULL, '2016-02-29 13:24:00', '2016-02-29 13:24:00', 'd974ecb4-907b-4c55-8f62-b5c291c3e440'),
 ('43', '64', 'en_us', 'Orangina Video Cover', NULL, NULL, NULL, NULL, '2016-03-01 13:46:38', '2016-03-01 13:46:38', '61e82b09-2a76-415a-ac07-22f03773bf22'),
 ('44', '65', 'en_us', 'Orangina Video Background', NULL, NULL, NULL, NULL, '2016-03-01 13:50:58', '2016-03-01 13:50:58', 'b901c4a4-9b31-49ae-b101-7a5b1d39d56a'),
 ('45', '66', 'en_us', 'Chocomel brand portal', 'For the love of chocolate', '', '', '', '2016-03-07 15:04:49', '2016-03-07 15:11:34', '74a321a3-8df3-4b75-847c-32025f352d22'),
 ('46', '67', 'en_us', 'Header Background', NULL, NULL, NULL, NULL, '2016-03-07 15:11:29', '2016-03-07 15:11:29', 'bbb8c954-71db-4337-9765-31fdbc391834'),
 ('48', '69', 'en_us', 'Work', NULL, NULL, NULL, NULL, '2016-03-07 15:36:18', '2016-03-07 15:36:18', '832008c6-477f-4470-af20-ddb25a083612');



DROP TABLE IF EXISTS `craft_deprecationerrors`;


--
-- Schema for table `craft_deprecationerrors`
--
CREATE TABLE `craft_deprecationerrors` (
  `id` int(11) NOT NULL AUTO_INCREMENT,
  `key` varchar(255) COLLATE utf8_unicode_ci NOT NULL,
  `fingerprint` varchar(255) COLLATE utf8_unicode_ci NOT NULL,
  `lastOccurrence` datetime NOT NULL,
  `file` varchar(255) COLLATE utf8_unicode_ci NOT NULL,
  `line` smallint(6) unsigned NOT NULL,
  `class` varchar(255) COLLATE utf8_unicode_ci DEFAULT NULL,
  `method` varchar(255) COLLATE utf8_unicode_ci DEFAULT NULL,
  `template` varchar(255) COLLATE utf8_unicode_ci DEFAULT NULL,
  `templateLine` smallint(6) unsigned DEFAULT NULL,
  `message` varchar(255) COLLATE utf8_unicode_ci DEFAULT NULL,
  `traces` text COLLATE utf8_unicode_ci,
  `dateCreated` datetime NOT NULL,
  `dateUpdated` datetime NOT NULL,
  `uid` char(36) COLLATE utf8_unicode_ci NOT NULL DEFAULT '0',
  PRIMARY KEY (`id`),
  UNIQUE KEY `craft_deprecationerrors_key_fingerprint_unq_idx` (`key`,`fingerprint`)
) ENGINE=InnoDB DEFAULT CHARSET=utf8 COLLATE=utf8_unicode_ci;

DROP TABLE IF EXISTS `craft_elementindexsettings`;


--
-- Schema for table `craft_elementindexsettings`
--
CREATE TABLE `craft_elementindexsettings` (
  `id` int(11) NOT NULL AUTO_INCREMENT,
  `type` varchar(150) COLLATE utf8_unicode_ci NOT NULL,
  `settings` text COLLATE utf8_unicode_ci,
  `dateCreated` datetime NOT NULL,
  `dateUpdated` datetime NOT NULL,
  `uid` char(36) COLLATE utf8_unicode_ci NOT NULL DEFAULT '0',
  PRIMARY KEY (`id`),
  UNIQUE KEY `craft_elementindexsettings_type_unq_idx` (`type`)
) ENGINE=InnoDB DEFAULT CHARSET=utf8 COLLATE=utf8_unicode_ci;

DROP TABLE IF EXISTS `craft_elements`;


--
-- Schema for table `craft_elements`
--
CREATE TABLE `craft_elements` (
  `id` int(11) NOT NULL AUTO_INCREMENT,
  `type` varchar(150) COLLATE utf8_unicode_ci NOT NULL,
  `enabled` tinyint(1) unsigned NOT NULL DEFAULT '1',
  `archived` tinyint(1) unsigned NOT NULL DEFAULT '0',
  `dateCreated` datetime NOT NULL,
  `dateUpdated` datetime NOT NULL,
  `uid` char(36) COLLATE utf8_unicode_ci NOT NULL DEFAULT '0',
  PRIMARY KEY (`id`),
  KEY `craft_elements_type_idx` (`type`),
  KEY `craft_elements_enabled_idx` (`enabled`),
  KEY `craft_elements_archived_dateCreated_idx` (`archived`,`dateCreated`)
) ENGINE=InnoDB AUTO_INCREMENT=70 DEFAULT CHARSET=utf8 COLLATE=utf8_unicode_ci;

--
-- Data for table `craft_elements`
--

INSERT INTO `craft_elements` (`id`, `type`, `enabled`, `archived`, `dateCreated`, `dateUpdated`, `uid`) VALUES
 ('1', 'User', '1', '0', '2016-02-25 11:25:16', '2016-02-25 11:25:16', '5f69b00d-5925-458c-9c88-ce6d24ffde09'),
 ('5', 'Entry', '1', '0', '2016-02-25 13:49:09', '2016-03-07 12:52:12', '7e3ad9f8-6639-4471-882a-e6c7063df490'),
 ('6', 'Entry', '1', '0', '2016-02-25 13:49:30', '2016-03-07 12:52:26', 'eff01035-65cc-4307-99c9-d92fd4a7edf2'),
 ('7', 'Entry', '1', '0', '2016-02-25 13:49:38', '2016-03-07 12:52:00', '144695b5-f576-4cbb-afbb-87b434b9f581'),
 ('10', 'Entry', '1', '0', '2016-02-25 14:42:24', '2016-03-07 12:16:15', '2db9a673-e419-4cc1-89c0-48ee3f28d9e6'),
 ('11', 'GlobalSet', '1', '0', '2016-02-25 14:50:24', '2016-02-25 14:50:24', '2a0da4b4-ca3a-4178-971b-3a988c5c2dbc'),
 ('12', 'MatrixBlock', '1', '0', '2016-02-26 10:46:08', '2016-03-01 16:40:59', '5f96c0ab-78a6-43d0-9c1d-654cc290d770'),
 ('14', 'MatrixBlock', '1', '0', '2016-02-26 11:34:33', '2016-03-01 16:40:59', '79a6c46f-47e0-4c6f-83c3-3520cbd2656a'),
 ('17', 'MatrixBlock', '1', '0', '2016-02-26 13:29:08', '2016-03-01 16:40:59', '7b6044b2-a1ee-41aa-9948-04f6c3a93965'),
 ('18', 'Asset', '1', '0', '2016-02-26 13:52:31', '2016-02-26 13:52:54', '2ffe0f11-eafb-470b-8297-90d4645fc301'),
 ('19', 'MatrixBlock', '1', '0', '2016-02-26 13:53:26', '2016-03-01 16:40:59', 'ac34440c-ca1a-48de-91d6-c09a64d558cd'),
 ('20', 'MatrixBlock', '1', '0', '2016-02-26 14:02:48', '2016-03-01 16:40:59', '5c7021e0-590d-45c2-9a41-f625da9a66d7'),
 ('22', 'MatrixBlock', '1', '0', '2016-02-26 14:08:10', '2016-03-01 16:40:59', '7ab9be08-deba-443b-b8e3-cbc3c9b0d7ec'),
 ('23', 'MatrixBlock', '1', '0', '2016-02-26 14:13:03', '2016-03-01 16:40:59', '304177fc-8899-45ab-85aa-17afa40f7dec'),
 ('25', 'MatrixBlock', '1', '0', '2016-02-29 09:37:51', '2016-03-01 16:40:59', '7a7c0dc7-1517-4e68-8c6a-e503a323ea19'),
 ('29', 'MatrixBlock', '1', '0', '2016-02-29 09:41:30', '2016-03-01 16:40:59', 'd224c83a-359f-4d00-b71f-4c140b8c57d3'),
 ('30', 'MatrixBlock', '1', '0', '2016-02-29 09:51:11', '2016-03-01 16:40:59', 'f84dd5cd-e54d-409b-95c4-8dfbe0004883'),
 ('32', 'Asset', '1', '0', '2016-02-29 09:57:45', '2016-02-29 10:01:14', '63459fac-7dd9-4a3f-adbe-3ca6a4798fd7'),
 ('33', 'Asset', '1', '0', '2016-02-29 10:00:49', '2016-02-29 10:01:19', '68bd90b1-bd15-423b-8561-38a423053dc2'),
 ('34', 'MatrixBlock', '1', '0', '2016-02-29 10:00:59', '2016-03-01 16:40:59', '6f3f8c03-a8f2-419f-82e8-6da793b6ce35'),
 ('35', 'MatrixBlock', '1', '0', '2016-02-29 10:00:59', '2016-03-01 16:40:59', '553bd274-5556-4132-8ddc-4f50a780b432'),
 ('36', 'MatrixBlock', '1', '0', '2016-02-29 10:03:07', '2016-03-01 16:40:59', 'f7343a2f-adb3-45cd-b6e3-2956ba5962a7'),
 ('37', 'MatrixBlock', '1', '0', '2016-02-29 10:03:07', '2016-03-01 16:40:59', '5a8ec184-c503-405d-a508-2374d6432de9'),
 ('38', 'MatrixBlock', '1', '0', '2016-02-29 10:03:07', '2016-03-01 16:40:59', '8b1bbe1e-4bd8-4554-a971-3569ebca4365'),
 ('39', 'MatrixBlock', '1', '0', '2016-02-29 10:03:07', '2016-03-01 16:40:59', '51457c77-f814-48da-827f-216dec82fd83'),
 ('40', 'MatrixBlock', '1', '0', '2016-02-29 10:03:07', '2016-03-01 16:40:59', '90c909d2-01d9-4c1a-a473-8bf95f86e71d'),
 ('41', 'MatrixBlock', '1', '0', '2016-02-29 10:03:07', '2016-03-01 16:40:59', 'a5da267e-c5c9-4dd0-97ba-08443c52b837'),
 ('54', 'Asset', '1', '0', '2016-02-29 11:46:14', '2016-02-29 12:28:36', '15abd837-b186-4f69-915e-6070690dbbca'),
 ('55', 'Asset', '1', '0', '2016-02-29 12:28:30', '2016-02-29 12:28:30', 'eb070a42-220d-4b73-8d06-8e0c15fa9c42'),
 ('56', 'Asset', '1', '0', '2016-02-29 12:28:30', '2016-02-29 12:28:30', 'b6cb0036-0136-45ac-916b-f122c5cce50b'),
 ('57', 'Asset', '1', '0', '2016-02-29 12:28:31', '2016-02-29 12:28:31', '67d8b21b-2b09-4ae7-bd1b-4a4d3f5a7434'),
 ('59', 'Asset', '1', '0', '2016-02-29 12:28:32', '2016-02-29 12:28:32', 'b0f22cc7-e355-4044-ac54-308fafd34204'),
 ('60', 'Asset', '1', '0', '2016-02-29 12:28:32', '2016-03-01 13:35:29', '359d30d6-1af4-45bf-ad15-8e544c43a6f9'),
 ('61', 'Asset', '1', '0', '2016-02-29 12:28:33', '2016-02-29 12:28:33', '40948f68-8a10-473c-abd6-4975b88917ab'),
 ('62', 'Asset', '1', '0', '2016-02-29 13:24:00', '2016-02-29 13:24:00', '90ee59ab-9c6a-43ac-9317-db582eab615e'),
 ('64', 'Asset', '1', '0', '2016-03-01 13:46:38', '2016-03-01 13:46:38', '6fc02250-190d-4af4-8d4c-8bba015ab6e8'),
 ('65', 'Asset', '1', '0', '2016-03-01 13:50:58', '2016-03-01 13:50:58', '234025a0-b044-486b-b943-1b8beacfbb8e'),
 ('66', 'Entry', '1', '0', '2016-03-07 15:04:49', '2016-03-07 15:11:34', '5f8eafd6-96d7-4f88-86e3-fd8bd2dbfd50'),
 ('67', 'Asset', '1', '0', '2016-03-07 15:11:29', '2016-03-07 15:11:29', '8ae4d806-6f9a-4e75-adce-24170867b601'),
 ('69', 'Entry', '1', '0', '2016-03-07 15:36:18', '2016-03-07 15:36:18', '399597c3-2697-4625-b0b5-d47d0f8fe1bc');



DROP TABLE IF EXISTS `craft_elements_i18n`;


--
-- Schema for table `craft_elements_i18n`
--
CREATE TABLE `craft_elements_i18n` (
  `id` int(11) NOT NULL AUTO_INCREMENT,
  `elementId` int(11) NOT NULL,
  `locale` char(12) COLLATE utf8_unicode_ci NOT NULL,
  `slug` varchar(255) COLLATE utf8_unicode_ci DEFAULT NULL,
  `uri` varchar(255) COLLATE utf8_unicode_ci DEFAULT NULL,
  `enabled` tinyint(1) unsigned NOT NULL DEFAULT '1',
  `dateCreated` datetime NOT NULL,
  `dateUpdated` datetime NOT NULL,
  `uid` char(36) COLLATE utf8_unicode_ci NOT NULL DEFAULT '0',
  PRIMARY KEY (`id`),
  UNIQUE KEY `craft_elements_i18n_elementId_locale_unq_idx` (`elementId`,`locale`),
  UNIQUE KEY `craft_elements_i18n_uri_locale_unq_idx` (`uri`,`locale`),
  KEY `craft_elements_i18n_slug_locale_idx` (`slug`,`locale`),
  KEY `craft_elements_i18n_enabled_idx` (`enabled`),
  KEY `craft_elements_i18n_locale_fk` (`locale`)
) ENGINE=InnoDB AUTO_INCREMENT=70 DEFAULT CHARSET=utf8 COLLATE=utf8_unicode_ci;

--
-- Data for table `craft_elements_i18n`
--

INSERT INTO `craft_elements_i18n` (`id`, `elementId`, `locale`, `slug`, `uri`, `enabled`, `dateCreated`, `dateUpdated`, `uid`) VALUES
 ('1', '1', 'en_us', '', NULL, '1', '2016-02-25 11:25:17', '2016-02-25 11:25:17', '7d050433-7386-48a6-b99c-1f2de4530d58'),
 ('5', '5', 'en_us', 'homepage', '__home__', '1', '2016-02-25 13:49:09', '2016-03-07 12:52:12', '54c556b6-a9c7-4c82-b414-571d7bdb255f'),
 ('6', '6', 'en_us', 'about', 'about', '1', '2016-02-25 13:49:30', '2016-03-07 12:52:26', '77fed08a-14a6-454f-a009-7ecb9d412e93'),
 ('7', '7', 'en_us', 'contact', 'contact', '1', '2016-02-25 13:49:38', '2016-03-07 12:52:00', '7f1f5810-4d3e-43a5-ae44-438fb9a12621'),
 ('10', '10', 'en_us', 'orangina', 'work/orangina', '1', '2016-02-25 14:42:24', '2016-03-07 12:16:16', '0ba3b896-0d81-411b-ba27-1a711002349f'),
 ('11', '11', 'en_us', '', NULL, '1', '2016-02-25 14:50:24', '2016-02-25 14:50:24', 'cc92bfa1-4c61-4184-a159-5d46dac2b47f'),
 ('12', '12', 'en_us', '', NULL, '1', '2016-02-26 10:46:08', '2016-03-01 16:40:59', 'ad89bc02-5d9f-4d1e-9ebd-9f1f91b5c241'),
 ('14', '14', 'en_us', '', NULL, '1', '2016-02-26 11:34:33', '2016-03-01 16:40:59', '74056f40-47c7-4c7c-9640-49f9cb243605'),
 ('17', '17', 'en_us', '', NULL, '1', '2016-02-26 13:29:08', '2016-03-01 16:40:59', '7d01b2e9-a8d5-4e9e-b1cb-1bb5b6ab380e'),
 ('18', '18', 'en_us', 'reel2015-1', NULL, '1', '2016-02-26 13:52:31', '2016-02-26 13:52:54', '487d9c92-8ae2-4448-9eac-cc737f0e125c'),
 ('19', '19', 'en_us', '', NULL, '1', '2016-02-26 13:53:26', '2016-03-01 16:40:59', 'c5356b28-b687-46ac-8a54-44a580c5b84d'),
 ('20', '20', 'en_us', '', NULL, '1', '2016-02-26 14:02:48', '2016-03-01 16:40:59', 'c761cd52-6e23-4f8f-a18b-64f5990519ef'),
 ('22', '22', 'en_us', '', NULL, '1', '2016-02-26 14:08:10', '2016-03-01 16:40:59', '4e4905fb-b44e-4c6e-8d89-51f0d5f5690c'),
 ('23', '23', 'en_us', '', NULL, '1', '2016-02-26 14:13:03', '2016-03-01 16:40:59', '8ecc7b9e-69a9-4ca7-9d78-db2db27359ee'),
 ('25', '25', 'en_us', '', NULL, '1', '2016-02-29 09:37:51', '2016-03-01 16:40:59', 'be2e8117-d837-4682-90b0-c096162f60cc'),
 ('29', '29', 'en_us', '', NULL, '1', '2016-02-29 09:41:30', '2016-03-01 16:40:59', '7539ae39-09a4-4c6d-9c74-541163f86c2a'),
 ('30', '30', 'en_us', '', NULL, '1', '2016-02-29 09:51:11', '2016-03-01 16:40:59', 'c07f7a3d-c065-4884-a43f-052281ca90c2'),
 ('32', '32', 'en_us', 'logo-fwa', NULL, '1', '2016-02-29 09:57:45', '2016-02-29 10:01:14', '3987d57c-5924-430b-8a18-c92e45c31946'),
 ('33', '33', 'en_us', 'logo-awwwards', NULL, '1', '2016-02-29 10:00:49', '2016-02-29 10:01:19', 'a0252398-c44a-41f8-9e5e-73b625c920b7'),
 ('34', '34', 'en_us', '', NULL, '1', '2016-02-29 10:00:59', '2016-03-01 16:40:59', '1a65b299-db26-4e29-bd61-91f590e31be5'),
 ('35', '35', 'en_us', '', NULL, '1', '2016-02-29 10:00:59', '2016-03-01 16:40:59', '9fe469de-13a3-4a21-9091-e572aa3199a5'),
 ('36', '36', 'en_us', '', NULL, '1', '2016-02-29 10:03:07', '2016-03-01 16:40:59', '3036f21d-ffe5-4447-ac5f-063ece05df0a'),
 ('37', '37', 'en_us', '', NULL, '1', '2016-02-29 10:03:07', '2016-03-01 16:40:59', '08e88361-fde9-4d13-8760-186f7d845b54'),
 ('38', '38', 'en_us', '', NULL, '1', '2016-02-29 10:03:07', '2016-03-01 16:40:59', '1d2f4b1f-3db3-4bfb-a053-fd8bea2f43f9'),
 ('39', '39', 'en_us', '', NULL, '1', '2016-02-29 10:03:07', '2016-03-01 16:40:59', '63bf3cb6-3334-4d39-8835-e48f63f10da6'),
 ('40', '40', 'en_us', '', NULL, '1', '2016-02-29 10:03:07', '2016-03-01 16:40:59', 'c30b5a75-8e8a-4898-ac48-fa770a093ac3'),
 ('41', '41', 'en_us', '', NULL, '1', '2016-02-29 10:03:07', '2016-03-01 16:40:59', 'a9d875ef-b91a-4474-8546-73d65f6d0ce2'),
 ('54', '54', 'en_us', 'orangina-icons', NULL, '1', '2016-02-29 11:46:14', '2016-02-29 12:28:36', '15d3fc8d-d243-41c3-9e36-6b9eceb55b4e'),
 ('55', '55', 'en_us', 'orangina-slide-3', NULL, '1', '2016-02-29 12:28:30', '2016-02-29 12:28:30', '697ad665-9938-4744-99d2-45813b9dd7fd'),
 ('56', '56', 'en_us', 'orangina-slide-2', NULL, '1', '2016-02-29 12:28:30', '2016-02-29 12:28:30', '975b6c2a-1599-4751-bc4a-80b66a458574'),
 ('57', '57', 'en_us', 'orangina-slide-1', NULL, '1', '2016-02-29 12:28:31', '2016-02-29 12:28:31', '845059f8-4cef-4fed-b39a-ec82d7731bb8'),
 ('59', '59', 'en_us', 'orangina-bottles', NULL, '1', '2016-02-29 12:28:32', '2016-02-29 12:28:32', 'cb5dfdb5-fedf-4d2a-a0d3-2d05bb6daba4'),
 ('60', '60', 'en_us', 'orangina-screen-background', NULL, '1', '2016-02-29 12:28:32', '2016-03-01 13:35:29', '9d88e6ac-7b7f-4a17-bdf0-38b297f95a9b'),
 ('61', '61', 'en_us', 'orangina-screen', NULL, '1', '2016-02-29 12:28:33', '2016-02-29 12:28:33', '5cd16626-8631-489a-aa07-6ea2b9edecf0'),
 ('62', '62', 'en_us', 'orangina-header-background', NULL, '1', '2016-02-29 13:24:00', '2016-02-29 13:24:00', 'e81cc01b-cc55-4732-b93d-c70c4b796690'),
 ('64', '64', 'en_us', 'orangina-video-cover', NULL, '1', '2016-03-01 13:46:38', '2016-03-01 13:46:38', '2fb6da8a-07b6-4a24-b5d0-8a11380e5e06'),
 ('65', '65', 'en_us', 'orangina-video-background', NULL, '1', '2016-03-01 13:50:58', '2016-03-01 13:50:58', '7922f5ee-8c9e-4196-b51e-1ee85e351b7a'),
 ('66', '66', 'en_us', 'chocomel-brand-portal', 'work/chocomel-brand-portal', '1', '2016-03-07 15:04:49', '2016-03-07 15:11:34', '90e93722-0d7d-4b3a-b717-0bb03e29c7a0'),
 ('67', '67', 'en_us', 'header-background', NULL, '1', '2016-03-07 15:11:29', '2016-03-07 15:11:29', '38b8f9af-3347-4812-abc3-5cf26e227e26'),
 ('69', '69', 'en_us', 'work', 'work', '1', '2016-03-07 15:36:18', '2016-03-07 15:36:18', 'ee953002-0146-45b9-9a8e-bfa122cc86ed');



DROP TABLE IF EXISTS `craft_emailmessages`;


--
-- Schema for table `craft_emailmessages`
--
CREATE TABLE `craft_emailmessages` (
  `id` int(11) NOT NULL AUTO_INCREMENT,
  `key` char(150) COLLATE utf8_unicode_ci NOT NULL,
  `locale` char(12) COLLATE utf8_unicode_ci NOT NULL,
  `subject` varchar(1000) COLLATE utf8_unicode_ci NOT NULL,
  `body` text COLLATE utf8_unicode_ci NOT NULL,
  `dateCreated` datetime NOT NULL,
  `dateUpdated` datetime NOT NULL,
  `uid` char(36) COLLATE utf8_unicode_ci NOT NULL DEFAULT '0',
  PRIMARY KEY (`id`),
  UNIQUE KEY `craft_emailmessages_key_locale_unq_idx` (`key`,`locale`),
  KEY `craft_emailmessages_locale_fk` (`locale`)
) ENGINE=InnoDB DEFAULT CHARSET=utf8 COLLATE=utf8_unicode_ci;

DROP TABLE IF EXISTS `craft_entries`;


--
-- Schema for table `craft_entries`
--
CREATE TABLE `craft_entries` (
  `id` int(11) NOT NULL,
  `sectionId` int(11) NOT NULL,
  `typeId` int(11) DEFAULT NULL,
  `authorId` int(11) DEFAULT NULL,
  `postDate` datetime DEFAULT NULL,
  `expiryDate` datetime DEFAULT NULL,
  `dateCreated` datetime NOT NULL,
  `dateUpdated` datetime NOT NULL,
  `uid` char(36) COLLATE utf8_unicode_ci NOT NULL DEFAULT '0',
  PRIMARY KEY (`id`),
  KEY `craft_entries_sectionId_idx` (`sectionId`),
  KEY `craft_entries_typeId_idx` (`typeId`),
  KEY `craft_entries_postDate_idx` (`postDate`),
  KEY `craft_entries_expiryDate_idx` (`expiryDate`),
  KEY `craft_entries_authorId_fk` (`authorId`)
) ENGINE=InnoDB DEFAULT CHARSET=utf8 COLLATE=utf8_unicode_ci;

--
-- Data for table `craft_entries`
--

INSERT INTO `craft_entries` (`id`, `sectionId`, `typeId`, `authorId`, `postDate`, `expiryDate`, `dateCreated`, `dateUpdated`, `uid`) VALUES
 ('5', '5', '5', NULL, '2016-03-07 12:52:11', NULL, '2016-02-25 13:49:09', '2016-03-07 12:52:11', 'd82b5182-8faf-43f8-99dd-0a88f1f653ad'),
 ('6', '6', '6', NULL, '2016-03-07 12:52:26', NULL, '2016-02-25 13:49:30', '2016-03-07 12:52:26', 'ef6aff0e-3375-4302-b897-fcd23240ba2c'),
 ('7', '7', '7', NULL, '2016-03-07 12:51:59', NULL, '2016-02-25 13:49:38', '2016-03-07 12:51:59', 'cdafba9e-aafe-4a9f-90d4-787431bee5be'),
 ('10', '3', '3', '1', '2016-02-25 14:42:00', NULL, '2016-02-25 14:42:24', '2016-03-01 16:40:59', 'ac6659b7-25ba-4087-adb2-a6f334ebf210'),
 ('66', '3', '3', '1', '2016-03-07 15:04:00', NULL, '2016-03-07 15:04:49', '2016-03-07 15:11:34', 'fd4814ce-ef20-42fc-99d4-c70e32d7dbd5'),
 ('69', '9', NULL, NULL, '2016-03-07 15:36:18', NULL, '2016-03-07 15:36:18', '2016-03-07 15:36:18', 'b9a807ae-fc1b-4274-9e70-bec12dbd8e98');



DROP TABLE IF EXISTS `craft_entrydrafts`;


--
-- Schema for table `craft_entrydrafts`
--
CREATE TABLE `craft_entrydrafts` (
  `id` int(11) NOT NULL AUTO_INCREMENT,
  `entryId` int(11) NOT NULL,
  `sectionId` int(11) NOT NULL,
  `creatorId` int(11) NOT NULL,
  `locale` char(12) COLLATE utf8_unicode_ci NOT NULL,
  `name` varchar(255) COLLATE utf8_unicode_ci NOT NULL,
  `notes` tinytext COLLATE utf8_unicode_ci,
  `data` mediumtext COLLATE utf8_unicode_ci NOT NULL,
  `dateCreated` datetime NOT NULL,
  `dateUpdated` datetime NOT NULL,
  `uid` char(36) COLLATE utf8_unicode_ci NOT NULL DEFAULT '0',
  PRIMARY KEY (`id`),
  KEY `craft_entrydrafts_entryId_locale_idx` (`entryId`,`locale`),
  KEY `craft_entrydrafts_sectionId_fk` (`sectionId`),
  KEY `craft_entrydrafts_creatorId_fk` (`creatorId`),
  KEY `craft_entrydrafts_locale_fk` (`locale`)
) ENGINE=InnoDB DEFAULT CHARSET=utf8 COLLATE=utf8_unicode_ci;

DROP TABLE IF EXISTS `craft_entrytypes`;


--
-- Schema for table `craft_entrytypes`
--
CREATE TABLE `craft_entrytypes` (
  `id` int(11) NOT NULL AUTO_INCREMENT,
  `sectionId` int(11) NOT NULL,
  `fieldLayoutId` int(11) DEFAULT NULL,
  `name` varchar(255) COLLATE utf8_unicode_ci NOT NULL,
  `handle` varchar(255) COLLATE utf8_unicode_ci NOT NULL,
  `hasTitleField` tinyint(1) unsigned NOT NULL DEFAULT '1',
  `titleLabel` varchar(255) COLLATE utf8_unicode_ci DEFAULT 'Title',
  `titleFormat` varchar(255) COLLATE utf8_unicode_ci DEFAULT NULL,
  `sortOrder` smallint(6) unsigned DEFAULT NULL,
  `dateCreated` datetime NOT NULL,
  `dateUpdated` datetime NOT NULL,
  `uid` char(36) COLLATE utf8_unicode_ci NOT NULL DEFAULT '0',
  PRIMARY KEY (`id`),
  UNIQUE KEY `craft_entrytypes_name_sectionId_unq_idx` (`name`,`sectionId`),
  UNIQUE KEY `craft_entrytypes_handle_sectionId_unq_idx` (`handle`,`sectionId`),
  KEY `craft_entrytypes_sectionId_fk` (`sectionId`),
  KEY `craft_entrytypes_fieldLayoutId_fk` (`fieldLayoutId`)
) ENGINE=InnoDB AUTO_INCREMENT=10 DEFAULT CHARSET=utf8 COLLATE=utf8_unicode_ci;

--
-- Data for table `craft_entrytypes`
--

INSERT INTO `craft_entrytypes` (`id`, `sectionId`, `fieldLayoutId`, `name`, `handle`, `hasTitleField`, `titleLabel`, `titleFormat`, `sortOrder`, `dateCreated`, `dateUpdated`, `uid`) VALUES
 ('3', '3', '226', 'Case', 'case', '1', 'Title', NULL, NULL, '2016-02-25 13:47:27', '2016-03-07 14:18:22', 'cb004f6d-0bc8-4d9e-81aa-64d851a517a2'),
 ('5', '5', '13', 'Homepage', 'homepage', '0', NULL, '{section.name|raw}', NULL, '2016-02-25 13:49:09', '2016-02-25 14:01:29', '95c6d4b6-aa2c-453a-9772-3ab576afd0bc'),
 ('6', '6', '9', 'About', 'about', '0', NULL, '{section.name|raw}', NULL, '2016-02-25 13:49:30', '2016-02-25 13:49:30', '6947e25a-6658-446f-a386-7a2241cc7fd5'),
 ('7', '7', '10', 'Contact', 'contact', '0', NULL, '{section.name|raw}', NULL, '2016-02-25 13:49:38', '2016-02-25 13:49:38', '8ecdf7a1-747f-41b0-aa91-976e47f49c4b'),
 ('9', '9', '228', 'Work', 'work', '0', NULL, '{section.name|raw}', NULL, '2016-03-07 15:36:18', '2016-03-07 15:36:18', '29806935-6328-4153-8c6e-5551f4bca992');



DROP TABLE IF EXISTS `craft_entryversions`;


--
-- Schema for table `craft_entryversions`
--
CREATE TABLE `craft_entryversions` (
  `id` int(11) NOT NULL AUTO_INCREMENT,
  `entryId` int(11) NOT NULL,
  `sectionId` int(11) NOT NULL,
  `creatorId` int(11) DEFAULT NULL,
  `locale` char(12) COLLATE utf8_unicode_ci NOT NULL,
  `num` smallint(6) unsigned NOT NULL,
  `notes` tinytext COLLATE utf8_unicode_ci,
  `data` mediumtext COLLATE utf8_unicode_ci NOT NULL,
  `dateCreated` datetime NOT NULL,
  `dateUpdated` datetime NOT NULL,
  `uid` char(36) COLLATE utf8_unicode_ci NOT NULL DEFAULT '0',
  PRIMARY KEY (`id`),
  KEY `craft_entryversions_entryId_locale_idx` (`entryId`,`locale`),
  KEY `craft_entryversions_sectionId_fk` (`sectionId`),
  KEY `craft_entryversions_creatorId_fk` (`creatorId`),
  KEY `craft_entryversions_locale_fk` (`locale`)
) ENGINE=InnoDB AUTO_INCREMENT=75 DEFAULT CHARSET=utf8 COLLATE=utf8_unicode_ci;

--
-- Data for table `craft_entryversions`
--

INSERT INTO `craft_entryversions` (`id`, `entryId`, `sectionId`, `creatorId`, `locale`, `num`, `notes`, `data`, `dateCreated`, `dateUpdated`, `uid`) VALUES
 ('5', '5', '5', '1', 'en_us', '1', NULL, '{\"typeId\":\"5\",\"authorId\":null,\"title\":\"Homepage\",\"slug\":\"homepage\",\"postDate\":1456408149,\"expiryDate\":null,\"enabled\":1,\"parentId\":null,\"fields\":[]}', '2016-02-25 13:49:09', '2016-02-25 13:49:09', '615f89bc-6956-4658-84f2-ec94edfd5f75'),
 ('6', '6', '6', '1', 'en_us', '1', NULL, '{\"typeId\":\"6\",\"authorId\":null,\"title\":\"About\",\"slug\":\"about\",\"postDate\":1456408170,\"expiryDate\":null,\"enabled\":1,\"parentId\":null,\"fields\":[]}', '2016-02-25 13:49:30', '2016-02-25 13:49:30', '76b53f0d-e235-49ef-b58f-2dab0635a6e7'),
 ('7', '7', '7', '1', 'en_us', '1', NULL, '{\"typeId\":\"7\",\"authorId\":null,\"title\":\"Contact\",\"slug\":\"contact\",\"postDate\":1456408178,\"expiryDate\":null,\"enabled\":1,\"parentId\":null,\"fields\":[]}', '2016-02-25 13:49:38', '2016-02-25 13:49:38', 'b184767b-9b5d-4a20-a817-e96ffbb46b40'),
 ('9', '10', '3', '1', 'en_us', '1', '', '{\"typeId\":null,\"authorId\":\"1\",\"title\":\"Orangina\",\"slug\":\"orangina\",\"postDate\":1456411344,\"expiryDate\":null,\"enabled\":1,\"parentId\":null,\"fields\":{\"3\":\"\",\"41\":\"\",\"31\":\"\",\"40\":\"\",\"39\":\"\",\"36\":\"\",\"43\":\"\",\"42\":\"\",\"34\":\"\"}}', '2016-02-25 14:42:24', '2016-02-25 14:42:24', 'bc9e79f3-9248-460b-a73d-b100bc9c963a'),
 ('10', '5', '5', '1', 'en_us', '2', '', '{\"typeId\":\"5\",\"authorId\":null,\"title\":\"Homepage\",\"slug\":\"homepage\",\"postDate\":1456416420,\"expiryDate\":null,\"enabled\":1,\"parentId\":null,\"fields\":{\"10\":[\"10\"]}}', '2016-02-25 16:08:33', '2016-02-25 16:08:33', 'acb129a4-06d9-4928-9122-881abd3d98fe'),
 ('11', '5', '5', '1', 'en_us', '3', '', '{\"typeId\":\"5\",\"authorId\":null,\"title\":\"Homepage\",\"slug\":\"homepage\",\"postDate\":1456416420,\"expiryDate\":null,\"enabled\":1,\"parentId\":null,\"fields\":{\"10\":[\"10\"]}}', '2016-02-25 16:08:37', '2016-02-25 16:08:37', '97d35edb-89b5-48dc-b7e4-38c14c067a19'),
 ('12', '10', '3', '1', 'en_us', '2', '', '{\"typeId\":\"3\",\"authorId\":\"1\",\"title\":\"Orangina\",\"slug\":\"orangina\",\"postDate\":1456411320,\"expiryDate\":null,\"enabled\":1,\"parentId\":null,\"fields\":{\"3\":\"\",\"41\":\"\",\"31\":\"\",\"40\":\"\",\"39\":\"\",\"36\":\"\",\"43\":\"responsiveWebsite\",\"42\":\"\",\"34\":\"\"}}', '2016-02-25 16:08:55', '2016-02-25 16:08:55', '8724385f-f0fe-49aa-8fc6-75870c5a3863'),
 ('13', '10', '3', '1', 'en_us', '3', '', '{\"typeId\":\"3\",\"authorId\":\"1\",\"title\":\"Orangina global website\",\"slug\":\"orangina\",\"postDate\":1456411320,\"expiryDate\":null,\"enabled\":1,\"parentId\":null,\"fields\":{\"3\":\"\",\"41\":\"Orangina\",\"31\":\"\",\"40\":\"\",\"39\":\"A quirky new online appearance for a soda brand \",\"36\":\"\",\"43\":\"responsiveWebsite\",\"42\":\"\",\"34\":\"\"}}', '2016-02-26 10:45:33', '2016-02-26 10:45:33', '678438f1-bd20-4379-a1b5-a0763b569a43'),
 ('14', '10', '3', '1', 'en_us', '4', '', '{\"typeId\":\"3\",\"authorId\":\"1\",\"title\":\"Orangina global website\",\"slug\":\"orangina\",\"postDate\":1456411320,\"expiryDate\":null,\"enabled\":1,\"parentId\":null,\"fields\":{\"3\":{\"new1\":{\"type\":\"textFullWidth\",\"enabled\":\"1\",\"fields\":{\"body\":\"Orangina refreshed their brand identity Achtung!\\/Kraftwerk wastasked to extend their newbrand identity to a fresh online experience. \",\"backgroundColor\":\"#ffffff\"}}},\"41\":\"Orangina\",\"31\":\"\",\"40\":\"\",\"39\":\"A quirky new online appearance for a soda brand \",\"36\":\"\",\"43\":\"responsiveWebsite\",\"42\":\"\",\"34\":\"\"}}', '2016-02-26 10:46:08', '2016-02-26 10:46:08', 'f5d7099a-f4a8-4d3e-934e-e2908a6aefd8'),
 ('15', '10', '3', '1', 'en_us', '5', '', '{\"typeId\":\"3\",\"authorId\":\"1\",\"title\":\"Orangina global website\",\"slug\":\"orangina\",\"postDate\":1456411320,\"expiryDate\":null,\"enabled\":1,\"parentId\":null,\"fields\":{\"3\":{\"12\":{\"type\":\"textFullWidth\",\"enabled\":\"1\",\"fields\":{\"body\":\"Orangina refreshed their brand identity Achtung!\\/Kraftwerk wastasked to extend their newbrand identity to a fresh online experience. \",\"backgroundColor\":\"#ffffff\"}}},\"41\":\"Orangina\",\"31\":\"\",\"40\":\"\",\"39\":\"A quirky new online appearance for a soda brand \",\"36\":\"\",\"43\":\"responsiveWebsite\",\"42\":\"\",\"34\":\"\"}}', '2016-02-26 10:48:09', '2016-02-26 10:48:09', 'cb9f1d1b-5fae-4d4e-a233-380d460dd378'),
 ('16', '10', '3', '1', 'en_us', '6', '', '{\"typeId\":\"3\",\"authorId\":\"1\",\"title\":\"Orangina global website\",\"slug\":\"orangina\",\"postDate\":1456411320,\"expiryDate\":null,\"enabled\":1,\"parentId\":null,\"fields\":{\"3\":{\"12\":{\"type\":\"textFullWidth\",\"enabled\":\"1\",\"fields\":{\"body\":\"Orangina refreshed their brand identity Achtung!\\/Kraftwerk wastasked to extend their newbrand identity to a fresh online experience. \",\"backgroundColor\":\"#ffffff\"}},\"new1\":{\"type\":\"largeImage\",\"enabled\":\"1\",\"fields\":{\"image\":[\"13\"],\"backgroundImage\":\"\",\"backgroundColor\":\"#000000\"}}},\"41\":\"Orangina\",\"31\":\"\",\"40\":\"\",\"39\":\"A quirky new online appearance for a soda brand \",\"36\":\"\",\"43\":\"responsiveWebsite\",\"42\":\"\",\"34\":\"\"}}', '2016-02-26 11:34:33', '2016-02-26 11:34:33', '5bbd0d0e-b0b7-4927-badb-0491db548617'),
 ('17', '10', '3', '1', 'en_us', '7', '', '{\"typeId\":\"3\",\"authorId\":\"1\",\"title\":\"Orangina global website\",\"slug\":\"orangina\",\"postDate\":1456411320,\"expiryDate\":null,\"enabled\":1,\"parentId\":null,\"fields\":{\"3\":{\"12\":{\"type\":\"textFullWidth\",\"enabled\":\"1\",\"fields\":{\"body\":\"Orangina refreshed their brand identity Achtung!\\/Kraftwerk wastasked to extend their newbrand identity to a fresh online experience. \",\"backgroundColor\":\"#ffffff\"}},\"14\":{\"type\":\"largeImage\",\"enabled\":\"1\",\"fields\":{\"image\":[\"13\"],\"backgroundImage\":\"\",\"backgroundColor\":\"#000000\"}}},\"41\":\"Orangina\",\"31\":\"\",\"40\":\"\",\"39\":\"A quirky new online appearance for a soda brand \",\"36\":\"\",\"43\":\"responsiveWebsite\",\"42\":\"\",\"34\":\"\"}}', '2016-02-26 12:15:20', '2016-02-26 12:15:20', 'd6053f1a-6a70-4ce5-ab4a-85a5c5560199'),
 ('18', '10', '3', '1', 'en_us', '8', '', '{\"typeId\":\"3\",\"authorId\":\"1\",\"title\":\"Orangina global website\",\"slug\":\"orangina\",\"postDate\":1456411320,\"expiryDate\":null,\"enabled\":1,\"parentId\":null,\"fields\":{\"3\":{\"12\":{\"type\":\"textFullWidth\",\"enabled\":\"1\",\"fields\":{\"body\":\"Orangina refreshed their brand identity Achtung!\\/Kraftwerk wastasked to extend their newbrand identity to a fresh online experience. \",\"backgroundColor\":\"#ffffff\"}},\"14\":{\"type\":\"largeImage\",\"enabled\":\"1\",\"fields\":{\"image\":[\"13\"],\"backgroundImage\":\"\",\"backgroundColor\":\"#000000\"}}},\"41\":\"Orangina\",\"31\":\"\",\"40\":\"\",\"39\":\"A quirky new online appearance for a soda brand \",\"36\":\"\",\"43\":\"responsiveWebsite\",\"42\":\"\",\"34\":\"\"}}', '2016-02-26 12:34:45', '2016-02-26 12:34:45', 'dbe7867d-67eb-44e5-8192-30b0b65ec737'),
 ('19', '10', '3', '1', 'en_us', '9', '', '{\"typeId\":\"3\",\"authorId\":\"1\",\"title\":\"Orangina global website\",\"slug\":\"orangina\",\"postDate\":1456411320,\"expiryDate\":null,\"enabled\":1,\"parentId\":null,\"fields\":{\"3\":{\"12\":{\"type\":\"textFullWidth\",\"enabled\":\"1\",\"fields\":{\"body\":\"Orangina refreshed their brand identity Achtung!\\/Kraftwerk wastasked to extend their newbrand identity to a fresh online experience. \",\"backgroundColor\":\"#ffffff\"}},\"14\":{\"type\":\"largeImage\",\"enabled\":\"1\",\"fields\":{\"image\":[\"13\"],\"backgroundImage\":\"\",\"backgroundColor\":\"#000000\"}}},\"41\":\"Orangina\",\"31\":\"\",\"40\":\"\",\"39\":\"A quirky new online appearance for a soda brand \",\"36\":\"\",\"43\":\"responsiveWebsite\",\"42\":\"\",\"34\":\"\"}}', '2016-02-26 12:42:22', '2016-02-26 12:42:22', 'd7fd81a9-de52-4af3-9955-a40fab8a327d'),
 ('20', '10', '3', '1', 'en_us', '10', '', '{\"typeId\":\"3\",\"authorId\":\"1\",\"title\":\"Orangina global website\",\"slug\":\"orangina\",\"postDate\":1456411320,\"expiryDate\":null,\"enabled\":1,\"parentId\":null,\"fields\":{\"3\":{\"12\":{\"type\":\"textFullWidth\",\"enabled\":\"1\",\"fields\":{\"body\":\"Orangina refreshed their brand identity Achtung!\\/Kraftwerk wastasked to extend their newbrand identity to a fresh online experience. \",\"backgroundColor\":\"#ffffff\"}},\"14\":{\"type\":\"largeImage\",\"enabled\":\"1\",\"fields\":{\"image\":[\"13\"],\"backgroundImage\":\"\",\"backgroundColor\":\"#000000\"}}},\"41\":\"Orangina\",\"31\":\"\",\"40\":\"\",\"39\":\"A quirky new online appearance for a soda brand \",\"36\":\"\",\"43\":\"responsiveWebsite\",\"42\":\"\",\"34\":\"\"}}', '2016-02-26 12:43:23', '2016-02-26 12:43:23', '5d6d8168-4460-460f-a328-805c623f402c'),
 ('21', '10', '3', '1', 'en_us', '11', '', '{\"typeId\":\"3\",\"authorId\":\"1\",\"title\":\"Orangina global website\",\"slug\":\"orangina\",\"postDate\":1456411320,\"expiryDate\":null,\"enabled\":1,\"parentId\":null,\"fields\":{\"3\":{\"12\":{\"type\":\"textFullWidth\",\"enabled\":\"1\",\"fields\":{\"body\":\"Orangina refreshed their brand identity Achtung!\\/Kraftwerk wastasked to extend their newbrand identity to a fresh online experience. \",\"backgroundColor\":\"#ffffff\"}},\"14\":{\"type\":\"largeImage\",\"enabled\":\"1\",\"fields\":{\"image\":[\"13\"],\"backgroundImage\":[\"13\"],\"backgroundColor\":\"#000000\"}}},\"41\":\"Orangina\",\"31\":\"\",\"40\":\"\",\"39\":\"A quirky new online appearance for a soda brand \",\"36\":\"\",\"43\":\"responsiveWebsite\",\"42\":\"\",\"34\":\"\"}}', '2016-02-26 12:59:26', '2016-02-26 12:59:26', '936695d7-d176-4d13-9661-aea7455692df'),
 ('22', '10', '3', '1', 'en_us', '12', '', '{\"typeId\":\"3\",\"authorId\":\"1\",\"title\":\"Orangina global website\",\"slug\":\"orangina\",\"postDate\":1456411320,\"expiryDate\":null,\"enabled\":1,\"parentId\":null,\"fields\":{\"3\":{\"12\":{\"type\":\"textFullWidth\",\"enabled\":\"1\",\"fields\":{\"body\":\"Orangina refreshed their brand identity Achtung!\\/Kraftwerk wastasked to extend their newbrand identity to a fresh online experience. \",\"backgroundColor\":\"#ffffff\"}},\"14\":{\"type\":\"largeImage\",\"enabled\":\"1\",\"fields\":{\"image\":[\"13\"],\"backgroundImage\":[\"16\"],\"backgroundColor\":\"#000000\"}}},\"41\":\"Orangina\",\"31\":\"\",\"40\":\"\",\"39\":\"A quirky new online appearance for a soda brand \",\"36\":\"\",\"43\":\"responsiveWebsite\",\"42\":\"\",\"34\":\"\"}}', '2016-02-26 13:20:41', '2016-02-26 13:20:41', 'a84a20cc-9ffa-4c36-aabc-e7cd475a4511'),
 ('23', '10', '3', '1', 'en_us', '13', '', '{\"typeId\":\"3\",\"authorId\":\"1\",\"title\":\"Orangina global website\",\"slug\":\"orangina\",\"postDate\":1456411320,\"expiryDate\":null,\"enabled\":1,\"parentId\":null,\"fields\":{\"3\":{\"12\":{\"type\":\"textFullWidth\",\"enabled\":\"1\",\"fields\":{\"body\":\"Orangina refreshed their brand identity Achtung!\\/Kraftwerk wastasked to extend their newbrand identity to a fresh online experience. \",\"backgroundColor\":\"#ffffff\"}},\"14\":{\"type\":\"largeImage\",\"enabled\":\"1\",\"fields\":{\"image\":[\"13\"],\"backgroundImage\":[\"16\"],\"backgroundColor\":\"#000000\"}},\"new1\":{\"type\":\"textTwoColumns\",\"enabled\":\"1\",\"fields\":{\"heading\":\"Strategy, Concept & UX\",\"intro\":\"The content of the new Orangina website was meantto be kept simple serving a few main purposes.\",\"body\":\"In general there were two main obectives, informing people about the available range of Orangina products and telling them about the history of Orangina as a brand. The homepage would then serve as a hub to these two objectives, as well as to the Orangina social channels.\",\"backgroundColor\":\"#fda519\"}}},\"41\":\"Orangina\",\"31\":\"\",\"40\":\"\",\"39\":\"A quirky new online appearance for a soda brand \",\"36\":\"\",\"43\":\"responsiveWebsite\",\"42\":\"\",\"34\":\"\"}}', '2016-02-26 13:29:08', '2016-02-26 13:29:08', 'b1a17ac7-68ea-4fef-9818-bd29c64083a3'),
 ('24', '10', '3', '1', 'en_us', '14', '', '{\"typeId\":\"3\",\"authorId\":\"1\",\"title\":\"Orangina global website\",\"slug\":\"orangina\",\"postDate\":1456411320,\"expiryDate\":null,\"enabled\":1,\"parentId\":null,\"fields\":{\"3\":{\"12\":{\"type\":\"textFullWidth\",\"enabled\":\"1\",\"fields\":{\"body\":\"Orangina refreshed their brand identity Achtung!\\/Kraftwerk wastasked to extend their newbrand identity to a fresh online experience. \",\"textColor\":\"#000000\",\"backgroundColor\":\"#ffffff\"}},\"14\":{\"type\":\"largeImage\",\"enabled\":\"1\",\"fields\":{\"image\":[\"13\"],\"backgroundImage\":[\"16\"],\"backgroundColor\":\"#000000\"}},\"17\":{\"type\":\"textTwoColumns\",\"enabled\":\"1\",\"fields\":{\"heading\":\"Strategy, Concept & UX\",\"intro\":\"The content of the new Orangina website was meantto be kept simple serving a few main purposes.\",\"body\":\"In general there were two main obectives, informing people about the available range of Orangina products and telling them about the history of Orangina as a brand. The homepage would then serve as a hub to these two objectives, as well as to the Orangina social channels.\",\"textColor\":\"#ffffff\",\"backgroundColor\":\"#fda519\"}}},\"41\":\"Orangina\",\"31\":\"\",\"40\":\"\",\"39\":\"A quirky new online appearance for a soda brand \",\"36\":\"\",\"43\":\"responsiveWebsite\",\"42\":\"\",\"34\":\"\"}}', '2016-02-26 13:39:28', '2016-02-26 13:39:28', 'dfba6fcf-b661-46a9-ad68-e79753b21582'),
 ('25', '10', '3', '1', 'en_us', '15', '', '{\"typeId\":\"3\",\"authorId\":\"1\",\"title\":\"Orangina global website\",\"slug\":\"orangina\",\"postDate\":1456411320,\"expiryDate\":null,\"enabled\":1,\"parentId\":null,\"fields\":{\"3\":{\"12\":{\"type\":\"textFullWidth\",\"enabled\":\"1\",\"fields\":{\"body\":\"Orangina refreshed their brand identity Achtung!\\/Kraftwerk wastasked to extend their newbrand identity to a fresh online experience. \",\"textColor\":\"#000000\",\"backgroundColor\":\"#ffffff\"}},\"14\":{\"type\":\"largeImage\",\"enabled\":\"1\",\"fields\":{\"image\":[\"13\"],\"backgroundImage\":[\"16\"],\"backgroundColor\":\"#000000\"}},\"17\":{\"type\":\"textTwoColumns\",\"enabled\":\"1\",\"fields\":{\"heading\":\"Strategy, Concept & UX\",\"intro\":\"The content of the new Orangina website was meantto be kept simple serving a few main purposes.\",\"body\":\"In general there were two main obectives, informing people about the available range of Orangina products and telling them about the history of Orangina as a brand. The homepage would then serve as a hub to these two objectives, as well as to the Orangina social channels.\",\"textColor\":\"#ffffff\",\"backgroundColor\":\"#fda519\"}},\"new1\":{\"type\":\"video\",\"enabled\":\"1\",\"fields\":{\"coverImage\":\"\",\"video\":[\"18\"],\"backgroundColor\":\"#ffa600\"}}},\"41\":\"Orangina\",\"31\":\"\",\"40\":\"\",\"39\":\"A quirky new online appearance for a soda brand \",\"36\":\"\",\"43\":\"responsiveWebsite\",\"42\":\"\",\"34\":\"\"}}', '2016-02-26 13:53:26', '2016-02-26 13:53:26', '1ea55b9b-64f0-4365-a43d-3d86ed39292e'),
 ('26', '10', '3', '1', 'en_us', '16', '', '{\"typeId\":\"3\",\"authorId\":\"1\",\"title\":\"Orangina global website\",\"slug\":\"orangina\",\"postDate\":1456411320,\"expiryDate\":null,\"enabled\":1,\"parentId\":null,\"fields\":{\"3\":{\"12\":{\"type\":\"textFullWidth\",\"enabled\":\"1\",\"fields\":{\"body\":\"Orangina refreshed their brand identity Achtung!\\/Kraftwerk wastasked to extend their newbrand identity to a fresh online experience. \",\"textColor\":\"#000000\",\"backgroundColor\":\"#ffffff\"}},\"14\":{\"type\":\"largeImage\",\"enabled\":\"1\",\"fields\":{\"image\":[\"13\"],\"backgroundImage\":[\"16\"],\"backgroundColor\":\"#000000\"}},\"17\":{\"type\":\"textTwoColumns\",\"enabled\":\"1\",\"fields\":{\"heading\":\"Strategy, Concept & UX\",\"intro\":\"The content of the new Orangina website was meantto be kept simple serving a few main purposes.\",\"body\":\"In general there were two main obectives, informing people about the available range of Orangina products and telling them about the history of Orangina as a brand. The homepage would then serve as a hub to these two objectives, as well as to the Orangina social channels.\",\"textColor\":\"#ffffff\",\"backgroundColor\":\"#fda519\"}},\"19\":{\"type\":\"video\",\"enabled\":\"1\",\"fields\":{\"coverImage\":\"\",\"video\":[\"18\"],\"backgroundColor\":\"#ffa600\"}},\"new1\":{\"type\":\"textTwoColumns\",\"enabled\":\"1\",\"fields\":{\"heading\":\"Design elements\",\"intro\":\"Colors for the Orangina website were besides the brand\\u2019s Blue and Yellow, based on the labels of the different flavours. \",\"body\":\"\",\"textColor\":\"#000000\",\"backgroundColor\":\"#000000\"}}},\"41\":\"Orangina\",\"31\":\"\",\"40\":\"\",\"39\":\"A quirky new online appearance for a soda brand \",\"36\":\"\",\"43\":\"responsiveWebsite\",\"42\":\"\",\"34\":\"\"}}', '2016-02-26 14:02:48', '2016-02-26 14:02:48', '0fae07e1-60f2-4d35-8da7-a650d405bd62'),
 ('27', '10', '3', '1', 'en_us', '17', '', '{\"typeId\":\"3\",\"authorId\":\"1\",\"title\":\"Orangina global website\",\"slug\":\"orangina\",\"postDate\":1456411320,\"expiryDate\":null,\"enabled\":1,\"parentId\":null,\"fields\":{\"3\":{\"12\":{\"type\":\"textFullWidth\",\"enabled\":\"1\",\"fields\":{\"body\":\"Orangina refreshed their brand identity Achtung!\\/Kraftwerk wastasked to extend their newbrand identity to a fresh online experience. \",\"textColor\":\"#000000\",\"backgroundColor\":\"#ffffff\"}},\"14\":{\"type\":\"largeImage\",\"enabled\":\"1\",\"fields\":{\"image\":[\"13\"],\"backgroundImage\":[\"16\"],\"backgroundColor\":\"#000000\"}},\"17\":{\"type\":\"textTwoColumns\",\"enabled\":\"1\",\"fields\":{\"heading\":\"Strategy, Concept & UX\",\"intro\":\"The content of the new Orangina website was meantto be kept simple serving a few main purposes.\",\"body\":\"In general there were two main obectives, informing people about the available range of Orangina products and telling them about the history of Orangina as a brand. The homepage would then serve as a hub to these two objectives, as well as to the Orangina social channels.\",\"textColor\":\"#ffffff\",\"backgroundColor\":\"#fda519\"}},\"19\":{\"type\":\"video\",\"enabled\":\"1\",\"fields\":{\"coverImage\":\"\",\"video\":[\"18\"],\"backgroundColor\":\"#ffa600\"}},\"20\":{\"type\":\"textTwoColumns\",\"enabled\":\"1\",\"fields\":{\"heading\":\"Design elements\",\"intro\":\"Colors for the Orangina website were besides the brand\\u2019s Blue and Yellow, based on the labels of the different flavours. \",\"body\":\"\",\"textColor\":\"#000000\",\"backgroundColor\":\"#ffffff\"}}},\"41\":\"Orangina\",\"31\":\"\",\"40\":\"\",\"39\":\"A quirky new online appearance for a soda brand \",\"36\":\"\",\"43\":\"responsiveWebsite\",\"42\":\"\",\"34\":\"\"}}', '2016-02-26 14:03:04', '2016-02-26 14:03:04', 'a0aabc5e-5817-4243-a8c8-535b64d63fd3'),
 ('28', '10', '3', '1', 'en_us', '18', '', '{\"typeId\":\"3\",\"authorId\":\"1\",\"title\":\"Orangina global website\",\"slug\":\"orangina\",\"postDate\":1456411320,\"expiryDate\":null,\"enabled\":1,\"parentId\":null,\"fields\":{\"3\":{\"12\":{\"type\":\"textFullWidth\",\"enabled\":\"1\",\"fields\":{\"body\":\"Orangina refreshed their brand identity Achtung!\\/Kraftwerk wastasked to extend their newbrand identity to a fresh online experience. \",\"textColor\":\"#000000\",\"backgroundColor\":\"#ffffff\"}},\"14\":{\"type\":\"largeImage\",\"enabled\":\"1\",\"fields\":{\"image\":[\"13\"],\"backgroundImage\":[\"16\"],\"backgroundColor\":\"#000000\"}},\"17\":{\"type\":\"textTwoColumns\",\"enabled\":\"1\",\"fields\":{\"heading\":\"Strategy, Concept & UX\",\"intro\":\"The content of the new Orangina website was meantto be kept simple serving a few main purposes.\",\"body\":\"In general there were two main obectives, informing people about the available range of Orangina products and telling them about the history of Orangina as a brand. The homepage would then serve as a hub to these two objectives, as well as to the Orangina social channels.\",\"textColor\":\"#ffffff\",\"backgroundColor\":\"#fda519\"}},\"19\":{\"type\":\"video\",\"enabled\":\"1\",\"fields\":{\"coverImage\":\"\",\"video\":[\"18\"],\"backgroundColor\":\"#ffa600\"}},\"20\":{\"type\":\"textTwoColumns\",\"enabled\":\"1\",\"fields\":{\"heading\":\"Design elements\",\"intro\":\"Colors for the Orangina website were besides the brand\\u2019s Blue and Yellow, based on the labels of the different flavours. \",\"body\":\"\",\"textColor\":\"#000000\",\"backgroundColor\":\"#ffffff\"}},\"new1\":{\"type\":\"largeImage\",\"enabled\":\"1\",\"fields\":{\"image\":[\"21\"],\"backgroundImage\":\"\",\"backgroundColor\":\"#ffffff\"}}},\"41\":\"Orangina\",\"31\":\"\",\"40\":\"\",\"39\":\"A quirky new online appearance for a soda brand \",\"36\":\"\",\"43\":\"responsiveWebsite\",\"42\":\"\",\"34\":\"\"}}', '2016-02-26 14:08:10', '2016-02-26 14:08:10', '80c9f5d1-11c6-4009-bc5c-576d102980d2'),
 ('29', '10', '3', '1', 'en_us', '19', '', '{\"typeId\":\"3\",\"authorId\":\"1\",\"title\":\"Orangina global website\",\"slug\":\"orangina\",\"postDate\":1456411320,\"expiryDate\":null,\"enabled\":1,\"parentId\":null,\"fields\":{\"3\":{\"12\":{\"type\":\"textFullWidth\",\"enabled\":\"1\",\"fields\":{\"body\":\"Orangina refreshed their brand identity Achtung!\\/Kraftwerk wastasked to extend their newbrand identity to a fresh online experience. \",\"textColor\":\"#000000\",\"backgroundColor\":\"#ffffff\"}},\"14\":{\"type\":\"largeImage\",\"enabled\":\"1\",\"fields\":{\"image\":[\"13\"],\"backgroundImage\":[\"16\"],\"backgroundColor\":\"#000000\"}},\"17\":{\"type\":\"textTwoColumns\",\"enabled\":\"1\",\"fields\":{\"heading\":\"Strategy, Concept & UX\",\"intro\":\"The content of the new Orangina website was meantto be kept simple serving a few main purposes.\",\"body\":\"In general there were two main obectives, informing people about the available range of Orangina products and telling them about the history of Orangina as a brand. The homepage would then serve as a hub to these two objectives, as well as to the Orangina social channels.\",\"textColor\":\"#ffffff\",\"backgroundColor\":\"#fda519\"}},\"19\":{\"type\":\"video\",\"enabled\":\"1\",\"fields\":{\"coverImage\":\"\",\"video\":[\"18\"],\"backgroundColor\":\"#ffa600\"}},\"20\":{\"type\":\"textTwoColumns\",\"enabled\":\"1\",\"fields\":{\"heading\":\"Design elements\",\"intro\":\"Colors for the Orangina website were besides the brand\\u2019s Blue and Yellow, based on the labels of the different flavours. \",\"body\":\"\",\"textColor\":\"#000000\",\"backgroundColor\":\"#ffffff\"}},\"22\":{\"type\":\"largeImage\",\"enabled\":\"1\",\"fields\":{\"image\":[\"21\"],\"backgroundImage\":\"\",\"backgroundColor\":\"#ffffff\"}},\"new1\":{\"type\":\"textWithImage\",\"enabled\":\"1\",\"fields\":{\"heading\":\"Iconography\",\"intro\":\"To add on the playfull, quirky identity of Orangina, we created an iconset that was used throughout the website.\",\"body\":\"Our hands on mentality can be found throughout the whole process. We bring ideas to life early. We prototype to keep improving along the way. \",\"image\":\"\",\"textColor\":\"#000000\",\"backgroundColor\":\"#ffffff\",\"imagePosition\":\"left\"}}},\"41\":\"Orangina\",\"31\":\"\",\"40\":\"\",\"39\":\"A quirky new online appearance for a soda brand \",\"36\":\"\",\"43\":\"responsiveWebsite\",\"42\":\"\",\"34\":\"\"}}', '2016-02-26 14:13:03', '2016-02-26 14:13:03', '0cfafbdb-97a8-4a5a-8c52-f61abfd37356'),
 ('30', '10', '3', '1', 'en_us', '20', '', '{\"typeId\":\"3\",\"authorId\":\"1\",\"title\":\"Orangina global website\",\"slug\":\"orangina\",\"postDate\":1456411320,\"expiryDate\":null,\"enabled\":1,\"parentId\":null,\"fields\":{\"3\":{\"12\":{\"type\":\"textFullWidth\",\"enabled\":\"1\",\"fields\":{\"body\":\"Orangina refreshed their brand identity Achtung!\\/Kraftwerk wastasked to extend their newbrand identity to a fresh online experience. \",\"textColor\":\"#000000\",\"backgroundColor\":\"#ffffff\"}},\"14\":{\"type\":\"largeImage\",\"enabled\":\"1\",\"fields\":{\"image\":[\"13\"],\"backgroundImage\":[\"16\"],\"backgroundColor\":\"#000000\"}},\"17\":{\"type\":\"textTwoColumns\",\"enabled\":\"1\",\"fields\":{\"heading\":\"Strategy, Concept & UX\",\"intro\":\"The content of the new Orangina website was meantto be kept simple serving a few main purposes.\",\"body\":\"In general there were two main obectives, informing people about the available range of Orangina products and telling them about the history of Orangina as a brand. The homepage would then serve as a hub to these two objectives, as well as to the Orangina social channels.\",\"textColor\":\"#ffffff\",\"backgroundColor\":\"#fda519\"}},\"19\":{\"type\":\"video\",\"enabled\":\"1\",\"fields\":{\"coverImage\":\"\",\"video\":[\"18\"],\"backgroundColor\":\"#ffa600\"}},\"20\":{\"type\":\"textTwoColumns\",\"enabled\":\"1\",\"fields\":{\"heading\":\"Design elements\",\"intro\":\"Colors for the Orangina website were besides the brand\\u2019s Blue and Yellow, based on the labels of the different flavours. \",\"body\":\"\",\"textColor\":\"#000000\",\"backgroundColor\":\"#ffffff\"}},\"22\":{\"type\":\"largeImage\",\"enabled\":\"1\",\"fields\":{\"image\":[\"21\"],\"backgroundImage\":\"\",\"backgroundColor\":\"#ffffff\"}},\"23\":{\"type\":\"textWithImage\",\"enabled\":\"1\",\"fields\":{\"heading\":\"Iconography\",\"intro\":\"To add on the playfull, quirky identity of Orangina, we created an iconset that was used throughout the website.\",\"body\":\"Our hands on mentality can be found throughout the whole process. We bring ideas to life early. We prototype to keep improving along the way. \",\"image\":\"\",\"textColor\":\"#000000\",\"backgroundColor\":\"#ffffff\",\"imagePosition\":\"left\"}}},\"41\":\"Orangina\",\"31\":\"\",\"40\":\"\",\"39\":\"A quirky new online appearance for a soda brand \",\"36\":\"\",\"43\":\"responsiveWebsite\",\"42\":\"\",\"34\":\"\"}}', '2016-02-26 14:14:11', '2016-02-26 14:14:11', '70c599bb-e15b-4926-bb6c-13454c8b5d3a'),
 ('31', '10', '3', '1', 'en_us', '21', '', '{\"typeId\":\"3\",\"authorId\":\"1\",\"title\":\"Orangina global website\",\"slug\":\"orangina\",\"postDate\":1456411320,\"expiryDate\":null,\"enabled\":1,\"parentId\":null,\"fields\":{\"3\":{\"12\":{\"type\":\"textFullWidth\",\"enabled\":\"1\",\"fields\":{\"body\":\"Orangina refreshed their brand identity Achtung!\\/Kraftwerk wastasked to extend their newbrand identity to a fresh online experience. \",\"textColor\":\"#000000\",\"backgroundColor\":\"#ffffff\"}},\"14\":{\"type\":\"largeImage\",\"enabled\":\"1\",\"fields\":{\"image\":[\"13\"],\"backgroundImage\":[\"16\"],\"backgroundColor\":\"#000000\"}},\"17\":{\"type\":\"textTwoColumns\",\"enabled\":\"1\",\"fields\":{\"heading\":\"Strategy, Concept & UX\",\"intro\":\"The content of the new Orangina website was meantto be kept simple serving a few main purposes.\",\"body\":\"In general there were two main obectives, informing people about the available range of Orangina products and telling them about the history of Orangina as a brand. The homepage would then serve as a hub to these two objectives, as well as to the Orangina social channels.\",\"textColor\":\"#ffffff\",\"backgroundColor\":\"#fda519\"}},\"19\":{\"type\":\"video\",\"enabled\":\"1\",\"fields\":{\"coverImage\":\"\",\"video\":[\"18\"],\"backgroundColor\":\"#ffa600\"}},\"20\":{\"type\":\"textTwoColumns\",\"enabled\":\"1\",\"fields\":{\"heading\":\"Design elements\",\"intro\":\"Colors for the Orangina website were besides the brand\\u2019s Blue and Yellow, based on the labels of the different flavours. \",\"body\":\"\",\"textColor\":\"#000000\",\"backgroundColor\":\"#ffffff\"}},\"22\":{\"type\":\"largeImage\",\"enabled\":\"1\",\"fields\":{\"image\":[\"21\"],\"backgroundImage\":\"\",\"backgroundColor\":\"#ffffff\"}},\"23\":{\"type\":\"textWithImage\",\"enabled\":\"1\",\"fields\":{\"heading\":\"Iconography\",\"intro\":\"To add on the playfull, quirky identity of Orangina, we created an iconset that was used throughout the website.\",\"body\":\"Our hands on mentality can be found throughout the whole process. We bring ideas to life early. We prototype to keep improving along the way. \",\"image\":\"\",\"textColor\":\"#000000\",\"backgroundColor\":\"#ffffff\",\"imagePosition\":\"left\"}}},\"41\":\"Orangina\",\"31\":\"\",\"40\":\"\",\"39\":\"A quirky new online appearance for a soda brand \",\"36\":\"\",\"43\":\"responsiveWebsite\",\"42\":\"\",\"34\":\"\"}}', '2016-02-29 09:22:55', '2016-02-29 09:22:55', '42c7d36b-7551-414a-9db0-0ca85bec7aa8'),
 ('32', '10', '3', '1', 'en_us', '22', '', '{\"typeId\":\"3\",\"authorId\":\"1\",\"title\":\"Orangina global website\",\"slug\":\"orangina\",\"postDate\":1456411320,\"expiryDate\":null,\"enabled\":1,\"parentId\":null,\"fields\":{\"3\":{\"12\":{\"type\":\"textFullWidth\",\"enabled\":\"1\",\"fields\":{\"body\":\"Orangina refreshed their brand identity Achtung!\\/Kraftwerk wastasked to extend their newbrand identity to a fresh online experience. \",\"textColor\":\"#000000\",\"backgroundColor\":\"#ffffff\"}},\"14\":{\"type\":\"largeImage\",\"enabled\":\"1\",\"fields\":{\"image\":[\"13\"],\"backgroundImage\":[\"16\"],\"backgroundColor\":\"#000000\"}},\"17\":{\"type\":\"textTwoColumns\",\"enabled\":\"1\",\"fields\":{\"heading\":\"Strategy, Concept & UX\",\"intro\":\"The content of the new Orangina website was meantto be kept simple serving a few main purposes.\",\"body\":\"In general there were two main obectives, informing people about the available range of Orangina products and telling them about the history of Orangina as a brand. The homepage would then serve as a hub to these two objectives, as well as to the Orangina social channels.\",\"textColor\":\"#ffffff\",\"backgroundColor\":\"#fda519\"}},\"19\":{\"type\":\"video\",\"enabled\":\"1\",\"fields\":{\"coverImage\":\"\",\"video\":[\"18\"],\"backgroundColor\":\"#ffa600\"}},\"20\":{\"type\":\"textTwoColumns\",\"enabled\":\"1\",\"fields\":{\"heading\":\"Design elements\",\"intro\":\"Colors for the Orangina website were besides the brand\\u2019s Blue and Yellow, based on the labels of the different flavours. \",\"body\":\"\",\"textColor\":\"#000000\",\"backgroundColor\":\"#ffffff\"}},\"22\":{\"type\":\"largeImage\",\"enabled\":\"1\",\"fields\":{\"image\":[\"21\"],\"backgroundImage\":\"\",\"backgroundColor\":\"#ffffff\"}},\"23\":{\"type\":\"textWithImage\",\"enabled\":\"1\",\"fields\":{\"heading\":\"Iconography\",\"intro\":\"To add on the playfull, quirky identity of Orangina, we created an iconset that was used throughout the website.\",\"body\":\"Our hands on mentality can be found throughout the whole process. We bring ideas to life early. We prototype to keep improving along the way. \",\"image\":[\"24\"],\"textColor\":\"#000000\",\"backgroundColor\":\"#ffffff\",\"imagePosition\":\"left\"}}},\"41\":\"Orangina\",\"31\":\"\",\"40\":\"\",\"39\":\"A quirky new online appearance for a soda brand \",\"36\":\"\",\"43\":\"responsiveWebsite\",\"42\":\"\",\"34\":\"\"}}', '2016-02-29 09:29:05', '2016-02-29 09:29:05', '4207d07c-287c-4e14-9f37-dcff9c0abdb6'),
 ('33', '10', '3', '1', 'en_us', '23', '', '{\"typeId\":\"3\",\"authorId\":\"1\",\"title\":\"Orangina global website\",\"slug\":\"orangina\",\"postDate\":1456411320,\"expiryDate\":null,\"enabled\":1,\"parentId\":null,\"fields\":{\"3\":{\"12\":{\"type\":\"textFullWidth\",\"enabled\":\"1\",\"fields\":{\"body\":\"Orangina refreshed their brand identity Achtung!\\/Kraftwerk wastasked to extend their newbrand identity to a fresh online experience. \",\"textColor\":\"#000000\",\"backgroundColor\":\"#ffffff\"}},\"14\":{\"type\":\"largeImage\",\"enabled\":\"1\",\"fields\":{\"image\":[\"13\"],\"backgroundImage\":[\"16\"],\"backgroundColor\":\"#000000\"}},\"17\":{\"type\":\"textTwoColumns\",\"enabled\":\"1\",\"fields\":{\"heading\":\"Strategy, Concept & UX\",\"intro\":\"The content of the new Orangina website was meantto be kept simple serving a few main purposes.\",\"body\":\"In general there were two main obectives, informing people about the available range of Orangina products and telling them about the history of Orangina as a brand. The homepage would then serve as a hub to these two objectives, as well as to the Orangina social channels.\",\"textColor\":\"#ffffff\",\"backgroundColor\":\"#fda519\"}},\"19\":{\"type\":\"video\",\"enabled\":\"1\",\"fields\":{\"coverImage\":\"\",\"video\":[\"18\"],\"backgroundColor\":\"#ffa600\"}},\"20\":{\"type\":\"textTwoColumns\",\"enabled\":\"1\",\"fields\":{\"heading\":\"Design elements\",\"intro\":\"Colors for the Orangina website were besides the brand\\u2019s Blue and Yellow, based on the labels of the different flavours. \",\"body\":\"\",\"textColor\":\"#000000\",\"backgroundColor\":\"#ffffff\"}},\"22\":{\"type\":\"largeImage\",\"enabled\":\"1\",\"fields\":{\"image\":[\"21\"],\"backgroundImage\":\"\",\"backgroundColor\":\"#ffffff\"}},\"23\":{\"type\":\"textWithImage\",\"enabled\":\"1\",\"fields\":{\"heading\":\"Iconography\",\"intro\":\"To add on the playfull, quirky identity of Orangina, we created an iconset that was used throughout the website.\",\"body\":\"Our hands on mentality can be found throughout the whole process. We bring ideas to life early. We prototype to keep improving along the way. \",\"image\":[\"24\"],\"textColor\":\"#000000\",\"backgroundColor\":\"#ffffff\",\"imagePosition\":\"right\"}}},\"41\":\"Orangina\",\"31\":\"\",\"40\":\"\",\"39\":\"A quirky new online appearance for a soda brand \",\"36\":\"\",\"43\":\"responsiveWebsite\",\"42\":\"\",\"34\":\"\"}}', '2016-02-29 09:29:41', '2016-02-29 09:29:41', '1889cabf-b6c7-4aa9-b613-88e65d5fd685'),
 ('34', '10', '3', '1', 'en_us', '24', '', '{\"typeId\":\"3\",\"authorId\":\"1\",\"title\":\"Orangina global website\",\"slug\":\"orangina\",\"postDate\":1456411320,\"expiryDate\":null,\"enabled\":1,\"parentId\":null,\"fields\":{\"3\":{\"12\":{\"type\":\"textFullWidth\",\"enabled\":\"1\",\"fields\":{\"body\":\"Orangina refreshed their brand identity Achtung!\\/Kraftwerk wastasked to extend their newbrand identity to a fresh online experience. \",\"textColor\":\"#000000\",\"backgroundColor\":\"#ffffff\"}},\"14\":{\"type\":\"largeImage\",\"enabled\":\"1\",\"fields\":{\"image\":[\"13\"],\"backgroundImage\":[\"16\"],\"backgroundColor\":\"#000000\"}},\"17\":{\"type\":\"textTwoColumns\",\"enabled\":\"1\",\"fields\":{\"heading\":\"Strategy, Concept & UX\",\"intro\":\"The content of the new Orangina website was meantto be kept simple serving a few main purposes.\",\"body\":\"In general there were two main obectives, informing people about the available range of Orangina products and telling them about the history of Orangina as a brand. The homepage would then serve as a hub to these two objectives, as well as to the Orangina social channels.\",\"textColor\":\"#ffffff\",\"backgroundColor\":\"#fda519\"}},\"19\":{\"type\":\"video\",\"enabled\":\"1\",\"fields\":{\"coverImage\":\"\",\"video\":[\"18\"],\"backgroundColor\":\"#ffa600\"}},\"20\":{\"type\":\"textTwoColumns\",\"enabled\":\"1\",\"fields\":{\"heading\":\"Design elements\",\"intro\":\"Colors for the Orangina website were besides the brand\\u2019s Blue and Yellow, based on the labels of the different flavours. \",\"body\":\"\",\"textColor\":\"#000000\",\"backgroundColor\":\"#ffffff\"}},\"22\":{\"type\":\"largeImage\",\"enabled\":\"1\",\"fields\":{\"image\":[\"21\"],\"backgroundImage\":\"\",\"backgroundColor\":\"#ffffff\"}},\"23\":{\"type\":\"textWithImage\",\"enabled\":\"1\",\"fields\":{\"heading\":\"Iconography\",\"intro\":\"To add on the playfull, quirky identity of Orangina, we created an iconset that was used throughout the website.\",\"body\":\"Our hands on mentality can be found throughout the whole process. We bring ideas to life early. We prototype to keep improving along the way. \",\"image\":[\"24\"],\"textColor\":\"#000000\",\"backgroundColor\":\"#ffffff\",\"imagePosition\":\"right\"}},\"new1\":{\"type\":\"textTwoColumns\",\"enabled\":\"1\",\"fields\":{\"heading\":\"Final Designs\",\"intro\":\"The content of the new Orangina website was meantto be kept simple serving a few main purposes.\",\"body\":\"In general there were two main obectives, informing people about the available range of Orangina products and telling them about the history of Orangina as a brand. The homepage would then serve as a hub to these two objectives, as well as to the Orangina social channels.\",\"textColor\":\"#ffffff\",\"backgroundColor\":\"#092865\"}}},\"41\":\"Orangina\",\"31\":\"\",\"40\":\"\",\"39\":\"A quirky new online appearance for a soda brand \",\"36\":\"\",\"43\":\"responsiveWebsite\",\"42\":\"\",\"34\":\"\"}}', '2016-02-29 09:37:51', '2016-02-29 09:37:51', '5cb84c78-ab2b-4895-82ad-fb5cde1b8d53'),
 ('35', '10', '3', '1', 'en_us', '25', '', '{\"typeId\":\"3\",\"authorId\":\"1\",\"title\":\"Orangina global website\",\"slug\":\"orangina\",\"postDate\":1456411320,\"expiryDate\":null,\"enabled\":1,\"parentId\":null,\"fields\":{\"3\":{\"12\":{\"type\":\"textFullWidth\",\"enabled\":\"1\",\"fields\":{\"body\":\"Orangina refreshed their brand identity Achtung!\\/Kraftwerk wastasked to extend their newbrand identity to a fresh online experience. \",\"textColor\":\"#000000\",\"backgroundColor\":\"#ffffff\"}},\"14\":{\"type\":\"largeImage\",\"enabled\":\"1\",\"fields\":{\"image\":[\"13\"],\"backgroundImage\":[\"16\"],\"backgroundColor\":\"#000000\"}},\"17\":{\"type\":\"textTwoColumns\",\"enabled\":\"1\",\"fields\":{\"heading\":\"Strategy, Concept & UX\",\"intro\":\"The content of the new Orangina website was meantto be kept simple serving a few main purposes.\",\"body\":\"In general there were two main obectives, informing people about the available range of Orangina products and telling them about the history of Orangina as a brand. The homepage would then serve as a hub to these two objectives, as well as to the Orangina social channels.\",\"textColor\":\"#ffffff\",\"backgroundColor\":\"#fda519\"}},\"19\":{\"type\":\"video\",\"enabled\":\"1\",\"fields\":{\"coverImage\":\"\",\"video\":[\"18\"],\"backgroundColor\":\"#ffa600\"}},\"20\":{\"type\":\"textTwoColumns\",\"enabled\":\"1\",\"fields\":{\"heading\":\"Design elements\",\"intro\":\"Colors for the Orangina website were besides the brand\\u2019s Blue and Yellow, based on the labels of the different flavours. \",\"body\":\"\",\"textColor\":\"#000000\",\"backgroundColor\":\"#ffffff\"}},\"22\":{\"type\":\"largeImage\",\"enabled\":\"1\",\"fields\":{\"image\":[\"21\"],\"backgroundImage\":\"\",\"backgroundColor\":\"#ffffff\"}},\"23\":{\"type\":\"textWithImage\",\"enabled\":\"1\",\"fields\":{\"heading\":\"Iconography\",\"intro\":\"To add on the playfull, quirky identity of Orangina, we created an iconset that was used throughout the website.\",\"body\":\"Our hands on mentality can be found throughout the whole process. We bring ideas to life early. We prototype to keep improving along the way. \",\"image\":[\"24\"],\"textColor\":\"#000000\",\"backgroundColor\":\"#ffffff\",\"imagePosition\":\"right\"}},\"25\":{\"type\":\"textTwoColumns\",\"enabled\":\"1\",\"fields\":{\"heading\":\"Final Designs\",\"intro\":\"The content of the new Orangina website was meantto be kept simple serving a few main purposes.\",\"body\":\"In general there were two main obectives, informing people about the available range of Orangina products and telling them about the history of Orangina as a brand. The homepage would then serve as a hub to these two objectives, as well as to the Orangina social channels.\",\"textColor\":\"#ffffff\",\"backgroundColor\":\"#092865\"}},\"new1\":{\"type\":\"imageGallery\",\"enabled\":\"1\",\"fields\":{\"images\":[\"26\",\"28\",\"27\"],\"backgroundColor\":\"#092865\"}}},\"41\":\"Orangina\",\"31\":\"\",\"40\":\"\",\"39\":\"A quirky new online appearance for a soda brand \",\"36\":\"\",\"43\":\"responsiveWebsite\",\"42\":\"\",\"34\":\"\"}}', '2016-02-29 09:41:30', '2016-02-29 09:41:30', 'a34f0605-507b-47d4-bbd4-9b3811251aee'),
 ('36', '10', '3', '1', 'en_us', '26', '', '{\"typeId\":\"3\",\"authorId\":\"1\",\"title\":\"Orangina global website\",\"slug\":\"orangina\",\"postDate\":1456411320,\"expiryDate\":null,\"enabled\":1,\"parentId\":null,\"fields\":{\"3\":{\"12\":{\"type\":\"textFullWidth\",\"enabled\":\"1\",\"fields\":{\"body\":\"Orangina refreshed their brand identity Achtung!\\/Kraftwerk wastasked to extend their newbrand identity to a fresh online experience. \",\"textColor\":\"#000000\",\"backgroundColor\":\"#ffffff\"}},\"14\":{\"type\":\"largeImage\",\"enabled\":\"1\",\"fields\":{\"image\":[\"13\"],\"backgroundImage\":[\"16\"],\"backgroundColor\":\"#000000\"}},\"17\":{\"type\":\"textTwoColumns\",\"enabled\":\"1\",\"fields\":{\"heading\":\"Strategy, Concept & UX\",\"intro\":\"The content of the new Orangina website was meantto be kept simple serving a few main purposes.\",\"body\":\"In general there were two main obectives, informing people about the available range of Orangina products and telling them about the history of Orangina as a brand. The homepage would then serve as a hub to these two objectives, as well as to the Orangina social channels.\",\"textColor\":\"#ffffff\",\"backgroundColor\":\"#fda519\"}},\"19\":{\"type\":\"video\",\"enabled\":\"1\",\"fields\":{\"coverImage\":\"\",\"video\":[\"18\"],\"backgroundColor\":\"#ffa600\"}},\"20\":{\"type\":\"textTwoColumns\",\"enabled\":\"1\",\"fields\":{\"heading\":\"Design elements\",\"intro\":\"Colors for the Orangina website were besides the brand\\u2019s Blue and Yellow, based on the labels of the different flavours. \",\"body\":\"\",\"textColor\":\"#000000\",\"backgroundColor\":\"#ffffff\"}},\"22\":{\"type\":\"largeImage\",\"enabled\":\"1\",\"fields\":{\"image\":[\"21\"],\"backgroundImage\":\"\",\"backgroundColor\":\"#ffffff\"}},\"23\":{\"type\":\"textWithImage\",\"enabled\":\"1\",\"fields\":{\"heading\":\"Iconography\",\"intro\":\"To add on the playfull, quirky identity of Orangina, we created an iconset that was used throughout the website.\",\"body\":\"Our hands on mentality can be found throughout the whole process. We bring ideas to life early. We prototype to keep improving along the way. \",\"image\":[\"24\"],\"textColor\":\"#000000\",\"backgroundColor\":\"#ffffff\",\"imagePosition\":\"right\"}},\"25\":{\"type\":\"textTwoColumns\",\"enabled\":\"1\",\"fields\":{\"heading\":\"Final Designs\",\"intro\":\"The content of the new Orangina website was meantto be kept simple serving a few main purposes.\",\"body\":\"In general there were two main obectives, informing people about the available range of Orangina products and telling them about the history of Orangina as a brand. The homepage would then serve as a hub to these two objectives, as well as to the Orangina social channels.\",\"textColor\":\"#ffffff\",\"backgroundColor\":\"#092865\"}},\"29\":{\"type\":\"imageGallery\",\"enabled\":\"1\",\"fields\":{\"images\":[\"26\",\"28\",\"27\"],\"backgroundColor\":\"#092865\"}}},\"41\":\"Orangina\",\"31\":\"\",\"40\":\"\",\"39\":\"A quirky new online appearance for a soda brand \",\"36\":{\"new1\":{\"type\":\"honour\",\"enabled\":\"1\",\"fields\":{\"honorName\":\"FWA SOTD\",\"logo\":\"\"},\"collapsed\":\"\"}},\"43\":\"responsiveWebsite\",\"42\":\"\",\"34\":\"\"}}', '2016-02-29 09:51:11', '2016-02-29 09:51:11', 'f9a7375e-2742-402f-9e70-96220b7bb820'),
 ('37', '10', '3', '1', 'en_us', '27', '', '{\"typeId\":\"3\",\"authorId\":\"1\",\"title\":\"Orangina global website\",\"slug\":\"orangina\",\"postDate\":1456411320,\"expiryDate\":null,\"enabled\":1,\"parentId\":null,\"fields\":{\"3\":{\"12\":{\"type\":\"textFullWidth\",\"enabled\":\"1\",\"fields\":{\"body\":\"Orangina refreshed their brand identity Achtung!\\/Kraftwerk wastasked to extend their newbrand identity to a fresh online experience. \",\"textColor\":\"#000000\",\"backgroundColor\":\"#ffffff\"}},\"14\":{\"type\":\"largeImage\",\"enabled\":\"1\",\"fields\":{\"image\":[\"13\"],\"backgroundImage\":[\"16\"],\"backgroundColor\":\"#000000\"}},\"17\":{\"type\":\"textTwoColumns\",\"enabled\":\"1\",\"fields\":{\"heading\":\"Strategy, Concept & UX\",\"intro\":\"The content of the new Orangina website was meantto be kept simple serving a few main purposes.\",\"body\":\"In general there were two main obectives, informing people about the available range of Orangina products and telling them about the history of Orangina as a brand. The homepage would then serve as a hub to these two objectives, as well as to the Orangina social channels.\",\"textColor\":\"#ffffff\",\"backgroundColor\":\"#fda519\"}},\"19\":{\"type\":\"video\",\"enabled\":\"1\",\"fields\":{\"coverImage\":\"\",\"video\":[\"18\"],\"backgroundColor\":\"#ffa600\"}},\"20\":{\"type\":\"textTwoColumns\",\"enabled\":\"1\",\"fields\":{\"heading\":\"Design elements\",\"intro\":\"Colors for the Orangina website were besides the brand\\u2019s Blue and Yellow, based on the labels of the different flavours. \",\"body\":\"\",\"textColor\":\"#000000\",\"backgroundColor\":\"#ffffff\"}},\"22\":{\"type\":\"largeImage\",\"enabled\":\"1\",\"fields\":{\"image\":[\"21\"],\"backgroundImage\":\"\",\"backgroundColor\":\"#ffffff\"}},\"23\":{\"type\":\"textWithImage\",\"enabled\":\"1\",\"fields\":{\"heading\":\"Iconography\",\"intro\":\"To add on the playfull, quirky identity of Orangina, we created an iconset that was used throughout the website.\",\"body\":\"Our hands on mentality can be found throughout the whole process. We bring ideas to life early. We prototype to keep improving along the way. \",\"image\":[\"24\"],\"textColor\":\"#000000\",\"backgroundColor\":\"#ffffff\",\"imagePosition\":\"right\"}},\"25\":{\"type\":\"textTwoColumns\",\"enabled\":\"1\",\"fields\":{\"heading\":\"Final Designs\",\"intro\":\"The content of the new Orangina website was meantto be kept simple serving a few main purposes.\",\"body\":\"In general there were two main obectives, informing people about the available range of Orangina products and telling them about the history of Orangina as a brand. The homepage would then serve as a hub to these two objectives, as well as to the Orangina social channels.\",\"textColor\":\"#ffffff\",\"backgroundColor\":\"#092865\"}},\"29\":{\"type\":\"imageGallery\",\"enabled\":\"1\",\"fields\":{\"images\":[\"26\",\"28\",\"27\"],\"backgroundColor\":\"#092865\"}}},\"41\":\"Orangina\",\"31\":\"\",\"40\":\"\",\"39\":\"A quirky new online appearance for a soda brand \",\"36\":{\"30\":{\"type\":\"honour\",\"enabled\":\"1\",\"fields\":{\"honorName\":\"FWA SOTD\",\"logo\":\"\"}}},\"43\":\"responsiveWebsite\",\"42\":\"\",\"34\":\"\"}}', '2016-02-29 09:51:42', '2016-02-29 09:51:42', 'f081b67b-0cf2-4117-ba21-1438c4fba57e'),
 ('38', '10', '3', '1', 'en_us', '28', '', '{\"typeId\":\"3\",\"authorId\":\"1\",\"title\":\"Orangina global website\",\"slug\":\"orangina\",\"postDate\":1456411320,\"expiryDate\":null,\"enabled\":1,\"parentId\":null,\"fields\":{\"3\":{\"12\":{\"type\":\"textFullWidth\",\"enabled\":\"1\",\"fields\":{\"body\":\"Orangina refreshed their brand identity Achtung!\\/Kraftwerk wastasked to extend their newbrand identity to a fresh online experience. \",\"textColor\":\"#000000\",\"backgroundColor\":\"#ffffff\"}},\"14\":{\"type\":\"largeImage\",\"enabled\":\"1\",\"fields\":{\"image\":[\"13\"],\"backgroundImage\":[\"16\"],\"backgroundColor\":\"#000000\"}},\"17\":{\"type\":\"textTwoColumns\",\"enabled\":\"1\",\"fields\":{\"heading\":\"Strategy, Concept & UX\",\"intro\":\"The content of the new Orangina website was meantto be kept simple serving a few main purposes.\",\"body\":\"In general there were two main obectives, informing people about the available range of Orangina products and telling them about the history of Orangina as a brand. The homepage would then serve as a hub to these two objectives, as well as to the Orangina social channels.\",\"textColor\":\"#ffffff\",\"backgroundColor\":\"#fda519\"}},\"19\":{\"type\":\"video\",\"enabled\":\"1\",\"fields\":{\"coverImage\":\"\",\"video\":[\"18\"],\"backgroundColor\":\"#ffa600\"}},\"20\":{\"type\":\"textTwoColumns\",\"enabled\":\"1\",\"fields\":{\"heading\":\"Design elements\",\"intro\":\"Colors for the Orangina website were besides the brand\\u2019s Blue and Yellow, based on the labels of the different flavours. \",\"body\":\"\",\"textColor\":\"#000000\",\"backgroundColor\":\"#ffffff\"}},\"22\":{\"type\":\"largeImage\",\"enabled\":\"1\",\"fields\":{\"image\":[\"21\"],\"backgroundImage\":\"\",\"backgroundColor\":\"#ffffff\"}},\"23\":{\"type\":\"textWithImage\",\"enabled\":\"1\",\"fields\":{\"heading\":\"Iconography\",\"intro\":\"To add on the playfull, quirky identity of Orangina, we created an iconset that was used throughout the website.\",\"body\":\"Our hands on mentality can be found throughout the whole process. We bring ideas to life early. We prototype to keep improving along the way. \",\"image\":[\"24\"],\"textColor\":\"#000000\",\"backgroundColor\":\"#ffffff\",\"imagePosition\":\"right\"}},\"25\":{\"type\":\"textTwoColumns\",\"enabled\":\"1\",\"fields\":{\"heading\":\"Final Designs\",\"intro\":\"The content of the new Orangina website was meantto be kept simple serving a few main purposes.\",\"body\":\"In general there were two main obectives, informing people about the available range of Orangina products and telling them about the history of Orangina as a brand. The homepage would then serve as a hub to these two objectives, as well as to the Orangina social channels.\",\"textColor\":\"#ffffff\",\"backgroundColor\":\"#092865\"}},\"29\":{\"type\":\"imageGallery\",\"enabled\":\"1\",\"fields\":{\"images\":[\"26\",\"28\",\"27\"],\"backgroundColor\":\"#092865\"}}},\"41\":\"Orangina\",\"31\":\"\",\"40\":\"\",\"39\":\"A quirky new online appearance for a soda brand \",\"36\":{\"30\":{\"type\":\"honour\",\"enabled\":\"1\",\"fields\":{\"honorName\":\"FWA SOTD\",\"logo\":[\"31\"]}}},\"43\":\"responsiveWebsite\",\"42\":\"\",\"34\":\"\"}}', '2016-02-29 09:56:09', '2016-02-29 09:56:09', 'ae5288ae-6ebe-4a91-9ad6-0bf81046f980'),
 ('39', '10', '3', '1', 'en_us', '29', '', '{\"typeId\":\"3\",\"authorId\":\"1\",\"title\":\"Orangina global website\",\"slug\":\"orangina\",\"postDate\":1456411320,\"expiryDate\":null,\"enabled\":1,\"parentId\":null,\"fields\":{\"3\":{\"12\":{\"type\":\"textFullWidth\",\"enabled\":\"1\",\"fields\":{\"body\":\"Orangina refreshed their brand identity Achtung!\\/Kraftwerk wastasked to extend their newbrand identity to a fresh online experience. \",\"textColor\":\"#000000\",\"backgroundColor\":\"#ffffff\"}},\"14\":{\"type\":\"largeImage\",\"enabled\":\"1\",\"fields\":{\"image\":[\"13\"],\"backgroundImage\":[\"16\"],\"backgroundColor\":\"#000000\"}},\"17\":{\"type\":\"textTwoColumns\",\"enabled\":\"1\",\"fields\":{\"heading\":\"Strategy, Concept & UX\",\"intro\":\"The content of the new Orangina website was meantto be kept simple serving a few main purposes.\",\"body\":\"In general there were two main obectives, informing people about the available range of Orangina products and telling them about the history of Orangina as a brand. The homepage would then serve as a hub to these two objectives, as well as to the Orangina social channels.\",\"textColor\":\"#ffffff\",\"backgroundColor\":\"#fda519\"}},\"19\":{\"type\":\"video\",\"enabled\":\"1\",\"fields\":{\"coverImage\":\"\",\"video\":[\"18\"],\"backgroundColor\":\"#ffa600\"}},\"20\":{\"type\":\"textTwoColumns\",\"enabled\":\"1\",\"fields\":{\"heading\":\"Design elements\",\"intro\":\"Colors for the Orangina website were besides the brand\\u2019s Blue and Yellow, based on the labels of the different flavours. \",\"body\":\"\",\"textColor\":\"#000000\",\"backgroundColor\":\"#ffffff\"}},\"22\":{\"type\":\"largeImage\",\"enabled\":\"1\",\"fields\":{\"image\":[\"21\"],\"backgroundImage\":\"\",\"backgroundColor\":\"#ffffff\"}},\"23\":{\"type\":\"textWithImage\",\"enabled\":\"1\",\"fields\":{\"heading\":\"Iconography\",\"intro\":\"To add on the playfull, quirky identity of Orangina, we created an iconset that was used throughout the website.\",\"body\":\"Our hands on mentality can be found throughout the whole process. We bring ideas to life early. We prototype to keep improving along the way. \",\"image\":[\"24\"],\"textColor\":\"#000000\",\"backgroundColor\":\"#ffffff\",\"imagePosition\":\"right\"}},\"25\":{\"type\":\"textTwoColumns\",\"enabled\":\"1\",\"fields\":{\"heading\":\"Final Designs\",\"intro\":\"The content of the new Orangina website was meantto be kept simple serving a few main purposes.\",\"body\":\"In general there were two main obectives, informing people about the available range of Orangina products and telling them about the history of Orangina as a brand. The homepage would then serve as a hub to these two objectives, as well as to the Orangina social channels.\",\"textColor\":\"#ffffff\",\"backgroundColor\":\"#092865\"}},\"29\":{\"type\":\"imageGallery\",\"enabled\":\"1\",\"fields\":{\"images\":[\"26\",\"28\",\"27\"],\"backgroundColor\":\"#092865\"}}},\"41\":\"Orangina\",\"31\":\"\",\"40\":\"\",\"39\":\"A quirky new online appearance for a soda brand \",\"36\":{\"30\":{\"type\":\"honour\",\"enabled\":\"1\",\"fields\":{\"honorName\":\"FWA SOTD\",\"logo\":[\"32\"]}}},\"43\":\"responsiveWebsite\",\"42\":\"\",\"34\":\"\"}}', '2016-02-29 09:58:11', '2016-02-29 09:58:11', 'd222ae8b-1bd7-4c65-bb2a-0b61e281625b'),
 ('40', '10', '3', '1', 'en_us', '30', '', '{\"typeId\":\"3\",\"authorId\":\"1\",\"title\":\"Orangina global website\",\"slug\":\"orangina\",\"postDate\":1456411320,\"expiryDate\":null,\"enabled\":1,\"parentId\":null,\"fields\":{\"3\":{\"12\":{\"type\":\"textFullWidth\",\"enabled\":\"1\",\"fields\":{\"body\":\"Orangina refreshed their brand identity Achtung!\\/Kraftwerk wastasked to extend their newbrand identity to a fresh online experience. \",\"textColor\":\"#000000\",\"backgroundColor\":\"#ffffff\"}},\"14\":{\"type\":\"largeImage\",\"enabled\":\"1\",\"fields\":{\"image\":[\"13\"],\"backgroundImage\":[\"16\"],\"backgroundColor\":\"#000000\"}},\"17\":{\"type\":\"textTwoColumns\",\"enabled\":\"1\",\"fields\":{\"heading\":\"Strategy, Concept & UX\",\"intro\":\"The content of the new Orangina website was meantto be kept simple serving a few main purposes.\",\"body\":\"In general there were two main obectives, informing people about the available range of Orangina products and telling them about the history of Orangina as a brand. The homepage would then serve as a hub to these two objectives, as well as to the Orangina social channels.\",\"textColor\":\"#ffffff\",\"backgroundColor\":\"#fda519\"}},\"19\":{\"type\":\"video\",\"enabled\":\"1\",\"fields\":{\"coverImage\":\"\",\"video\":[\"18\"],\"backgroundColor\":\"#ffa600\"}},\"20\":{\"type\":\"textTwoColumns\",\"enabled\":\"1\",\"fields\":{\"heading\":\"Design elements\",\"intro\":\"Colors for the Orangina website were besides the brand\\u2019s Blue and Yellow, based on the labels of the different flavours. \",\"body\":\"\",\"textColor\":\"#000000\",\"backgroundColor\":\"#ffffff\"}},\"22\":{\"type\":\"largeImage\",\"enabled\":\"1\",\"fields\":{\"image\":[\"21\"],\"backgroundImage\":\"\",\"backgroundColor\":\"#ffffff\"}},\"23\":{\"type\":\"textWithImage\",\"enabled\":\"1\",\"fields\":{\"heading\":\"Iconography\",\"intro\":\"To add on the playfull, quirky identity of Orangina, we created an iconset that was used throughout the website.\",\"body\":\"Our hands on mentality can be found throughout the whole process. We bring ideas to life early. We prototype to keep improving along the way. \",\"image\":[\"24\"],\"textColor\":\"#000000\",\"backgroundColor\":\"#ffffff\",\"imagePosition\":\"right\"}},\"25\":{\"type\":\"textTwoColumns\",\"enabled\":\"1\",\"fields\":{\"heading\":\"Final Designs\",\"intro\":\"The content of the new Orangina website was meantto be kept simple serving a few main purposes.\",\"body\":\"In general there were two main obectives, informing people about the available range of Orangina products and telling them about the history of Orangina as a brand. The homepage would then serve as a hub to these two objectives, as well as to the Orangina social channels.\",\"textColor\":\"#ffffff\",\"backgroundColor\":\"#092865\"}},\"29\":{\"type\":\"imageGallery\",\"enabled\":\"1\",\"fields\":{\"images\":[\"26\",\"28\",\"27\"],\"backgroundColor\":\"#092865\"}}},\"41\":\"Orangina\",\"31\":\"\",\"40\":\"\",\"39\":\"A quirky new online appearance for a soda brand \",\"36\":{\"30\":{\"type\":\"honour\",\"enabled\":\"1\",\"fields\":{\"honorName\":\"FWA SOTD\",\"logo\":[\"32\"]}},\"new1\":{\"type\":\"honour\",\"enabled\":\"1\",\"fields\":{\"honorName\":\"FWA MOTD\",\"logo\":[\"32\"]}},\"new2\":{\"type\":\"honour\",\"enabled\":\"1\",\"fields\":{\"honorName\":\"AWWWARDS SOTD\",\"logo\":[\"33\"]}}},\"43\":\"responsiveWebsite\",\"42\":\"\",\"34\":\"\"}}', '2016-02-29 10:00:59', '2016-02-29 10:00:59', 'd33f5816-eaf8-42b9-bc7c-5e2ff650dc83'),
 ('41', '10', '3', '1', 'en_us', '31', '', '{\"typeId\":\"3\",\"authorId\":\"1\",\"title\":\"Orangina global website\",\"slug\":\"orangina\",\"postDate\":1456411320,\"expiryDate\":null,\"enabled\":1,\"parentId\":null,\"fields\":{\"3\":{\"12\":{\"type\":\"textFullWidth\",\"enabled\":\"1\",\"fields\":{\"body\":\"Orangina refreshed their brand identity Achtung!\\/Kraftwerk wastasked to extend their newbrand identity to a fresh online experience. \",\"textColor\":\"#000000\",\"backgroundColor\":\"#ffffff\"}},\"14\":{\"type\":\"largeImage\",\"enabled\":\"1\",\"fields\":{\"image\":[\"13\"],\"backgroundImage\":[\"16\"],\"backgroundColor\":\"#000000\"}},\"17\":{\"type\":\"textTwoColumns\",\"enabled\":\"1\",\"fields\":{\"heading\":\"Strategy, Concept & UX\",\"intro\":\"The content of the new Orangina website was meantto be kept simple serving a few main purposes.\",\"body\":\"In general there were two main obectives, informing people about the available range of Orangina products and telling them about the history of Orangina as a brand. The homepage would then serve as a hub to these two objectives, as well as to the Orangina social channels.\",\"textColor\":\"#ffffff\",\"backgroundColor\":\"#fda519\"}},\"19\":{\"type\":\"video\",\"enabled\":\"1\",\"fields\":{\"coverImage\":\"\",\"video\":[\"18\"],\"backgroundColor\":\"#ffa600\"}},\"20\":{\"type\":\"textTwoColumns\",\"enabled\":\"1\",\"fields\":{\"heading\":\"Design elements\",\"intro\":\"Colors for the Orangina website were besides the brand\\u2019s Blue and Yellow, based on the labels of the different flavours. \",\"body\":\"\",\"textColor\":\"#000000\",\"backgroundColor\":\"#ffffff\"}},\"22\":{\"type\":\"largeImage\",\"enabled\":\"1\",\"fields\":{\"image\":[\"21\"],\"backgroundImage\":\"\",\"backgroundColor\":\"#ffffff\"}},\"23\":{\"type\":\"textWithImage\",\"enabled\":\"1\",\"fields\":{\"heading\":\"Iconography\",\"intro\":\"To add on the playfull, quirky identity of Orangina, we created an iconset that was used throughout the website.\",\"body\":\"Our hands on mentality can be found throughout the whole process. We bring ideas to life early. We prototype to keep improving along the way. \",\"image\":[\"24\"],\"textColor\":\"#000000\",\"backgroundColor\":\"#ffffff\",\"imagePosition\":\"right\"}},\"25\":{\"type\":\"textTwoColumns\",\"enabled\":\"1\",\"fields\":{\"heading\":\"Final Designs\",\"intro\":\"The content of the new Orangina website was meantto be kept simple serving a few main purposes.\",\"body\":\"In general there were two main obectives, informing people about the available range of Orangina products and telling them about the history of Orangina as a brand. The homepage would then serve as a hub to these two objectives, as well as to the Orangina social channels.\",\"textColor\":\"#ffffff\",\"backgroundColor\":\"#092865\"}},\"29\":{\"type\":\"imageGallery\",\"enabled\":\"1\",\"fields\":{\"images\":[\"26\",\"28\",\"27\"],\"backgroundColor\":\"#092865\"}}},\"41\":\"Orangina\",\"31\":{\"new1\":{\"type\":\"item\",\"enabled\":\"1\",\"fields\":{\"role\":\"Development\",\"contributorName\":\"Inalise B.V.\"}}},\"40\":\"\",\"39\":\"A quirky new online appearance for a soda brand \",\"36\":{\"30\":{\"type\":\"honour\",\"enabled\":\"1\",\"fields\":{\"honorName\":\"FWA SOTD\",\"logo\":[\"32\"]}},\"34\":{\"type\":\"honour\",\"enabled\":\"1\",\"fields\":{\"honorName\":\"FWA MOTD\",\"logo\":[\"32\"]}},\"35\":{\"type\":\"honour\",\"enabled\":\"1\",\"fields\":{\"honorName\":\"Awwwards SOTD\",\"logo\":[\"33\"]}}},\"43\":\"responsiveWebsite\",\"42\":\"\",\"34\":{\"new1\":{\"type\":\"role\",\"enabled\":\"1\",\"fields\":{\"role\":\"Interaction design\"}},\"new2\":{\"type\":\"role\",\"enabled\":\"1\",\"fields\":{\"role\":\"UX Design\"}},\"new3\":{\"type\":\"role\",\"enabled\":\"1\",\"fields\":{\"role\":\"Creative direction\"}},\"new4\":{\"type\":\"role\",\"enabled\":\"1\",\"fields\":{\"role\":\"Concept\"}},\"new5\":{\"type\":\"role\",\"enabled\":\"1\",\"fields\":{\"role\":\"Strategy\"}}}}}', '2016-02-29 10:03:07', '2016-02-29 10:03:07', '6884f669-0764-464a-9a7e-fa514034ad56'),
 ('42', '10', '3', '1', 'en_us', '32', '', '{\"typeId\":\"3\",\"authorId\":\"1\",\"title\":\"Orangina global website\",\"slug\":\"orangina\",\"postDate\":1456411320,\"expiryDate\":null,\"enabled\":1,\"parentId\":null,\"fields\":{\"3\":{\"12\":{\"type\":\"textFullWidth\",\"enabled\":\"1\",\"fields\":{\"body\":\"Orangina refreshed their brand identity Achtung!\\/Kraftwerk wastasked to extend their newbrand identity to a fresh online experience. \",\"textColor\":\"#000000\",\"backgroundColor\":\"#ffffff\"}},\"14\":{\"type\":\"largeImage\",\"enabled\":\"1\",\"fields\":{\"image\":[\"13\"],\"backgroundImage\":[\"16\"],\"backgroundColor\":\"#000000\"}},\"17\":{\"type\":\"textTwoColumns\",\"enabled\":\"1\",\"fields\":{\"heading\":\"Strategy, Concept & UX\",\"intro\":\"The content of the new Orangina website was meantto be kept simple serving a few main purposes.\",\"body\":\"In general there were two main obectives, informing people about the available range of Orangina products and telling them about the history of Orangina as a brand. The homepage would then serve as a hub to these two objectives, as well as to the Orangina social channels.\",\"textColor\":\"#ffffff\",\"backgroundColor\":\"#fda519\"}},\"19\":{\"type\":\"video\",\"enabled\":\"1\",\"fields\":{\"coverImage\":\"\",\"video\":[\"18\"],\"backgroundColor\":\"#ffa600\"}},\"20\":{\"type\":\"textTwoColumns\",\"enabled\":\"1\",\"fields\":{\"heading\":\"Design elements\",\"intro\":\"Colors for the Orangina website were besides the brand\\u2019s Blue and Yellow, based on the labels of the different flavours. \",\"body\":\"\",\"textColor\":\"#000000\",\"backgroundColor\":\"#ffffff\"}},\"22\":{\"type\":\"largeImage\",\"enabled\":\"1\",\"fields\":{\"image\":[\"21\"],\"backgroundImage\":\"\",\"backgroundColor\":\"#ffffff\"}},\"23\":{\"type\":\"textWithImage\",\"enabled\":\"1\",\"fields\":{\"heading\":\"Iconography\",\"intro\":\"To add on the playfull, quirky identity of Orangina, we created an iconset that was used throughout the website.\",\"body\":\"Our hands on mentality can be found throughout the whole process. We bring ideas to life early. We prototype to keep improving along the way. \",\"image\":[\"24\"],\"textColor\":\"#000000\",\"backgroundColor\":\"#ffffff\",\"imagePosition\":\"right\"}},\"25\":{\"type\":\"textTwoColumns\",\"enabled\":\"1\",\"fields\":{\"heading\":\"Final Designs\",\"intro\":\"The content of the new Orangina website was meantto be kept simple serving a few main purposes.\",\"body\":\"In general there were two main obectives, informing people about the available range of Orangina products and telling them about the history of Orangina as a brand. The homepage would then serve as a hub to these two objectives, as well as to the Orangina social channels.\",\"textColor\":\"#ffffff\",\"backgroundColor\":\"#092865\"}},\"29\":{\"type\":\"imageGallery\",\"enabled\":\"1\",\"fields\":{\"images\":[\"26\",\"28\",\"27\"],\"backgroundColor\":\"#092865\"}}},\"41\":\"Orangina\",\"31\":{\"36\":{\"type\":\"item\",\"enabled\":\"1\",\"fields\":{\"role\":\"Development\",\"contributorName\":\"Inalise B.V.\"}}},\"40\":\"\",\"39\":\"A quirky new online appearance for a soda brand \",\"36\":{\"30\":{\"type\":\"honour\",\"enabled\":\"1\",\"fields\":{\"honorName\":\"FWA SOTD\",\"logo\":[\"32\"]}},\"34\":{\"type\":\"honour\",\"enabled\":\"1\",\"fields\":{\"honorName\":\"FWA MOTD\",\"logo\":[\"32\"]}},\"35\":{\"type\":\"honour\",\"enabled\":\"1\",\"fields\":{\"honorName\":\"Awwwards SOTD\",\"logo\":[\"33\"]}}},\"43\":\"responsiveWebsite\",\"42\":\"http:\\/\\/orangina.eu\\/\",\"34\":{\"37\":{\"type\":\"role\",\"enabled\":\"1\",\"fields\":{\"role\":\"Interaction design\"}},\"38\":{\"type\":\"role\",\"enabled\":\"1\",\"fields\":{\"role\":\"UX Design\"}},\"39\":{\"type\":\"role\",\"enabled\":\"1\",\"fields\":{\"role\":\"Creative direction\"}},\"40\":{\"type\":\"role\",\"enabled\":\"1\",\"fields\":{\"role\":\"Concept\"}},\"41\":{\"type\":\"role\",\"enabled\":\"1\",\"fields\":{\"role\":\"Strategy\"}}}}}', '2016-02-29 10:18:44', '2016-02-29 10:18:44', '53f005c0-ab6d-4c72-b139-1c2ae0182282'),
 ('43', '10', '3', '1', 'en_us', '33', '', '{\"typeId\":\"3\",\"authorId\":\"1\",\"title\":\"Orangina global website\",\"slug\":\"orangina\",\"postDate\":1456411320,\"expiryDate\":null,\"enabled\":1,\"parentId\":null,\"fields\":{\"3\":{\"12\":{\"type\":\"textFullWidth\",\"enabled\":\"1\",\"fields\":{\"body\":\"Orangina refreshed their brand identity Achtung!\\/Kraftwerk wastasked to extend their newbrand identity to a fresh online experience. \",\"textColor\":\"#000000\",\"backgroundColor\":\"#ffffff\"}},\"14\":{\"type\":\"largeImage\",\"enabled\":\"1\",\"fields\":{\"image\":[\"13\"],\"backgroundImage\":[\"16\"],\"backgroundColor\":\"#000000\"}},\"17\":{\"type\":\"textTwoColumns\",\"enabled\":\"1\",\"fields\":{\"heading\":\"Strategy, Concept & UX\",\"intro\":\"The content of the new Orangina website was meantto be kept simple serving a few main purposes.\",\"body\":\"In general there were two main obectives, informing people about the available range of Orangina products and telling them about the history of Orangina as a brand. The homepage would then serve as a hub to these two objectives, as well as to the Orangina social channels.\",\"textColor\":\"#ffffff\",\"backgroundColor\":\"#fda519\"}},\"19\":{\"type\":\"video\",\"enabled\":\"1\",\"fields\":{\"coverImage\":\"\",\"video\":[\"18\"],\"backgroundColor\":\"#ffa600\"}},\"20\":{\"type\":\"textTwoColumns\",\"enabled\":\"1\",\"fields\":{\"heading\":\"Design elements\",\"intro\":\"Colors for the Orangina website were besides the brand\\u2019s Blue and Yellow, based on the labels of the different flavours. \",\"body\":\"\",\"textColor\":\"#000000\",\"backgroundColor\":\"#ffffff\"}},\"22\":{\"type\":\"largeImage\",\"enabled\":\"1\",\"fields\":{\"image\":[\"21\"],\"backgroundImage\":\"\",\"backgroundColor\":\"#ffffff\"}},\"23\":{\"type\":\"textWithImage\",\"enabled\":\"1\",\"fields\":{\"heading\":\"Iconography\",\"intro\":\"To add on the playfull, quirky identity of Orangina, we created an iconset that was used throughout the website.\",\"body\":\"Our hands on mentality can be found throughout the whole process. We bring ideas to life early. We prototype to keep improving along the way. \",\"image\":[\"24\"],\"textColor\":\"#000000\",\"backgroundColor\":\"#ffffff\",\"imagePosition\":\"right\"}},\"25\":{\"type\":\"textTwoColumns\",\"enabled\":\"1\",\"fields\":{\"heading\":\"Final Designs\",\"intro\":\"The content of the new Orangina website was meantto be kept simple serving a few main purposes.\",\"body\":\"In general there were two main obectives, informing people about the available range of Orangina products and telling them about the history of Orangina as a brand. The homepage would then serve as a hub to these two objectives, as well as to the Orangina social channels.\",\"textColor\":\"#ffffff\",\"backgroundColor\":\"#092865\"}},\"29\":{\"type\":\"imageGallery\",\"enabled\":\"1\",\"fields\":{\"images\":[\"26\",\"28\",\"27\"],\"backgroundColor\":\"#092865\"}}},\"41\":\"Orangina\",\"31\":{\"36\":{\"type\":\"item\",\"enabled\":\"1\",\"fields\":{\"role\":\"Development\",\"contributorName\":\"Inalise B.V.\"}}},\"40\":\"\",\"39\":\"A quirky new online appearance for a soda brand \",\"36\":{\"30\":{\"type\":\"honour\",\"enabled\":\"1\",\"fields\":{\"honorName\":\"FWA SOTD\",\"logo\":[\"32\"]}},\"34\":{\"type\":\"honour\",\"enabled\":\"1\",\"fields\":{\"honorName\":\"FWA MOTD\",\"logo\":[\"32\"]}},\"35\":{\"type\":\"honour\",\"enabled\":\"1\",\"fields\":{\"honorName\":\"Awwwards SOTD\",\"logo\":[\"33\"]}}},\"43\":\"Responsive Website\",\"42\":\"http:\\/\\/orangina.eu\\/\",\"34\":{\"37\":{\"type\":\"role\",\"enabled\":\"1\",\"fields\":{\"role\":\"Interaction design\"}},\"38\":{\"type\":\"role\",\"enabled\":\"1\",\"fields\":{\"role\":\"UX Design\"}},\"39\":{\"type\":\"role\",\"enabled\":\"1\",\"fields\":{\"role\":\"Creative direction\"}},\"40\":{\"type\":\"role\",\"enabled\":\"1\",\"fields\":{\"role\":\"Concept\"}},\"41\":{\"type\":\"role\",\"enabled\":\"1\",\"fields\":{\"role\":\"Strategy\"}}}}}', '2016-02-29 10:22:17', '2016-02-29 10:22:17', '670e2896-1354-4721-bd47-9102f8fd6b31'),
 ('48', '10', '3', '1', 'en_us', '34', '', '{\"typeId\":\"3\",\"authorId\":\"1\",\"title\":\"Orangina global website\",\"slug\":\"orangina\",\"postDate\":1456411320,\"expiryDate\":null,\"enabled\":1,\"parentId\":null,\"fields\":{\"3\":{\"12\":{\"type\":\"textFullWidth\",\"enabled\":\"1\",\"fields\":{\"body\":\"Orangina refreshed their brand identity Achtung!\\/Kraftwerk wastasked to extend their newbrand identity to a fresh online experience. \",\"textColor\":\"#000000\",\"backgroundColor\":\"#ffffff\"}},\"14\":{\"type\":\"largeImage\",\"enabled\":\"1\",\"fields\":{\"image\":[\"13\"],\"backgroundImage\":[\"16\"],\"backgroundColor\":\"#000000\"}},\"17\":{\"type\":\"textTwoColumns\",\"enabled\":\"1\",\"fields\":{\"heading\":\"Strategy, Concept & UX\",\"intro\":\"The content of the new Orangina website was meantto be kept simple serving a few main purposes.\",\"body\":\"In general there were two main obectives, informing people about the available range of Orangina products and telling them about the history of Orangina as a brand. The homepage would then serve as a hub to these two objectives, as well as to the Orangina social channels.\",\"textColor\":\"#ffffff\",\"backgroundColor\":\"#fda519\"}},\"19\":{\"type\":\"video\",\"enabled\":\"1\",\"fields\":{\"coverImage\":\"\",\"video\":[\"18\"],\"backgroundColor\":\"#ffa600\"}},\"20\":{\"type\":\"textTwoColumns\",\"enabled\":\"1\",\"fields\":{\"heading\":\"Design elements\",\"intro\":\"Colors for the Orangina website were besides the brand\\u2019s Blue and Yellow, based on the labels of the different flavours. \",\"body\":\"\",\"textColor\":\"#000000\",\"backgroundColor\":\"#ffffff\"}},\"22\":{\"type\":\"largeImage\",\"enabled\":\"1\",\"fields\":{\"image\":[\"21\"],\"backgroundImage\":\"\",\"backgroundColor\":\"#ffffff\"}},\"23\":{\"type\":\"textWithImage\",\"enabled\":\"1\",\"fields\":{\"heading\":\"Iconography\",\"intro\":\"To add on the playfull, quirky identity of Orangina, we created an iconset that was used throughout the website.\",\"body\":\"Our hands on mentality can be found throughout the whole process. We bring ideas to life early. We prototype to keep improving along the way. \",\"image\":[\"24\"],\"textColor\":\"#000000\",\"backgroundColor\":\"#ffffff\",\"imagePosition\":\"right\"}},\"25\":{\"type\":\"textTwoColumns\",\"enabled\":\"1\",\"fields\":{\"heading\":\"Final Designs\",\"intro\":\"The content of the new Orangina website was meantto be kept simple serving a few main purposes.\",\"body\":\"In general there were two main obectives, informing people about the available range of Orangina products and telling them about the history of Orangina as a brand. The homepage would then serve as a hub to these two objectives, as well as to the Orangina social channels.\",\"textColor\":\"#ffffff\",\"backgroundColor\":\"#092865\"}},\"29\":{\"type\":\"imageGallery\",\"enabled\":\"1\",\"fields\":{\"images\":[\"26\",\"28\",\"27\"],\"backgroundColor\":\"#092865\"}}},\"41\":\"Orangina\",\"31\":{\"36\":{\"type\":\"item\",\"enabled\":\"1\",\"fields\":{\"role\":\"Development\",\"contributorName\":\"Inalise B.V.\"}}},\"40\":\"\",\"39\":\"A quirky new online appearance for a soda brand\",\"36\":{\"30\":{\"type\":\"honour\",\"enabled\":\"1\",\"fields\":{\"honorName\":\"FWA SOTD\",\"logo\":[\"32\"]}},\"34\":{\"type\":\"honour\",\"enabled\":\"1\",\"fields\":{\"honorName\":\"FWA MOTD\",\"logo\":[\"32\"]}},\"35\":{\"type\":\"honour\",\"enabled\":\"1\",\"fields\":{\"honorName\":\"Awwwards SOTD\",\"logo\":[\"33\"]}}},\"43\":\"Responsive Website\",\"42\":\"http:\\/\\/orangina.eu\\/\",\"34\":{\"37\":{\"type\":\"role\",\"enabled\":\"1\",\"fields\":{\"role\":\"Interaction design\"}},\"38\":{\"type\":\"role\",\"enabled\":\"1\",\"fields\":{\"role\":\"UX Design\"}},\"39\":{\"type\":\"role\",\"enabled\":\"1\",\"fields\":{\"role\":\"Creative direction\"}},\"40\":{\"type\":\"role\",\"enabled\":\"1\",\"fields\":{\"role\":\"Concept\"}},\"41\":{\"type\":\"role\",\"enabled\":\"1\",\"fields\":{\"role\":\"Strategy\"}}}}}', '2016-02-29 11:00:23', '2016-02-29 11:00:23', '6af8e0ca-520e-4daa-836f-884c133439e6'),
 ('49', '10', '3', '1', 'en_us', '35', '', '{\"typeId\":\"3\",\"authorId\":\"1\",\"title\":\"Orangina global website\",\"slug\":\"orangina\",\"postDate\":1456411320,\"expiryDate\":null,\"enabled\":1,\"parentId\":null,\"fields\":{\"3\":{\"12\":{\"type\":\"textFullWidth\",\"enabled\":\"1\",\"fields\":{\"body\":\"Orangina refreshed their brand identity Achtung!\\/Kraftwerk wastasked to extend their newbrand identity to a fresh online experience. \",\"textColor\":\"#000000\",\"backgroundColor\":\"#ffffff\"}},\"14\":{\"type\":\"largeImage\",\"enabled\":\"1\",\"fields\":{\"image\":[\"13\"],\"backgroundImage\":[\"16\"],\"backgroundColor\":\"#000000\"}},\"17\":{\"type\":\"textTwoColumns\",\"enabled\":\"1\",\"fields\":{\"heading\":\"Strategy, Concept & UX\",\"intro\":\"The content of the new Orangina website was meantto be kept simple serving a few main purposes.\",\"body\":\"In general there were two main obectives, informing people about the available range of Orangina products and telling them about the history of Orangina as a brand. The homepage would then serve as a hub to these two objectives, as well as to the Orangina social channels.\",\"textColor\":\"#ffffff\",\"backgroundColor\":\"#fda519\"}},\"19\":{\"type\":\"video\",\"enabled\":\"1\",\"fields\":{\"coverImage\":\"\",\"video\":[\"18\"],\"backgroundColor\":\"#ffa600\"}},\"20\":{\"type\":\"textTwoColumns\",\"enabled\":\"1\",\"fields\":{\"heading\":\"Design elements\",\"intro\":\"Colors for the Orangina website were besides the brand\\u2019s Blue and Yellow, based on the labels of the different flavours. \",\"body\":\"\",\"textColor\":\"#000000\",\"backgroundColor\":\"#ffffff\"}},\"22\":{\"type\":\"largeImage\",\"enabled\":\"1\",\"fields\":{\"image\":[\"21\"],\"backgroundImage\":\"\",\"backgroundColor\":\"#ffffff\"}},\"23\":{\"type\":\"textWithImage\",\"enabled\":\"1\",\"fields\":{\"heading\":\"Iconography\",\"intro\":\"To add on the playfull, quirky identity of Orangina, we created an iconset that was used throughout the website.\",\"body\":\"Our hands on mentality can be found throughout the whole process. We bring ideas to life early. We prototype to keep improving along the way. \",\"image\":[\"24\"],\"textColor\":\"#000000\",\"backgroundColor\":\"#ffffff\",\"imagePosition\":\"right\",\"paddingTop\":\"50\"}},\"25\":{\"type\":\"textTwoColumns\",\"enabled\":\"1\",\"fields\":{\"heading\":\"Final Designs\",\"intro\":\"The content of the new Orangina website was meantto be kept simple serving a few main purposes.\",\"body\":\"In general there were two main obectives, informing people about the available range of Orangina products and telling them about the history of Orangina as a brand. The homepage would then serve as a hub to these two objectives, as well as to the Orangina social channels.\",\"textColor\":\"#ffffff\",\"backgroundColor\":\"#092865\"}},\"29\":{\"type\":\"imageGallery\",\"enabled\":\"1\",\"fields\":{\"images\":[\"26\",\"28\",\"27\"],\"backgroundColor\":\"#092865\"}}},\"41\":\"Orangina\",\"31\":{\"36\":{\"type\":\"item\",\"enabled\":\"1\",\"fields\":{\"role\":\"Development\",\"contributorName\":\"Inalise B.V.\"}}},\"40\":\"\",\"39\":\"A quirky new online appearance for a soda brand\",\"36\":{\"30\":{\"type\":\"honour\",\"enabled\":\"1\",\"fields\":{\"honorName\":\"FWA SOTD\",\"logo\":[\"32\"]}},\"34\":{\"type\":\"honour\",\"enabled\":\"1\",\"fields\":{\"honorName\":\"FWA MOTD\",\"logo\":[\"32\"]}},\"35\":{\"type\":\"honour\",\"enabled\":\"1\",\"fields\":{\"honorName\":\"Awwwards SOTD\",\"logo\":[\"33\"]}}},\"43\":\"Responsive Website\",\"42\":\"http:\\/\\/orangina.eu\\/\",\"34\":{\"37\":{\"type\":\"role\",\"enabled\":\"1\",\"fields\":{\"role\":\"Interaction design\"}},\"38\":{\"type\":\"role\",\"enabled\":\"1\",\"fields\":{\"role\":\"UX Design\"}},\"39\":{\"type\":\"role\",\"enabled\":\"1\",\"fields\":{\"role\":\"Creative direction\"}},\"40\":{\"type\":\"role\",\"enabled\":\"1\",\"fields\":{\"role\":\"Concept\"}},\"41\":{\"type\":\"role\",\"enabled\":\"1\",\"fields\":{\"role\":\"Strategy\"}}}}}', '2016-02-29 11:06:44', '2016-02-29 11:06:44', '04d76975-849c-4546-bdf9-8a57bb4120bd'),
 ('50', '10', '3', '1', 'en_us', '36', '', '{\"typeId\":\"3\",\"authorId\":\"1\",\"title\":\"Orangina global website\",\"slug\":\"orangina\",\"postDate\":1456411320,\"expiryDate\":null,\"enabled\":1,\"parentId\":null,\"fields\":{\"3\":{\"12\":{\"type\":\"textFullWidth\",\"enabled\":\"1\",\"fields\":{\"body\":\"Orangina refreshed their brand identity Achtung!\\/Kraftwerk wastasked to extend their newbrand identity to a fresh online experience. \",\"textColor\":\"#000000\",\"backgroundColor\":\"#ffffff\"}},\"14\":{\"type\":\"largeImage\",\"enabled\":\"1\",\"fields\":{\"image\":[\"52\"],\"backgroundImage\":[\"53\"],\"backgroundColor\":\"#000000\"}},\"17\":{\"type\":\"textTwoColumns\",\"enabled\":\"1\",\"fields\":{\"heading\":\"Strategy, Concept & UX\",\"intro\":\"The content of the new Orangina website was meantto be kept simple serving a few main purposes.\",\"body\":\"In general there were two main obectives, informing people about the available range of Orangina products and telling them about the history of Orangina as a brand. The homepage would then serve as a hub to these two objectives, as well as to the Orangina social channels.\",\"textColor\":\"#ffffff\",\"backgroundColor\":\"#fda519\"}},\"19\":{\"type\":\"video\",\"enabled\":\"1\",\"fields\":{\"coverImage\":\"\",\"video\":[\"18\"],\"backgroundColor\":\"#ffa600\"}},\"20\":{\"type\":\"textTwoColumns\",\"enabled\":\"1\",\"fields\":{\"heading\":\"Design elements\",\"intro\":\"Colors for the Orangina website were besides the brand\\u2019s Blue and Yellow, based on the labels of the different flavours. \",\"body\":\"\",\"textColor\":\"#000000\",\"backgroundColor\":\"#ffffff\"}},\"22\":{\"type\":\"largeImage\",\"enabled\":\"1\",\"fields\":{\"image\":[\"21\"],\"backgroundImage\":\"\",\"backgroundColor\":\"#ffffff\"}},\"23\":{\"type\":\"textWithImage\",\"enabled\":\"1\",\"fields\":{\"heading\":\"Iconography\",\"intro\":\"To add on the playfull, quirky identity of Orangina, we created an iconset that was used throughout the website.\",\"body\":\"Our hands on mentality can be found throughout the whole process. We bring ideas to life early. We prototype to keep improving along the way. \",\"image\":[\"24\"],\"textColor\":\"#000000\",\"backgroundColor\":\"#ffffff\",\"imagePosition\":\"right\",\"paddingTop\":\"50\",\"paddingBottom\":\"0\"}},\"25\":{\"type\":\"textTwoColumns\",\"enabled\":\"1\",\"fields\":{\"heading\":\"Final Designs\",\"intro\":\"The content of the new Orangina website was meantto be kept simple serving a few main purposes.\",\"body\":\"In general there were two main obectives, informing people about the available range of Orangina products and telling them about the history of Orangina as a brand. The homepage would then serve as a hub to these two objectives, as well as to the Orangina social channels.\",\"textColor\":\"#ffffff\",\"backgroundColor\":\"#092865\"}},\"29\":{\"type\":\"imageGallery\",\"enabled\":\"1\",\"fields\":{\"images\":[\"26\",\"28\",\"27\"],\"backgroundColor\":\"#092865\"}}},\"41\":\"Orangina\",\"31\":{\"36\":{\"type\":\"item\",\"enabled\":\"1\",\"fields\":{\"role\":\"Development\",\"contributorName\":\"Inalise B.V.\"}}},\"40\":\"\",\"39\":\"A quirky new online appearance for a soda brand\",\"36\":{\"30\":{\"type\":\"honour\",\"enabled\":\"1\",\"fields\":{\"honorName\":\"FWA SOTD\",\"logo\":[\"32\"]}},\"34\":{\"type\":\"honour\",\"enabled\":\"1\",\"fields\":{\"honorName\":\"FWA MOTD\",\"logo\":[\"32\"]}},\"35\":{\"type\":\"honour\",\"enabled\":\"1\",\"fields\":{\"honorName\":\"Awwwards SOTD\",\"logo\":[\"33\"]}}},\"43\":\"Responsive Website\",\"42\":\"http:\\/\\/orangina.eu\\/\",\"34\":{\"37\":{\"type\":\"role\",\"enabled\":\"1\",\"fields\":{\"role\":\"Interaction design\"}},\"38\":{\"type\":\"role\",\"enabled\":\"1\",\"fields\":{\"role\":\"UX Design\"}},\"39\":{\"type\":\"role\",\"enabled\":\"1\",\"fields\":{\"role\":\"Creative direction\"}},\"40\":{\"type\":\"role\",\"enabled\":\"1\",\"fields\":{\"role\":\"Concept\"}},\"41\":{\"type\":\"role\",\"enabled\":\"1\",\"fields\":{\"role\":\"Strategy\"}}}}}', '2016-02-29 11:44:18', '2016-02-29 11:44:18', '5241f814-a0da-41e8-acd6-05859f6f3189'),
 ('51', '10', '3', '1', 'en_us', '37', '', '{\"typeId\":\"3\",\"authorId\":\"1\",\"title\":\"Orangina global website\",\"slug\":\"orangina\",\"postDate\":1456411320,\"expiryDate\":null,\"enabled\":1,\"parentId\":null,\"fields\":{\"3\":{\"12\":{\"type\":\"textFullWidth\",\"enabled\":\"1\",\"fields\":{\"body\":\"Orangina refreshed their brand identity Achtung!\\/Kraftwerk wastasked to extend their newbrand identity to a fresh online experience. \",\"textColor\":\"#000000\",\"backgroundColor\":\"#ffffff\"}},\"14\":{\"type\":\"largeImage\",\"enabled\":\"1\",\"fields\":{\"image\":[\"61\"],\"backgroundImage\":[\"60\"],\"backgroundColor\":\"#000000\"}},\"17\":{\"type\":\"textTwoColumns\",\"enabled\":\"1\",\"fields\":{\"heading\":\"Strategy, Concept & UX\",\"intro\":\"The content of the new Orangina website was meantto be kept simple serving a few main purposes.\",\"body\":\"In general there were two main obectives, informing people about the available range of Orangina products and telling them about the history of Orangina as a brand. The homepage would then serve as a hub to these two objectives, as well as to the Orangina social channels.\",\"textColor\":\"#ffffff\",\"backgroundColor\":\"#fda519\"}},\"19\":{\"type\":\"video\",\"enabled\":\"1\",\"fields\":{\"coverImage\":\"\",\"video\":[\"18\"],\"backgroundColor\":\"#ffa600\"}},\"20\":{\"type\":\"textTwoColumns\",\"enabled\":\"1\",\"fields\":{\"heading\":\"Design elements\",\"intro\":\"Colors for the Orangina website were besides the brand\\u2019s Blue and Yellow, based on the labels of the different flavours. \",\"body\":\"\",\"textColor\":\"#000000\",\"backgroundColor\":\"#ffffff\"}},\"22\":{\"type\":\"largeImage\",\"enabled\":\"1\",\"fields\":{\"image\":[\"59\"],\"backgroundImage\":\"\",\"backgroundColor\":\"#ffffff\"}},\"23\":{\"type\":\"textWithImage\",\"enabled\":\"1\",\"fields\":{\"heading\":\"Iconography\",\"intro\":\"To add on the playfull, quirky identity of Orangina, we created an iconset that was used throughout the website.\",\"body\":\"Our hands on mentality can be found throughout the whole process. We bring ideas to life early. We prototype to keep improving along the way. \",\"image\":[\"54\"],\"textColor\":\"#000000\",\"backgroundColor\":\"#ffffff\",\"imagePosition\":\"right\",\"paddingTop\":\"50\",\"paddingBottom\":\"0\"}},\"25\":{\"type\":\"textTwoColumns\",\"enabled\":\"1\",\"fields\":{\"heading\":\"Final Designs\",\"intro\":\"The content of the new Orangina website was meantto be kept simple serving a few main purposes.\",\"body\":\"In general there were two main obectives, informing people about the available range of Orangina products and telling them about the history of Orangina as a brand. The homepage would then serve as a hub to these two objectives, as well as to the Orangina social channels.\",\"textColor\":\"#ffffff\",\"backgroundColor\":\"#092865\"}},\"29\":{\"type\":\"imageGallery\",\"enabled\":\"1\",\"fields\":{\"images\":[\"55\",\"57\",\"56\"],\"backgroundColor\":\"#092865\"}}},\"41\":\"Orangina\",\"31\":{\"36\":{\"type\":\"item\",\"enabled\":\"1\",\"fields\":{\"role\":\"Development\",\"contributorName\":\"Inalise B.V.\"}}},\"40\":\"\",\"39\":\"A quirky new online appearance for a soda brand\",\"36\":{\"30\":{\"type\":\"honour\",\"enabled\":\"1\",\"fields\":{\"honorName\":\"FWA SOTD\",\"logo\":[\"32\"]}},\"34\":{\"type\":\"honour\",\"enabled\":\"1\",\"fields\":{\"honorName\":\"FWA MOTD\",\"logo\":[\"32\"]}},\"35\":{\"type\":\"honour\",\"enabled\":\"1\",\"fields\":{\"honorName\":\"Awwwards SOTD\",\"logo\":[\"33\"]}}},\"43\":\"Responsive Website\",\"42\":\"http:\\/\\/orangina.eu\\/\",\"34\":{\"37\":{\"type\":\"role\",\"enabled\":\"1\",\"fields\":{\"role\":\"Interaction design\"}},\"38\":{\"type\":\"role\",\"enabled\":\"1\",\"fields\":{\"role\":\"UX Design\"}},\"39\":{\"type\":\"role\",\"enabled\":\"1\",\"fields\":{\"role\":\"Creative direction\"}},\"40\":{\"type\":\"role\",\"enabled\":\"1\",\"fields\":{\"role\":\"Concept\"}},\"41\":{\"type\":\"role\",\"enabled\":\"1\",\"fields\":{\"role\":\"Strategy\"}}}}}', '2016-02-29 12:29:24', '2016-02-29 12:29:24', '9e0b98a7-4927-4864-b6f8-1d5a530ef471'),
 ('52', '10', '3', '1', 'en_us', '38', '', '{\"typeId\":\"3\",\"authorId\":\"1\",\"title\":\"Orangina global website\",\"slug\":\"orangina\",\"postDate\":1456411320,\"expiryDate\":null,\"enabled\":1,\"parentId\":null,\"fields\":{\"3\":{\"12\":{\"type\":\"textFullWidth\",\"enabled\":\"1\",\"fields\":{\"body\":\"Orangina refreshed their brand identity Achtung!\\/Kraftwerk wastasked to extend their newbrand identity to a fresh online experience. \",\"textColor\":\"#000000\",\"backgroundColor\":\"#ffffff\"}},\"14\":{\"type\":\"largeImage\",\"enabled\":\"1\",\"fields\":{\"image\":[\"61\"],\"backgroundImage\":[\"60\"],\"backgroundColor\":\"#000000\"}},\"17\":{\"type\":\"textTwoColumns\",\"enabled\":\"1\",\"fields\":{\"heading\":\"Strategy, Concept & UX\",\"intro\":\"The content of the new Orangina website was meantto be kept simple serving a few main purposes.\",\"body\":\"In general there were two main obectives, informing people about the available range of Orangina products and telling them about the history of Orangina as a brand. The homepage would then serve as a hub to these two objectives, as well as to the Orangina social channels.\",\"textColor\":\"#ffffff\",\"backgroundColor\":\"#fda519\"}},\"19\":{\"type\":\"video\",\"enabled\":\"1\",\"fields\":{\"coverImage\":\"\",\"video\":[\"18\"],\"backgroundColor\":\"#ffa600\"}},\"20\":{\"type\":\"textTwoColumns\",\"enabled\":\"1\",\"fields\":{\"heading\":\"Design elements\",\"intro\":\"Colors for the Orangina website were besides the brand\\u2019s Blue and Yellow, based on the labels of the different flavours. \",\"body\":\"\",\"textColor\":\"#000000\",\"backgroundColor\":\"#ffffff\"}},\"22\":{\"type\":\"largeImage\",\"enabled\":\"1\",\"fields\":{\"image\":[\"59\"],\"backgroundImage\":\"\",\"backgroundColor\":\"#ffffff\"}},\"23\":{\"type\":\"textWithImage\",\"enabled\":\"1\",\"fields\":{\"heading\":\"Iconography\",\"intro\":\"To add on the playfull, quirky identity of Orangina, we created an iconset that was used throughout the website.\",\"body\":\"Our hands on mentality can be found throughout the whole process. We bring ideas to life early. We prototype to keep improving along the way. \",\"image\":[\"54\"],\"textColor\":\"#000000\",\"backgroundColor\":\"#ffffff\",\"imagePosition\":\"right\",\"paddingTop\":\"50\",\"paddingBottom\":\"0\"}},\"25\":{\"type\":\"textTwoColumns\",\"enabled\":\"1\",\"fields\":{\"heading\":\"Final Designs\",\"intro\":\"The content of the new Orangina website was meantto be kept simple serving a few main purposes.\",\"body\":\"In general there were two main obectives, informing people about the available range of Orangina products and telling them about the history of Orangina as a brand. The homepage would then serve as a hub to these two objectives, as well as to the Orangina social channels.\",\"textColor\":\"#ffffff\",\"backgroundColor\":\"#092865\"}},\"29\":{\"type\":\"imageGallery\",\"enabled\":\"1\",\"fields\":{\"images\":[\"55\",\"57\",\"56\"],\"backgroundColor\":\"#092865\"}}},\"41\":\"Orangina\",\"31\":{\"36\":{\"type\":\"item\",\"enabled\":\"1\",\"fields\":{\"role\":\"Development\",\"contributorName\":\"Inalise B.V.\"}}},\"40\":[\"62\"],\"50\":\"\",\"39\":\"A quirky new online appearance for a soda brand\",\"36\":{\"30\":{\"type\":\"honour\",\"enabled\":\"1\",\"fields\":{\"honorName\":\"FWA SOTD\",\"logo\":[\"32\"]}},\"34\":{\"type\":\"honour\",\"enabled\":\"1\",\"fields\":{\"honorName\":\"FWA MOTD\",\"logo\":[\"32\"]}},\"35\":{\"type\":\"honour\",\"enabled\":\"1\",\"fields\":{\"honorName\":\"Awwwards SOTD\",\"logo\":[\"33\"]}}},\"43\":\"Responsive Website\",\"42\":\"http:\\/\\/orangina.eu\\/\",\"34\":{\"37\":{\"type\":\"role\",\"enabled\":\"1\",\"fields\":{\"role\":\"Interaction design\"}},\"38\":{\"type\":\"role\",\"enabled\":\"1\",\"fields\":{\"role\":\"UX Design\"}},\"39\":{\"type\":\"role\",\"enabled\":\"1\",\"fields\":{\"role\":\"Creative direction\"}},\"40\":{\"type\":\"role\",\"enabled\":\"1\",\"fields\":{\"role\":\"Concept\"}},\"41\":{\"type\":\"role\",\"enabled\":\"1\",\"fields\":{\"role\":\"Strategy\"}}}}}', '2016-02-29 13:24:06', '2016-02-29 13:24:06', '33ea12bc-3cc5-4f93-a947-a4d3a3caf5de'),
 ('53', '10', '3', '1', 'en_us', '39', '', '{\"typeId\":\"3\",\"authorId\":\"1\",\"title\":\"Orangina global website\",\"slug\":\"orangina\",\"postDate\":1456411320,\"expiryDate\":null,\"enabled\":1,\"parentId\":null,\"fields\":{\"3\":{\"12\":{\"type\":\"textFullWidth\",\"enabled\":\"1\",\"fields\":{\"body\":\"Orangina refreshed their brand identity Achtung!\\/Kraftwerk wastasked to extend their newbrand identity to a fresh online experience. \",\"textColor\":\"#000000\",\"backgroundColor\":\"#ffffff\",\"paddingTop\":\"100\",\"paddingBottom\":\"60\"}},\"14\":{\"type\":\"largeImage\",\"enabled\":\"1\",\"fields\":{\"image\":[\"61\"],\"backgroundImage\":[\"60\"],\"backgroundColor\":\"#000000\"}},\"17\":{\"type\":\"textTwoColumns\",\"enabled\":\"1\",\"fields\":{\"heading\":\"Strategy, Concept & UX\",\"intro\":\"The content of the new Orangina website was meantto be kept simple serving a few main purposes.\",\"body\":\"In general there were two main obectives, informing people about the available range of Orangina products and telling them about the history of Orangina as a brand. The homepage would then serve as a hub to these two objectives, as well as to the Orangina social channels.\",\"textColor\":\"#ffffff\",\"backgroundColor\":\"#fda519\"}},\"19\":{\"type\":\"video\",\"enabled\":\"1\",\"fields\":{\"coverImage\":\"\",\"video\":[\"18\"],\"backgroundColor\":\"#ffa600\"}},\"20\":{\"type\":\"textTwoColumns\",\"enabled\":\"1\",\"fields\":{\"heading\":\"Design elements\",\"intro\":\"Colors for the Orangina website were besides the brand\\u2019s Blue and Yellow, based on the labels of the different flavours. \",\"body\":\"\",\"textColor\":\"#000000\",\"backgroundColor\":\"#ffffff\"}},\"22\":{\"type\":\"largeImage\",\"enabled\":\"1\",\"fields\":{\"image\":[\"59\"],\"backgroundImage\":\"\",\"backgroundColor\":\"#ffffff\"}},\"23\":{\"type\":\"textWithImage\",\"enabled\":\"1\",\"fields\":{\"heading\":\"Iconography\",\"intro\":\"To add on the playfull, quirky identity of Orangina, we created an iconset that was used throughout the website.\",\"body\":\"Our hands on mentality can be found throughout the whole process. We bring ideas to life early. We prototype to keep improving along the way. \",\"image\":[\"54\"],\"textColor\":\"#000000\",\"backgroundColor\":\"#ffffff\",\"imagePosition\":\"right\",\"paddingTop\":\"50\",\"paddingBottom\":\"0\"}},\"25\":{\"type\":\"textTwoColumns\",\"enabled\":\"1\",\"fields\":{\"heading\":\"Final Designs\",\"intro\":\"The content of the new Orangina website was meantto be kept simple serving a few main purposes.\",\"body\":\"In general there were two main obectives, informing people about the available range of Orangina products and telling them about the history of Orangina as a brand. The homepage would then serve as a hub to these two objectives, as well as to the Orangina social channels.\",\"textColor\":\"#ffffff\",\"backgroundColor\":\"#092865\"}},\"29\":{\"type\":\"imageGallery\",\"enabled\":\"1\",\"fields\":{\"images\":[\"55\",\"57\",\"56\"],\"backgroundColor\":\"#092865\"}}},\"41\":\"Orangina\",\"31\":{\"36\":{\"type\":\"item\",\"enabled\":\"1\",\"fields\":{\"role\":\"Development\",\"contributorName\":\"Inalise B.V.\"}}},\"40\":[\"62\"],\"50\":\"\",\"39\":\"A quirky new online appearance for a soda brand\",\"36\":{\"30\":{\"type\":\"honour\",\"enabled\":\"1\",\"fields\":{\"honorName\":\"FWA SOTD\",\"logo\":[\"32\"]}},\"34\":{\"type\":\"honour\",\"enabled\":\"1\",\"fields\":{\"honorName\":\"FWA MOTD\",\"logo\":[\"32\"]}},\"35\":{\"type\":\"honour\",\"enabled\":\"1\",\"fields\":{\"honorName\":\"Awwwards SOTD\",\"logo\":[\"33\"]}}},\"43\":\"Responsive Website\",\"42\":\"http:\\/\\/orangina.eu\\/\",\"34\":{\"37\":{\"type\":\"role\",\"enabled\":\"1\",\"fields\":{\"role\":\"Interaction design\"}},\"38\":{\"type\":\"role\",\"enabled\":\"1\",\"fields\":{\"role\":\"UX Design\"}},\"39\":{\"type\":\"role\",\"enabled\":\"1\",\"fields\":{\"role\":\"Creative direction\"}},\"40\":{\"type\":\"role\",\"enabled\":\"1\",\"fields\":{\"role\":\"Concept\"}},\"41\":{\"type\":\"role\",\"enabled\":\"1\",\"fields\":{\"role\":\"Strategy\"}}}}}', '2016-03-01 12:59:29', '2016-03-01 12:59:29', '5665c340-9a82-4975-8985-33b7f578bfb0'),
 ('54', '10', '3', '1', 'en_us', '40', '', '{\"typeId\":\"3\",\"authorId\":\"1\",\"title\":\"Orangina global website\",\"slug\":\"orangina\",\"postDate\":1456411320,\"expiryDate\":null,\"enabled\":1,\"parentId\":null,\"fields\":{\"3\":{\"12\":{\"type\":\"textFullWidth\",\"enabled\":\"1\",\"fields\":{\"body\":\"Orangina refreshed their brand identity Achtung!\\/Kraftwerk wastasked to extend their newbrand identity to a fresh online experience. \",\"textColor\":\"#000000\",\"backgroundColor\":\"#ffffff\",\"paddingTop\":\"100\",\"paddingBottom\":\"60\"}},\"14\":{\"type\":\"largeImage\",\"enabled\":\"1\",\"fields\":{\"image\":[\"61\"],\"backgroundImage\":[\"60\"],\"backgroundColor\":\"#000000\",\"paddingTop\":\"0\",\"paddingBottom\":\"80\"}},\"17\":{\"type\":\"textTwoColumns\",\"enabled\":\"1\",\"fields\":{\"heading\":\"Strategy, Concept & UX\",\"intro\":\"The content of the new Orangina website was meantto be kept simple serving a few main purposes.\",\"body\":\"In general there were two main obectives, informing people about the available range of Orangina products and telling them about the history of Orangina as a brand. The homepage would then serve as a hub to these two objectives, as well as to the Orangina social channels.\",\"textColor\":\"#ffffff\",\"backgroundColor\":\"#fda519\",\"paddingTop\":\"0\",\"paddingBottom\":\"0\"}},\"19\":{\"type\":\"video\",\"enabled\":\"1\",\"fields\":{\"coverImage\":\"\",\"video\":[\"18\"],\"backgroundColor\":\"#ffa600\",\"paddingTop\":\"0\",\"paddingBottom\":\"0\"}},\"20\":{\"type\":\"textTwoColumns\",\"enabled\":\"1\",\"fields\":{\"heading\":\"Design elements\",\"intro\":\"Colors for the Orangina website were besides the brand\\u2019s Blue and Yellow, based on the labels of the different flavours. \",\"body\":\"\",\"textColor\":\"#000000\",\"backgroundColor\":\"#ffffff\",\"paddingTop\":\"0\",\"paddingBottom\":\"0\"}},\"22\":{\"type\":\"largeImage\",\"enabled\":\"1\",\"fields\":{\"image\":[\"59\"],\"backgroundImage\":\"\",\"backgroundColor\":\"#ffffff\",\"paddingTop\":\"0\",\"paddingBottom\":\"0\"}},\"23\":{\"type\":\"textWithImage\",\"enabled\":\"1\",\"fields\":{\"heading\":\"Iconography\",\"intro\":\"To add on the playfull, quirky identity of Orangina, we created an iconset that was used throughout the website.\",\"body\":\"Our hands on mentality can be found throughout the whole process. We bring ideas to life early. We prototype to keep improving along the way. \",\"image\":[\"54\"],\"textColor\":\"#000000\",\"backgroundColor\":\"#ffffff\",\"imagePosition\":\"right\",\"paddingTop\":\"50\",\"paddingBottom\":\"0\"}},\"25\":{\"type\":\"textTwoColumns\",\"enabled\":\"1\",\"fields\":{\"heading\":\"Final Designs\",\"intro\":\"The content of the new Orangina website was meantto be kept simple serving a few main purposes.\",\"body\":\"In general there were two main obectives, informing people about the available range of Orangina products and telling them about the history of Orangina as a brand. The homepage would then serve as a hub to these two objectives, as well as to the Orangina social channels.\",\"textColor\":\"#ffffff\",\"backgroundColor\":\"#092865\",\"paddingTop\":\"0\",\"paddingBottom\":\"0\"}},\"29\":{\"type\":\"imageGallery\",\"enabled\":\"1\",\"fields\":{\"images\":[\"55\",\"57\",\"56\"],\"backgroundColor\":\"#092865\",\"paddingTop\":\"0\",\"paddingBottom\":\"0\"}}},\"41\":\"Orangina\",\"31\":{\"36\":{\"type\":\"item\",\"enabled\":\"1\",\"fields\":{\"role\":\"Development\",\"contributorName\":\"Inalise B.V.\"}}},\"40\":[\"62\"],\"50\":\"\",\"39\":\"A quirky new online appearance for a soda brand\",\"36\":{\"30\":{\"type\":\"honour\",\"enabled\":\"1\",\"fields\":{\"honorName\":\"FWA SOTD\",\"logo\":[\"32\"]}},\"34\":{\"type\":\"honour\",\"enabled\":\"1\",\"fields\":{\"honorName\":\"FWA MOTD\",\"logo\":[\"32\"]}},\"35\":{\"type\":\"honour\",\"enabled\":\"1\",\"fields\":{\"honorName\":\"Awwwards SOTD\",\"logo\":[\"33\"]}}},\"43\":\"Responsive Website\",\"42\":\"http:\\/\\/orangina.eu\\/\",\"34\":{\"37\":{\"type\":\"role\",\"enabled\":\"1\",\"fields\":{\"role\":\"Interaction design\"}},\"38\":{\"type\":\"role\",\"enabled\":\"1\",\"fields\":{\"role\":\"UX Design\"}},\"39\":{\"type\":\"role\",\"enabled\":\"1\",\"fields\":{\"role\":\"Creative direction\"}},\"40\":{\"type\":\"role\",\"enabled\":\"1\",\"fields\":{\"role\":\"Concept\"}},\"41\":{\"type\":\"role\",\"enabled\":\"1\",\"fields\":{\"role\":\"Strategy\"}}}}}', '2016-03-01 13:11:12', '2016-03-01 13:11:12', 'fa5264a3-91b7-4330-a6f7-57f15b889614'),
 ('55', '10', '3', '1', 'en_us', '41', '', '{\"typeId\":\"3\",\"authorId\":\"1\",\"title\":\"Orangina global website\",\"slug\":\"orangina\",\"postDate\":1456411320,\"expiryDate\":null,\"enabled\":1,\"parentId\":null,\"fields\":{\"3\":{\"12\":{\"type\":\"textFullWidth\",\"enabled\":\"1\",\"fields\":{\"body\":\"Orangina refreshed their brand identity Achtung!\\/Kraftwerk wastasked to extend their newbrand identity to a fresh online experience. \",\"textColor\":\"#000000\",\"backgroundColor\":\"#ffffff\",\"paddingTop\":\"100\",\"paddingBottom\":\"60\"}},\"14\":{\"type\":\"largeImage\",\"enabled\":\"1\",\"fields\":{\"image\":[\"61\"],\"backgroundImage\":[\"60\"],\"backgroundColor\":\"#000000\",\"paddingTop\":\"0\",\"paddingBottom\":\"80\"}},\"17\":{\"type\":\"textTwoColumns\",\"enabled\":\"1\",\"fields\":{\"heading\":\"Strategy, Concept & UX\",\"intro\":\"The content of the new Orangina website was meantto be kept simple serving a few main purposes.\",\"body\":\"In general there were two main obectives, informing people about the available range of Orangina products and telling them about the history of Orangina as a brand. The homepage would then serve as a hub to these two objectives, as well as to the Orangina social channels.\",\"textColor\":\"#ffffff\",\"backgroundColor\":\"#ffab18\",\"paddingTop\":\"0\",\"paddingBottom\":\"0\"}},\"19\":{\"type\":\"video\",\"enabled\":\"1\",\"fields\":{\"coverImage\":\"\",\"video\":[\"18\"],\"backgroundColor\":\"#ffa600\",\"paddingTop\":\"0\",\"paddingBottom\":\"0\"}},\"20\":{\"type\":\"textTwoColumns\",\"enabled\":\"1\",\"fields\":{\"heading\":\"Design elements\",\"intro\":\"Colors for the Orangina website were besides the brand\\u2019s Blue and Yellow, based on the labels of the different flavours. \",\"body\":\"\",\"textColor\":\"#000000\",\"backgroundColor\":\"#ffffff\",\"paddingTop\":\"0\",\"paddingBottom\":\"0\"}},\"22\":{\"type\":\"largeImage\",\"enabled\":\"1\",\"fields\":{\"image\":[\"59\"],\"backgroundImage\":\"\",\"backgroundColor\":\"#ffffff\",\"paddingTop\":\"0\",\"paddingBottom\":\"0\"}},\"23\":{\"type\":\"textWithImage\",\"enabled\":\"1\",\"fields\":{\"heading\":\"Iconography\",\"intro\":\"To add on the playfull, quirky identity of Orangina, we created an iconset that was used throughout the website.\",\"body\":\"Our hands on mentality can be found throughout the whole process. We bring ideas to life early. We prototype to keep improving along the way. \",\"image\":[\"54\"],\"textColor\":\"#000000\",\"backgroundColor\":\"#ffffff\",\"imagePosition\":\"right\",\"paddingTop\":\"50\",\"paddingBottom\":\"0\"}},\"25\":{\"type\":\"textTwoColumns\",\"enabled\":\"1\",\"fields\":{\"heading\":\"Final Designs\",\"intro\":\"The content of the new Orangina website was meantto be kept simple serving a few main purposes.\",\"body\":\"In general there were two main obectives, informing people about the available range of Orangina products and telling them about the history of Orangina as a brand. The homepage would then serve as a hub to these two objectives, as well as to the Orangina social channels.\",\"textColor\":\"#ffffff\",\"backgroundColor\":\"#092865\",\"paddingTop\":\"0\",\"paddingBottom\":\"0\"}},\"29\":{\"type\":\"imageGallery\",\"enabled\":\"1\",\"fields\":{\"images\":[\"55\",\"57\",\"56\"],\"backgroundColor\":\"#092865\",\"paddingTop\":\"0\",\"paddingBottom\":\"0\"}}},\"41\":\"Orangina\",\"31\":{\"36\":{\"type\":\"item\",\"enabled\":\"1\",\"fields\":{\"role\":\"Development\",\"contributorName\":\"Inalise B.V.\"}}},\"40\":[\"62\"],\"50\":\"\",\"39\":\"A quirky new online appearance for a soda brand\",\"36\":{\"30\":{\"type\":\"honour\",\"enabled\":\"1\",\"fields\":{\"honorName\":\"FWA SOTD\",\"logo\":[\"32\"]}},\"34\":{\"type\":\"honour\",\"enabled\":\"1\",\"fields\":{\"honorName\":\"FWA MOTD\",\"logo\":[\"32\"]}},\"35\":{\"type\":\"honour\",\"enabled\":\"1\",\"fields\":{\"honorName\":\"Awwwards SOTD\",\"logo\":[\"33\"]}}},\"43\":\"Responsive Website\",\"42\":\"http:\\/\\/orangina.eu\\/\",\"34\":{\"37\":{\"type\":\"role\",\"enabled\":\"1\",\"fields\":{\"role\":\"Interaction design\"}},\"38\":{\"type\":\"role\",\"enabled\":\"1\",\"fields\":{\"role\":\"UX Design\"}},\"39\":{\"type\":\"role\",\"enabled\":\"1\",\"fields\":{\"role\":\"Creative direction\"}},\"40\":{\"type\":\"role\",\"enabled\":\"1\",\"fields\":{\"role\":\"Concept\"}},\"41\":{\"type\":\"role\",\"enabled\":\"1\",\"fields\":{\"role\":\"Strategy\"}}}}}', '2016-03-01 13:36:01', '2016-03-01 13:36:01', '4717d3e8-2fb2-4caf-8317-328b7c0e084d'),
 ('56', '10', '3', '1', 'en_us', '42', '', '{\"typeId\":\"3\",\"authorId\":\"1\",\"title\":\"Orangina global website\",\"slug\":\"orangina\",\"postDate\":1456411320,\"expiryDate\":null,\"enabled\":1,\"parentId\":null,\"fields\":{\"3\":{\"12\":{\"type\":\"textFullWidth\",\"enabled\":\"1\",\"fields\":{\"body\":\"Orangina refreshed their brand identity Achtung!\\/Kraftwerk wastasked to extend their newbrand identity to a fresh online experience. \",\"textColor\":\"#000000\",\"backgroundColor\":\"#ffffff\",\"paddingTop\":\"100\",\"paddingBottom\":\"60\"}},\"14\":{\"type\":\"largeImage\",\"enabled\":\"1\",\"fields\":{\"image\":[\"61\"],\"backgroundImage\":[\"60\"],\"backgroundColor\":\"#000000\",\"paddingTop\":\"0\",\"paddingBottom\":\"80\"}},\"17\":{\"type\":\"textTwoColumns\",\"enabled\":\"1\",\"fields\":{\"heading\":\"Strategy, Concept & UX\",\"intro\":\"The content of the new Orangina website was meantto be kept simple serving a few main purposes.\",\"body\":\"In general there were two main obectives, informing people about the available range of Orangina products and telling them about the history of Orangina as a brand. The homepage would then serve as a hub to these two objectives, as well as to the Orangina social channels.\",\"textColor\":\"#ffffff\",\"backgroundColor\":\"#ffab18\",\"paddingTop\":\"0\",\"paddingBottom\":\"0\"}},\"19\":{\"type\":\"video\",\"enabled\":\"1\",\"fields\":{\"coverImage\":\"\",\"video\":[\"18\"],\"backgroundColor\":\"#ffa600\",\"paddingTop\":\"0\",\"paddingBottom\":\"0\"}},\"20\":{\"type\":\"textTwoColumns\",\"enabled\":\"1\",\"fields\":{\"heading\":\"Design elements\",\"intro\":\"Colors for the Orangina website were besides the brand\\u2019s Blue and Yellow, based on the labels of the different flavours. \",\"body\":\"\",\"textColor\":\"#000000\",\"backgroundColor\":\"#ffffff\",\"paddingTop\":\"0\",\"paddingBottom\":\"0\"}},\"22\":{\"type\":\"largeImage\",\"enabled\":\"1\",\"fields\":{\"image\":[\"59\"],\"backgroundImage\":\"\",\"backgroundColor\":\"#ffffff\",\"paddingTop\":\"0\",\"paddingBottom\":\"0\"}},\"23\":{\"type\":\"textWithImage\",\"enabled\":\"1\",\"fields\":{\"heading\":\"Iconography\",\"intro\":\"To add on the playfull, quirky identity of Orangina, we created an iconset that was used throughout the website.\",\"body\":\"Our hands on mentality can be found throughout the whole process. We bring ideas to life early. We prototype to keep improving along the way. \",\"image\":[\"54\"],\"textColor\":\"#000000\",\"backgroundColor\":\"#ffffff\",\"imagePosition\":\"right\",\"paddingTop\":\"50\",\"paddingBottom\":\"0\"}},\"25\":{\"type\":\"textTwoColumns\",\"enabled\":\"1\",\"fields\":{\"heading\":\"Final Designs\",\"intro\":\"The content of the new Orangina website was meantto be kept simple serving a few main purposes.\",\"body\":\"In general there were two main obectives, informing people about the available range of Orangina products and telling them about the history of Orangina as a brand. The homepage would then serve as a hub to these two objectives, as well as to the Orangina social channels.\",\"textColor\":\"#ffffff\",\"backgroundColor\":\"#092865\",\"paddingTop\":\"0\",\"paddingBottom\":\"0\"}},\"29\":{\"type\":\"imageGallery\",\"enabled\":\"1\",\"fields\":{\"images\":[\"55\",\"57\",\"56\"],\"backgroundColor\":\"#092865\",\"paddingTop\":\"0\",\"paddingBottom\":\"0\"}}},\"41\":\"Orangina\",\"31\":{\"36\":{\"type\":\"item\",\"enabled\":\"1\",\"fields\":{\"role\":\"Development\",\"contributorName\":\"Inalise B.V.\"}}},\"40\":[\"62\"],\"50\":\"\",\"39\":\"A quirky new online appearance for a soda brand\",\"36\":{\"30\":{\"type\":\"honour\",\"enabled\":\"1\",\"fields\":{\"honorName\":\"FWA SOTD\",\"logo\":[\"32\"]}},\"34\":{\"type\":\"honour\",\"enabled\":\"1\",\"fields\":{\"honorName\":\"FWA MOTD\",\"logo\":[\"32\"]}},\"35\":{\"type\":\"honour\",\"enabled\":\"1\",\"fields\":{\"honorName\":\"Awwwards SOTD\",\"logo\":[\"33\"]}}},\"43\":\"Responsive Website\",\"42\":\"http:\\/\\/orangina.eu\\/\",\"34\":{\"37\":{\"type\":\"role\",\"enabled\":\"1\",\"fields\":{\"role\":\"Interaction design\"}},\"38\":{\"type\":\"role\",\"enabled\":\"1\",\"fields\":{\"role\":\"UX Design\"}},\"39\":{\"type\":\"role\",\"enabled\":\"1\",\"fields\":{\"role\":\"Creative direction\"}},\"40\":{\"type\":\"role\",\"enabled\":\"1\",\"fields\":{\"role\":\"Concept\"}},\"41\":{\"type\":\"role\",\"enabled\":\"1\",\"fields\":{\"role\":\"Strategy\"}}}}}', '2016-03-01 13:39:02', '2016-03-01 13:39:02', '9620953b-cbea-405c-96f3-e675af272db5'),
 ('57', '10', '3', '1', 'en_us', '43', '', '{\"typeId\":\"3\",\"authorId\":\"1\",\"title\":\"Orangina global website\",\"slug\":\"orangina\",\"postDate\":1456411320,\"expiryDate\":null,\"enabled\":1,\"parentId\":null,\"fields\":{\"3\":{\"12\":{\"type\":\"textFullWidth\",\"enabled\":\"1\",\"fields\":{\"body\":\"Orangina refreshed their brand identity Achtung!\\/Kraftwerk wastasked to extend their newbrand identity to a fresh online experience. \",\"textColor\":\"#000000\",\"backgroundColor\":\"#ffffff\",\"paddingTop\":\"100\",\"paddingBottom\":\"60\"}},\"14\":{\"type\":\"largeImage\",\"enabled\":\"1\",\"fields\":{\"image\":[\"61\"],\"backgroundImage\":[\"60\"],\"backgroundColor\":\"#000000\",\"paddingTop\":\"0\",\"paddingBottom\":\"80\"}},\"17\":{\"type\":\"textTwoColumns\",\"enabled\":\"1\",\"fields\":{\"heading\":\"Strategy, Concept & UX\",\"intro\":\"The content of the new Orangina website was meantto be kept simple serving a few main purposes.\",\"body\":\"In general there were two main obectives, informing people about the available range of Orangina products and telling them about the history of Orangina as a brand. The homepage would then serve as a hub to these two objectives, as well as to the Orangina social channels.\",\"textColor\":\"#ffffff\",\"backgroundColor\":\"#ffab18\",\"paddingTop\":\"0\",\"paddingBottom\":\"0\"}},\"19\":{\"type\":\"video\",\"enabled\":\"1\",\"fields\":{\"coverImage\":\"\",\"video\":[\"18\"],\"backgroundColor\":\"#ffa600\",\"paddingTop\":\"0\",\"paddingBottom\":\"0\"}},\"20\":{\"type\":\"textTwoColumns\",\"enabled\":\"1\",\"fields\":{\"heading\":\"Design elements\",\"intro\":\"Colors for the Orangina website were besides the brand\\u2019s Blue and Yellow, based on the labels of the different flavours. \",\"body\":\"\",\"textColor\":\"#000000\",\"backgroundColor\":\"#ffffff\",\"paddingTop\":\"0\",\"paddingBottom\":\"0\"}},\"22\":{\"type\":\"largeImage\",\"enabled\":\"1\",\"fields\":{\"image\":[\"59\"],\"backgroundImage\":\"\",\"backgroundColor\":\"#ffffff\",\"paddingTop\":\"0\",\"paddingBottom\":\"0\"}},\"23\":{\"type\":\"textWithImage\",\"enabled\":\"1\",\"fields\":{\"heading\":\"Iconography\",\"intro\":\"To add on the playfull, quirky identity of Orangina, we created an iconset that was used throughout the website.\",\"body\":\"Our hands on mentality can be found throughout the whole process. We bring ideas to life early. We prototype to keep improving along the way. \",\"image\":[\"54\"],\"textColor\":\"#000000\",\"backgroundColor\":\"#ffffff\",\"imagePosition\":\"right\",\"paddingTop\":\"50\",\"paddingBottom\":\"0\"}},\"25\":{\"type\":\"textTwoColumns\",\"enabled\":\"1\",\"fields\":{\"heading\":\"Final Designs\",\"intro\":\"The content of the new Orangina website was meantto be kept simple serving a few main purposes.\",\"body\":\"In general there were two main obectives, informing people about the available range of Orangina products and telling them about the history of Orangina as a brand. The homepage would then serve as a hub to these two objectives, as well as to the Orangina social channels.\",\"textColor\":\"#ffffff\",\"backgroundColor\":\"#092865\",\"paddingTop\":\"0\",\"paddingBottom\":\"0\"}},\"29\":{\"type\":\"imageGallery\",\"enabled\":\"1\",\"fields\":{\"images\":[\"55\",\"57\",\"56\"],\"backgroundColor\":\"#092865\",\"paddingTop\":\"0\",\"paddingBottom\":\"0\"}}},\"41\":\"Orangina\",\"31\":{\"36\":{\"type\":\"item\",\"enabled\":\"1\",\"fields\":{\"role\":\"Development\",\"contributorName\":\"Inalise B.V.\"}}},\"40\":[\"62\"],\"50\":\"\",\"39\":\"A quirky new online appearance for a soda brand\",\"36\":{\"30\":{\"type\":\"honour\",\"enabled\":\"1\",\"fields\":{\"honorName\":\"FWA SOTD\",\"logo\":[\"32\"]}},\"34\":{\"type\":\"honour\",\"enabled\":\"1\",\"fields\":{\"honorName\":\"FWA MOTD\",\"logo\":[\"32\"]}},\"35\":{\"type\":\"honour\",\"enabled\":\"1\",\"fields\":{\"honorName\":\"Awwwards SOTD\",\"logo\":[\"33\"]}}},\"43\":\"Responsive Website\",\"42\":\"http:\\/\\/orangina.eu\\/\",\"34\":{\"37\":{\"type\":\"role\",\"enabled\":\"1\",\"fields\":{\"role\":\"Interaction design\"}},\"38\":{\"type\":\"role\",\"enabled\":\"1\",\"fields\":{\"role\":\"UX Design\"}},\"39\":{\"type\":\"role\",\"enabled\":\"1\",\"fields\":{\"role\":\"Creative direction\"}},\"40\":{\"type\":\"role\",\"enabled\":\"1\",\"fields\":{\"role\":\"Concept\"}},\"41\":{\"type\":\"role\",\"enabled\":\"1\",\"fields\":{\"role\":\"Strategy\"}}}}}', '2016-03-01 13:39:56', '2016-03-01 13:39:56', 'bd04bd49-5037-4352-a7f9-104f232a7d41'),
 ('58', '10', '3', '1', 'en_us', '44', '', '{\"typeId\":\"3\",\"authorId\":\"1\",\"title\":\"Orangina global website\",\"slug\":\"orangina\",\"postDate\":1456411320,\"expiryDate\":null,\"enabled\":1,\"parentId\":null,\"fields\":{\"3\":{\"12\":{\"type\":\"textFullWidth\",\"enabled\":\"1\",\"fields\":{\"body\":\"Orangina refreshed their brand identity Achtung!\\/Kraftwerk wastasked to extend their newbrand identity to a fresh online experience. \",\"textColor\":\"#000000\",\"backgroundColor\":\"#ffffff\"}},\"14\":{\"type\":\"largeImage\",\"enabled\":\"1\",\"fields\":{\"image\":[\"61\"],\"backgroundImage\":[\"60\"],\"backgroundColor\":\"#000000\"}},\"17\":{\"type\":\"textTwoColumns\",\"enabled\":\"1\",\"fields\":{\"heading\":\"Strategy, Concept & UX\",\"intro\":\"The content of the new Orangina website was meantto be kept simple serving a few main purposes.\",\"body\":\"In general there were two main obectives, informing people about the available range of Orangina products and telling them about the history of Orangina as a brand. The homepage would then serve as a hub to these two objectives, as well as to the Orangina social channels.\",\"textColor\":\"#ffffff\",\"backgroundColor\":\"#fda519\"}},\"19\":{\"type\":\"video\",\"enabled\":\"1\",\"fields\":{\"coverImage\":\"\",\"video\":[\"18\"],\"backgroundColor\":\"#ffa600\"}},\"20\":{\"type\":\"textTwoColumns\",\"enabled\":\"1\",\"fields\":{\"heading\":\"Design elements\",\"intro\":\"Colors for the Orangina website were besides the brand\\u2019s Blue and Yellow, based on the labels of the different flavours. \",\"body\":\"\",\"textColor\":\"#d6d4d6\",\"backgroundColor\":\"#ffffff\"}},\"22\":{\"type\":\"largeImage\",\"enabled\":\"1\",\"fields\":{\"image\":[\"59\"],\"backgroundImage\":\"\",\"backgroundColor\":\"#ffffff\"}},\"23\":{\"type\":\"textWithImage\",\"enabled\":\"1\",\"fields\":{\"heading\":\"Iconography\",\"intro\":\"To add on the playfull, quirky identity of Orangina, we created an iconset that was used throughout the website.\",\"body\":\"Our hands on mentality can be found throughout the whole process. We bring ideas to life early. We prototype to keep improving along the way. \",\"image\":[\"54\"],\"textColor\":\"#000000\",\"backgroundColor\":\"#ffffff\",\"imagePosition\":\"right\",\"paddingTop\":\"50\",\"paddingBottom\":\"0\"}},\"25\":{\"type\":\"textTwoColumns\",\"enabled\":\"1\",\"fields\":{\"heading\":\"Final Designs\",\"intro\":\"The content of the new Orangina website was meantto be kept simple serving a few main purposes.\",\"body\":\"In general there were two main obectives, informing people about the available range of Orangina products and telling them about the history of Orangina as a brand. The homepage would then serve as a hub to these two objectives, as well as to the Orangina social channels.\",\"textColor\":\"#ffffff\",\"backgroundColor\":\"#092865\"}},\"29\":{\"type\":\"imageGallery\",\"enabled\":\"1\",\"fields\":{\"images\":[\"55\",\"57\",\"56\"],\"backgroundColor\":\"#092865\"}}},\"41\":\"Orangina\",\"31\":{\"36\":{\"type\":\"item\",\"enabled\":\"1\",\"fields\":{\"role\":\"Development\",\"contributorName\":\"Inalise B.V.\"}}},\"40\":[\"62\"],\"50\":\"\",\"39\":\"A quirky new online appearance for a soda brand\",\"36\":{\"30\":{\"type\":\"honour\",\"enabled\":\"1\",\"fields\":{\"honorName\":\"FWA SOTD\",\"logo\":[\"32\"]}},\"34\":{\"type\":\"honour\",\"enabled\":\"1\",\"fields\":{\"honorName\":\"FWA MOTD\",\"logo\":[\"32\"]}},\"35\":{\"type\":\"honour\",\"enabled\":\"1\",\"fields\":{\"honorName\":\"Awwwards SOTD\",\"logo\":[\"33\"]}}},\"43\":\"Responsive Website\",\"42\":\"http:\\/\\/orangina.eu\\/\",\"34\":{\"37\":{\"type\":\"role\",\"enabled\":\"1\",\"fields\":{\"role\":\"Interaction design\"}},\"38\":{\"type\":\"role\",\"enabled\":\"1\",\"fields\":{\"role\":\"UX Design\"}},\"39\":{\"type\":\"role\",\"enabled\":\"1\",\"fields\":{\"role\":\"Creative direction\"}},\"40\":{\"type\":\"role\",\"enabled\":\"1\",\"fields\":{\"role\":\"Concept\"}},\"41\":{\"type\":\"role\",\"enabled\":\"1\",\"fields\":{\"role\":\"Strategy\"}}}}}', '2016-03-01 13:42:12', '2016-03-01 13:42:12', 'd48e656a-d955-4970-b3ee-e97eebf551f2'),
 ('59', '10', '3', '1', 'en_us', '45', '', '{\"typeId\":\"3\",\"authorId\":\"1\",\"title\":\"Orangina global website\",\"slug\":\"orangina\",\"postDate\":1456411320,\"expiryDate\":null,\"enabled\":1,\"parentId\":null,\"fields\":{\"3\":{\"12\":{\"type\":\"textFullWidth\",\"enabled\":\"1\",\"fields\":{\"body\":\"Orangina refreshed their brand identity Achtung!\\/Kraftwerk wastasked to extend their newbrand identity to a fresh online experience. \",\"textColor\":\"#000000\",\"backgroundColor\":\"#ffffff\",\"paddingTop\":\"100\",\"paddingBottom\":\"60\"}},\"14\":{\"type\":\"largeImage\",\"enabled\":\"1\",\"fields\":{\"image\":[\"61\"],\"backgroundImage\":[\"60\"],\"backgroundColor\":\"#000000\",\"paddingTop\":\"0\",\"paddingBottom\":\"80\"}},\"17\":{\"type\":\"textTwoColumns\",\"enabled\":\"1\",\"fields\":{\"heading\":\"Strategy, Concept & UX\",\"intro\":\"The content of the new Orangina website was meantto be kept simple serving a few main purposes.\",\"body\":\"In general there were two main obectives, informing people about the available range of Orangina products and telling them about the history of Orangina as a brand. The homepage would then serve as a hub to these two objectives, as well as to the Orangina social channels.\",\"textColor\":\"#ffffff\",\"backgroundColor\":\"#fda519\",\"paddingTop\":\"80\",\"paddingBottom\":\"60\"}},\"19\":{\"type\":\"video\",\"enabled\":\"1\",\"fields\":{\"coverImage\":\"\",\"video\":[\"18\"],\"backgroundColor\":\"#ffa600\",\"paddingTop\":\"0\",\"paddingBottom\":\"0\"}},\"20\":{\"type\":\"textTwoColumns\",\"enabled\":\"1\",\"fields\":{\"heading\":\"Design elements\",\"intro\":\"Colors for the Orangina website were besides the brand\\u2019s Blue and Yellow, based on the labels of the different flavours. \",\"body\":\"\",\"textColor\":\"#d6d4d6\",\"backgroundColor\":\"#ffffff\",\"paddingTop\":\"0\",\"paddingBottom\":\"0\"}},\"22\":{\"type\":\"largeImage\",\"enabled\":\"1\",\"fields\":{\"image\":[\"59\"],\"backgroundImage\":\"\",\"backgroundColor\":\"#ffffff\",\"paddingTop\":\"0\",\"paddingBottom\":\"0\"}},\"23\":{\"type\":\"textWithImage\",\"enabled\":\"1\",\"fields\":{\"heading\":\"Iconography\",\"intro\":\"To add on the playfull, quirky identity of Orangina, we created an iconset that was used throughout the website.\",\"body\":\"Our hands on mentality can be found throughout the whole process. We bring ideas to life early. We prototype to keep improving along the way. \",\"image\":[\"54\"],\"textColor\":\"#000000\",\"backgroundColor\":\"#ffffff\",\"imagePosition\":\"right\",\"paddingTop\":\"50\",\"paddingBottom\":\"0\"}},\"25\":{\"type\":\"textTwoColumns\",\"enabled\":\"1\",\"fields\":{\"heading\":\"Final Designs\",\"intro\":\"The content of the new Orangina website was meantto be kept simple serving a few main purposes.\",\"body\":\"In general there were two main obectives, informing people about the available range of Orangina products and telling them about the history of Orangina as a brand. The homepage would then serve as a hub to these two objectives, as well as to the Orangina social channels.\",\"textColor\":\"#ffffff\",\"backgroundColor\":\"#092865\",\"paddingTop\":\"0\",\"paddingBottom\":\"0\"}},\"29\":{\"type\":\"imageGallery\",\"enabled\":\"1\",\"fields\":{\"images\":[\"55\",\"57\",\"56\"],\"backgroundColor\":\"#092865\",\"paddingTop\":\"0\",\"paddingBottom\":\"0\"}}},\"41\":\"Orangina\",\"31\":{\"36\":{\"type\":\"item\",\"enabled\":\"1\",\"fields\":{\"role\":\"Development\",\"contributorName\":\"Inalise B.V.\"}}},\"40\":[\"62\"],\"50\":\"\",\"39\":\"A quirky new online appearance for a soda brand\",\"36\":{\"30\":{\"type\":\"honour\",\"enabled\":\"1\",\"fields\":{\"honorName\":\"FWA SOTD\",\"logo\":[\"32\"]}},\"34\":{\"type\":\"honour\",\"enabled\":\"1\",\"fields\":{\"honorName\":\"FWA MOTD\",\"logo\":[\"32\"]}},\"35\":{\"type\":\"honour\",\"enabled\":\"1\",\"fields\":{\"honorName\":\"Awwwards SOTD\",\"logo\":[\"33\"]}}},\"43\":\"Responsive Website\",\"42\":\"http:\\/\\/orangina.eu\\/\",\"34\":{\"37\":{\"type\":\"role\",\"enabled\":\"1\",\"fields\":{\"role\":\"Interaction design\"}},\"38\":{\"type\":\"role\",\"enabled\":\"1\",\"fields\":{\"role\":\"UX Design\"}},\"39\":{\"type\":\"role\",\"enabled\":\"1\",\"fields\":{\"role\":\"Creative direction\"}},\"40\":{\"type\":\"role\",\"enabled\":\"1\",\"fields\":{\"role\":\"Concept\"}},\"41\":{\"type\":\"role\",\"enabled\":\"1\",\"fields\":{\"role\":\"Strategy\"}}}}}', '2016-03-01 13:42:23', '2016-03-01 13:42:23', '11cb1f1d-4cd6-45dc-9dd8-5cc9c87a767f'),
 ('60', '10', '3', '1', 'en_us', '46', '', '{\"typeId\":\"3\",\"authorId\":\"1\",\"title\":\"Orangina global website\",\"slug\":\"orangina\",\"postDate\":1456411320,\"expiryDate\":null,\"enabled\":1,\"parentId\":null,\"fields\":{\"3\":{\"12\":{\"type\":\"textFullWidth\",\"enabled\":\"1\",\"fields\":{\"body\":\"Orangina refreshed their brand identity Achtung!\\/Kraftwerk wastasked to extend their newbrand identity to a fresh online experience. \",\"textColor\":\"#000000\",\"backgroundColor\":\"#ffffff\",\"paddingTop\":\"100\",\"paddingBottom\":\"60\"}},\"14\":{\"type\":\"largeImage\",\"enabled\":\"1\",\"fields\":{\"image\":[\"61\"],\"backgroundImage\":[\"60\"],\"backgroundColor\":\"#000000\",\"paddingTop\":\"0\",\"paddingBottom\":\"80\"}},\"17\":{\"type\":\"textTwoColumns\",\"enabled\":\"1\",\"fields\":{\"heading\":\"Strategy, Concept & UX\",\"intro\":\"The content of the new Orangina website was meantto be kept simple serving a few main purposes.\",\"body\":\"In general there were two main obectives, informing people about the available range of Orangina products and telling them about the history of Orangina as a brand. The homepage would then serve as a hub to these two objectives, as well as to the Orangina social channels.\",\"textColor\":\"#ffffff\",\"backgroundColor\":\"#fda519\",\"paddingTop\":\"80\",\"paddingBottom\":\"60\"}},\"19\":{\"type\":\"video\",\"enabled\":\"1\",\"fields\":{\"coverImage\":[\"64\"],\"video\":[\"18\"],\"backgroundColor\":\"#ffa600\",\"paddingTop\":\"0\",\"paddingBottom\":\"0\"}},\"20\":{\"type\":\"textTwoColumns\",\"enabled\":\"1\",\"fields\":{\"heading\":\"Design elements\",\"intro\":\"Colors for the Orangina website were besides the brand\\u2019s Blue and Yellow, based on the labels of the different flavours. \",\"body\":\"\",\"textColor\":\"#d6d4d6\",\"backgroundColor\":\"#ffffff\",\"paddingTop\":\"0\",\"paddingBottom\":\"0\"}},\"22\":{\"type\":\"largeImage\",\"enabled\":\"1\",\"fields\":{\"image\":[\"59\"],\"backgroundImage\":\"\",\"backgroundColor\":\"#ffffff\",\"paddingTop\":\"0\",\"paddingBottom\":\"0\"}},\"23\":{\"type\":\"textWithImage\",\"enabled\":\"1\",\"fields\":{\"heading\":\"Iconography\",\"intro\":\"To add on the playfull, quirky identity of Orangina, we created an iconset that was used throughout the website.\",\"body\":\"Our hands on mentality can be found throughout the whole process. We bring ideas to life early. We prototype to keep improving along the way. \",\"image\":[\"54\"],\"textColor\":\"#000000\",\"backgroundColor\":\"#ffffff\",\"imagePosition\":\"right\",\"paddingTop\":\"50\",\"paddingBottom\":\"0\"}},\"25\":{\"type\":\"textTwoColumns\",\"enabled\":\"1\",\"fields\":{\"heading\":\"Final Designs\",\"intro\":\"The content of the new Orangina website was meantto be kept simple serving a few main purposes.\",\"body\":\"In general there were two main obectives, informing people about the available range of Orangina products and telling them about the history of Orangina as a brand. The homepage would then serve as a hub to these two objectives, as well as to the Orangina social channels.\",\"textColor\":\"#ffffff\",\"backgroundColor\":\"#092865\",\"paddingTop\":\"0\",\"paddingBottom\":\"0\"}},\"29\":{\"type\":\"imageGallery\",\"enabled\":\"1\",\"fields\":{\"images\":[\"55\",\"57\",\"56\"],\"backgroundColor\":\"#092865\",\"paddingTop\":\"0\",\"paddingBottom\":\"0\"}}},\"41\":\"Orangina\",\"31\":{\"36\":{\"type\":\"item\",\"enabled\":\"1\",\"fields\":{\"role\":\"Development\",\"contributorName\":\"Inalise B.V.\"}}},\"40\":[\"62\"],\"50\":\"\",\"39\":\"A quirky new online appearance for a soda brand\",\"36\":{\"30\":{\"type\":\"honour\",\"enabled\":\"1\",\"fields\":{\"honorName\":\"FWA SOTD\",\"logo\":[\"32\"]}},\"34\":{\"type\":\"honour\",\"enabled\":\"1\",\"fields\":{\"honorName\":\"FWA MOTD\",\"logo\":[\"32\"]}},\"35\":{\"type\":\"honour\",\"enabled\":\"1\",\"fields\":{\"honorName\":\"Awwwards SOTD\",\"logo\":[\"33\"]}}},\"43\":\"Responsive Website\",\"42\":\"http:\\/\\/orangina.eu\\/\",\"34\":{\"37\":{\"type\":\"role\",\"enabled\":\"1\",\"fields\":{\"role\":\"Interaction design\"}},\"38\":{\"type\":\"role\",\"enabled\":\"1\",\"fields\":{\"role\":\"UX Design\"}},\"39\":{\"type\":\"role\",\"enabled\":\"1\",\"fields\":{\"role\":\"Creative direction\"}},\"40\":{\"type\":\"role\",\"enabled\":\"1\",\"fields\":{\"role\":\"Concept\"}},\"41\":{\"type\":\"role\",\"enabled\":\"1\",\"fields\":{\"role\":\"Strategy\"}}}}}', '2016-03-01 13:46:48', '2016-03-01 13:46:48', '5277abb4-d157-4c7e-bab2-d7ab63ae999f'),
 ('61', '10', '3', '1', 'en_us', '47', '', '{\"typeId\":\"3\",\"authorId\":\"1\",\"title\":\"Orangina global website\",\"slug\":\"orangina\",\"postDate\":1456411320,\"expiryDate\":null,\"enabled\":1,\"parentId\":null,\"fields\":{\"3\":{\"12\":{\"type\":\"textFullWidth\",\"enabled\":\"1\",\"fields\":{\"body\":\"Orangina refreshed their brand identity Achtung!\\/Kraftwerk wastasked to extend their newbrand identity to a fresh online experience. \",\"textColor\":\"#000000\",\"backgroundColor\":\"#ffffff\",\"paddingTop\":\"100\",\"paddingBottom\":\"60\"}},\"14\":{\"type\":\"largeImage\",\"enabled\":\"1\",\"fields\":{\"image\":[\"61\"],\"backgroundImage\":[\"60\"],\"backgroundColor\":\"#000000\",\"paddingTop\":\"0\",\"paddingBottom\":\"80\"}},\"17\":{\"type\":\"textTwoColumns\",\"enabled\":\"1\",\"fields\":{\"heading\":\"Strategy, Concept & UX\",\"intro\":\"The content of the new Orangina website was meantto be kept simple serving a few main purposes.\",\"body\":\"In general there were two main obectives, informing people about the available range of Orangina products and telling them about the history of Orangina as a brand. The homepage would then serve as a hub to these two objectives, as well as to the Orangina social channels.\",\"textColor\":\"#ffffff\",\"backgroundColor\":\"#fda519\",\"paddingTop\":\"80\",\"paddingBottom\":\"60\"}},\"19\":{\"type\":\"video\",\"enabled\":\"1\",\"fields\":{\"coverImage\":[\"64\"],\"video\":[\"18\"],\"backgroundColor\":\"#ffa600\",\"backgroundImage\":[\"65\"],\"paddingTop\":\"0\",\"paddingBottom\":\"0\"}},\"20\":{\"type\":\"textTwoColumns\",\"enabled\":\"1\",\"fields\":{\"heading\":\"Design elements\",\"intro\":\"Colors for the Orangina website were besides the brand\\u2019s Blue and Yellow, based on the labels of the different flavours. \",\"body\":\"\",\"textColor\":\"#d6d4d6\",\"backgroundColor\":\"#ffffff\",\"paddingTop\":\"0\",\"paddingBottom\":\"0\"}},\"22\":{\"type\":\"largeImage\",\"enabled\":\"1\",\"fields\":{\"image\":[\"59\"],\"backgroundImage\":\"\",\"backgroundColor\":\"#ffffff\",\"paddingTop\":\"0\",\"paddingBottom\":\"0\"}},\"23\":{\"type\":\"textWithImage\",\"enabled\":\"1\",\"fields\":{\"heading\":\"Iconography\",\"intro\":\"To add on the playfull, quirky identity of Orangina, we created an iconset that was used throughout the website.\",\"body\":\"Our hands on mentality can be found throughout the whole process. We bring ideas to life early. We prototype to keep improving along the way. \",\"image\":[\"54\"],\"textColor\":\"#000000\",\"backgroundColor\":\"#ffffff\",\"imagePosition\":\"right\",\"paddingTop\":\"50\",\"paddingBottom\":\"0\"}},\"25\":{\"type\":\"textTwoColumns\",\"enabled\":\"1\",\"fields\":{\"heading\":\"Final Designs\",\"intro\":\"The content of the new Orangina website was meantto be kept simple serving a few main purposes.\",\"body\":\"In general there were two main obectives, informing people about the available range of Orangina products and telling them about the history of Orangina as a brand. The homepage would then serve as a hub to these two objectives, as well as to the Orangina social channels.\",\"textColor\":\"#ffffff\",\"backgroundColor\":\"#092865\",\"paddingTop\":\"0\",\"paddingBottom\":\"0\"}},\"29\":{\"type\":\"imageGallery\",\"enabled\":\"1\",\"fields\":{\"images\":[\"55\",\"57\",\"56\"],\"backgroundColor\":\"#092865\",\"paddingTop\":\"0\",\"paddingBottom\":\"0\"}}},\"41\":\"Orangina\",\"31\":{\"36\":{\"type\":\"item\",\"enabled\":\"1\",\"fields\":{\"role\":\"Development\",\"contributorName\":\"Inalise B.V.\"}}},\"40\":[\"62\"],\"50\":\"\",\"39\":\"A quirky new online appearance for a soda brand\",\"36\":{\"30\":{\"type\":\"honour\",\"enabled\":\"1\",\"fields\":{\"honorName\":\"FWA SOTD\",\"logo\":[\"32\"]}},\"34\":{\"type\":\"honour\",\"enabled\":\"1\",\"fields\":{\"honorName\":\"FWA MOTD\",\"logo\":[\"32\"]}},\"35\":{\"type\":\"honour\",\"enabled\":\"1\",\"fields\":{\"honorName\":\"Awwwards SOTD\",\"logo\":[\"33\"]}}},\"43\":\"Responsive Website\",\"42\":\"http:\\/\\/orangina.eu\\/\",\"34\":{\"37\":{\"type\":\"role\",\"enabled\":\"1\",\"fields\":{\"role\":\"Interaction design\"}},\"38\":{\"type\":\"role\",\"enabled\":\"1\",\"fields\":{\"role\":\"UX Design\"}},\"39\":{\"type\":\"role\",\"enabled\":\"1\",\"fields\":{\"role\":\"Creative direction\"}},\"40\":{\"type\":\"role\",\"enabled\":\"1\",\"fields\":{\"role\":\"Concept\"}},\"41\":{\"type\":\"role\",\"enabled\":\"1\",\"fields\":{\"role\":\"Strategy\"}}}}}', '2016-03-01 13:51:08', '2016-03-01 13:51:08', '431fc457-35dc-411a-ad6c-26d6631d70bb'),
 ('62', '10', '3', '1', 'en_us', '48', '', '{\"typeId\":\"3\",\"authorId\":\"1\",\"title\":\"Orangina global website\",\"slug\":\"orangina\",\"postDate\":1456411320,\"expiryDate\":null,\"enabled\":1,\"parentId\":null,\"fields\":{\"3\":{\"12\":{\"type\":\"textFullWidth\",\"enabled\":\"1\",\"fields\":{\"body\":\"Orangina refreshed their brand identity Achtung!\\/Kraftwerk wastasked to extend their newbrand identity to a fresh online experience. \",\"textColor\":\"#000000\",\"backgroundColor\":\"#ffffff\",\"paddingTop\":\"100\",\"paddingBottom\":\"60\"}},\"14\":{\"type\":\"largeImage\",\"enabled\":\"1\",\"fields\":{\"image\":[\"61\"],\"backgroundImage\":[\"60\"],\"backgroundColor\":\"#000000\",\"paddingTop\":\"0\",\"paddingBottom\":\"80\"}},\"17\":{\"type\":\"textTwoColumns\",\"enabled\":\"1\",\"fields\":{\"heading\":\"Strategy, Concept & UX\",\"intro\":\"The content of the new Orangina website was meantto be kept simple serving a few main purposes.\",\"body\":\"In general there were two main obectives, informing people about the available range of Orangina products and telling them about the history of Orangina as a brand. The homepage would then serve as a hub to these two objectives, as well as to the Orangina social channels.\",\"textColor\":\"#ffffff\",\"backgroundColor\":\"#fda519\",\"paddingTop\":\"80\",\"paddingBottom\":\"60\"}},\"19\":{\"type\":\"video\",\"enabled\":\"1\",\"fields\":{\"coverImage\":[\"64\"],\"video\":[\"18\"],\"backgroundColor\":\"#ffa600\",\"backgroundImage\":[\"65\"],\"paddingTop\":\"0\",\"paddingBottom\":\"100\"}},\"20\":{\"type\":\"textTwoColumns\",\"enabled\":\"1\",\"fields\":{\"heading\":\"Design elements\",\"intro\":\"Colors for the Orangina website were besides the brand\\u2019s Blue and Yellow, based on the labels of the different flavours. \",\"body\":\"\",\"textColor\":\"#d6d4d6\",\"backgroundColor\":\"#ffffff\",\"paddingTop\":\"0\",\"paddingBottom\":\"0\"}},\"22\":{\"type\":\"largeImage\",\"enabled\":\"1\",\"fields\":{\"image\":[\"59\"],\"backgroundImage\":\"\",\"backgroundColor\":\"#ffffff\",\"paddingTop\":\"0\",\"paddingBottom\":\"0\"}},\"23\":{\"type\":\"textWithImage\",\"enabled\":\"1\",\"fields\":{\"heading\":\"Iconography\",\"intro\":\"To add on the playfull, quirky identity of Orangina, we created an iconset that was used throughout the website.\",\"body\":\"Our hands on mentality can be found throughout the whole process. We bring ideas to life early. We prototype to keep improving along the way. \",\"image\":[\"54\"],\"textColor\":\"#000000\",\"backgroundColor\":\"#ffffff\",\"imagePosition\":\"right\",\"paddingTop\":\"50\",\"paddingBottom\":\"0\"}},\"25\":{\"type\":\"textTwoColumns\",\"enabled\":\"1\",\"fields\":{\"heading\":\"Final Designs\",\"intro\":\"The content of the new Orangina website was meantto be kept simple serving a few main purposes.\",\"body\":\"In general there were two main obectives, informing people about the available range of Orangina products and telling them about the history of Orangina as a brand. The homepage would then serve as a hub to these two objectives, as well as to the Orangina social channels.\",\"textColor\":\"#ffffff\",\"backgroundColor\":\"#092865\",\"paddingTop\":\"0\",\"paddingBottom\":\"0\"}},\"29\":{\"type\":\"imageGallery\",\"enabled\":\"1\",\"fields\":{\"images\":[\"55\",\"57\",\"56\"],\"backgroundColor\":\"#092865\",\"paddingTop\":\"0\",\"paddingBottom\":\"0\"}}},\"41\":\"Orangina\",\"31\":{\"36\":{\"type\":\"item\",\"enabled\":\"1\",\"fields\":{\"role\":\"Development\",\"contributorName\":\"Inalise B.V.\"}}},\"40\":[\"62\"],\"50\":\"\",\"39\":\"A quirky new online appearance for a soda brand\",\"36\":{\"30\":{\"type\":\"honour\",\"enabled\":\"1\",\"fields\":{\"honorName\":\"FWA SOTD\",\"logo\":[\"32\"]}},\"34\":{\"type\":\"honour\",\"enabled\":\"1\",\"fields\":{\"honorName\":\"FWA MOTD\",\"logo\":[\"32\"]}},\"35\":{\"type\":\"honour\",\"enabled\":\"1\",\"fields\":{\"honorName\":\"Awwwards SOTD\",\"logo\":[\"33\"]}}},\"43\":\"Responsive Website\",\"42\":\"http:\\/\\/orangina.eu\\/\",\"34\":{\"37\":{\"type\":\"role\",\"enabled\":\"1\",\"fields\":{\"role\":\"Interaction design\"}},\"38\":{\"type\":\"role\",\"enabled\":\"1\",\"fields\":{\"role\":\"UX Design\"}},\"39\":{\"type\":\"role\",\"enabled\":\"1\",\"fields\":{\"role\":\"Creative direction\"}},\"40\":{\"type\":\"role\",\"enabled\":\"1\",\"fields\":{\"role\":\"Concept\"}},\"41\":{\"type\":\"role\",\"enabled\":\"1\",\"fields\":{\"role\":\"Strategy\"}}}}}', '2016-03-01 13:53:29', '2016-03-01 13:53:29', '0c07281f-413c-47a0-89cb-aaf8ac57bc0f'),
 ('63', '10', '3', '1', 'en_us', '49', '', '{\"typeId\":\"3\",\"authorId\":\"1\",\"title\":\"Orangina global website\",\"slug\":\"orangina\",\"postDate\":1456411320,\"expiryDate\":null,\"enabled\":1,\"parentId\":null,\"fields\":{\"3\":{\"12\":{\"type\":\"textFullWidth\",\"enabled\":\"1\",\"fields\":{\"body\":\"Orangina refreshed their brand identity Achtung!\\/Kraftwerk wastasked to extend their newbrand identity to a fresh online experience. \",\"textColor\":\"#000000\",\"backgroundColor\":\"#ffffff\",\"paddingTop\":\"100\",\"paddingBottom\":\"60\"}},\"14\":{\"type\":\"largeImage\",\"enabled\":\"1\",\"fields\":{\"image\":[\"61\"],\"backgroundImage\":[\"60\"],\"backgroundColor\":\"#000000\",\"paddingTop\":\"0\",\"paddingBottom\":\"80\"}},\"17\":{\"type\":\"textTwoColumns\",\"enabled\":\"1\",\"fields\":{\"heading\":\"Strategy, Concept & UX\",\"intro\":\"The content of the new Orangina website was meantto be kept simple serving a few main purposes.\",\"body\":\"In general there were two main obectives, informing people about the available range of Orangina products and telling them about the history of Orangina as a brand. The homepage would then serve as a hub to these two objectives, as well as to the Orangina social channels.\",\"textColor\":\"#ffffff\",\"backgroundColor\":\"#fda519\",\"paddingTop\":\"80\",\"paddingBottom\":\"60\"}},\"19\":{\"type\":\"video\",\"enabled\":\"1\",\"fields\":{\"coverImage\":[\"64\"],\"video\":[\"18\"],\"backgroundColor\":\"#ffa600\",\"backgroundImage\":[\"65\"],\"paddingTop\":\"60\",\"paddingBottom\":\"100\"}},\"20\":{\"type\":\"textTwoColumns\",\"enabled\":\"1\",\"fields\":{\"heading\":\"Design elements\",\"intro\":\"Colors for the Orangina website were besides the brand\\u2019s Blue and Yellow, based on the labels of the different flavours. \",\"body\":\"\",\"textColor\":\"#d6d4d6\",\"backgroundColor\":\"#ffffff\",\"paddingTop\":\"0\",\"paddingBottom\":\"0\"}},\"22\":{\"type\":\"largeImage\",\"enabled\":\"1\",\"fields\":{\"image\":[\"59\"],\"backgroundImage\":\"\",\"backgroundColor\":\"#ffffff\",\"paddingTop\":\"0\",\"paddingBottom\":\"0\"}},\"23\":{\"type\":\"textWithImage\",\"enabled\":\"1\",\"fields\":{\"heading\":\"Iconography\",\"intro\":\"To add on the playfull, quirky identity of Orangina, we created an iconset that was used throughout the website.\",\"body\":\"Our hands on mentality can be found throughout the whole process. We bring ideas to life early. We prototype to keep improving along the way. \",\"image\":[\"54\"],\"textColor\":\"#000000\",\"backgroundColor\":\"#ffffff\",\"imagePosition\":\"right\",\"paddingTop\":\"50\",\"paddingBottom\":\"0\"}},\"25\":{\"type\":\"textTwoColumns\",\"enabled\":\"1\",\"fields\":{\"heading\":\"Final Designs\",\"intro\":\"The content of the new Orangina website was meantto be kept simple serving a few main purposes.\",\"body\":\"In general there were two main obectives, informing people about the available range of Orangina products and telling them about the history of Orangina as a brand. The homepage would then serve as a hub to these two objectives, as well as to the Orangina social channels.\",\"textColor\":\"#ffffff\",\"backgroundColor\":\"#092865\",\"paddingTop\":\"0\",\"paddingBottom\":\"0\"}},\"29\":{\"type\":\"imageGallery\",\"enabled\":\"1\",\"fields\":{\"images\":[\"55\",\"57\",\"56\"],\"backgroundColor\":\"#092865\",\"paddingTop\":\"0\",\"paddingBottom\":\"0\"}}},\"41\":\"Orangina\",\"31\":{\"36\":{\"type\":\"item\",\"enabled\":\"1\",\"fields\":{\"role\":\"Development\",\"contributorName\":\"Inalise B.V.\"}}},\"40\":[\"62\"],\"50\":\"\",\"39\":\"A quirky new online appearance for a soda brand\",\"36\":{\"30\":{\"type\":\"honour\",\"enabled\":\"1\",\"fields\":{\"honorName\":\"FWA SOTD\",\"logo\":[\"32\"]}},\"34\":{\"type\":\"honour\",\"enabled\":\"1\",\"fields\":{\"honorName\":\"FWA MOTD\",\"logo\":[\"32\"]}},\"35\":{\"type\":\"honour\",\"enabled\":\"1\",\"fields\":{\"honorName\":\"Awwwards SOTD\",\"logo\":[\"33\"]}}},\"43\":\"Responsive Website\",\"42\":\"http:\\/\\/orangina.eu\\/\",\"34\":{\"37\":{\"type\":\"role\",\"enabled\":\"1\",\"fields\":{\"role\":\"Interaction design\"}},\"38\":{\"type\":\"role\",\"enabled\":\"1\",\"fields\":{\"role\":\"UX Design\"}},\"39\":{\"type\":\"role\",\"enabled\":\"1\",\"fields\":{\"role\":\"Creative direction\"}},\"40\":{\"type\":\"role\",\"enabled\":\"1\",\"fields\":{\"role\":\"Concept\"}},\"41\":{\"type\":\"role\",\"enabled\":\"1\",\"fields\":{\"role\":\"Strategy\"}}}}}', '2016-03-01 13:53:56', '2016-03-01 13:53:56', 'e32fa47a-bb85-4e0c-81c3-f1e852d385f2'),
 ('64', '10', '3', '1', 'en_us', '50', '', '{\"typeId\":\"3\",\"authorId\":\"1\",\"title\":\"Orangina global website\",\"slug\":\"orangina\",\"postDate\":1456411320,\"expiryDate\":null,\"enabled\":1,\"parentId\":null,\"fields\":{\"3\":{\"12\":{\"type\":\"textFullWidth\",\"enabled\":\"1\",\"fields\":{\"body\":\"Orangina refreshed their brand identity Achtung!\\/Kraftwerk wastasked to extend their newbrand identity to a fresh online experience. \",\"textColor\":\"#000000\",\"backgroundColor\":\"#ffffff\",\"paddingTop\":\"100\",\"paddingBottom\":\"60\"}},\"14\":{\"type\":\"largeImage\",\"enabled\":\"1\",\"fields\":{\"image\":[\"61\"],\"backgroundImage\":[\"60\"],\"backgroundColor\":\"#000000\",\"paddingTop\":\"0\",\"paddingBottom\":\"80\"}},\"17\":{\"type\":\"textTwoColumns\",\"enabled\":\"1\",\"fields\":{\"heading\":\"Strategy, Concept & UX\",\"intro\":\"The content of the new Orangina website was meantto be kept simple serving a few main purposes.\",\"body\":\"In general there were two main obectives, informing people about the available range of Orangina products and telling them about the history of Orangina as a brand. The homepage would then serve as a hub to these two objectives, as well as to the Orangina social channels.\",\"textColor\":\"#ffffff\",\"backgroundColor\":\"#fda519\",\"paddingTop\":\"80\",\"paddingBottom\":\"60\"}},\"19\":{\"type\":\"video\",\"enabled\":\"1\",\"fields\":{\"coverImage\":[\"64\"],\"video\":[\"18\"],\"backgroundColor\":\"#ffa600\",\"backgroundImage\":[\"65\"],\"paddingTop\":\"60\",\"paddingBottom\":\"100\"}},\"20\":{\"type\":\"textTwoColumns\",\"enabled\":\"1\",\"fields\":{\"heading\":\"Design elements\",\"intro\":\"Colors for the Orangina website were besides the brand\\u2019s Blue and Yellow, based on the labels of the different flavours. \",\"body\":\"\",\"textColor\":\"#d6d4d6\",\"backgroundColor\":\"#ffffff\",\"paddingTop\":\"0\",\"paddingBottom\":\"0\"}},\"22\":{\"type\":\"largeImage\",\"enabled\":\"1\",\"fields\":{\"image\":[\"59\"],\"backgroundImage\":\"\",\"backgroundColor\":\"#ffffff\",\"paddingTop\":\"0\",\"paddingBottom\":\"0\"}},\"23\":{\"type\":\"textWithImage\",\"enabled\":\"1\",\"fields\":{\"heading\":\"Iconography\",\"intro\":\"To add on the playfull, quirky identity of Orangina, we created an iconset that was used throughout the website.\",\"body\":\"Our hands on mentality can be found throughout the whole process. We bring ideas to life early. We prototype to keep improving along the way. \",\"image\":[\"54\"],\"textColor\":\"#000000\",\"backgroundColor\":\"#ffffff\",\"imagePosition\":\"right\",\"paddingTop\":\"50\",\"paddingBottom\":\"0\"}},\"25\":{\"type\":\"textTwoColumns\",\"enabled\":\"1\",\"fields\":{\"heading\":\"Final Designs\",\"intro\":\"The content of the new Orangina website was meantto be kept simple serving a few main purposes.\",\"body\":\"In general there were two main obectives, informing people about the available range of Orangina products and telling them about the history of Orangina as a brand. The homepage would then serve as a hub to these two objectives, as well as to the Orangina social channels.\",\"textColor\":\"#ffffff\",\"backgroundColor\":\"#092865\",\"paddingTop\":\"0\",\"paddingBottom\":\"0\"}},\"29\":{\"type\":\"imageGallery\",\"enabled\":\"1\",\"fields\":{\"images\":[\"55\",\"57\",\"56\"],\"backgroundColor\":\"#092865\",\"paddingTop\":\"0\",\"paddingBottom\":\"0\"}}},\"41\":\"Orangina\",\"31\":{\"36\":{\"type\":\"item\",\"enabled\":\"1\",\"fields\":{\"role\":\"Development\",\"contributorName\":\"Inalise B.V.\"}}},\"40\":[\"62\"],\"50\":\"\",\"39\":\"A quirky new online appearance for a soda brand\",\"36\":{\"30\":{\"type\":\"honour\",\"enabled\":\"1\",\"fields\":{\"honorName\":\"FWA SOTD\",\"logo\":[\"32\"]}},\"34\":{\"type\":\"honour\",\"enabled\":\"1\",\"fields\":{\"honorName\":\"FWA MOTD\",\"logo\":[\"32\"]}},\"35\":{\"type\":\"honour\",\"enabled\":\"1\",\"fields\":{\"honorName\":\"Awwwards SOTD\",\"logo\":[\"33\"]}}},\"43\":\"Responsive Website\",\"42\":\"http:\\/\\/orangina.eu\\/\",\"34\":{\"37\":{\"type\":\"role\",\"enabled\":\"1\",\"fields\":{\"role\":\"Interaction design\"}},\"38\":{\"type\":\"role\",\"enabled\":\"1\",\"fields\":{\"role\":\"UX Design\"}},\"39\":{\"type\":\"role\",\"enabled\":\"1\",\"fields\":{\"role\":\"Creative direction\"}},\"40\":{\"type\":\"role\",\"enabled\":\"1\",\"fields\":{\"role\":\"Concept\"}},\"41\":{\"type\":\"role\",\"enabled\":\"1\",\"fields\":{\"role\":\"Strategy\"}}}}}', '2016-03-01 13:56:55', '2016-03-01 13:56:55', '7ba0f7ea-41ba-484e-91c0-f6ec8f7bb47e'),
 ('65', '10', '3', '1', 'en_us', '51', '', '{\"typeId\":\"3\",\"authorId\":\"1\",\"title\":\"Orangina global website\",\"slug\":\"orangina\",\"postDate\":1456411320,\"expiryDate\":null,\"enabled\":1,\"parentId\":null,\"fields\":{\"3\":{\"12\":{\"type\":\"textFullWidth\",\"enabled\":\"1\",\"fields\":{\"body\":\"Orangina refreshed their brand identity Achtung!\\/Kraftwerk wastasked to extend their newbrand identity to a fresh online experience. \",\"textColor\":\"#000000\",\"backgroundColor\":\"#ffffff\",\"paddingTop\":\"100\",\"paddingBottom\":\"60\"}},\"14\":{\"type\":\"largeImage\",\"enabled\":\"1\",\"fields\":{\"image\":[\"61\"],\"backgroundImage\":[\"60\"],\"backgroundColor\":\"#000000\",\"paddingTop\":\"0\",\"paddingBottom\":\"80\"}},\"17\":{\"type\":\"textTwoColumns\",\"enabled\":\"1\",\"fields\":{\"heading\":\"Strategy, Concept & UX\",\"intro\":\"The content of the new Orangina website was meantto be kept simple serving a few main purposes.\",\"body\":\"In general there were two main obectives, informing people about the available range of Orangina products and telling them about the history of Orangina as a brand. The homepage would then serve as a hub to these two objectives, as well as to the Orangina social channels.\",\"textColor\":\"#ffffff\",\"backgroundColor\":\"#fdaa31\",\"paddingTop\":\"80\",\"paddingBottom\":\"60\"}},\"19\":{\"type\":\"video\",\"enabled\":\"1\",\"fields\":{\"coverImage\":[\"64\"],\"video\":[\"18\"],\"backgroundColor\":\"#ffa600\",\"backgroundImage\":[\"65\"],\"paddingTop\":\"60\",\"paddingBottom\":\"100\"}},\"20\":{\"type\":\"textTwoColumns\",\"enabled\":\"1\",\"fields\":{\"heading\":\"Design elements\",\"intro\":\"Colors for the Orangina website were besides the brand\\u2019s Blue and Yellow, based on the labels of the different flavours. \",\"body\":\"\",\"textColor\":\"#d6d4d6\",\"backgroundColor\":\"#ffffff\",\"paddingTop\":\"0\",\"paddingBottom\":\"0\"}},\"22\":{\"type\":\"largeImage\",\"enabled\":\"1\",\"fields\":{\"image\":[\"59\"],\"backgroundImage\":\"\",\"backgroundColor\":\"#ffffff\",\"paddingTop\":\"0\",\"paddingBottom\":\"0\"}},\"23\":{\"type\":\"textWithImage\",\"enabled\":\"1\",\"fields\":{\"heading\":\"Iconography\",\"intro\":\"To add on the playfull, quirky identity of Orangina, we created an iconset that was used throughout the website.\",\"body\":\"Our hands on mentality can be found throughout the whole process. We bring ideas to life early. We prototype to keep improving along the way. \",\"image\":[\"54\"],\"textColor\":\"#000000\",\"backgroundColor\":\"#ffffff\",\"imagePosition\":\"right\",\"paddingTop\":\"50\",\"paddingBottom\":\"0\"}},\"25\":{\"type\":\"textTwoColumns\",\"enabled\":\"1\",\"fields\":{\"heading\":\"Final Designs\",\"intro\":\"The content of the new Orangina website was meantto be kept simple serving a few main purposes.\",\"body\":\"In general there were two main obectives, informing people about the available range of Orangina products and telling them about the history of Orangina as a brand. The homepage would then serve as a hub to these two objectives, as well as to the Orangina social channels.\",\"textColor\":\"#ffffff\",\"backgroundColor\":\"#092865\",\"paddingTop\":\"0\",\"paddingBottom\":\"0\"}},\"29\":{\"type\":\"imageGallery\",\"enabled\":\"1\",\"fields\":{\"images\":[\"55\",\"57\",\"56\"],\"backgroundColor\":\"#092865\",\"paddingTop\":\"0\",\"paddingBottom\":\"0\"}}},\"41\":\"Orangina\",\"31\":{\"36\":{\"type\":\"item\",\"enabled\":\"1\",\"fields\":{\"role\":\"Development\",\"contributorName\":\"Inalise B.V.\"}}},\"40\":[\"62\"],\"50\":\"\",\"39\":\"A quirky new online appearance for a soda brand\",\"36\":{\"30\":{\"type\":\"honour\",\"enabled\":\"1\",\"fields\":{\"honorName\":\"FWA SOTD\",\"logo\":[\"32\"]}},\"34\":{\"type\":\"honour\",\"enabled\":\"1\",\"fields\":{\"honorName\":\"FWA MOTD\",\"logo\":[\"32\"]}},\"35\":{\"type\":\"honour\",\"enabled\":\"1\",\"fields\":{\"honorName\":\"Awwwards SOTD\",\"logo\":[\"33\"]}}},\"43\":\"Responsive Website\",\"42\":\"http:\\/\\/orangina.eu\\/\",\"34\":{\"37\":{\"type\":\"role\",\"enabled\":\"1\",\"fields\":{\"role\":\"Interaction design\"}},\"38\":{\"type\":\"role\",\"enabled\":\"1\",\"fields\":{\"role\":\"UX Design\"}},\"39\":{\"type\":\"role\",\"enabled\":\"1\",\"fields\":{\"role\":\"Creative direction\"}},\"40\":{\"type\":\"role\",\"enabled\":\"1\",\"fields\":{\"role\":\"Concept\"}},\"41\":{\"type\":\"role\",\"enabled\":\"1\",\"fields\":{\"role\":\"Strategy\"}}}}}', '2016-03-01 13:57:29', '2016-03-01 13:57:29', '36a895e6-0369-498e-b140-aaeae87ef4d4'),
 ('66', '10', '3', '1', 'en_us', '52', '', '{\"typeId\":\"3\",\"authorId\":\"1\",\"title\":\"Orangina global website\",\"slug\":\"orangina\",\"postDate\":1456411320,\"expiryDate\":null,\"enabled\":1,\"parentId\":null,\"fields\":{\"3\":{\"12\":{\"type\":\"textFullWidth\",\"enabled\":\"1\",\"fields\":{\"body\":\"Orangina refreshed their brand identity Achtung!\\/Kraftwerk wastasked to extend their newbrand identity to a fresh online experience. \",\"textColor\":\"#000000\",\"backgroundColor\":\"#ffffff\",\"paddingTop\":\"100\",\"paddingBottom\":\"60\"}},\"14\":{\"type\":\"largeImage\",\"enabled\":\"1\",\"fields\":{\"image\":[\"61\"],\"backgroundImage\":[\"60\"],\"backgroundColor\":\"#000000\",\"paddingTop\":\"0\",\"paddingBottom\":\"80\"}},\"17\":{\"type\":\"textTwoColumns\",\"enabled\":\"1\",\"fields\":{\"heading\":\"Strategy, Concept & UX\",\"intro\":\"The content of the new Orangina website was meantto be kept simple serving a few main purposes.\",\"body\":\"In general there were two main obectives, informing people about the available range of Orangina products and telling them about the history of Orangina as a brand. The homepage would then serve as a hub to these two objectives, as well as to the Orangina social channels.\",\"textColor\":\"#ffffff\",\"backgroundColor\":\"#fdaa31\",\"paddingTop\":\"80\",\"paddingBottom\":\"60\"}},\"19\":{\"type\":\"video\",\"enabled\":\"1\",\"fields\":{\"coverImage\":[\"64\"],\"video\":[\"18\"],\"backgroundColor\":\"#ffa600\",\"backgroundImage\":[\"65\"],\"paddingTop\":\"60\",\"paddingBottom\":\"100\"}},\"20\":{\"type\":\"textTwoColumns\",\"enabled\":\"1\",\"fields\":{\"heading\":\"Design elements\",\"intro\":\"Colors for the Orangina website were besides the brand\\u2019s Blue and Yellow, based on the labels of the different flavours. \",\"body\":\"\",\"textColor\":\"#000000\",\"backgroundColor\":\"#ffffff\",\"paddingTop\":\"100\",\"paddingBottom\":\"40\"}},\"22\":{\"type\":\"largeImage\",\"enabled\":\"1\",\"fields\":{\"image\":[\"59\"],\"backgroundImage\":\"\",\"backgroundColor\":\"#ffffff\",\"paddingTop\":\"0\",\"paddingBottom\":\"0\"}},\"23\":{\"type\":\"textWithImage\",\"enabled\":\"1\",\"fields\":{\"heading\":\"Iconography\",\"intro\":\"To add on the playfull, quirky identity of Orangina, we created an iconset that was used throughout the website.\",\"body\":\"Our hands on mentality can be found throughout the whole process. We bring ideas to life early. We prototype to keep improving along the way. \",\"image\":[\"54\"],\"textColor\":\"#000000\",\"backgroundColor\":\"#ffffff\",\"imagePosition\":\"right\",\"paddingTop\":\"50\",\"paddingBottom\":\"0\"}},\"25\":{\"type\":\"textTwoColumns\",\"enabled\":\"1\",\"fields\":{\"heading\":\"Final Designs\",\"intro\":\"The content of the new Orangina website was meantto be kept simple serving a few main purposes.\",\"body\":\"In general there were two main obectives, informing people about the available range of Orangina products and telling them about the history of Orangina as a brand. The homepage would then serve as a hub to these two objectives, as well as to the Orangina social channels.\",\"textColor\":\"#ffffff\",\"backgroundColor\":\"#092865\",\"paddingTop\":\"0\",\"paddingBottom\":\"0\"}},\"29\":{\"type\":\"imageGallery\",\"enabled\":\"1\",\"fields\":{\"images\":[\"55\",\"57\",\"56\"],\"backgroundColor\":\"#092865\",\"paddingTop\":\"0\",\"paddingBottom\":\"0\"}}},\"41\":\"Orangina\",\"31\":{\"36\":{\"type\":\"item\",\"enabled\":\"1\",\"fields\":{\"role\":\"Development\",\"contributorName\":\"Inalise B.V.\"}}},\"40\":[\"62\"],\"50\":\"\",\"39\":\"A quirky new online appearance for a soda brand\",\"36\":{\"30\":{\"type\":\"honour\",\"enabled\":\"1\",\"fields\":{\"honorName\":\"FWA SOTD\",\"logo\":[\"32\"]}},\"34\":{\"type\":\"honour\",\"enabled\":\"1\",\"fields\":{\"honorName\":\"FWA MOTD\",\"logo\":[\"32\"]}},\"35\":{\"type\":\"honour\",\"enabled\":\"1\",\"fields\":{\"honorName\":\"Awwwards SOTD\",\"logo\":[\"33\"]}}},\"43\":\"Responsive Website\",\"42\":\"http:\\/\\/orangina.eu\\/\",\"34\":{\"37\":{\"type\":\"role\",\"enabled\":\"1\",\"fields\":{\"role\":\"Interaction design\"}},\"38\":{\"type\":\"role\",\"enabled\":\"1\",\"fields\":{\"role\":\"UX Design\"}},\"39\":{\"type\":\"role\",\"enabled\":\"1\",\"fields\":{\"role\":\"Creative direction\"}},\"40\":{\"type\":\"role\",\"enabled\":\"1\",\"fields\":{\"role\":\"Concept\"}},\"41\":{\"type\":\"role\",\"enabled\":\"1\",\"fields\":{\"role\":\"Strategy\"}}}}}', '2016-03-01 13:59:58', '2016-03-01 13:59:58', '25916ff2-4e13-4a8f-a962-c2efe5359356'),
 ('67', '10', '3', '1', 'en_us', '53', '', '{\"typeId\":\"3\",\"authorId\":\"1\",\"title\":\"Orangina global website\",\"slug\":\"orangina\",\"postDate\":1456411320,\"expiryDate\":null,\"enabled\":1,\"parentId\":null,\"fields\":{\"3\":{\"12\":{\"type\":\"textFullWidth\",\"enabled\":\"1\",\"fields\":{\"body\":\"Orangina refreshed their brand identity Achtung!\\/Kraftwerk wastasked to extend their newbrand identity to a fresh online experience. \",\"textColor\":\"#000000\",\"backgroundColor\":\"#ffffff\",\"paddingTop\":\"100\",\"paddingBottom\":\"60\"}},\"14\":{\"type\":\"largeImage\",\"enabled\":\"1\",\"fields\":{\"image\":[\"61\"],\"backgroundImage\":[\"60\"],\"backgroundColor\":\"#000000\",\"paddingTop\":\"0\",\"paddingBottom\":\"80\"}},\"17\":{\"type\":\"textTwoColumns\",\"enabled\":\"1\",\"fields\":{\"heading\":\"Strategy, Concept & UX\",\"intro\":\"The content of the new Orangina website was meantto be kept simple serving a few main purposes.\",\"body\":\"In general there were two main obectives, informing people about the available range of Orangina products and telling them about the history of Orangina as a brand. The homepage would then serve as a hub to these two objectives, as well as to the Orangina social channels.\",\"textColor\":\"#ffffff\",\"backgroundColor\":\"#fdaa31\",\"paddingTop\":\"80\",\"paddingBottom\":\"60\"}},\"19\":{\"type\":\"video\",\"enabled\":\"1\",\"fields\":{\"coverImage\":[\"64\"],\"video\":[\"18\"],\"backgroundColor\":\"#ffa600\",\"backgroundImage\":[\"65\"],\"paddingTop\":\"60\",\"paddingBottom\":\"100\"}},\"20\":{\"type\":\"textTwoColumns\",\"enabled\":\"1\",\"fields\":{\"heading\":\"Design elements\",\"intro\":\"Colors for the Orangina website were besides the brand\\u2019s Blue and Yellow, based on the labels of the different flavours. \",\"body\":\"\",\"textColor\":\"#000000\",\"backgroundColor\":\"#ffffff\",\"paddingTop\":\"100\",\"paddingBottom\":\"40\"}},\"22\":{\"type\":\"largeImage\",\"enabled\":\"1\",\"fields\":{\"image\":[\"59\"],\"backgroundImage\":\"\",\"backgroundColor\":\"#ffffff\",\"paddingTop\":\"0\",\"paddingBottom\":\"0\"}},\"23\":{\"type\":\"textWithImage\",\"enabled\":\"1\",\"fields\":{\"heading\":\"Iconography\",\"intro\":\"To add on the playfull, quirky identity of Orangina, we created an iconset that was used throughout the website.\",\"body\":\"Our hands on mentality can be found throughout the whole process. We bring ideas to life early. We prototype to keep improving along the way. \",\"image\":[\"54\"],\"textColor\":\"#000000\",\"backgroundColor\":\"#ffffff\",\"imagePosition\":\"right\",\"paddingTop\":\"50\",\"paddingBottom\":\"100\"}},\"25\":{\"type\":\"textTwoColumns\",\"enabled\":\"1\",\"fields\":{\"heading\":\"Final Designs\",\"intro\":\"The content of the new Orangina website was meantto be kept simple serving a few main purposes.\",\"body\":\"In general there were two main obectives, informing people about the available range of Orangina products and telling them about the history of Orangina as a brand. The homepage would then serve as a hub to these two objectives, as well as to the Orangina social channels.\",\"textColor\":\"#ffffff\",\"backgroundColor\":\"#092865\",\"paddingTop\":\"0\",\"paddingBottom\":\"0\"}},\"29\":{\"type\":\"imageGallery\",\"enabled\":\"1\",\"fields\":{\"images\":[\"55\",\"57\",\"56\"],\"backgroundColor\":\"#092865\",\"paddingTop\":\"0\",\"paddingBottom\":\"0\"}}},\"41\":\"Orangina\",\"31\":{\"36\":{\"type\":\"item\",\"enabled\":\"1\",\"fields\":{\"role\":\"Development\",\"contributorName\":\"Inalise B.V.\"}}},\"40\":[\"62\"],\"50\":\"\",\"39\":\"A quirky new online appearance for a soda brand\",\"36\":{\"30\":{\"type\":\"honour\",\"enabled\":\"1\",\"fields\":{\"honorName\":\"FWA SOTD\",\"logo\":[\"32\"]}},\"34\":{\"type\":\"honour\",\"enabled\":\"1\",\"fields\":{\"honorName\":\"FWA MOTD\",\"logo\":[\"32\"]}},\"35\":{\"type\":\"honour\",\"enabled\":\"1\",\"fields\":{\"honorName\":\"Awwwards SOTD\",\"logo\":[\"33\"]}}},\"43\":\"Responsive Website\",\"42\":\"http:\\/\\/orangina.eu\\/\",\"34\":{\"37\":{\"type\":\"role\",\"enabled\":\"1\",\"fields\":{\"role\":\"Interaction design\"}},\"38\":{\"type\":\"role\",\"enabled\":\"1\",\"fields\":{\"role\":\"UX Design\"}},\"39\":{\"type\":\"role\",\"enabled\":\"1\",\"fields\":{\"role\":\"Creative direction\"}},\"40\":{\"type\":\"role\",\"enabled\":\"1\",\"fields\":{\"role\":\"Concept\"}},\"41\":{\"type\":\"role\",\"enabled\":\"1\",\"fields\":{\"role\":\"Strategy\"}}}}}', '2016-03-01 14:15:26', '2016-03-01 14:15:26', '24e74607-033e-4551-ab2d-7a5fa503e2d8'),
 ('68', '10', '3', '1', 'en_us', '54', '', '{\"typeId\":\"3\",\"authorId\":\"1\",\"title\":\"Orangina global website\",\"slug\":\"orangina\",\"postDate\":1456411320,\"expiryDate\":null,\"enabled\":1,\"parentId\":null,\"fields\":{\"3\":{\"12\":{\"type\":\"textFullWidth\",\"enabled\":\"1\",\"fields\":{\"body\":\"Orangina refreshed their brand identity Achtung!\\/Kraftwerk wastasked to extend their newbrand identity to a fresh online experience. \",\"textColor\":\"#000000\",\"backgroundColor\":\"#ffffff\",\"paddingTop\":\"100\",\"paddingBottom\":\"60\"}},\"14\":{\"type\":\"largeImage\",\"enabled\":\"1\",\"fields\":{\"image\":[\"61\"],\"backgroundImage\":[\"60\"],\"backgroundColor\":\"#000000\",\"paddingTop\":\"0\",\"paddingBottom\":\"80\"}},\"17\":{\"type\":\"textTwoColumns\",\"enabled\":\"1\",\"fields\":{\"heading\":\"Strategy, Concept & UX\",\"intro\":\"The content of the new Orangina website was meantto be kept simple serving a few main purposes.\",\"body\":\"In general there were two main obectives, informing people about the available range of Orangina products and telling them about the history of Orangina as a brand. The homepage would then serve as a hub to these two objectives, as well as to the Orangina social channels.\",\"textColor\":\"#ffffff\",\"backgroundColor\":\"#fdaa31\",\"paddingTop\":\"80\",\"paddingBottom\":\"60\"}},\"19\":{\"type\":\"video\",\"enabled\":\"1\",\"fields\":{\"coverImage\":[\"64\"],\"video\":[\"18\"],\"backgroundColor\":\"#ffa600\",\"backgroundImage\":[\"65\"],\"paddingTop\":\"60\",\"paddingBottom\":\"100\"}},\"20\":{\"type\":\"textTwoColumns\",\"enabled\":\"1\",\"fields\":{\"heading\":\"Design elements\",\"intro\":\"Colors for the Orangina website were besides the brand\\u2019s Blue and Yellow, based on the labels of the different flavours. \",\"body\":\"\",\"textColor\":\"#000000\",\"backgroundColor\":\"#ffffff\",\"paddingTop\":\"100\",\"paddingBottom\":\"40\"}},\"22\":{\"type\":\"largeImage\",\"enabled\":\"1\",\"fields\":{\"image\":[\"59\"],\"backgroundImage\":\"\",\"backgroundColor\":\"#ffffff\",\"paddingTop\":\"0\",\"paddingBottom\":\"0\"}},\"23\":{\"type\":\"textWithImage\",\"enabled\":\"1\",\"fields\":{\"heading\":\"Iconography\",\"intro\":\"To add on the playfull, quirky identity of Orangina, we created an iconset that was used throughout the website.\",\"body\":\"Our hands on mentality can be found throughout the whole process. We bring ideas to life early. We prototype to keep improving along the way. \",\"image\":[\"54\"],\"textColor\":\"#000000\",\"backgroundColor\":\"#ffffff\",\"imagePosition\":\"right\",\"paddingTop\":\"50\",\"paddingBottom\":\"100\"}},\"25\":{\"type\":\"textTwoColumns\",\"enabled\":\"1\",\"fields\":{\"heading\":\"Final Designs\",\"intro\":\"The content of the new Orangina website was meantto be kept simple serving a few main purposes.\",\"body\":\"In general there were two main obectives, informing people about the available range of Orangina products and telling them about the history of Orangina as a brand. The homepage would then serve as a hub to these two objectives, as well as to the Orangina social channels.\",\"textColor\":\"#ffffff\",\"backgroundColor\":\"#092865\",\"paddingTop\":\"100\",\"paddingBottom\":\"100\"}},\"29\":{\"type\":\"imageGallery\",\"enabled\":\"1\",\"fields\":{\"images\":[\"55\",\"57\",\"56\"],\"backgroundColor\":\"#092865\",\"paddingTop\":\"0\",\"paddingBottom\":\"0\"}}},\"41\":\"Orangina\",\"31\":{\"36\":{\"type\":\"item\",\"enabled\":\"1\",\"fields\":{\"role\":\"Development\",\"contributorName\":\"Inalise B.V.\"}}},\"40\":[\"62\"],\"50\":\"\",\"39\":\"A quirky new online appearance for a soda brand\",\"36\":{\"30\":{\"type\":\"honour\",\"enabled\":\"1\",\"fields\":{\"honorName\":\"FWA SOTD\",\"logo\":[\"32\"]}},\"34\":{\"type\":\"honour\",\"enabled\":\"1\",\"fields\":{\"honorName\":\"FWA MOTD\",\"logo\":[\"32\"]}},\"35\":{\"type\":\"honour\",\"enabled\":\"1\",\"fields\":{\"honorName\":\"Awwwards SOTD\",\"logo\":[\"33\"]}}},\"43\":\"Responsive Website\",\"42\":\"http:\\/\\/orangina.eu\\/\",\"34\":{\"37\":{\"type\":\"role\",\"enabled\":\"1\",\"fields\":{\"role\":\"Interaction design\"}},\"38\":{\"type\":\"role\",\"enabled\":\"1\",\"fields\":{\"role\":\"UX Design\"}},\"39\":{\"type\":\"role\",\"enabled\":\"1\",\"fields\":{\"role\":\"Creative direction\"}},\"40\":{\"type\":\"role\",\"enabled\":\"1\",\"fields\":{\"role\":\"Concept\"}},\"41\":{\"type\":\"role\",\"enabled\":\"1\",\"fields\":{\"role\":\"Strategy\"}}}}}', '2016-03-01 14:17:13', '2016-03-01 14:17:13', 'f5d83f8a-6cd5-428a-ad99-b0dc2faa2f02'),
 ('69', '10', '3', '1', 'en_us', '55', '', '{\"typeId\":\"3\",\"authorId\":\"1\",\"title\":\"Orangina global website\",\"slug\":\"orangina\",\"postDate\":1456411320,\"expiryDate\":null,\"enabled\":1,\"parentId\":null,\"fields\":{\"3\":{\"12\":{\"type\":\"textFullWidth\",\"enabled\":\"1\",\"fields\":{\"body\":\"Orangina refreshed their brand identity Achtung!\\/Kraftwerk wastasked to extend their newbrand identity to a fresh online experience. \",\"textColor\":\"#000000\",\"backgroundColor\":\"#ffffff\",\"paddingTop\":\"100\",\"paddingBottom\":\"60\"}},\"14\":{\"type\":\"largeImage\",\"enabled\":\"1\",\"fields\":{\"image\":[\"61\"],\"backgroundImage\":[\"60\"],\"backgroundColor\":\"#000000\",\"paddingTop\":\"0\",\"paddingBottom\":\"80\"}},\"17\":{\"type\":\"textTwoColumns\",\"enabled\":\"1\",\"fields\":{\"heading\":\"Strategy, Concept & UX\",\"intro\":\"The content of the new Orangina website was meantto be kept simple serving a few main purposes.\",\"body\":\"In general there were two main obectives, informing people about the available range of Orangina products and telling them about the history of Orangina as a brand. The homepage would then serve as a hub to these two objectives, as well as to the Orangina social channels.\",\"textColor\":\"#ffffff\",\"backgroundColor\":\"#fdaa31\",\"paddingTop\":\"80\",\"paddingBottom\":\"60\"}},\"19\":{\"type\":\"video\",\"enabled\":\"1\",\"fields\":{\"coverImage\":[\"64\"],\"video\":[\"18\"],\"backgroundColor\":\"#ffa600\",\"backgroundImage\":[\"65\"],\"paddingTop\":\"60\",\"paddingBottom\":\"100\"}},\"20\":{\"type\":\"textTwoColumns\",\"enabled\":\"1\",\"fields\":{\"heading\":\"Design elements\",\"intro\":\"Colors for the Orangina website were besides the brand\\u2019s Blue and Yellow, based on the labels of the different flavours. \",\"body\":\"\",\"textColor\":\"#000000\",\"backgroundColor\":\"#ffffff\",\"paddingTop\":\"100\",\"paddingBottom\":\"40\"}},\"22\":{\"type\":\"largeImage\",\"enabled\":\"1\",\"fields\":{\"image\":[\"59\"],\"backgroundImage\":\"\",\"backgroundColor\":\"#ffffff\",\"paddingTop\":\"0\",\"paddingBottom\":\"0\"}},\"23\":{\"type\":\"textWithImage\",\"enabled\":\"1\",\"fields\":{\"heading\":\"Iconography\",\"intro\":\"To add on the playfull, quirky identity of Orangina, we created an iconset that was used throughout the website.\",\"body\":\"Our hands on mentality can be found throughout the whole process. We bring ideas to life early. We prototype to keep improving along the way. \",\"image\":[\"54\"],\"textColor\":\"#000000\",\"backgroundColor\":\"#ffffff\",\"imagePosition\":\"right\",\"paddingTop\":\"50\",\"paddingBottom\":\"100\"}},\"25\":{\"type\":\"textTwoColumns\",\"enabled\":\"1\",\"fields\":{\"heading\":\"Final Designs\",\"intro\":\"The content of the new Orangina website was meantto be kept simple serving a few main purposes.\",\"body\":\"In general there were two main obectives, informing people about the available range of Orangina products and telling them about the history of Orangina as a brand. The homepage would then serve as a hub to these two objectives, as well as to the Orangina social channels.\",\"textColor\":\"#ffffff\",\"backgroundColor\":\"#092865\",\"paddingTop\":\"100\",\"paddingBottom\":\"100\"}},\"29\":{\"type\":\"imageGallery\",\"enabled\":\"1\",\"fields\":{\"images\":[\"55\",\"57\",\"56\"],\"backgroundColor\":\"#092865\",\"paddingTop\":\"0\",\"paddingBottom\":\"80\"}}},\"41\":\"Orangina\",\"31\":{\"36\":{\"type\":\"item\",\"enabled\":\"1\",\"fields\":{\"role\":\"Development\",\"contributorName\":\"Inalise B.V.\"}}},\"40\":[\"62\"],\"50\":\"\",\"39\":\"A quirky new online appearance for a soda brand\",\"36\":{\"30\":{\"type\":\"honour\",\"enabled\":\"1\",\"fields\":{\"honorName\":\"FWA SOTD\",\"logo\":[\"32\"]}},\"34\":{\"type\":\"honour\",\"enabled\":\"1\",\"fields\":{\"honorName\":\"FWA MOTD\",\"logo\":[\"32\"]}},\"35\":{\"type\":\"honour\",\"enabled\":\"1\",\"fields\":{\"honorName\":\"Awwwards SOTD\",\"logo\":[\"33\"]}}},\"43\":\"Responsive Website\",\"42\":\"http:\\/\\/orangina.eu\\/\",\"34\":{\"37\":{\"type\":\"role\",\"enabled\":\"1\",\"fields\":{\"role\":\"Interaction design\"}},\"38\":{\"type\":\"role\",\"enabled\":\"1\",\"fields\":{\"role\":\"UX Design\"}},\"39\":{\"type\":\"role\",\"enabled\":\"1\",\"fields\":{\"role\":\"Creative direction\"}},\"40\":{\"type\":\"role\",\"enabled\":\"1\",\"fields\":{\"role\":\"Concept\"}},\"41\":{\"type\":\"role\",\"enabled\":\"1\",\"fields\":{\"role\":\"Strategy\"}}}}}', '2016-03-01 14:17:52', '2016-03-01 14:17:52', '5e5851be-c0a9-41f9-9c53-f5f84dbec6af'),
 ('70', '10', '3', '1', 'en_us', '56', '', '{\"typeId\":\"3\",\"authorId\":\"1\",\"title\":\"Orangina global website\",\"slug\":\"orangina\",\"postDate\":1456411320,\"expiryDate\":null,\"enabled\":1,\"parentId\":null,\"fields\":{\"3\":{\"12\":{\"type\":\"textFullWidth\",\"enabled\":\"1\",\"fields\":{\"body\":\"Orangina refreshed their brand identity Achtung!\\/Kraftwerk wastasked to extend their newbrand identity to a fresh online experience. \",\"textColor\":\"#000000\",\"backgroundColor\":\"#ffffff\",\"paddingTop\":\"100\",\"paddingBottom\":\"60\"}},\"14\":{\"type\":\"largeImage\",\"enabled\":\"1\",\"fields\":{\"image\":[\"61\"],\"backgroundImage\":[\"60\"],\"backgroundColor\":\"#000000\",\"paddingTop\":\"0\",\"paddingBottom\":\"80\"}},\"17\":{\"type\":\"textTwoColumns\",\"enabled\":\"1\",\"fields\":{\"heading\":\"Strategy, Concept & UX\",\"intro\":\"The content of the new Orangina website was meantto be kept simple serving a few main purposes.\",\"body\":\"In general there were two main obectives, informing people about the available range of Orangina products and telling them about the history of Orangina as a brand. The homepage would then serve as a hub to these two objectives, as well as to the Orangina social channels.\",\"textColor\":\"#ffffff\",\"backgroundColor\":\"#fdaa31\",\"paddingTop\":\"80\",\"paddingBottom\":\"60\"}},\"19\":{\"type\":\"video\",\"enabled\":\"1\",\"fields\":{\"coverImage\":[\"64\"],\"video\":[\"18\"],\"backgroundColor\":\"#ffa600\",\"backgroundImage\":[\"65\"],\"paddingTop\":\"60\",\"paddingBottom\":\"100\"}},\"20\":{\"type\":\"textTwoColumns\",\"enabled\":\"1\",\"fields\":{\"heading\":\"Design elements\",\"intro\":\"Colors for the Orangina website were besides the brand\\u2019s Blue and Yellow, based on the labels of the different flavours. \",\"body\":\"\",\"textColor\":\"#000000\",\"backgroundColor\":\"#ffffff\",\"paddingTop\":\"100\",\"paddingBottom\":\"40\"}},\"22\":{\"type\":\"largeImage\",\"enabled\":\"1\",\"fields\":{\"image\":[\"59\"],\"backgroundImage\":\"\",\"backgroundColor\":\"#ffffff\",\"paddingTop\":\"0\",\"paddingBottom\":\"0\"}},\"23\":{\"type\":\"textWithImage\",\"enabled\":\"1\",\"fields\":{\"heading\":\"Iconography\",\"intro\":\"To add on the playfull, quirky identity of Orangina, we created an iconset that was used throughout the website.\",\"body\":\"Our hands on mentality can be found throughout the whole process. We bring ideas to life early. We prototype to keep improving along the way. \",\"image\":[\"54\"],\"textColor\":\"#000000\",\"backgroundColor\":\"#ffffff\",\"imagePosition\":\"right\",\"paddingTop\":\"50\",\"paddingBottom\":\"100\",\"uiColor\":\"black\"}},\"25\":{\"type\":\"textTwoColumns\",\"enabled\":\"1\",\"fields\":{\"heading\":\"Final Designs\",\"intro\":\"The content of the new Orangina website was meantto be kept simple serving a few main purposes.\",\"body\":\"In general there were two main obectives, informing people about the available range of Orangina products and telling them about the history of Orangina as a brand. The homepage would then serve as a hub to these two objectives, as well as to the Orangina social channels.\",\"textColor\":\"#ffffff\",\"backgroundColor\":\"#092865\",\"paddingTop\":\"100\",\"paddingBottom\":\"100\"}},\"29\":{\"type\":\"imageGallery\",\"enabled\":\"1\",\"fields\":{\"images\":[\"55\",\"57\",\"56\"],\"backgroundColor\":\"#092865\",\"paddingTop\":\"0\",\"paddingBottom\":\"80\"}}},\"41\":\"Orangina\",\"31\":{\"36\":{\"type\":\"item\",\"enabled\":\"1\",\"fields\":{\"role\":\"Development\",\"contributorName\":\"Inalise B.V.\"}}},\"40\":[\"62\"],\"50\":\"\",\"39\":\"A quirky new online appearance for a soda brand\",\"36\":{\"30\":{\"type\":\"honour\",\"enabled\":\"1\",\"fields\":{\"honourName\":\"FWA SOTD\",\"logo\":[\"32\"]}},\"34\":{\"type\":\"honour\",\"enabled\":\"1\",\"fields\":{\"honourName\":\"FWA MOTD\",\"logo\":[\"32\"]}},\"35\":{\"type\":\"honour\",\"enabled\":\"1\",\"fields\":{\"honourName\":\"Awwwards SOTD\",\"logo\":[\"33\"]}}},\"43\":\"Responsive Website\",\"42\":\"http:\\/\\/orangina.eu\\/\",\"34\":{\"37\":{\"type\":\"role\",\"enabled\":\"1\",\"fields\":{\"role\":\"Interaction design\"}},\"38\":{\"type\":\"role\",\"enabled\":\"1\",\"fields\":{\"role\":\"UX Design\"}},\"39\":{\"type\":\"role\",\"enabled\":\"1\",\"fields\":{\"role\":\"Creative direction\"}},\"40\":{\"type\":\"role\",\"enabled\":\"1\",\"fields\":{\"role\":\"Concept\"}},\"41\":{\"type\":\"role\",\"enabled\":\"1\",\"fields\":{\"role\":\"Strategy\"}}}}}', '2016-03-01 16:40:59', '2016-03-01 16:40:59', '9eb27456-aae8-41f3-a9aa-351b3f2b6d6b'),
 ('71', '66', '3', '1', 'en_us', '1', '', '{\"typeId\":null,\"authorId\":\"1\",\"title\":\"Chocomel brand portal\",\"slug\":\"chocomel-brand-portal\",\"postDate\":1457363089,\"expiryDate\":null,\"enabled\":1,\"parentId\":null,\"fields\":{\"3\":\"\",\"41\":\"\",\"31\":\"\",\"40\":\"\",\"50\":\"\",\"39\":\"For the love of chocolate\",\"36\":\"\",\"43\":\"\",\"42\":\"\",\"34\":\"\"}}', '2016-03-07 15:04:49', '2016-03-07 15:04:49', '6bad2aaf-0447-459c-9d1c-726515dce850'),
 ('72', '66', '3', '1', 'en_us', '2', '', '{\"typeId\":\"3\",\"authorId\":\"1\",\"title\":\"Chocomel brand portal\",\"slug\":\"chocomel-brand-portal\",\"postDate\":1457363040,\"expiryDate\":null,\"enabled\":1,\"parentId\":null,\"fields\":{\"3\":\"\",\"41\":\"\",\"31\":\"\",\"40\":[\"67\"],\"50\":\"\",\"39\":\"For the love of chocolate\",\"36\":\"\",\"43\":\"\",\"42\":\"\",\"34\":\"\"}}', '2016-03-07 15:11:34', '2016-03-07 15:11:34', 'f288f9c3-521b-4eeb-a9f4-990e58f95e4b'),
 ('74', '69', '9', '1', 'en_us', '1', NULL, '{\"typeId\":\"9\",\"authorId\":null,\"title\":\"Work\",\"slug\":\"work\",\"postDate\":1457364978,\"expiryDate\":null,\"enabled\":1,\"parentId\":null,\"fields\":[]}', '2016-03-07 15:36:18', '2016-03-07 15:36:18', 'ccf2dd99-784a-4f8b-be99-b6236516d49e');



DROP TABLE IF EXISTS `craft_fieldgroups`;


--
-- Schema for table `craft_fieldgroups`
--
CREATE TABLE `craft_fieldgroups` (
  `id` int(11) NOT NULL AUTO_INCREMENT,
  `name` varchar(255) COLLATE utf8_unicode_ci NOT NULL,
  `dateCreated` datetime NOT NULL,
  `dateUpdated` datetime NOT NULL,
  `uid` char(36) COLLATE utf8_unicode_ci NOT NULL DEFAULT '0',
  PRIMARY KEY (`id`),
  UNIQUE KEY `craft_fieldgroups_name_unq_idx` (`name`)
) ENGINE=InnoDB AUTO_INCREMENT=4 DEFAULT CHARSET=utf8 COLLATE=utf8_unicode_ci;

--
-- Data for table `craft_fieldgroups`
--

INSERT INTO `craft_fieldgroups` (`id`, `name`, `dateCreated`, `dateUpdated`, `uid`) VALUES
 ('1', 'Default', '2016-02-25 11:25:17', '2016-02-25 11:25:17', 'd959f1ae-b54d-482d-964b-dc2c7eff5dae'),
 ('2', 'Cases', '2016-02-25 13:50:50', '2016-02-25 13:50:50', '30ac7b5d-453d-40dd-8378-c7fce4f98bd7'),
 ('3', 'Homepage', '2016-02-25 14:00:37', '2016-02-25 14:00:37', 'b7177952-a291-4098-a4be-41ccd6272d19');



DROP TABLE IF EXISTS `craft_fieldlayoutfields`;


--
-- Schema for table `craft_fieldlayoutfields`
--
CREATE TABLE `craft_fieldlayoutfields` (
  `id` int(11) NOT NULL AUTO_INCREMENT,
  `layoutId` int(11) NOT NULL,
  `tabId` int(11) NOT NULL,
  `fieldId` int(11) NOT NULL,
  `required` tinyint(1) unsigned NOT NULL DEFAULT '0',
  `sortOrder` smallint(6) unsigned DEFAULT NULL,
  `dateCreated` datetime NOT NULL,
  `dateUpdated` datetime NOT NULL,
  `uid` char(36) COLLATE utf8_unicode_ci NOT NULL DEFAULT '0',
  PRIMARY KEY (`id`),
  UNIQUE KEY `craft_fieldlayoutfields_layoutId_fieldId_unq_idx` (`layoutId`,`fieldId`),
  KEY `craft_fieldlayoutfields_sortOrder_idx` (`sortOrder`),
  KEY `craft_fieldlayoutfields_tabId_fk` (`tabId`),
  KEY `craft_fieldlayoutfields_fieldId_fk` (`fieldId`)
) ENGINE=InnoDB AUTO_INCREMENT=845 DEFAULT CHARSET=utf8 COLLATE=utf8_unicode_ci;

--
-- Data for table `craft_fieldlayoutfields`
--

INSERT INTO `craft_fieldlayoutfields` (`id`, `layoutId`, `tabId`, `fieldId`, `required`, `sortOrder`, `dateCreated`, `dateUpdated`, `uid`) VALUES
 ('11', '13', '5', '10', '0', '1', '2016-02-25 14:01:29', '2016-02-25 14:01:29', 'a4fa73fb-5bd9-434b-8a5f-127f842921a4'),
 ('73', '37', '26', '32', '1', '1', '2016-02-25 14:30:58', '2016-02-25 14:30:58', '73a77fac-2405-4b7f-b643-0185452a9476'),
 ('74', '37', '26', '33', '1', '2', '2016-02-25 14:30:58', '2016-02-25 14:30:58', '3e77f416-5a4d-4fa7-8b91-28a3a02a90c6'),
 ('75', '38', '27', '35', '1', '1', '2016-02-25 14:31:52', '2016-02-25 14:31:52', '6b981362-c419-4344-b14a-71cf92a9e829'),
 ('775', '216', '197', '37', '0', '1', '2016-03-01 14:34:55', '2016-03-01 14:34:55', '8a2e13c2-13dd-4b88-bf98-fd39b83bfd18'),
 ('776', '216', '197', '38', '0', '2', '2016-03-01 14:34:55', '2016-03-01 14:34:55', '7da97467-a4f1-4244-9797-eace835c603b'),
 ('777', '217', '198', '4', '0', '1', '2016-03-01 16:39:43', '2016-03-01 16:39:43', 'f1242804-475f-48f9-a521-12a6da55bf0b'),
 ('778', '217', '198', '5', '0', '2', '2016-03-01 16:39:43', '2016-03-01 16:39:43', '89a78700-4473-4e90-b840-50bcd4f262b1'),
 ('779', '217', '198', '6', '0', '3', '2016-03-01 16:39:43', '2016-03-01 16:39:43', '5492780b-9ad8-4aee-9e9d-2007be1bde0c'),
 ('780', '217', '198', '7', '1', '4', '2016-03-01 16:39:43', '2016-03-01 16:39:43', '2aad1c18-b87a-4a17-9399-13684d7b3270'),
 ('781', '217', '198', '45', '1', '5', '2016-03-01 16:39:43', '2016-03-01 16:39:43', '1e2a6cfd-bfe8-47e5-8f18-70a288f043f2'),
 ('782', '217', '198', '8', '1', '6', '2016-03-01 16:39:43', '2016-03-01 16:39:43', 'f3cb5529-bd56-40cb-9f8c-cc75064cab94'),
 ('783', '217', '198', '9', '0', '7', '2016-03-01 16:39:43', '2016-03-01 16:39:43', '22abc269-5358-4786-96e8-47e3111a663a'),
 ('784', '217', '198', '48', '0', '8', '2016-03-01 16:39:43', '2016-03-01 16:39:43', '7a0d9a9c-2eef-4486-9ca0-4530b2b5a675'),
 ('785', '217', '198', '49', '0', '9', '2016-03-01 16:39:43', '2016-03-01 16:39:43', '204c054e-2f2a-49c9-8b73-87ab95db800b'),
 ('786', '217', '198', '66', '0', '10', '2016-03-01 16:39:43', '2016-03-01 16:39:43', '922bf3bb-c1e0-47d5-ad70-c34546093c1b'),
 ('787', '218', '199', '11', '1', '1', '2016-03-01 16:39:43', '2016-03-01 16:39:43', '1d2ad586-ce58-473c-a698-e2a86775004d'),
 ('788', '218', '199', '17', '1', '2', '2016-03-01 16:39:43', '2016-03-01 16:39:43', '7c62fc50-9fc0-46da-ae8f-8f4a74bf3a3a'),
 ('789', '218', '199', '53', '0', '3', '2016-03-01 16:39:43', '2016-03-01 16:39:43', 'a6300054-aef4-4de2-9d6a-b2e09868c613'),
 ('790', '218', '199', '54', '0', '4', '2016-03-01 16:39:43', '2016-03-01 16:39:43', '4fdfefc1-9b30-4e80-8bd1-5c2a6d695af8'),
 ('791', '219', '200', '12', '1', '1', '2016-03-01 16:39:43', '2016-03-01 16:39:43', '326e87d0-d21c-4b80-9f7c-f4fd9491b92a'),
 ('792', '219', '200', '13', '1', '2', '2016-03-01 16:39:43', '2016-03-01 16:39:43', '355311ca-9174-4884-aa86-144d6a9c1334'),
 ('793', '219', '200', '18', '1', '3', '2016-03-01 16:39:43', '2016-03-01 16:39:43', '58b89a64-7748-497d-a2e4-275b33f602ff'),
 ('794', '219', '200', '65', '0', '4', '2016-03-01 16:39:43', '2016-03-01 16:39:43', '000dacf9-6f23-42e4-9e15-c54fe3593118'),
 ('795', '219', '200', '55', '0', '5', '2016-03-01 16:39:43', '2016-03-01 16:39:43', '2f64f117-581e-4c19-96d6-296d1de59dd8'),
 ('796', '219', '200', '56', '0', '6', '2016-03-01 16:39:43', '2016-03-01 16:39:43', '3f830596-610e-4833-980b-cf54835808a6'),
 ('797', '220', '201', '14', '1', '1', '2016-03-01 16:39:43', '2016-03-01 16:39:43', '3db7354b-297f-4b70-ae15-932d68bf9b1e'),
 ('798', '220', '201', '15', '0', '2', '2016-03-01 16:39:43', '2016-03-01 16:39:43', '1a09e17b-b04e-4845-8d2c-4470af75cab3'),
 ('799', '220', '201', '19', '1', '3', '2016-03-01 16:39:43', '2016-03-01 16:39:43', 'c907cf37-7759-4f8f-b6f3-4cf4e7df6256'),
 ('800', '220', '201', '57', '0', '4', '2016-03-01 16:39:43', '2016-03-01 16:39:43', 'b40b882c-366a-47e7-8f58-dc055aa44bfa'),
 ('801', '220', '201', '58', '0', '5', '2016-03-01 16:39:43', '2016-03-01 16:39:43', 'd0e141f0-5b5d-480a-b58f-33b4c7c34f73'),
 ('802', '221', '202', '16', '0', '1', '2016-03-01 16:39:43', '2016-03-01 16:39:43', '135166c8-8484-4159-bbcb-768cca5d8d76'),
 ('803', '221', '202', '59', '0', '2', '2016-03-01 16:39:43', '2016-03-01 16:39:43', '29635c6d-2727-4151-9a76-3c5e6ae4ae57'),
 ('804', '221', '202', '60', '0', '3', '2016-03-01 16:39:43', '2016-03-01 16:39:43', 'dbbc6629-5262-4415-899c-bee70688175c'),
 ('805', '222', '203', '20', '0', '1', '2016-03-01 16:39:43', '2016-03-01 16:39:43', '7ed5b096-92aa-4d94-90f5-cc13831e5a18'),
 ('806', '222', '203', '21', '0', '2', '2016-03-01 16:39:43', '2016-03-01 16:39:43', '956ecbe3-2b04-45db-873c-1ec4d589a437'),
 ('807', '222', '203', '22', '0', '3', '2016-03-01 16:39:43', '2016-03-01 16:39:43', '03cf1404-d90c-4ce0-8974-6965b0e5f2c5'),
 ('808', '222', '203', '23', '0', '4', '2016-03-01 16:39:43', '2016-03-01 16:39:43', '7b315f10-7ca7-40a5-a0f7-61f71e39cca9'),
 ('809', '222', '203', '46', '1', '5', '2016-03-01 16:39:43', '2016-03-01 16:39:43', '2edc7c44-cc58-4e41-9333-5948f8714bf8'),
 ('810', '222', '203', '24', '1', '6', '2016-03-01 16:39:43', '2016-03-01 16:39:43', '2470c2a2-33c2-43fd-9bbe-77f13d93b741'),
 ('811', '222', '203', '61', '0', '7', '2016-03-01 16:39:43', '2016-03-01 16:39:43', '614af790-d5de-4d2d-b527-bee92d1066f4'),
 ('812', '222', '203', '62', '0', '8', '2016-03-01 16:39:43', '2016-03-01 16:39:43', '06b8e0e2-b236-4672-818d-3774ef084395'),
 ('813', '223', '204', '25', '0', '1', '2016-03-01 16:39:43', '2016-03-01 16:39:43', '1a42f9ab-4fdf-4389-840a-dfe19842febb'),
 ('814', '223', '204', '26', '0', '2', '2016-03-01 16:39:43', '2016-03-01 16:39:43', '61686bc8-bd3b-48ab-adc4-5b0855cf970f'),
 ('815', '223', '204', '27', '0', '3', '2016-03-01 16:39:43', '2016-03-01 16:39:43', '04f0b552-4f5d-4e7a-b66a-4876e4a2535a'),
 ('816', '223', '204', '44', '1', '4', '2016-03-01 16:39:43', '2016-03-01 16:39:43', '1ee8e2be-be35-4ea0-8b69-664f25fefb5d'),
 ('817', '223', '204', '28', '1', '5', '2016-03-01 16:39:43', '2016-03-01 16:39:43', '031a0ec3-c573-40e1-a42f-c7c3ff2112b6'),
 ('818', '223', '204', '63', '0', '6', '2016-03-01 16:39:43', '2016-03-01 16:39:43', 'f659e1cd-eccb-4cbf-a585-7c338b0ffac2'),
 ('819', '223', '204', '64', '0', '7', '2016-03-01 16:39:43', '2016-03-01 16:39:43', 'a6c40167-7a7f-4736-b728-a5aa74ba656f'),
 ('820', '224', '205', '29', '0', '1', '2016-03-01 16:39:43', '2016-03-01 16:39:43', 'a579074b-2a38-4ed3-bcab-6400bdd5f60d'),
 ('821', '224', '205', '47', '1', '2', '2016-03-01 16:39:43', '2016-03-01 16:39:43', '60844eaa-2bc5-4744-8a59-ca05643326f0'),
 ('822', '224', '205', '30', '1', '3', '2016-03-01 16:39:43', '2016-03-01 16:39:43', 'bc4cf17b-ef81-4d7c-b82d-5b167e557917'),
 ('823', '224', '205', '51', '0', '4', '2016-03-01 16:39:43', '2016-03-01 16:39:43', 'f6582e79-0d57-4252-858b-3687f46858e3'),
 ('824', '224', '205', '52', '0', '5', '2016-03-01 16:39:43', '2016-03-01 16:39:43', 'a99c8efd-ddec-42f7-8c25-2c7f274a8592'),
 ('835', '226', '208', '39', '0', '1', '2016-03-07 14:18:22', '2016-03-07 14:18:22', 'eea735de-5a9b-4099-8017-ec54ce7de4ae'),
 ('836', '226', '208', '40', '0', '2', '2016-03-07 14:18:22', '2016-03-07 14:18:22', '2fba747e-ab75-4c9b-b694-6573973ea4a8'),
 ('837', '226', '208', '50', '0', '3', '2016-03-07 14:18:22', '2016-03-07 14:18:22', '15a2e77e-d237-4a2e-b925-fde4e7459319'),
 ('838', '226', '208', '41', '0', '4', '2016-03-07 14:18:22', '2016-03-07 14:18:22', 'a542ff8b-8901-4475-b7ca-37fb940a2279'),
 ('839', '226', '208', '43', '0', '5', '2016-03-07 14:18:22', '2016-03-07 14:18:22', '2776a233-7072-4752-bd80-a84f20e6c70b'),
 ('840', '226', '208', '42', '0', '6', '2016-03-07 14:18:22', '2016-03-07 14:18:22', '13a6cec1-bcb2-473a-9f88-51a38d19bcbe'),
 ('841', '226', '208', '31', '0', '7', '2016-03-07 14:18:22', '2016-03-07 14:18:22', 'e9668bd9-c476-46ea-a9c6-b017cd093199'),
 ('842', '226', '208', '34', '0', '8', '2016-03-07 14:18:22', '2016-03-07 14:18:22', '12d085ac-b42c-4ad1-afe2-69db8b74f673'),
 ('843', '226', '208', '36', '0', '9', '2016-03-07 14:18:22', '2016-03-07 14:18:22', '969e1b44-523d-4a19-baf8-1545b9490fdc'),
 ('844', '226', '209', '3', '0', '1', '2016-03-07 14:18:22', '2016-03-07 14:18:22', '242fd14f-7b21-4a9f-8c60-d0f35840a2ff');



DROP TABLE IF EXISTS `craft_fieldlayouts`;


--
-- Schema for table `craft_fieldlayouts`
--
CREATE TABLE `craft_fieldlayouts` (
  `id` int(11) NOT NULL AUTO_INCREMENT,
  `type` varchar(150) COLLATE utf8_unicode_ci NOT NULL,
  `dateCreated` datetime NOT NULL,
  `dateUpdated` datetime NOT NULL,
  `uid` char(36) COLLATE utf8_unicode_ci NOT NULL DEFAULT '0',
  PRIMARY KEY (`id`),
  KEY `craft_fieldlayouts_type_idx` (`type`)
) ENGINE=InnoDB AUTO_INCREMENT=229 DEFAULT CHARSET=utf8 COLLATE=utf8_unicode_ci;

--
-- Data for table `craft_fieldlayouts`
--

INSERT INTO `craft_fieldlayouts` (`id`, `type`, `dateCreated`, `dateUpdated`, `uid`) VALUES
 ('1', 'Tag', '2016-02-25 11:25:17', '2016-02-25 11:25:17', 'e718afbf-b262-4ced-b435-bc090bea1229'),
 ('3', 'Entry', '2016-02-25 11:25:17', '2016-02-25 11:25:17', '686faef0-bcc9-4630-9ef0-36e72d1f6fc8'),
 ('5', 'Entry', '2016-02-25 11:25:17', '2016-02-25 11:25:17', '7c625eb6-dedb-4c4b-a5da-34c189212f01'),
 ('7', 'Entry', '2016-02-25 13:47:58', '2016-02-25 13:47:58', '8a2cbdf7-1dc1-4456-a017-6d03d52482e2'),
 ('9', 'Entry', '2016-02-25 13:49:30', '2016-02-25 13:49:30', '14533b09-6983-447a-bb25-d82497eb8a86'),
 ('10', 'Entry', '2016-02-25 13:49:38', '2016-02-25 13:49:38', '32cd5fbb-9a92-44d7-984a-7ff968f474fa'),
 ('13', 'Entry', '2016-02-25 14:01:29', '2016-02-25 14:01:29', '45187c2e-3a9d-4897-88de-a7ef007bb78d'),
 ('37', 'MatrixBlock', '2016-02-25 14:30:58', '2016-02-25 14:30:58', 'caed8be6-d85a-4438-841a-61e242d33583'),
 ('38', 'MatrixBlock', '2016-02-25 14:31:52', '2016-02-25 14:31:52', '1a778525-e665-4415-a751-19acf2ae79e2'),
 ('43', 'GlobalSet', '2016-02-25 14:50:24', '2016-02-25 14:50:24', 'cf869dcb-e171-4985-91de-b0d8723836b3'),
 ('57', 'Asset', '2016-02-26 12:41:37', '2016-02-26 12:41:37', '820af5b3-24f5-48bd-bef2-24be6e641c96'),
 ('75', 'Asset', '2016-02-26 13:52:16', '2016-02-26 13:52:16', 'df7fba11-1b88-46e6-a9d9-41c3392792e0'),
 ('94', 'Asset', '2016-02-29 09:55:51', '2016-02-29 09:55:51', '12cf2ccf-5322-48bb-99d8-fb3e73bd847c'),
 ('216', 'MatrixBlock', '2016-03-01 14:34:54', '2016-03-01 14:34:54', 'b9ee9336-68a1-46fa-bf0d-6f87ab38e6c7'),
 ('217', 'MatrixBlock', '2016-03-01 16:39:43', '2016-03-01 16:39:43', '9badfc14-d6f6-47e3-97b5-5b94cf8d5e09'),
 ('218', 'MatrixBlock', '2016-03-01 16:39:43', '2016-03-01 16:39:43', 'a9823917-3f5c-4ed6-8d24-d9482d3ff08f'),
 ('219', 'MatrixBlock', '2016-03-01 16:39:43', '2016-03-01 16:39:43', 'b5a4478d-9f91-47b1-a6ed-a93dbcd49157'),
 ('220', 'MatrixBlock', '2016-03-01 16:39:43', '2016-03-01 16:39:43', 'fec1ed02-c9bd-4dbf-b4a5-e9b049d2b992'),
 ('221', 'MatrixBlock', '2016-03-01 16:39:43', '2016-03-01 16:39:43', '43cdc321-45bc-4080-bb17-2637a4c58b03'),
 ('222', 'MatrixBlock', '2016-03-01 16:39:43', '2016-03-01 16:39:43', '807a0193-7205-47cf-b70b-ea6f778c9e7c'),
 ('223', 'MatrixBlock', '2016-03-01 16:39:43', '2016-03-01 16:39:43', 'b7821f85-3309-44b5-8fd9-c5e40082af1c'),
 ('224', 'MatrixBlock', '2016-03-01 16:39:43', '2016-03-01 16:39:43', 'ecffd1ea-c6d0-481e-8657-d047342e64c2'),
 ('226', 'Entry', '2016-03-07 14:18:22', '2016-03-07 14:18:22', '21bac5a3-38bf-4766-9b3f-aacf7e698b0e'),
 ('227', 'Entry', '2016-03-07 15:34:59', '2016-03-07 15:34:59', '95e1aff3-586b-4bd1-aa7c-c29c12acea3f'),
 ('228', 'Entry', '2016-03-07 15:36:18', '2016-03-07 15:36:18', '2134f198-ffc7-47a0-8154-c794bed95341');



DROP TABLE IF EXISTS `craft_fieldlayouttabs`;


--
-- Schema for table `craft_fieldlayouttabs`
--
CREATE TABLE `craft_fieldlayouttabs` (
  `id` int(11) NOT NULL AUTO_INCREMENT,
  `layoutId` int(11) NOT NULL,
  `name` varchar(255) COLLATE utf8_unicode_ci NOT NULL,
  `sortOrder` smallint(6) unsigned DEFAULT NULL,
  `dateCreated` datetime NOT NULL,
  `dateUpdated` datetime NOT NULL,
  `uid` char(36) COLLATE utf8_unicode_ci NOT NULL DEFAULT '0',
  PRIMARY KEY (`id`),
  KEY `craft_fieldlayouttabs_sortOrder_idx` (`sortOrder`),
  KEY `craft_fieldlayouttabs_layoutId_fk` (`layoutId`)
) ENGINE=InnoDB AUTO_INCREMENT=210 DEFAULT CHARSET=utf8 COLLATE=utf8_unicode_ci;

--
-- Data for table `craft_fieldlayouttabs`
--

INSERT INTO `craft_fieldlayouttabs` (`id`, `layoutId`, `name`, `sortOrder`, `dateCreated`, `dateUpdated`, `uid`) VALUES
 ('1', '3', 'Content', '1', '2016-02-25 11:25:17', '2016-02-25 11:25:17', 'fa178389-214d-45f0-8c9a-3847f0a43bd2'),
 ('2', '5', 'Content', '1', '2016-02-25 11:25:17', '2016-02-25 11:25:17', '0f7f122e-eb8f-4a4d-8711-3363baa90ed6'),
 ('5', '13', 'Homepage', '1', '2016-02-25 14:01:29', '2016-02-25 14:01:29', '839c5513-c082-4842-ba0a-3f5634687e66'),
 ('26', '37', 'Content', '1', '2016-02-25 14:30:58', '2016-02-25 14:30:58', '6bb5bd39-e68d-4c55-b29f-a040ae3dc3b8'),
 ('27', '38', 'Content', '1', '2016-02-25 14:31:52', '2016-02-25 14:31:52', '3f72259e-9b93-4f6b-95b0-345fff49fd0d'),
 ('197', '216', 'Content', '1', '2016-03-01 14:34:54', '2016-03-01 14:34:54', '6351d909-657c-406c-abf5-2e0559542d29'),
 ('198', '217', 'Content', '1', '2016-03-01 16:39:43', '2016-03-01 16:39:43', '702b410e-ef51-4ae6-9ebc-897f6bfe3657'),
 ('199', '218', 'Content', '1', '2016-03-01 16:39:43', '2016-03-01 16:39:43', '8757efb9-de10-4954-9dd3-e642109e4396'),
 ('200', '219', 'Content', '1', '2016-03-01 16:39:43', '2016-03-01 16:39:43', '51838666-534b-4fe3-830c-a4c64ff86f5d'),
 ('201', '220', 'Content', '1', '2016-03-01 16:39:43', '2016-03-01 16:39:43', '2d297c74-2c0f-420f-8fc3-9a7557767afa'),
 ('202', '221', 'Content', '1', '2016-03-01 16:39:43', '2016-03-01 16:39:43', '4a953501-a72d-482f-82a5-c5bff179e6db'),
 ('203', '222', 'Content', '1', '2016-03-01 16:39:43', '2016-03-01 16:39:43', '671a3405-d9e8-41db-ae11-dd06c4f332e9'),
 ('204', '223', 'Content', '1', '2016-03-01 16:39:43', '2016-03-01 16:39:43', '2ab0e254-2c27-4e23-8dd0-99ca8efd6faa'),
 ('205', '224', 'Content', '1', '2016-03-01 16:39:43', '2016-03-01 16:39:43', 'ce0c90c3-2e65-415d-a1b3-e4931942cdba'),
 ('208', '226', 'Case', '1', '2016-03-07 14:18:22', '2016-03-07 14:18:22', '81999440-2990-4d69-b804-aa0dfd2b0a90'),
 ('209', '226', 'Sections', '2', '2016-03-07 14:18:22', '2016-03-07 14:18:22', '28c92131-3adb-45e2-ba6c-8c691c08baa0');



DROP TABLE IF EXISTS `craft_fields`;


--
-- Schema for table `craft_fields`
--
CREATE TABLE `craft_fields` (
  `id` int(11) NOT NULL AUTO_INCREMENT,
  `groupId` int(11) DEFAULT NULL,
  `name` varchar(255) COLLATE utf8_unicode_ci NOT NULL,
  `handle` varchar(58) COLLATE utf8_unicode_ci NOT NULL,
  `context` varchar(255) COLLATE utf8_unicode_ci NOT NULL DEFAULT 'global',
  `instructions` text COLLATE utf8_unicode_ci,
  `translatable` tinyint(1) unsigned NOT NULL DEFAULT '0',
  `type` varchar(150) COLLATE utf8_unicode_ci NOT NULL,
  `settings` text COLLATE utf8_unicode_ci,
  `dateCreated` datetime NOT NULL,
  `dateUpdated` datetime NOT NULL,
  `uid` char(36) COLLATE utf8_unicode_ci NOT NULL DEFAULT '0',
  PRIMARY KEY (`id`),
  UNIQUE KEY `craft_fields_handle_context_unq_idx` (`handle`,`context`),
  KEY `craft_fields_context_idx` (`context`),
  KEY `craft_fields_groupId_fk` (`groupId`)
) ENGINE=InnoDB AUTO_INCREMENT=67 DEFAULT CHARSET=utf8 COLLATE=utf8_unicode_ci;

--
-- Data for table `craft_fields`
--

INSERT INTO `craft_fields` (`id`, `groupId`, `name`, `handle`, `context`, `instructions`, `translatable`, `type`, `settings`, `dateCreated`, `dateUpdated`, `uid`) VALUES
 ('3', '2', 'Case Sections', 'caseSections', 'global', '', '0', 'Matrix', '{\"maxBlocks\":null}', '2016-02-25 13:55:50', '2016-03-01 16:39:42', 'f42189c1-e2bf-4edd-b4b0-c0bce8d1aace'),
 ('4', NULL, 'Heading', 'heading', 'matrixBlockType:1', '', '0', 'PlainText', '{\"placeholder\":\"\",\"maxLength\":\"250\",\"multiline\":\"\",\"initialRows\":\"4\"}', '2016-02-25 13:55:50', '2016-03-01 16:39:42', '8de48167-55cb-4cf9-9f0b-e3dd6543bb78'),
 ('5', NULL, 'Intro', 'intro', 'matrixBlockType:1', '', '0', 'PlainText', '{\"placeholder\":\"\",\"maxLength\":\"300\",\"multiline\":\"\",\"initialRows\":\"4\"}', '2016-02-25 13:55:50', '2016-03-01 16:39:42', 'f297a41a-53f5-4410-92ce-87e48579e987'),
 ('6', NULL, 'Body', 'body', 'matrixBlockType:1', '', '0', 'PlainText', '{\"placeholder\":\"\",\"maxLength\":\"200\",\"multiline\":\"\",\"initialRows\":\"4\"}', '2016-02-25 13:55:50', '2016-03-01 16:39:42', '739390eb-cabb-4914-9853-d915d29b32c4'),
 ('7', NULL, 'Image', 'image', 'matrixBlockType:1', '', '0', 'Assets', '{\"useSingleFolder\":\"1\",\"sources\":[\"folder:2\"],\"defaultUploadLocationSource\":\"2\",\"defaultUploadLocationSubpath\":\"\\/{owner.slug}\",\"singleUploadLocationSource\":\"2\",\"singleUploadLocationSubpath\":\"{owner.slug}\",\"restrictFiles\":\"1\",\"allowedKinds\":[\"image\"],\"limit\":\"1\",\"viewMode\":\"list\",\"selectionLabel\":\"\"}', '2016-02-25 13:55:50', '2016-03-01 16:39:42', 'a0bebfc8-fe39-43ca-8f5a-28e87b59bdb4'),
 ('8', NULL, 'Background Color', 'backgroundColor', 'matrixBlockType:1', '', '0', 'Color', NULL, '2016-02-25 13:55:50', '2016-03-01 16:39:42', 'd9962176-0df9-4146-98d0-66f04747551f'),
 ('9', NULL, 'Image Position', 'imagePosition', 'matrixBlockType:1', '', '0', 'PositionSelect', '{\"options\":[\"left\",\"right\"]}', '2016-02-25 13:55:50', '2016-03-01 16:39:42', '5f95a5ed-a7e2-4e9f-bb08-24c5e2d065b8'),
 ('10', '3', 'Featured Cases', 'featuredCases', 'global', '', '0', 'Entries', '{\"sources\":[\"section:3\"],\"limit\":\"5\",\"selectionLabel\":\"Selected a Case\"}', '2016-02-25 14:01:05', '2016-02-25 14:01:05', '42cfabcc-074f-4551-9e3d-f247e8dd91a6'),
 ('11', NULL, 'Images', 'images', 'matrixBlockType:2', 'Select up to 10 images.', '0', 'Assets', '{\"useSingleFolder\":\"1\",\"sources\":[\"folder:2\"],\"defaultUploadLocationSource\":\"2\",\"defaultUploadLocationSubpath\":\"\",\"singleUploadLocationSource\":\"2\",\"singleUploadLocationSubpath\":\"{owner.slug}\",\"restrictFiles\":\"1\",\"allowedKinds\":[\"image\"],\"limit\":\"10\",\"viewMode\":\"list\",\"selectionLabel\":\"Add assets\"}', '2016-02-25 14:07:12', '2016-03-01 16:39:43', 'ce2cea7b-029b-459f-bf7b-9c466beff50c'),
 ('12', NULL, 'Cover Image', 'coverImage', 'matrixBlockType:3', '', '0', 'Assets', '{\"useSingleFolder\":\"1\",\"sources\":[\"folder:2\"],\"defaultUploadLocationSource\":\"2\",\"defaultUploadLocationSubpath\":\"\",\"singleUploadLocationSource\":\"2\",\"singleUploadLocationSubpath\":\"{owner.slug}\",\"restrictFiles\":\"1\",\"allowedKinds\":[\"image\"],\"limit\":\"1\",\"viewMode\":\"list\",\"selectionLabel\":\"\"}', '2016-02-25 14:10:40', '2016-03-01 16:39:43', '0a3d4e60-2d54-4936-9584-a1124675aee1'),
 ('13', NULL, 'Video', 'video', 'matrixBlockType:3', '', '0', 'Assets', '{\"useSingleFolder\":\"\",\"sources\":[\"folder:1\"],\"defaultUploadLocationSource\":\"1\",\"defaultUploadLocationSubpath\":\"{owner.slug}\",\"singleUploadLocationSource\":\"1\",\"singleUploadLocationSubpath\":\"\",\"restrictFiles\":\"1\",\"allowedKinds\":[\"video\"],\"limit\":\"1\",\"viewMode\":\"list\",\"selectionLabel\":\"\"}', '2016-02-25 14:10:40', '2016-03-01 16:39:43', '58a6b8b0-1261-4c02-b44d-0a2eeb626a2a'),
 ('14', NULL, 'Image', 'image', 'matrixBlockType:4', '', '0', 'Assets', '{\"useSingleFolder\":\"1\",\"sources\":[\"folder:2\"],\"defaultUploadLocationSource\":\"2\",\"defaultUploadLocationSubpath\":\"\",\"singleUploadLocationSource\":\"2\",\"singleUploadLocationSubpath\":\"{owner.slug}\",\"restrictFiles\":\"1\",\"allowedKinds\":[\"image\"],\"limit\":\"1\",\"viewMode\":\"list\",\"selectionLabel\":\"\"}', '2016-02-25 14:15:08', '2016-03-01 16:39:43', 'c5adefc9-ff05-4e26-8d79-24f06f25ca0e'),
 ('15', NULL, 'Background Image', 'backgroundImage', 'matrixBlockType:4', '', '0', 'Assets', '{\"useSingleFolder\":\"1\",\"sources\":[\"folder:2\"],\"defaultUploadLocationSource\":\"2\",\"defaultUploadLocationSubpath\":\"\",\"singleUploadLocationSource\":\"2\",\"singleUploadLocationSubpath\":\"{owner.slug}\",\"restrictFiles\":\"1\",\"allowedKinds\":[\"image\"],\"limit\":\"1\",\"viewMode\":\"list\",\"selectionLabel\":\"\"}', '2016-02-25 14:15:08', '2016-03-01 16:39:43', '3c97f7fd-30f4-47fa-87f0-824a3a78f08e'),
 ('16', NULL, 'Image', 'image', 'matrixBlockType:5', '', '0', 'Assets', '{\"useSingleFolder\":\"1\",\"sources\":[\"folder:2\"],\"defaultUploadLocationSource\":\"2\",\"defaultUploadLocationSubpath\":\"\",\"singleUploadLocationSource\":\"2\",\"singleUploadLocationSubpath\":\"{owner.slug}\",\"restrictFiles\":\"1\",\"allowedKinds\":[\"image\"],\"limit\":\"1\",\"viewMode\":\"list\",\"selectionLabel\":\"\"}', '2016-02-25 14:15:08', '2016-03-01 16:39:43', 'c404845f-7709-45ed-b293-40a3f17b75d7'),
 ('17', NULL, 'Background Color', 'backgroundColor', 'matrixBlockType:2', '', '0', 'Color', NULL, '2016-02-25 14:23:54', '2016-03-01 16:39:43', '40458637-88bc-4a2d-b006-e47bc7055d0d'),
 ('18', NULL, 'Background Color', 'backgroundColor', 'matrixBlockType:3', '', '0', 'Color', NULL, '2016-02-25 14:23:54', '2016-03-01 16:39:43', 'd34ebb77-d6ae-4443-8999-10fa90103522'),
 ('19', NULL, 'Background Color', 'backgroundColor', 'matrixBlockType:4', '', '0', 'Color', NULL, '2016-02-25 14:23:54', '2016-03-01 16:39:43', 'af1d4a5d-fde4-4c01-8cc6-36fb4468d16d'),
 ('20', NULL, 'Heading', 'heading', 'matrixBlockType:6', '', '0', 'PlainText', '{\"placeholder\":\"\",\"maxLength\":\"\",\"multiline\":\"\",\"initialRows\":\"4\"}', '2016-02-25 14:23:54', '2016-03-01 16:39:43', '9250f0a4-71e0-4194-902d-41def514d9e6'),
 ('21', NULL, 'Intro', 'intro', 'matrixBlockType:6', '', '0', 'PlainText', '{\"placeholder\":\"\",\"maxLength\":\"\",\"multiline\":\"1\",\"initialRows\":\"4\"}', '2016-02-25 14:23:54', '2016-03-01 16:39:43', '0b577a40-4325-4c4a-a927-c450828301ca'),
 ('22', NULL, 'Body', 'body', 'matrixBlockType:6', '', '0', 'PlainText', '{\"placeholder\":\"\",\"maxLength\":\"\",\"multiline\":\"1\",\"initialRows\":\"4\"}', '2016-02-25 14:23:54', '2016-03-01 16:39:43', '4fb80412-b3c2-452a-b3fd-1169515f8c47'),
 ('23', NULL, 'Position', 'position', 'matrixBlockType:6', '', '0', 'PositionSelect', '{\"options\":[\"left\",\"center\",\"right\"]}', '2016-02-25 14:23:54', '2016-03-01 16:39:43', 'dd1aae7b-4fdf-4419-89f4-2e0feeecc586'),
 ('24', NULL, 'Background Color', 'backgroundColor', 'matrixBlockType:6', '', '0', 'Color', NULL, '2016-02-25 14:23:54', '2016-03-01 16:39:43', '5527eab8-60d3-4247-bc2f-57d872d633c3'),
 ('25', NULL, 'Heading', 'heading', 'matrixBlockType:7', '', '0', 'PlainText', '{\"placeholder\":\"\",\"maxLength\":\"\",\"multiline\":\"\",\"initialRows\":\"4\"}', '2016-02-25 14:23:55', '2016-03-01 16:39:43', '3989abf6-3956-4749-8f2e-1eb5debf3c46'),
 ('26', NULL, 'Intro', 'intro', 'matrixBlockType:7', '', '0', 'PlainText', '{\"placeholder\":\"\",\"maxLength\":\"\",\"multiline\":\"1\",\"initialRows\":\"4\"}', '2016-02-25 14:23:55', '2016-03-01 16:39:43', '26dfb6e4-7dda-48e7-a1b8-db8ffac0a5e5'),
 ('27', NULL, 'Body', 'body', 'matrixBlockType:7', '', '0', 'PlainText', '{\"placeholder\":\"\",\"maxLength\":\"\",\"multiline\":\"1\",\"initialRows\":\"4\"}', '2016-02-25 14:23:55', '2016-03-01 16:39:43', '1590b1d7-af56-4385-af16-65958f51f1fe'),
 ('28', NULL, 'Background Color', 'backgroundColor', 'matrixBlockType:7', '', '0', 'Color', NULL, '2016-02-25 14:23:55', '2016-03-01 16:39:43', 'd4b7988a-0f2a-406b-9e46-b4d35a2bc82f'),
 ('29', NULL, 'Body', 'body', 'matrixBlockType:8', '', '0', 'PlainText', '{\"placeholder\":\"\",\"maxLength\":\"\",\"multiline\":\"1\",\"initialRows\":\"4\"}', '2016-02-25 14:23:55', '2016-03-01 16:39:43', 'e8438af8-a5bb-4c41-a6e3-d2a8faf1456b'),
 ('30', NULL, 'Background Color', 'backgroundColor', 'matrixBlockType:8', '', '0', 'Color', NULL, '2016-02-25 14:23:55', '2016-03-01 16:39:43', 'c1ac7dd7-ff3b-4a68-a386-f6c142f3f046'),
 ('31', '2', 'Credits', 'credits', 'global', '', '0', 'Matrix', '{\"maxBlocks\":null}', '2016-02-25 14:30:58', '2016-02-25 14:30:58', '462da376-e04a-46ca-b035-26a86b5435e8'),
 ('32', NULL, 'Role', 'role', 'matrixBlockType:9', '', '0', 'PlainText', '{\"placeholder\":\"\",\"maxLength\":\"\",\"multiline\":\"\",\"initialRows\":\"4\"}', '2016-02-25 14:30:58', '2016-02-25 14:30:58', '94222171-06d1-487f-b5ff-6ca892cd9dde'),
 ('33', NULL, 'Contributor Name', 'contributorName', 'matrixBlockType:9', '', '0', 'PlainText', '{\"placeholder\":\"\",\"maxLength\":\"\",\"multiline\":\"\",\"initialRows\":\"4\"}', '2016-02-25 14:30:58', '2016-02-25 14:30:58', 'eac42a4b-14ba-48f8-b0ad-84bca5aab669'),
 ('34', '2', 'Roles', 'roles', 'global', '', '0', 'Matrix', '{\"maxBlocks\":null}', '2016-02-25 14:31:52', '2016-02-25 14:31:52', '18d84fef-13a8-43ba-829d-6268120163ad'),
 ('35', NULL, 'Role', 'role', 'matrixBlockType:10', '', '0', 'PlainText', '{\"placeholder\":\"\",\"maxLength\":\"\",\"multiline\":\"\",\"initialRows\":\"4\"}', '2016-02-25 14:31:52', '2016-02-25 14:31:52', 'c70dfa55-d03e-473c-b4ec-80f8656dd37d'),
 ('36', '2', 'Honours', 'honours', 'global', '', '0', 'Matrix', '{\"maxBlocks\":\"6\"}', '2016-02-25 14:36:09', '2016-03-01 14:34:54', '35347a96-8180-4090-b295-12f41b748c44'),
 ('37', NULL, 'Honour name', 'honourName', 'matrixBlockType:11', '', '0', 'PlainText', '{\"placeholder\":\"\",\"maxLength\":\"\",\"multiline\":\"\",\"initialRows\":\"4\"}', '2016-02-25 14:36:09', '2016-03-01 14:34:54', 'ee626eaf-8f43-425f-a6b7-dd06d7bbf8a3'),
 ('38', NULL, 'Logo', 'logo', 'matrixBlockType:11', '', '0', 'Assets', '{\"useSingleFolder\":\"\",\"sources\":[\"folder:3\"],\"defaultUploadLocationSource\":\"2\",\"defaultUploadLocationSubpath\":\"\",\"singleUploadLocationSource\":\"1\",\"singleUploadLocationSubpath\":\"\",\"restrictFiles\":\"\",\"limit\":\"1\",\"viewMode\":\"list\",\"selectionLabel\":\"\"}', '2016-02-25 14:36:09', '2016-03-01 14:34:54', 'ec8e33ba-f15d-4ae8-b3a9-fa51e0b543e7'),
 ('39', '2', 'Heading', 'heading', 'global', '', '0', 'PlainText', '{\"placeholder\":\"\",\"maxLength\":\"\",\"multiline\":\"1\",\"initialRows\":\"2\"}', '2016-02-25 14:37:26', '2016-02-25 14:37:26', '7eb39d0e-d7b9-4fbe-8fad-151074b7d6fc'),
 ('40', '2', 'Header Background Image', 'headerBackgroundImage', 'global', '', '0', 'Assets', '{\"useSingleFolder\":\"1\",\"sources\":[\"folder:2\"],\"defaultUploadLocationSource\":\"2\",\"defaultUploadLocationSubpath\":\"\",\"singleUploadLocationSource\":\"2\",\"singleUploadLocationSubpath\":\"{slug}\",\"restrictFiles\":\"1\",\"allowedKinds\":[\"image\"],\"limit\":\"1\",\"viewMode\":\"list\",\"selectionLabel\":\"\"}', '2016-02-25 14:37:55', '2016-02-29 13:17:46', '1c013f89-daf4-4ce7-bedf-ab4bea67ff60'),
 ('41', '2', 'Client', 'client', 'global', '', '0', 'PlainText', '{\"placeholder\":\"\",\"maxLength\":\"\",\"multiline\":\"\",\"initialRows\":\"4\"}', '2016-02-25 14:38:25', '2016-02-25 14:38:25', '0289d61e-cd61-4f87-9004-3ed5a9fac7a4'),
 ('42', '2', 'Project URL', 'projectUrl', 'global', '', '0', 'PlainText', '{\"placeholder\":\"\",\"maxLength\":\"\",\"multiline\":\"\",\"initialRows\":\"4\"}', '2016-02-25 14:38:44', '2016-02-25 14:38:44', '764331db-b64e-4482-be14-0dcebcc6e3cf'),
 ('43', '2', 'Project Type', 'projectType', 'global', '', '0', 'Dropdown', '{\"options\":[{\"label\":\"Responsive Website\",\"value\":\"Responsive Website\",\"default\":\"\"},{\"label\":\"Mobile Application\",\"value\":\"Mobile Application\",\"default\":\"\"},{\"label\":\"\",\"value\":\"\",\"default\":\"\"}]}', '2016-02-25 14:39:30', '2016-02-29 10:22:05', 'f2e8be97-86f0-4ff2-9936-725f068cbe39'),
 ('44', NULL, 'Text Color', 'textColor', 'matrixBlockType:7', '', '0', 'Color', NULL, '2016-02-26 13:38:07', '2016-03-01 16:39:43', '50db597c-9e6f-4d12-83c8-ab56dbcfb56f'),
 ('45', NULL, 'Text Color', 'textColor', 'matrixBlockType:1', '', '0', 'Color', NULL, '2016-02-26 13:39:07', '2016-03-01 16:39:42', '514e0811-94c3-4483-8f3b-b22af7433a1d'),
 ('46', NULL, 'Text Color', 'textColor', 'matrixBlockType:6', '', '0', 'Color', NULL, '2016-02-26 13:39:07', '2016-03-01 16:39:43', 'b023e775-a0b6-447f-b7b4-9af6889247eb'),
 ('47', NULL, 'Text Color', 'textColor', 'matrixBlockType:8', '', '0', 'Color', NULL, '2016-02-26 13:39:07', '2016-03-01 16:39:43', 'b406d477-8bf4-4d91-9693-1f140c387fb0'),
 ('48', NULL, 'Padding Top', 'paddingTop', 'matrixBlockType:1', '', '0', 'Number', '{\"min\":\"0\",\"max\":\"100\",\"decimals\":\"0\"}', '2016-02-29 11:03:57', '2016-03-01 16:39:42', 'e50f8b87-7e8b-420d-8340-2db9c155ba9f'),
 ('49', NULL, 'Padding Bottom', 'paddingBottom', 'matrixBlockType:1', '', '0', 'Number', '{\"min\":\"0\",\"max\":\"100\",\"decimals\":\"0\"}', '2016-02-29 11:07:31', '2016-03-01 16:39:42', '62e56a0d-5041-4b55-8a32-0949ee7683fa'),
 ('50', '2', 'Header Image', 'headerImage', 'global', '', '0', 'Assets', '{\"useSingleFolder\":\"1\",\"sources\":\"*\",\"defaultUploadLocationSource\":\"1\",\"defaultUploadLocationSubpath\":\"\",\"singleUploadLocationSource\":\"2\",\"singleUploadLocationSubpath\":\"{slug}\",\"restrictFiles\":\"1\",\"allowedKinds\":[\"image\"],\"limit\":\"1\",\"viewMode\":\"list\",\"selectionLabel\":\"\"}', '2016-02-29 13:17:35', '2016-02-29 13:20:07', '2271465d-70f9-4b1e-8ccd-a38d234c1b2e'),
 ('51', NULL, 'Padding Top', 'paddingTop', 'matrixBlockType:8', '', '0', 'Number', '{\"min\":\"0\",\"max\":\"100\",\"decimals\":\"0\"}', '2016-03-01 12:59:01', '2016-03-01 16:39:43', '9e6b9dc2-5b4f-49bc-951b-8f6bb619c308'),
 ('52', NULL, 'Padding Bottom', 'paddingBottom', 'matrixBlockType:8', '', '0', 'Number', '{\"min\":\"0\",\"max\":\"100\",\"decimals\":\"0\"}', '2016-03-01 12:59:01', '2016-03-01 16:39:43', 'cde9fe4f-aac1-4c94-aaf5-c9f4760f86aa'),
 ('53', NULL, 'Padding Top', 'paddingTop', 'matrixBlockType:2', '', '0', 'Number', '{\"min\":\"0\",\"max\":\"100\",\"decimals\":\"0\"}', '2016-03-01 13:10:49', '2016-03-01 16:39:43', '05c6253a-6eef-4afa-a506-2f176a823e0c'),
 ('54', NULL, 'Padding Bottom', 'paddingBottom', 'matrixBlockType:2', '', '0', 'Number', '{\"min\":\"0\",\"max\":\"100\",\"decimals\":\"0\"}', '2016-03-01 13:10:49', '2016-03-01 16:39:43', '67df4ef6-128f-40c8-b120-344552754779'),
 ('55', NULL, 'Padding Top', 'paddingTop', 'matrixBlockType:3', '', '0', 'Number', '{\"min\":\"0\",\"max\":\"100\",\"decimals\":\"0\"}', '2016-03-01 13:10:49', '2016-03-01 16:39:43', '7bca3af2-1697-4cc5-b541-7b89e07bc759'),
 ('56', NULL, 'Padding Bottom', 'paddingBottom', 'matrixBlockType:3', '', '0', 'Number', '{\"min\":\"0\",\"max\":\"100\",\"decimals\":\"0\"}', '2016-03-01 13:10:49', '2016-03-01 16:39:43', '3fee4788-6bbe-440a-9a7b-6770b05f9190'),
 ('57', NULL, 'Padding Top', 'paddingTop', 'matrixBlockType:4', '', '0', 'Number', '{\"min\":\"0\",\"max\":\"100\",\"decimals\":\"0\"}', '2016-03-01 13:10:49', '2016-03-01 16:39:43', '20e34684-0118-4c5e-9699-0415e29d1001'),
 ('58', NULL, 'Padding Bottom', 'paddingBottom', 'matrixBlockType:4', '', '0', 'Number', '{\"min\":\"0\",\"max\":\"100\",\"decimals\":\"0\"}', '2016-03-01 13:10:49', '2016-03-01 16:39:43', 'c1cd865d-8aa3-44e0-ae38-76d7007a1d38'),
 ('59', NULL, 'Padding Top', 'paddingTop', 'matrixBlockType:5', '', '0', 'Number', '{\"min\":\"0\",\"max\":\"100\",\"decimals\":\"0\"}', '2016-03-01 13:10:49', '2016-03-01 16:39:43', 'b4aea260-a7c9-4d4f-9cfb-e33f500290f2'),
 ('60', NULL, 'Padding Bottom', 'paddingBottom', 'matrixBlockType:5', '', '0', 'Number', '{\"min\":\"0\",\"max\":\"100\",\"decimals\":\"0\"}', '2016-03-01 13:10:49', '2016-03-01 16:39:43', '29ed8296-4545-48a8-b6b3-c45407682180'),
 ('61', NULL, 'Padding Top', 'paddingTop', 'matrixBlockType:6', '', '0', 'Number', '{\"min\":\"0\",\"max\":\"100\",\"decimals\":\"0\"}', '2016-03-01 13:10:49', '2016-03-01 16:39:43', '4b964e82-e160-4b04-9297-356d3ebbbc1c'),
 ('62', NULL, 'Padding Bottom', 'paddingBottom', 'matrixBlockType:6', '', '0', 'Number', '{\"min\":\"0\",\"max\":\"100\",\"decimals\":\"0\"}', '2016-03-01 13:10:49', '2016-03-01 16:39:43', '418d4ff8-d1be-411d-bcaa-4ecd0705a57b'),
 ('63', NULL, 'Padding Top', 'paddingTop', 'matrixBlockType:7', '', '0', 'Number', '{\"min\":\"0\",\"max\":\"100\",\"decimals\":\"0\"}', '2016-03-01 13:10:49', '2016-03-01 16:39:43', 'de78e695-e0ab-44d5-a23e-02fb8a3f00b0'),
 ('64', NULL, 'Padding Bottom', 'paddingBottom', 'matrixBlockType:7', '', '0', 'Number', '{\"min\":\"0\",\"max\":\"100\",\"decimals\":\"0\"}', '2016-03-01 13:10:49', '2016-03-01 16:39:43', '4dd66fb3-6738-4d85-ad3b-fa1916a82a2c'),
 ('65', NULL, 'Background Image', 'backgroundImage', 'matrixBlockType:3', '', '0', 'Assets', '{\"useSingleFolder\":\"1\",\"sources\":\"*\",\"defaultUploadLocationSource\":\"1\",\"defaultUploadLocationSubpath\":\"\",\"singleUploadLocationSource\":\"2\",\"singleUploadLocationSubpath\":\"{owner.slug}\",\"restrictFiles\":\"1\",\"allowedKinds\":[\"image\"],\"limit\":\"\",\"viewMode\":\"list\",\"selectionLabel\":\"\"}', '2016-03-01 13:50:37', '2016-03-01 16:39:43', '88de4634-d742-4e88-abec-0b60409cfa55'),
 ('66', NULL, 'UI Color', 'uiColor', 'matrixBlockType:1', '', '0', 'Dropdown', '{\"options\":[{\"label\":\"White\",\"value\":\"white\",\"default\":\"\"},{\"label\":\"Black\",\"value\":\"black\",\"default\":\"\"}]}', '2016-03-01 16:39:43', '2016-03-01 16:39:43', '47a2a867-58b0-4023-b0ab-afabeaffc2f4');



DROP TABLE IF EXISTS `craft_globalsets`;


--
-- Schema for table `craft_globalsets`
--
CREATE TABLE `craft_globalsets` (
  `id` int(11) NOT NULL,
  `name` varchar(255) COLLATE utf8_unicode_ci NOT NULL,
  `handle` varchar(255) COLLATE utf8_unicode_ci NOT NULL,
  `fieldLayoutId` int(10) DEFAULT NULL,
  `dateCreated` datetime NOT NULL,
  `dateUpdated` datetime NOT NULL,
  `uid` char(36) COLLATE utf8_unicode_ci NOT NULL DEFAULT '0',
  PRIMARY KEY (`id`),
  UNIQUE KEY `craft_globalsets_name_unq_idx` (`name`),
  UNIQUE KEY `craft_globalsets_handle_unq_idx` (`handle`),
  KEY `craft_globalsets_fieldLayoutId_fk` (`fieldLayoutId`)
) ENGINE=InnoDB DEFAULT CHARSET=utf8 COLLATE=utf8_unicode_ci;

--
-- Data for table `craft_globalsets`
--

INSERT INTO `craft_globalsets` (`id`, `name`, `handle`, `fieldLayoutId`, `dateCreated`, `dateUpdated`, `uid`) VALUES
 ('11', 'Services', 'services', '43', '2016-02-25 14:50:24', '2016-02-25 14:50:24', '5e005d82-866e-4e6a-a118-ebf4f7639031');



DROP TABLE IF EXISTS `craft_info`;


--
-- Schema for table `craft_info`
--
CREATE TABLE `craft_info` (
  `id` int(11) NOT NULL AUTO_INCREMENT,
  `version` varchar(15) COLLATE utf8_unicode_ci NOT NULL,
  `build` int(11) unsigned NOT NULL,
  `schemaVersion` varchar(15) COLLATE utf8_unicode_ci NOT NULL,
  `releaseDate` datetime NOT NULL,
  `edition` tinyint(1) unsigned NOT NULL DEFAULT '0',
  `siteName` varchar(100) COLLATE utf8_unicode_ci NOT NULL,
  `siteUrl` varchar(255) COLLATE utf8_unicode_ci NOT NULL,
  `timezone` varchar(30) COLLATE utf8_unicode_ci DEFAULT NULL,
  `on` tinyint(1) unsigned NOT NULL DEFAULT '0',
  `maintenance` tinyint(1) unsigned NOT NULL DEFAULT '0',
  `track` varchar(40) COLLATE utf8_unicode_ci NOT NULL,
  `dateCreated` datetime NOT NULL,
  `dateUpdated` datetime NOT NULL,
  `uid` char(36) COLLATE utf8_unicode_ci NOT NULL DEFAULT '0',
  PRIMARY KEY (`id`)
) ENGINE=InnoDB AUTO_INCREMENT=2 DEFAULT CHARSET=utf8 COLLATE=utf8_unicode_ci;

--
-- Data for table `craft_info`
--

INSERT INTO `craft_info` (`id`, `version`, `build`, `schemaVersion`, `releaseDate`, `edition`, `siteName`, `siteUrl`, `timezone`, `on`, `maintenance`, `track`, `dateCreated`, `dateUpdated`, `uid`) VALUES
 ('1', '2.5', '2767', '2.5.12', '2016-02-24 20:48:05', '0', 'Studio Kraftwerk', 'http://studio-kraftwerk.local.shcc.nl', 'UTC', '1', '0', 'stable', '2016-02-25 11:25:16', '2016-02-25 15:54:19', '296b7f51-2eba-4076-8a1d-34b849dda886');



DROP TABLE IF EXISTS `craft_locales`;


--
-- Schema for table `craft_locales`
--
CREATE TABLE `craft_locales` (
  `locale` char(12) COLLATE utf8_unicode_ci NOT NULL,
  `sortOrder` smallint(6) unsigned DEFAULT NULL,
  `dateCreated` datetime NOT NULL,
  `dateUpdated` datetime NOT NULL,
  `uid` char(36) COLLATE utf8_unicode_ci NOT NULL DEFAULT '0',
  PRIMARY KEY (`locale`),
  KEY `craft_locales_sortOrder_idx` (`sortOrder`)
) ENGINE=InnoDB DEFAULT CHARSET=utf8 COLLATE=utf8_unicode_ci;

--
-- Data for table `craft_locales`
--

INSERT INTO `craft_locales` (`locale`, `sortOrder`, `dateCreated`, `dateUpdated`, `uid`) VALUES
 ('en_us', '1', '2016-02-25 11:25:16', '2016-02-25 11:25:16', '44ecab89-455a-43af-9dee-ed03f8ba543e');



DROP TABLE IF EXISTS `craft_matrixblocks`;


--
-- Schema for table `craft_matrixblocks`
--
CREATE TABLE `craft_matrixblocks` (
  `id` int(11) NOT NULL,
  `ownerId` int(11) NOT NULL,
  `fieldId` int(11) NOT NULL,
  `typeId` int(11) DEFAULT NULL,
  `sortOrder` smallint(6) unsigned DEFAULT NULL,
  `ownerLocale` char(12) COLLATE utf8_unicode_ci DEFAULT NULL,
  `dateCreated` datetime NOT NULL,
  `dateUpdated` datetime NOT NULL,
  `uid` char(36) COLLATE utf8_unicode_ci NOT NULL DEFAULT '0',
  PRIMARY KEY (`id`),
  KEY `craft_matrixblocks_ownerId_idx` (`ownerId`),
  KEY `craft_matrixblocks_fieldId_idx` (`fieldId`),
  KEY `craft_matrixblocks_typeId_idx` (`typeId`),
  KEY `craft_matrixblocks_sortOrder_idx` (`sortOrder`),
  KEY `craft_matrixblocks_ownerLocale_fk` (`ownerLocale`)
) ENGINE=InnoDB DEFAULT CHARSET=utf8 COLLATE=utf8_unicode_ci;

--
-- Data for table `craft_matrixblocks`
--

INSERT INTO `craft_matrixblocks` (`id`, `ownerId`, `fieldId`, `typeId`, `sortOrder`, `ownerLocale`, `dateCreated`, `dateUpdated`, `uid`) VALUES
 ('12', '10', '3', '8', '1', NULL, '2016-02-26 10:46:08', '2016-03-01 16:40:59', '38b414f3-b0c9-4596-8511-31434ed0dce5'),
 ('14', '10', '3', '4', '2', NULL, '2016-02-26 11:34:33', '2016-03-01 16:40:59', '34447626-50db-4cbb-ab6a-61c25dc17935'),
 ('17', '10', '3', '7', '3', NULL, '2016-02-26 13:29:08', '2016-03-01 16:40:59', '4d0a6b3b-579f-443c-9417-a830c93f4b7f'),
 ('19', '10', '3', '3', '4', NULL, '2016-02-26 13:53:26', '2016-03-01 16:40:59', '13c7bf75-6376-41cf-a347-285221e2ebd5'),
 ('20', '10', '3', '7', '5', NULL, '2016-02-26 14:02:48', '2016-03-01 16:40:59', '6141119a-7fb1-4f03-9bd3-93cfcbebf086'),
 ('22', '10', '3', '4', '6', NULL, '2016-02-26 14:08:10', '2016-03-01 16:40:59', '133ddadf-fc95-4857-812c-c39b9742d4a1'),
 ('23', '10', '3', '1', '7', NULL, '2016-02-26 14:13:03', '2016-03-01 16:40:59', '7e365327-96d4-4f98-ba13-f31f0318c22a'),
 ('25', '10', '3', '7', '8', NULL, '2016-02-29 09:37:51', '2016-03-01 16:40:59', '6789cb4c-d3dc-4464-845b-9f981c4dd7fb'),
 ('29', '10', '3', '2', '9', NULL, '2016-02-29 09:41:30', '2016-03-01 16:40:59', '037e273d-373c-4aea-9a17-7aefe0f733c7'),
 ('30', '10', '36', '11', '1', NULL, '2016-02-29 09:51:11', '2016-03-01 16:40:59', '3ecc69cc-7624-4651-a16d-e0d8159f9846'),
 ('34', '10', '36', '11', '2', NULL, '2016-02-29 10:00:59', '2016-03-01 16:40:59', '68810467-e293-4c14-b0f3-d0c69365f4e3'),
 ('35', '10', '36', '11', '3', NULL, '2016-02-29 10:00:59', '2016-03-01 16:40:59', 'b4bbcf4f-ac56-458d-8f69-5ae7e3fc2edb'),
 ('36', '10', '31', '9', '1', NULL, '2016-02-29 10:03:07', '2016-03-01 16:40:59', '35345d63-57e3-4c5e-9bb1-995b167d0f83'),
 ('37', '10', '34', '10', '1', NULL, '2016-02-29 10:03:07', '2016-03-01 16:40:59', 'f20e9be2-fd1c-48e3-a8bc-063d0579aa94'),
 ('38', '10', '34', '10', '2', NULL, '2016-02-29 10:03:07', '2016-03-01 16:40:59', '29994272-a49b-4bf5-82c3-a05e8bf0aa92'),
 ('39', '10', '34', '10', '3', NULL, '2016-02-29 10:03:07', '2016-03-01 16:40:59', '1c6340fe-7866-4aba-89bf-67d7344f533c'),
 ('40', '10', '34', '10', '4', NULL, '2016-02-29 10:03:07', '2016-03-01 16:40:59', 'b7055342-5116-453c-81d9-2a11fbd5ff78'),
 ('41', '10', '34', '10', '5', NULL, '2016-02-29 10:03:07', '2016-03-01 16:40:59', 'b54af8b1-3bf6-445d-be47-515bfad06fd3');



DROP TABLE IF EXISTS `craft_matrixblocktypes`;


--
-- Schema for table `craft_matrixblocktypes`
--
CREATE TABLE `craft_matrixblocktypes` (
  `id` int(11) NOT NULL AUTO_INCREMENT,
  `fieldId` int(11) NOT NULL,
  `fieldLayoutId` int(11) DEFAULT NULL,
  `name` varchar(255) COLLATE utf8_unicode_ci NOT NULL,
  `handle` varchar(255) COLLATE utf8_unicode_ci NOT NULL,
  `sortOrder` smallint(6) unsigned DEFAULT NULL,
  `dateCreated` datetime NOT NULL,
  `dateUpdated` datetime NOT NULL,
  `uid` char(36) COLLATE utf8_unicode_ci NOT NULL DEFAULT '0',
  PRIMARY KEY (`id`),
  UNIQUE KEY `craft_matrixblocktypes_name_fieldId_unq_idx` (`name`,`fieldId`),
  UNIQUE KEY `craft_matrixblocktypes_handle_fieldId_unq_idx` (`handle`,`fieldId`),
  KEY `craft_matrixblocktypes_fieldId_fk` (`fieldId`),
  KEY `craft_matrixblocktypes_fieldLayoutId_fk` (`fieldLayoutId`)
) ENGINE=InnoDB AUTO_INCREMENT=12 DEFAULT CHARSET=utf8 COLLATE=utf8_unicode_ci;

--
-- Data for table `craft_matrixblocktypes`
--

INSERT INTO `craft_matrixblocktypes` (`id`, `fieldId`, `fieldLayoutId`, `name`, `handle`, `sortOrder`, `dateCreated`, `dateUpdated`, `uid`) VALUES
 ('1', '3', '217', 'Text with Image', 'textWithImage', '1', '2016-02-25 13:55:50', '2016-03-01 16:39:43', '5acd5c93-87b0-4903-a387-49fad63351f7'),
 ('2', '3', '218', 'Image Gallery', 'imageGallery', '2', '2016-02-25 14:07:12', '2016-03-01 16:39:43', '4814e20a-f96b-4b08-89d8-53b4d4fdedc1'),
 ('3', '3', '219', 'Video', 'video', '3', '2016-02-25 14:10:40', '2016-03-01 16:39:43', '0e7a5ba7-d00a-4c34-8308-d867dacdeae8'),
 ('4', '3', '220', 'Large Image', 'largeImage', '4', '2016-02-25 14:15:08', '2016-03-01 16:39:43', '31eacbf3-c4d8-49d1-82f6-24bd9d904abd'),
 ('5', '3', '221', 'Image Full', 'imageFull', '5', '2016-02-25 14:15:08', '2016-03-01 16:39:43', 'd05358c6-a707-4816-8cf4-39bdbf3851d8'),
 ('6', '3', '222', 'Text (Single Column)', 'textSingleColumn', '6', '2016-02-25 14:23:54', '2016-03-01 16:39:43', 'a7e9fde2-2225-4e26-9077-92fed659b06c'),
 ('7', '3', '223', 'Text (Two Columns)', 'textTwoColumns', '7', '2016-02-25 14:23:54', '2016-03-01 16:39:43', '9e12acab-3e8f-477d-a7e1-3e2f8ce0bdd9'),
 ('8', '3', '224', 'Text (Full Width)', 'textFullWidth', '8', '2016-02-25 14:23:55', '2016-03-01 16:39:43', 'c652dcce-2af7-4747-94b4-a55d159ad860'),
 ('9', '31', '37', 'item', 'item', '1', '2016-02-25 14:30:58', '2016-02-25 14:30:58', '0cdb1b16-dd63-43e2-bed0-f9528eb305fe'),
 ('10', '34', '38', 'Role', 'role', '1', '2016-02-25 14:31:52', '2016-02-25 14:31:52', '7ead08ec-2b7d-445e-bc0e-7b783c3a2c82'),
 ('11', '36', '216', 'Honour', 'honour', '1', '2016-02-25 14:36:09', '2016-03-01 14:34:55', '242dc4ae-06d1-4c05-a359-b167572538b2');



DROP TABLE IF EXISTS `craft_matrixcontent_casesections`;


--
-- Schema for table `craft_matrixcontent_casesections`
--
CREATE TABLE `craft_matrixcontent_casesections` (
  `id` int(11) NOT NULL AUTO_INCREMENT,
  `elementId` int(11) NOT NULL,
  `locale` char(12) COLLATE utf8_unicode_ci NOT NULL,
  `field_textWithImage_heading` varchar(250) COLLATE utf8_unicode_ci DEFAULT NULL,
  `field_textWithImage_intro` text COLLATE utf8_unicode_ci,
  `field_textWithImage_body` varchar(200) COLLATE utf8_unicode_ci DEFAULT NULL,
  `field_textWithImage_backgroundColor` char(7) COLLATE utf8_unicode_ci DEFAULT NULL,
  `field_textWithImage_imagePosition` varchar(255) COLLATE utf8_unicode_ci DEFAULT NULL,
  `field_imageGallery_backgroundColor` char(7) COLLATE utf8_unicode_ci DEFAULT NULL,
  `field_video_backgroundColor` char(7) COLLATE utf8_unicode_ci DEFAULT NULL,
  `field_largeImage_backgroundColor` char(7) COLLATE utf8_unicode_ci DEFAULT NULL,
  `field_textSingleColumn_heading` text COLLATE utf8_unicode_ci,
  `field_textSingleColumn_intro` text COLLATE utf8_unicode_ci,
  `field_textSingleColumn_body` text COLLATE utf8_unicode_ci,
  `field_textSingleColumn_position` varchar(255) COLLATE utf8_unicode_ci DEFAULT NULL,
  `field_textSingleColumn_backgroundColor` char(7) COLLATE utf8_unicode_ci DEFAULT NULL,
  `field_textTwoColumns_heading` text COLLATE utf8_unicode_ci,
  `field_textTwoColumns_intro` text COLLATE utf8_unicode_ci,
  `field_textTwoColumns_body` text COLLATE utf8_unicode_ci,
  `field_textTwoColumns_backgroundColor` char(7) COLLATE utf8_unicode_ci DEFAULT NULL,
  `field_textFullWidth_body` text COLLATE utf8_unicode_ci,
  `field_textFullWidth_backgroundColor` char(7) COLLATE utf8_unicode_ci DEFAULT NULL,
  `field_textTwoColumns_textColor` char(7) COLLATE utf8_unicode_ci DEFAULT NULL,
  `field_textWithImage_textColor` char(7) COLLATE utf8_unicode_ci DEFAULT NULL,
  `field_textSingleColumn_textColor` char(7) COLLATE utf8_unicode_ci DEFAULT NULL,
  `field_textFullWidth_textColor` char(7) COLLATE utf8_unicode_ci DEFAULT NULL,
  `field_textWithImage_paddingTop` tinyint(3) unsigned DEFAULT '0',
  `field_textWithImage_paddingBottom` tinyint(3) unsigned DEFAULT '0',
  `field_textFullWidth_paddingTop` tinyint(3) unsigned DEFAULT '0',
  `field_textFullWidth_paddingBottom` tinyint(3) unsigned DEFAULT '0',
  `field_imageGallery_paddingTop` tinyint(3) unsigned DEFAULT '0',
  `field_imageGallery_paddingBottom` tinyint(3) unsigned DEFAULT '0',
  `field_video_paddingTop` tinyint(3) unsigned DEFAULT '0',
  `field_video_paddingBottom` tinyint(3) unsigned DEFAULT '0',
  `field_largeImage_paddingTop` tinyint(3) unsigned DEFAULT '0',
  `field_largeImage_paddingBottom` tinyint(3) unsigned DEFAULT '0',
  `field_imageFull_paddingTop` tinyint(3) unsigned DEFAULT '0',
  `field_imageFull_paddingBottom` tinyint(3) unsigned DEFAULT '0',
  `field_textSingleColumn_paddingTop` tinyint(3) unsigned DEFAULT '0',
  `field_textSingleColumn_paddingBottom` tinyint(3) unsigned DEFAULT '0',
  `field_textTwoColumns_paddingTop` tinyint(3) unsigned DEFAULT '0',
  `field_textTwoColumns_paddingBottom` tinyint(3) unsigned DEFAULT '0',
  `field_textWithImage_uiColor` varchar(255) COLLATE utf8_unicode_ci DEFAULT NULL,
  `dateCreated` datetime NOT NULL,
  `dateUpdated` datetime NOT NULL,
  `uid` char(36) COLLATE utf8_unicode_ci NOT NULL DEFAULT '0',
  PRIMARY KEY (`id`),
  UNIQUE KEY `craft_matrixcontent_casesections_elementId_locale_unq_idx` (`elementId`,`locale`),
  KEY `craft_matrixcontent_casesections_locale_fk` (`locale`)
) ENGINE=InnoDB AUTO_INCREMENT=12 DEFAULT CHARSET=utf8 COLLATE=utf8_unicode_ci;

--
-- Data for table `craft_matrixcontent_casesections`
--

INSERT INTO `craft_matrixcontent_casesections` (`id`, `elementId`, `locale`, `field_textWithImage_heading`, `field_textWithImage_intro`, `field_textWithImage_body`, `field_textWithImage_backgroundColor`, `field_textWithImage_imagePosition`, `field_imageGallery_backgroundColor`, `field_video_backgroundColor`, `field_largeImage_backgroundColor`, `field_textSingleColumn_heading`, `field_textSingleColumn_intro`, `field_textSingleColumn_body`, `field_textSingleColumn_position`, `field_textSingleColumn_backgroundColor`, `field_textTwoColumns_heading`, `field_textTwoColumns_intro`, `field_textTwoColumns_body`, `field_textTwoColumns_backgroundColor`, `field_textFullWidth_body`, `field_textFullWidth_backgroundColor`, `field_textTwoColumns_textColor`, `field_textWithImage_textColor`, `field_textSingleColumn_textColor`, `field_textFullWidth_textColor`, `field_textWithImage_paddingTop`, `field_textWithImage_paddingBottom`, `field_textFullWidth_paddingTop`, `field_textFullWidth_paddingBottom`, `field_imageGallery_paddingTop`, `field_imageGallery_paddingBottom`, `field_video_paddingTop`, `field_video_paddingBottom`, `field_largeImage_paddingTop`, `field_largeImage_paddingBottom`, `field_imageFull_paddingTop`, `field_imageFull_paddingBottom`, `field_textSingleColumn_paddingTop`, `field_textSingleColumn_paddingBottom`, `field_textTwoColumns_paddingTop`, `field_textTwoColumns_paddingBottom`, `field_textWithImage_uiColor`, `dateCreated`, `dateUpdated`, `uid`) VALUES
 ('1', '12', 'en_us', NULL, NULL, NULL, NULL, NULL, NULL, NULL, NULL, NULL, NULL, NULL, NULL, NULL, NULL, NULL, NULL, NULL, 'Orangina refreshed their brand identity Achtung!/Kraftwerk wastasked to extend their newbrand identity to a fresh online experience. ', '#ffffff', NULL, NULL, NULL, '#000000', NULL, NULL, '100', '60', NULL, NULL, NULL, NULL, NULL, NULL, NULL, NULL, NULL, NULL, NULL, NULL, NULL, '2016-02-26 10:46:08', '2016-03-01 16:40:59', '9d09384c-6dde-46b8-bc11-280ecfd90561'),
 ('2', '14', 'en_us', NULL, NULL, NULL, NULL, NULL, NULL, NULL, '#000000', NULL, NULL, NULL, NULL, NULL, NULL, NULL, NULL, NULL, NULL, NULL, NULL, NULL, NULL, NULL, NULL, NULL, NULL, NULL, NULL, NULL, NULL, NULL, '0', '80', NULL, NULL, NULL, NULL, NULL, NULL, NULL, '2016-02-26 11:34:33', '2016-03-01 16:40:59', '9a32a5d3-040e-4261-9dce-f7f7cb9ddcaf'),
 ('3', '17', 'en_us', NULL, NULL, NULL, NULL, NULL, NULL, NULL, NULL, NULL, NULL, NULL, NULL, NULL, 'Strategy, Concept & UX', 'The content of the new Orangina website was meantto be kept simple serving a few main purposes.', 'In general there were two main obectives, informing people about the available range of Orangina products and telling them about the history of Orangina as a brand. The homepage would then serve as a hub to these two objectives, as well as to the Orangina social channels.', '#fdaa31', NULL, NULL, '#ffffff', NULL, NULL, NULL, NULL, NULL, NULL, NULL, NULL, NULL, NULL, NULL, NULL, NULL, NULL, NULL, NULL, NULL, '80', '60', NULL, '2016-02-26 13:29:08', '2016-03-01 16:40:59', 'fbd00b0a-afbb-480c-8dfc-2af114fa5dbd'),
 ('4', '19', 'en_us', NULL, NULL, NULL, NULL, NULL, NULL, '#ffa600', NULL, NULL, NULL, NULL, NULL, NULL, NULL, NULL, NULL, NULL, NULL, NULL, NULL, NULL, NULL, NULL, NULL, NULL, NULL, NULL, NULL, NULL, '60', '100', NULL, NULL, NULL, NULL, NULL, NULL, NULL, NULL, NULL, '2016-02-26 13:53:26', '2016-03-01 16:40:59', '5f04cbfa-691a-4dbf-938d-2cec2d65d4c1'),
 ('5', '20', 'en_us', NULL, NULL, NULL, NULL, NULL, NULL, NULL, NULL, NULL, NULL, NULL, NULL, NULL, 'Design elements', 'Colors for the Orangina website were besides the brands Blue and Yellow, based on the labels of the different flavours. ', '', '#ffffff', NULL, NULL, '#000000', NULL, NULL, NULL, NULL, NULL, NULL, NULL, NULL, NULL, NULL, NULL, NULL, NULL, NULL, NULL, NULL, NULL, '100', '40', NULL, '2016-02-26 14:02:48', '2016-03-01 16:40:59', '940efd6c-e536-4690-805e-78e47b133327'),
 ('6', '22', 'en_us', NULL, NULL, NULL, NULL, NULL, NULL, NULL, '#ffffff', NULL, NULL, NULL, NULL, NULL, NULL, NULL, NULL, NULL, NULL, NULL, NULL, NULL, NULL, NULL, NULL, NULL, NULL, NULL, NULL, NULL, NULL, NULL, '0', '0', NULL, NULL, NULL, NULL, NULL, NULL, NULL, '2016-02-26 14:08:10', '2016-03-01 16:40:59', '4ac5c5e9-72e5-405e-8e59-9c8d996b6af0'),
 ('7', '23', 'en_us', 'Iconography', 'To add on the playfull, quirky identity of Orangina, we created an iconset that was used throughout the website.', 'Our hands on mentality can be found throughout the whole process. We bring ideas to life early. We prototype to keep improving along the way. ', '#ffffff', 'right', NULL, NULL, NULL, NULL, NULL, NULL, NULL, NULL, NULL, NULL, NULL, NULL, NULL, NULL, NULL, '#000000', NULL, NULL, '50', '100', NULL, NULL, NULL, NULL, NULL, NULL, NULL, NULL, NULL, NULL, NULL, NULL, NULL, NULL, 'black', '2016-02-26 14:13:03', '2016-03-01 16:40:59', '00cc44c8-71e5-44dd-9b76-ec8970af2308'),
 ('8', '25', 'en_us', NULL, NULL, NULL, NULL, NULL, NULL, NULL, NULL, NULL, NULL, NULL, NULL, NULL, 'Final Designs', 'The content of the new Orangina website was meantto be kept simple serving a few main purposes.', 'In general there were two main obectives, informing people about the available range of Orangina products and telling them about the history of Orangina as a brand. The homepage would then serve as a hub to these two objectives, as well as to the Orangina social channels.', '#092865', NULL, NULL, '#ffffff', NULL, NULL, NULL, NULL, NULL, NULL, NULL, NULL, NULL, NULL, NULL, NULL, NULL, NULL, NULL, NULL, NULL, '100', '100', NULL, '2016-02-29 09:37:51', '2016-03-01 16:40:59', 'a9daad8f-5572-4053-a90f-701e74df278f'),
 ('9', '29', 'en_us', NULL, NULL, NULL, NULL, NULL, '#092865', NULL, NULL, NULL, NULL, NULL, NULL, NULL, NULL, NULL, NULL, NULL, NULL, NULL, NULL, NULL, NULL, NULL, NULL, NULL, NULL, NULL, '0', '80', NULL, NULL, NULL, NULL, NULL, NULL, NULL, NULL, NULL, NULL, NULL, '2016-02-29 09:41:30', '2016-03-01 16:40:59', '51d70b8e-83e4-424e-920a-2cd4be855f5f');



DROP TABLE IF EXISTS `craft_matrixcontent_credits`;


--
-- Schema for table `craft_matrixcontent_credits`
--
CREATE TABLE `craft_matrixcontent_credits` (
  `id` int(11) NOT NULL AUTO_INCREMENT,
  `elementId` int(11) NOT NULL,
  `locale` char(12) COLLATE utf8_unicode_ci NOT NULL,
  `field_item_role` text COLLATE utf8_unicode_ci,
  `field_item_contributorName` text COLLATE utf8_unicode_ci,
  `dateCreated` datetime NOT NULL,
  `dateUpdated` datetime NOT NULL,
  `uid` char(36) COLLATE utf8_unicode_ci NOT NULL DEFAULT '0',
  PRIMARY KEY (`id`),
  UNIQUE KEY `craft_matrixcontent_credits_elementId_locale_unq_idx` (`elementId`,`locale`),
  KEY `craft_matrixcontent_credits_locale_fk` (`locale`)
) ENGINE=InnoDB AUTO_INCREMENT=3 DEFAULT CHARSET=utf8 COLLATE=utf8_unicode_ci;

--
-- Data for table `craft_matrixcontent_credits`
--

INSERT INTO `craft_matrixcontent_credits` (`id`, `elementId`, `locale`, `field_item_role`, `field_item_contributorName`, `dateCreated`, `dateUpdated`, `uid`) VALUES
 ('2', '36', 'en_us', 'Development', 'Inalise B.V.', '2016-02-29 10:03:07', '2016-03-01 16:40:59', 'f653c7c7-18b2-4a25-8579-5eca2529f92b');



DROP TABLE IF EXISTS `craft_matrixcontent_honours`;


--
-- Schema for table `craft_matrixcontent_honours`
--
CREATE TABLE `craft_matrixcontent_honours` (
  `id` int(11) NOT NULL AUTO_INCREMENT,
  `elementId` int(11) NOT NULL,
  `locale` char(12) COLLATE utf8_unicode_ci NOT NULL,
  `field_honour_honourName` text COLLATE utf8_unicode_ci,
  `dateCreated` datetime NOT NULL,
  `dateUpdated` datetime NOT NULL,
  `uid` char(36) COLLATE utf8_unicode_ci NOT NULL DEFAULT '0',
  PRIMARY KEY (`id`),
  UNIQUE KEY `craft_matrixcontent_honours_elementId_locale_unq_idx` (`elementId`,`locale`),
  KEY `craft_matrixcontent_honours_locale_fk` (`locale`)
) ENGINE=InnoDB AUTO_INCREMENT=4 DEFAULT CHARSET=utf8 COLLATE=utf8_unicode_ci;

--
-- Data for table `craft_matrixcontent_honours`
--

INSERT INTO `craft_matrixcontent_honours` (`id`, `elementId`, `locale`, `field_honour_honourName`, `dateCreated`, `dateUpdated`, `uid`) VALUES
 ('1', '30', 'en_us', 'FWA SOTD', '2016-02-29 09:51:11', '2016-03-01 16:40:59', '29778be7-bb44-4d8d-bf63-c2f7c843d157'),
 ('2', '34', 'en_us', 'FWA MOTD', '2016-02-29 10:00:59', '2016-03-01 16:40:59', 'd4e1f583-8c8a-4854-9707-55e3c3987d25'),
 ('3', '35', 'en_us', 'Awwwards SOTD', '2016-02-29 10:00:59', '2016-03-01 16:40:59', 'b79b26ba-a33d-437b-bfc1-f395ebe84229');



DROP TABLE IF EXISTS `craft_matrixcontent_roles`;


--
-- Schema for table `craft_matrixcontent_roles`
--
CREATE TABLE `craft_matrixcontent_roles` (
  `id` int(11) NOT NULL AUTO_INCREMENT,
  `elementId` int(11) NOT NULL,
  `locale` char(12) COLLATE utf8_unicode_ci NOT NULL,
  `field_role_role` text COLLATE utf8_unicode_ci,
  `dateCreated` datetime NOT NULL,
  `dateUpdated` datetime NOT NULL,
  `uid` char(36) COLLATE utf8_unicode_ci NOT NULL DEFAULT '0',
  PRIMARY KEY (`id`),
  UNIQUE KEY `craft_matrixcontent_roles_elementId_locale_unq_idx` (`elementId`,`locale`),
  KEY `craft_matrixcontent_roles_locale_fk` (`locale`)
) ENGINE=InnoDB AUTO_INCREMENT=6 DEFAULT CHARSET=utf8 COLLATE=utf8_unicode_ci;

--
-- Data for table `craft_matrixcontent_roles`
--

INSERT INTO `craft_matrixcontent_roles` (`id`, `elementId`, `locale`, `field_role_role`, `dateCreated`, `dateUpdated`, `uid`) VALUES
 ('1', '37', 'en_us', 'Interaction design', '2016-02-29 10:03:07', '2016-03-01 16:40:59', '73be0c7c-258c-43cf-ba89-dc1e65880b0c'),
 ('2', '38', 'en_us', 'UX Design', '2016-02-29 10:03:07', '2016-03-01 16:40:59', '2ddc33f7-3f41-471d-8384-eb77d6123524'),
 ('3', '39', 'en_us', 'Creative direction', '2016-02-29 10:03:07', '2016-03-01 16:40:59', '9563c88b-8e2f-46dd-aed5-16474fb5fae6'),
 ('4', '40', 'en_us', 'Concept', '2016-02-29 10:03:07', '2016-03-01 16:40:59', '6834b281-b873-434c-9a38-70f31447e28f'),
 ('5', '41', 'en_us', 'Strategy', '2016-02-29 10:03:07', '2016-03-01 16:40:59', 'ece16551-61b3-4a83-86f5-5d002b888492');



DROP TABLE IF EXISTS `craft_migrations`;


--
-- Schema for table `craft_migrations`
--
CREATE TABLE `craft_migrations` (
  `id` int(11) NOT NULL AUTO_INCREMENT,
  `pluginId` int(11) DEFAULT NULL,
  `version` varchar(255) COLLATE utf8_unicode_ci NOT NULL,
  `applyTime` datetime NOT NULL,
  `dateCreated` datetime NOT NULL,
  `dateUpdated` datetime NOT NULL,
  `uid` char(36) COLLATE utf8_unicode_ci NOT NULL DEFAULT '0',
  PRIMARY KEY (`id`),
  UNIQUE KEY `craft_migrations_version_unq_idx` (`version`),
  KEY `craft_migrations_pluginId_fk` (`pluginId`)
) ENGINE=InnoDB AUTO_INCREMENT=28 DEFAULT CHARSET=utf8 COLLATE=utf8_unicode_ci;

--
-- Data for table `craft_migrations`
--

INSERT INTO `craft_migrations` (`id`, `pluginId`, `version`, `applyTime`, `dateCreated`, `dateUpdated`, `uid`) VALUES
 ('1', NULL, 'm000000_000000_base', '2016-02-25 11:25:16', '2016-02-25 11:25:16', '2016-02-25 11:25:16', 'd49ea86f-1304-4ffe-a774-03e4ee5ca5f3'),
 ('2', NULL, 'm140730_000001_add_filename_and_format_to_transformindex', '2016-02-25 11:25:16', '2016-02-25 11:25:16', '2016-02-25 11:25:16', '8ab99b9c-20f5-48be-b696-169926a50588'),
 ('3', NULL, 'm140815_000001_add_format_to_transforms', '2016-02-25 11:25:16', '2016-02-25 11:25:16', '2016-02-25 11:25:16', '3412aade-49cb-44e9-a26a-87c078a41ff9'),
 ('4', NULL, 'm140822_000001_allow_more_than_128_items_per_field', '2016-02-25 11:25:16', '2016-02-25 11:25:16', '2016-02-25 11:25:16', '572fd3a2-143f-4e86-805d-003d2c8e2f17'),
 ('5', NULL, 'm140829_000001_single_title_formats', '2016-02-25 11:25:16', '2016-02-25 11:25:16', '2016-02-25 11:25:16', '7526265b-2c52-4c2a-bd46-7e09be0532e4'),
 ('6', NULL, 'm140831_000001_extended_cache_keys', '2016-02-25 11:25:16', '2016-02-25 11:25:16', '2016-02-25 11:25:16', 'b9ea5119-4105-424a-a8f9-213921b786a7'),
 ('7', NULL, 'm140922_000001_delete_orphaned_matrix_blocks', '2016-02-25 11:25:16', '2016-02-25 11:25:16', '2016-02-25 11:25:16', 'dbee261e-4d54-4324-a652-edfca671954a'),
 ('8', NULL, 'm141008_000001_elements_index_tune', '2016-02-25 11:25:16', '2016-02-25 11:25:16', '2016-02-25 11:25:16', '7c5a95d5-408a-46c2-876c-6b2317f1b2f6'),
 ('9', NULL, 'm141009_000001_assets_source_handle', '2016-02-25 11:25:16', '2016-02-25 11:25:16', '2016-02-25 11:25:16', '2767a51b-4a51-40ad-a4af-3818e17cdb9d'),
 ('10', NULL, 'm141024_000001_field_layout_tabs', '2016-02-25 11:25:16', '2016-02-25 11:25:16', '2016-02-25 11:25:16', 'd0dec3ea-9b70-403c-8658-6ab4d4e2f072'),
 ('11', NULL, 'm141030_000000_plugin_schema_versions', '2016-02-25 11:25:16', '2016-02-25 11:25:16', '2016-02-25 11:25:16', '64eff8bc-152c-4c41-9a68-a6aa31d0bb08'),
 ('12', NULL, 'm141030_000001_drop_structure_move_permission', '2016-02-25 11:25:16', '2016-02-25 11:25:16', '2016-02-25 11:25:16', 'c8495cf2-e0b9-4db6-9647-b37b4d234db8'),
 ('13', NULL, 'm141103_000001_tag_titles', '2016-02-25 11:25:16', '2016-02-25 11:25:16', '2016-02-25 11:25:16', 'd20aaec8-4a02-4b29-ac24-0e6d03b95148'),
 ('14', NULL, 'm141109_000001_user_status_shuffle', '2016-02-25 11:25:16', '2016-02-25 11:25:16', '2016-02-25 11:25:16', '4ebab5ef-6ec1-4b7d-92de-8d053b495945'),
 ('15', NULL, 'm141126_000001_user_week_start_day', '2016-02-25 11:25:16', '2016-02-25 11:25:16', '2016-02-25 11:25:16', '56f86a14-7cec-4858-bf88-9cbe8c78329f'),
 ('16', NULL, 'm150210_000001_adjust_user_photo_size', '2016-02-25 11:25:16', '2016-02-25 11:25:16', '2016-02-25 11:25:16', '2c745f76-c8c3-4eb1-9f95-2728ed013c2d'),
 ('17', NULL, 'm150724_000001_adjust_quality_settings', '2016-02-25 11:25:16', '2016-02-25 11:25:16', '2016-02-25 11:25:16', '97512dba-1a6a-425b-af69-9e85d199818d'),
 ('18', NULL, 'm150827_000000_element_index_settings', '2016-02-25 11:25:16', '2016-02-25 11:25:16', '2016-02-25 11:25:16', '54be5ed1-ea37-4c93-81ac-53d299456c9c'),
 ('19', NULL, 'm150918_000001_add_colspan_to_widgets', '2016-02-25 11:25:16', '2016-02-25 11:25:16', '2016-02-25 11:25:16', '5d327f66-62aa-48be-bb12-edb2eadc4c95'),
 ('20', NULL, 'm151007_000000_clear_asset_caches', '2016-02-25 11:25:16', '2016-02-25 11:25:16', '2016-02-25 11:25:16', '5b957635-1025-4281-8434-2bcb08d4b3ad'),
 ('21', NULL, 'm151109_000000_text_url_formats', '2016-02-25 11:25:16', '2016-02-25 11:25:16', '2016-02-25 11:25:16', '3ae6e920-240a-40cd-811e-715467b1174f'),
 ('22', NULL, 'm151110_000000_move_logo', '2016-02-25 11:25:16', '2016-02-25 11:25:16', '2016-02-25 11:25:16', 'ed2bea37-09c8-4b0a-86b2-825ce5450361'),
 ('23', NULL, 'm151117_000000_adjust_image_widthheight', '2016-02-25 11:25:16', '2016-02-25 11:25:16', '2016-02-25 11:25:16', '757d07da-7c83-46de-b65e-e5a41980435c'),
 ('24', NULL, 'm151127_000000_clear_license_key_status', '2016-02-25 11:25:16', '2016-02-25 11:25:16', '2016-02-25 11:25:16', '9bba2097-ad95-4e6a-a7f5-3007a0203a29'),
 ('25', NULL, 'm151127_000000_plugin_license_keys', '2016-02-25 11:25:16', '2016-02-25 11:25:16', '2016-02-25 11:25:16', '6ab452f0-2bcf-4efa-8897-6c9c48c2f396'),
 ('26', NULL, 'm151130_000000_update_pt_widget_feeds', '2016-02-25 11:25:16', '2016-02-25 11:25:16', '2016-02-25 11:25:16', '7bcba7ea-6a4f-441e-9fd3-231f512b07f2'),
 ('27', NULL, 'm160223_000000_sortorder_to_smallint', '2016-02-25 15:49:52', '2016-02-25 15:49:52', '2016-02-25 15:49:52', '247b0565-5472-4e23-8207-0c5c18de3daf');



DROP TABLE IF EXISTS `craft_plugins`;


--
-- Schema for table `craft_plugins`
--
CREATE TABLE `craft_plugins` (
  `id` int(11) NOT NULL AUTO_INCREMENT,
  `class` varchar(150) COLLATE utf8_unicode_ci NOT NULL,
  `version` varchar(15) COLLATE utf8_unicode_ci NOT NULL,
  `schemaVersion` varchar(15) COLLATE utf8_unicode_ci DEFAULT NULL,
  `licenseKey` char(24) COLLATE utf8_unicode_ci DEFAULT NULL,
  `licenseKeyStatus` enum('valid','invalid','mismatched','unknown') COLLATE utf8_unicode_ci NOT NULL DEFAULT 'unknown',
  `enabled` tinyint(1) unsigned NOT NULL DEFAULT '0',
  `settings` text COLLATE utf8_unicode_ci,
  `installDate` datetime NOT NULL,
  `dateCreated` datetime NOT NULL,
  `dateUpdated` datetime NOT NULL,
  `uid` char(36) COLLATE utf8_unicode_ci NOT NULL DEFAULT '0',
  PRIMARY KEY (`id`)
) ENGINE=InnoDB AUTO_INCREMENT=4 DEFAULT CHARSET=utf8 COLLATE=utf8_unicode_ci;

--
-- Data for table `craft_plugins`
--

INSERT INTO `craft_plugins` (`id`, `class`, `version`, `schemaVersion`, `licenseKey`, `licenseKeyStatus`, `enabled`, `settings`, `installDate`, `dateCreated`, `dateUpdated`, `uid`) VALUES
 ('1', 'Api', '0.1.0', NULL, NULL, 'unknown', '1', NULL, '2016-03-03 10:46:23', '2016-03-03 10:46:23', '2016-03-07 14:05:45', '4cbbb46a-99c1-492d-bebd-780cbbfa4d5a'),
 ('3', 'Kraftwerk', '1.0.0', NULL, NULL, 'unknown', '1', NULL, '2016-03-07 10:39:20', '2016-03-07 10:39:20', '2016-03-07 14:05:45', '02127a15-3702-4d6a-a4f7-736c77caa6ad');



DROP TABLE IF EXISTS `craft_rackspaceaccess`;


--
-- Schema for table `craft_rackspaceaccess`
--
CREATE TABLE `craft_rackspaceaccess` (
  `id` int(11) NOT NULL AUTO_INCREMENT,
  `connectionKey` varchar(255) COLLATE utf8_unicode_ci NOT NULL,
  `token` varchar(255) COLLATE utf8_unicode_ci NOT NULL,
  `storageUrl` varchar(255) COLLATE utf8_unicode_ci NOT NULL,
  `cdnUrl` varchar(255) COLLATE utf8_unicode_ci NOT NULL,
  `dateCreated` datetime NOT NULL,
  `dateUpdated` datetime NOT NULL,
  `uid` char(36) COLLATE utf8_unicode_ci NOT NULL DEFAULT '0',
  PRIMARY KEY (`id`),
  UNIQUE KEY `craft_rackspaceaccess_connectionKey_unq_idx` (`connectionKey`)
) ENGINE=InnoDB DEFAULT CHARSET=utf8 COLLATE=utf8_unicode_ci;

DROP TABLE IF EXISTS `craft_relations`;


--
-- Schema for table `craft_relations`
--
CREATE TABLE `craft_relations` (
  `id` int(11) NOT NULL AUTO_INCREMENT,
  `fieldId` int(11) NOT NULL,
  `sourceId` int(11) NOT NULL,
  `sourceLocale` char(12) COLLATE utf8_unicode_ci DEFAULT NULL,
  `targetId` int(11) NOT NULL,
  `sortOrder` smallint(6) DEFAULT NULL,
  `dateCreated` datetime NOT NULL,
  `dateUpdated` datetime NOT NULL,
  `uid` char(36) COLLATE utf8_unicode_ci NOT NULL DEFAULT '0',
  PRIMARY KEY (`id`),
  UNIQUE KEY `craft_relations_fieldId_sourceId_sourceLocale_targetId_unq_idx` (`fieldId`,`sourceId`,`sourceLocale`,`targetId`),
  KEY `craft_relations_sourceId_fk` (`sourceId`),
  KEY `craft_relations_sourceLocale_fk` (`sourceLocale`),
  KEY `craft_relations_targetId_fk` (`targetId`)
) ENGINE=InnoDB AUTO_INCREMENT=441 DEFAULT CHARSET=utf8 COLLATE=utf8_unicode_ci;

--
-- Data for table `craft_relations`
--

INSERT INTO `craft_relations` (`id`, `fieldId`, `sourceId`, `sourceLocale`, `targetId`, `sortOrder`, `dateCreated`, `dateUpdated`, `uid`) VALUES
 ('2', '10', '5', NULL, '10', '1', '2016-02-25 16:08:37', '2016-02-25 16:08:37', '1190c283-4e2a-47a1-abd9-bcc28c0246ef'),
 ('426', '40', '10', NULL, '62', '1', '2016-03-01 16:40:59', '2016-03-01 16:40:59', 'c08672f3-2599-4489-8964-8eed60ea602b'),
 ('427', '38', '30', NULL, '32', '1', '2016-03-01 16:40:59', '2016-03-01 16:40:59', '6f97cea1-7736-4085-9481-d92a9eb07c3c'),
 ('428', '38', '34', NULL, '32', '1', '2016-03-01 16:40:59', '2016-03-01 16:40:59', '1db53db5-7beb-493f-ad8e-b9745d59b0fa'),
 ('429', '38', '35', NULL, '33', '1', '2016-03-01 16:40:59', '2016-03-01 16:40:59', '599f5cb5-15b0-4416-95e1-0f4cef97c205'),
 ('430', '14', '14', NULL, '61', '1', '2016-03-01 16:40:59', '2016-03-01 16:40:59', '9de30cc0-84ee-4368-85fb-790868a6db5f'),
 ('431', '15', '14', NULL, '60', '1', '2016-03-01 16:40:59', '2016-03-01 16:40:59', 'a93761b2-a341-444a-a870-c98efe9b63c1'),
 ('432', '12', '19', NULL, '64', '1', '2016-03-01 16:40:59', '2016-03-01 16:40:59', '8a7926e1-8b44-4173-9c66-2793ec55225c'),
 ('433', '13', '19', NULL, '18', '1', '2016-03-01 16:40:59', '2016-03-01 16:40:59', '31350337-ca57-429b-9b44-f81e965005ad'),
 ('434', '65', '19', NULL, '65', '1', '2016-03-01 16:40:59', '2016-03-01 16:40:59', '81d3ecad-b9c6-4cb3-96f3-bec371e667c1'),
 ('435', '14', '22', NULL, '59', '1', '2016-03-01 16:40:59', '2016-03-01 16:40:59', '8607b4ed-c136-4b26-adc6-29589489f239'),
 ('436', '7', '23', NULL, '54', '1', '2016-03-01 16:40:59', '2016-03-01 16:40:59', '4c3bc0ac-ef72-40ef-9609-14ce259617b8'),
 ('437', '11', '29', NULL, '55', '1', '2016-03-01 16:40:59', '2016-03-01 16:40:59', '037f93f0-6651-4b28-adec-5b9bb3895f7a'),
 ('438', '11', '29', NULL, '57', '2', '2016-03-01 16:40:59', '2016-03-01 16:40:59', '23052847-4de3-40d2-924f-481919bd5476'),
 ('439', '11', '29', NULL, '56', '3', '2016-03-01 16:40:59', '2016-03-01 16:40:59', 'e58e975b-84bc-4f78-9778-b839fac2fa02'),
 ('440', '40', '66', NULL, '67', '1', '2016-03-07 15:11:34', '2016-03-07 15:11:34', 'e042169d-1fbb-4dd0-a214-40a7b02fee99');



DROP TABLE IF EXISTS `craft_routes`;


--
-- Schema for table `craft_routes`
--
CREATE TABLE `craft_routes` (
  `id` int(11) NOT NULL AUTO_INCREMENT,
  `locale` char(12) COLLATE utf8_unicode_ci DEFAULT NULL,
  `urlParts` varchar(255) COLLATE utf8_unicode_ci NOT NULL,
  `urlPattern` varchar(255) COLLATE utf8_unicode_ci NOT NULL,
  `template` varchar(255) COLLATE utf8_unicode_ci NOT NULL,
  `sortOrder` smallint(6) unsigned DEFAULT NULL,
  `dateCreated` datetime NOT NULL,
  `dateUpdated` datetime NOT NULL,
  `uid` char(36) COLLATE utf8_unicode_ci NOT NULL DEFAULT '0',
  PRIMARY KEY (`id`),
  UNIQUE KEY `craft_routes_urlPattern_unq_idx` (`urlPattern`),
  KEY `craft_routes_locale_idx` (`locale`)
) ENGINE=InnoDB DEFAULT CHARSET=utf8 COLLATE=utf8_unicode_ci;

DROP TABLE IF EXISTS `craft_searchindex`;


--
-- Schema for table `craft_searchindex`
--
CREATE TABLE `craft_searchindex` (
  `elementId` int(11) NOT NULL,
  `attribute` varchar(25) COLLATE utf8_unicode_ci NOT NULL,
  `fieldId` int(11) NOT NULL,
  `locale` char(12) COLLATE utf8_unicode_ci NOT NULL,
  `keywords` text COLLATE utf8_unicode_ci NOT NULL,
  PRIMARY KEY (`elementId`,`attribute`,`fieldId`,`locale`),
  FULLTEXT KEY `craft_searchindex_keywords_idx` (`keywords`)
) ENGINE=MyISAM DEFAULT CHARSET=utf8 COLLATE=utf8_unicode_ci;

--
-- Data for table `craft_searchindex`
--

INSERT INTO `craft_searchindex` (`elementId`, `attribute`, `fieldId`, `locale`, `keywords`) VALUES
 ('1', 'username', '0', 'en_us', ' shcc '),
 ('1', 'firstname', '0', 'en_us', ''),
 ('1', 'lastname', '0', 'en_us', ''),
 ('1', 'fullname', '0', 'en_us', ''),
 ('1', 'email', '0', 'en_us', ' sara superherocheesecake com '),
 ('1', 'slug', '0', 'en_us', ''),
 ('10', 'field', '39', 'en_us', ' a quirky new online appearance for a soda brand '),
 ('19', 'field', '56', 'en_us', ' 100 '),
 ('20', 'field', '63', 'en_us', ' 100 '),
 ('20', 'field', '64', 'en_us', ' 40 '),
 ('29', 'field', '53', 'en_us', ' 0 '),
 ('25', 'field', '64', 'en_us', ' 100 '),
 ('25', 'field', '63', 'en_us', ' 100 '),
 ('5', 'slug', '0', 'en_us', ' homepage '),
 ('5', 'title', '0', 'en_us', ' homepage '),
 ('6', 'slug', '0', 'en_us', ' about '),
 ('6', 'title', '0', 'en_us', ' about '),
 ('7', 'slug', '0', 'en_us', ' contact '),
 ('7', 'title', '0', 'en_us', ' contact '),
 ('29', 'field', '54', 'en_us', ' 80 '),
 ('22', 'field', '57', 'en_us', ' 0 '),
 ('69', 'slug', '0', 'en_us', ''),
 ('69', 'title', '0', 'en_us', ' work '),
 ('10', 'field', '40', 'en_us', ' orangina header background '),
 ('10', 'field', '41', 'en_us', ' orangina '),
 ('10', 'field', '43', 'en_us', ' responsive website '),
 ('10', 'field', '42', 'en_us', ' http orangina eu '),
 ('10', 'field', '31', 'en_us', ' inalise b v development '),
 ('10', 'field', '34', 'en_us', ' interaction design ux design creative direction concept strategy '),
 ('10', 'field', '36', 'en_us', ' fwa sotd fwa fwa motd fwa awwwards sotd awwwards '),
 ('10', 'field', '3', 'en_us', ' ffffff orangina refreshed their brand identity achtung kraftwerk wastasked to extend their newbrand identity to a fresh online experience 60 100 000000 000000 orangina screen background orangina screen 80 0 fdaa31 in general there were two main obectives informing people about the available range of orangina products and telling them about the history of orangina as a brand the homepage would then serve as a hub to these two objectives as well as to the orangina social channels strategy concept ux the content of the new orangina website was meantto be kept simple serving a few main purposes 60 80 ffffff ffa600 orangina video background orangina video cover 100 60 reel2015 ffffff design elements colors for the orangina website were besides the brand s blue and yellow based on the labels of the different flavours 40 100 000000 ffffff orangina bottles 0 0 ffffff our hands on mentality can be found throughout the whole process we bring ideas to life early we prototype to keep improving along the way iconography orangina icons right to add on the playfull quirky identity of orangina we created an iconset that was used throughout the website 100 50 000000 black 092865 in general there were two main obectives informing people about the available range of orangina products and telling them about the history of orangina as a brand the homepage would then serve as a hub to these two objectives as well as to the orangina social channels final designs the content of the new orangina website was meantto be kept simple serving a few main purposes 100 100 ffffff 092865 orangina slide 3 orangina slide 1 orangina slide 2 80 0 '),
 ('10', 'slug', '0', 'en_us', ' orangina '),
 ('10', 'title', '0', 'en_us', ' orangina global website '),
 ('11', 'slug', '0', 'en_us', ''),
 ('5', 'field', '10', 'en_us', ' orangina global website '),
 ('12', 'field', '29', 'en_us', ' orangina refreshed their brand identity achtung kraftwerk wastasked to extend their newbrand identity to a fresh online experience '),
 ('12', 'field', '30', 'en_us', ' ffffff '),
 ('12', 'slug', '0', 'en_us', ''),
 ('61', 'extension', '0', 'en_us', ' png '),
 ('61', 'kind', '0', 'en_us', ' image '),
 ('14', 'field', '14', 'en_us', ' orangina screen '),
 ('14', 'field', '15', 'en_us', ' orangina screen background '),
 ('14', 'field', '19', 'en_us', ' 000000 '),
 ('14', 'slug', '0', 'en_us', ''),
 ('60', 'kind', '0', 'en_us', ' image '),
 ('60', 'slug', '0', 'en_us', ' orangina screen background '),
 ('61', 'filename', '0', 'en_us', ' orangina screen png '),
 ('60', 'title', '0', 'en_us', ' orangina screen background '),
 ('60', 'extension', '0', 'en_us', ' png '),
 ('17', 'field', '25', 'en_us', ' strategy concept ux '),
 ('17', 'field', '26', 'en_us', ' the content of the new orangina website was meantto be kept simple serving a few main purposes '),
 ('17', 'field', '27', 'en_us', ' in general there were two main obectives informing people about the available range of orangina products and telling them about the history of orangina as a brand the homepage would then serve as a hub to these two objectives as well as to the orangina social channels '),
 ('17', 'field', '28', 'en_us', ' fdaa31 '),
 ('17', 'slug', '0', 'en_us', ''),
 ('12', 'field', '47', 'en_us', ' 000000 '),
 ('17', 'field', '44', 'en_us', ' ffffff '),
 ('18', 'filename', '0', 'en_us', ' reel2015 mp4 '),
 ('18', 'extension', '0', 'en_us', ' mp4 '),
 ('18', 'kind', '0', 'en_us', ' video '),
 ('18', 'slug', '0', 'en_us', ' reel2015 1 '),
 ('18', 'title', '0', 'en_us', ' reel2015 '),
 ('19', 'field', '12', 'en_us', ' orangina video cover '),
 ('19', 'field', '13', 'en_us', ' reel2015 '),
 ('19', 'field', '18', 'en_us', ' ffa600 '),
 ('19', 'slug', '0', 'en_us', ''),
 ('20', 'field', '25', 'en_us', ' design elements '),
 ('20', 'field', '26', 'en_us', ' colors for the orangina website were besides the brand s blue and yellow based on the labels of the different flavours '),
 ('20', 'field', '27', 'en_us', ''),
 ('20', 'field', '44', 'en_us', ' 000000 '),
 ('20', 'field', '28', 'en_us', ' ffffff '),
 ('20', 'slug', '0', 'en_us', ''),
 ('60', 'filename', '0', 'en_us', ' orangina screen background png '),
 ('59', 'title', '0', 'en_us', ' orangina bottles '),
 ('59', 'slug', '0', 'en_us', ''),
 ('59', 'kind', '0', 'en_us', ' image '),
 ('22', 'field', '14', 'en_us', ' orangina bottles '),
 ('22', 'field', '15', 'en_us', ''),
 ('22', 'field', '19', 'en_us', ' ffffff '),
 ('22', 'slug', '0', 'en_us', ''),
 ('23', 'field', '4', 'en_us', ' iconography '),
 ('23', 'field', '5', 'en_us', ' to add on the playfull quirky identity of orangina we created an iconset that was used throughout the website '),
 ('23', 'field', '6', 'en_us', ' our hands on mentality can be found throughout the whole process we bring ideas to life early we prototype to keep improving along the way '),
 ('23', 'field', '7', 'en_us', ' orangina icons '),
 ('23', 'field', '45', 'en_us', ' 000000 '),
 ('23', 'field', '8', 'en_us', ' ffffff '),
 ('23', 'field', '9', 'en_us', ' right '),
 ('23', 'slug', '0', 'en_us', ''),
 ('56', 'slug', '0', 'en_us', ''),
 ('56', 'title', '0', 'en_us', ' orangina slide 2 '),
 ('56', 'kind', '0', 'en_us', ' image '),
 ('25', 'field', '25', 'en_us', ' final designs '),
 ('25', 'field', '26', 'en_us', ' the content of the new orangina website was meantto be kept simple serving a few main purposes '),
 ('25', 'field', '27', 'en_us', ' in general there were two main obectives informing people about the available range of orangina products and telling them about the history of orangina as a brand the homepage would then serve as a hub to these two objectives as well as to the orangina social channels '),
 ('25', 'field', '44', 'en_us', ' ffffff '),
 ('25', 'field', '28', 'en_us', ' 092865 '),
 ('25', 'slug', '0', 'en_us', ''),
 ('59', 'extension', '0', 'en_us', ' png '),
 ('59', 'filename', '0', 'en_us', ' orangina bottles png '),
 ('62', 'filename', '0', 'en_us', ' orangina header background jpg '),
 ('62', 'kind', '0', 'en_us', ' image ');
INSERT INTO `craft_searchindex` (`elementId`, `attribute`, `fieldId`, `locale`, `keywords`) VALUES
 ('62', 'slug', '0', 'en_us', ''),
 ('62', 'title', '0', 'en_us', ' orangina header background '),
 ('57', 'title', '0', 'en_us', ' orangina slide 1 '),
 ('57', 'slug', '0', 'en_us', ''),
 ('29', 'field', '11', 'en_us', ' orangina slide 3 orangina slide 1 orangina slide 2 '),
 ('29', 'field', '17', 'en_us', ' 092865 '),
 ('29', 'slug', '0', 'en_us', ''),
 ('30', 'field', '37', 'en_us', ' fwa sotd '),
 ('30', 'field', '38', 'en_us', ' fwa '),
 ('30', 'slug', '0', 'en_us', ''),
 ('32', 'kind', '0', 'en_us', ' image '),
 ('32', 'extension', '0', 'en_us', ' png '),
 ('32', 'filename', '0', 'en_us', ' logo fwa png '),
 ('32', 'slug', '0', 'en_us', ' logo fwa '),
 ('32', 'title', '0', 'en_us', ' fwa '),
 ('33', 'filename', '0', 'en_us', ' logo awwwards png '),
 ('33', 'extension', '0', 'en_us', ' png '),
 ('33', 'kind', '0', 'en_us', ' image '),
 ('33', 'slug', '0', 'en_us', ' logo awwwards '),
 ('33', 'title', '0', 'en_us', ' awwwards '),
 ('34', 'field', '37', 'en_us', ' fwa motd '),
 ('34', 'field', '38', 'en_us', ' fwa '),
 ('34', 'slug', '0', 'en_us', ''),
 ('35', 'field', '37', 'en_us', ' awwwards sotd '),
 ('35', 'field', '38', 'en_us', ' awwwards '),
 ('35', 'slug', '0', 'en_us', ''),
 ('36', 'field', '32', 'en_us', ' development '),
 ('36', 'field', '33', 'en_us', ' inalise b v '),
 ('36', 'slug', '0', 'en_us', ''),
 ('37', 'field', '35', 'en_us', ' interaction design '),
 ('37', 'slug', '0', 'en_us', ''),
 ('38', 'field', '35', 'en_us', ' ux design '),
 ('38', 'slug', '0', 'en_us', ''),
 ('39', 'field', '35', 'en_us', ' creative direction '),
 ('39', 'slug', '0', 'en_us', ''),
 ('40', 'field', '35', 'en_us', ' concept '),
 ('40', 'slug', '0', 'en_us', ''),
 ('41', 'field', '35', 'en_us', ' strategy '),
 ('41', 'slug', '0', 'en_us', ''),
 ('10', 'field', '50', 'en_us', ''),
 ('62', 'extension', '0', 'en_us', ' jpg '),
 ('61', 'slug', '0', 'en_us', ''),
 ('61', 'title', '0', 'en_us', ' orangina screen '),
 ('23', 'field', '49', 'en_us', ' 100 '),
 ('54', 'filename', '0', 'en_us', ' orangina icons png '),
 ('65', 'filename', '0', 'en_us', ' orangina video background png '),
 ('65', 'extension', '0', 'en_us', ' png '),
 ('64', 'filename', '0', 'en_us', ' orangina video cover jpg '),
 ('65', 'kind', '0', 'en_us', ' image '),
 ('56', 'filename', '0', 'en_us', ' orangina slide 2 jpg '),
 ('54', 'extension', '0', 'en_us', ' png '),
 ('54', 'kind', '0', 'en_us', ' image '),
 ('54', 'slug', '0', 'en_us', ' orangina icons '),
 ('54', 'title', '0', 'en_us', ' orangina icons '),
 ('55', 'filename', '0', 'en_us', ' orangina slide 3 jpg '),
 ('55', 'extension', '0', 'en_us', ' jpg '),
 ('55', 'kind', '0', 'en_us', ' image '),
 ('55', 'slug', '0', 'en_us', ''),
 ('55', 'title', '0', 'en_us', ' orangina slide 3 '),
 ('17', 'field', '63', 'en_us', ' 80 '),
 ('14', 'field', '58', 'en_us', ' 80 '),
 ('14', 'field', '57', 'en_us', ' 0 '),
 ('17', 'field', '64', 'en_us', ' 60 '),
 ('19', 'field', '55', 'en_us', ' 60 '),
 ('12', 'field', '51', 'en_us', ' 100 '),
 ('64', 'extension', '0', 'en_us', ' jpg '),
 ('64', 'kind', '0', 'en_us', ' image '),
 ('64', 'slug', '0', 'en_us', ''),
 ('64', 'title', '0', 'en_us', ' orangina video cover '),
 ('57', 'kind', '0', 'en_us', ' image '),
 ('57', 'extension', '0', 'en_us', ' jpg '),
 ('57', 'filename', '0', 'en_us', ' orangina slide 1 jpg '),
 ('56', 'extension', '0', 'en_us', ' jpg '),
 ('23', 'field', '48', 'en_us', ' 50 '),
 ('22', 'field', '58', 'en_us', ' 0 '),
 ('12', 'field', '52', 'en_us', ' 60 '),
 ('65', 'slug', '0', 'en_us', ''),
 ('65', 'title', '0', 'en_us', ' orangina video background '),
 ('19', 'field', '65', 'en_us', ' orangina video background '),
 ('23', 'field', '66', 'en_us', ' black '),
 ('66', 'field', '39', 'en_us', ' for the love of chocolate '),
 ('66', 'field', '40', 'en_us', ' header background '),
 ('66', 'field', '50', 'en_us', ''),
 ('66', 'field', '41', 'en_us', ''),
 ('66', 'field', '43', 'en_us', ''),
 ('66', 'field', '42', 'en_us', ''),
 ('66', 'field', '31', 'en_us', ''),
 ('66', 'field', '34', 'en_us', ''),
 ('66', 'field', '36', 'en_us', ''),
 ('66', 'field', '3', 'en_us', ''),
 ('66', 'slug', '0', 'en_us', ' chocomel brand portal '),
 ('66', 'title', '0', 'en_us', ' chocomel brand portal '),
 ('67', 'filename', '0', 'en_us', ' header background jpg '),
 ('67', 'extension', '0', 'en_us', ' jpg '),
 ('67', 'kind', '0', 'en_us', ' image '),
 ('67', 'slug', '0', 'en_us', ''),
 ('67', 'title', '0', 'en_us', ' header background ');



DROP TABLE IF EXISTS `craft_sections`;


--
-- Schema for table `craft_sections`
--
CREATE TABLE `craft_sections` (
  `id` int(11) NOT NULL AUTO_INCREMENT,
  `structureId` int(11) DEFAULT NULL,
  `name` varchar(255) COLLATE utf8_unicode_ci NOT NULL,
  `handle` varchar(255) COLLATE utf8_unicode_ci NOT NULL,
  `type` enum('single','channel','structure') COLLATE utf8_unicode_ci NOT NULL DEFAULT 'channel',
  `hasUrls` tinyint(1) unsigned NOT NULL DEFAULT '1',
  `template` varchar(500) COLLATE utf8_unicode_ci DEFAULT NULL,
  `enableVersioning` tinyint(1) unsigned NOT NULL DEFAULT '0',
  `dateCreated` datetime NOT NULL,
  `dateUpdated` datetime NOT NULL,
  `uid` char(36) COLLATE utf8_unicode_ci NOT NULL DEFAULT '0',
  PRIMARY KEY (`id`),
  UNIQUE KEY `craft_sections_name_unq_idx` (`name`),
  UNIQUE KEY `craft_sections_handle_unq_idx` (`handle`),
  KEY `craft_sections_structureId_fk` (`structureId`)
) ENGINE=InnoDB AUTO_INCREMENT=10 DEFAULT CHARSET=utf8 COLLATE=utf8_unicode_ci;

--
-- Data for table `craft_sections`
--

INSERT INTO `craft_sections` (`id`, `structureId`, `name`, `handle`, `type`, `hasUrls`, `template`, `enableVersioning`, `dateCreated`, `dateUpdated`, `uid`) VALUES
 ('3', '1', 'Case', 'case', 'structure', '1', 'case/_entry', '1', '2016-02-25 13:47:27', '2016-03-07 12:16:15', '0f289536-489f-494b-b595-5f99f79e5d8a'),
 ('5', NULL, 'Homepage', 'homepage', 'single', '1', 'layouts/index', '1', '2016-02-25 13:49:09', '2016-03-07 12:52:11', '2c066dbe-4222-44a4-9bc5-ba0fa25b77d1'),
 ('6', NULL, 'About', 'about', 'single', '1', 'layouts/index', '1', '2016-02-25 13:49:30', '2016-03-07 12:52:26', '42d6190b-0660-4b92-a0be-00754f79e5ac'),
 ('7', NULL, 'Contact', 'contact', 'single', '1', 'layouts/index', '1', '2016-02-25 13:49:38', '2016-03-07 12:51:59', '39a13606-522c-426f-99a4-9e3ad711788e'),
 ('9', NULL, 'Work', 'work', 'single', '1', 'layouts/index', '1', '2016-03-07 15:36:18', '2016-03-07 15:36:18', '7161ef55-f095-4ef6-b9d2-4dc7c4ac7ec8');



DROP TABLE IF EXISTS `craft_sections_i18n`;


--
-- Schema for table `craft_sections_i18n`
--
CREATE TABLE `craft_sections_i18n` (
  `id` int(11) NOT NULL AUTO_INCREMENT,
  `sectionId` int(11) NOT NULL,
  `locale` char(12) COLLATE utf8_unicode_ci NOT NULL,
  `enabledByDefault` tinyint(1) unsigned NOT NULL DEFAULT '1',
  `urlFormat` text COLLATE utf8_unicode_ci,
  `nestedUrlFormat` text COLLATE utf8_unicode_ci,
  `dateCreated` datetime NOT NULL,
  `dateUpdated` datetime NOT NULL,
  `uid` char(36) COLLATE utf8_unicode_ci NOT NULL DEFAULT '0',
  PRIMARY KEY (`id`),
  UNIQUE KEY `craft_sections_i18n_sectionId_locale_unq_idx` (`sectionId`,`locale`),
  KEY `craft_sections_i18n_locale_fk` (`locale`)
) ENGINE=InnoDB AUTO_INCREMENT=10 DEFAULT CHARSET=utf8 COLLATE=utf8_unicode_ci;

--
-- Data for table `craft_sections_i18n`
--

INSERT INTO `craft_sections_i18n` (`id`, `sectionId`, `locale`, `enabledByDefault`, `urlFormat`, `nestedUrlFormat`, `dateCreated`, `dateUpdated`, `uid`) VALUES
 ('3', '3', 'en_us', '0', 'work/{slug}', NULL, '2016-02-25 13:47:27', '2016-02-25 13:47:27', '52f43946-6157-4b9f-9486-7559663fccd6'),
 ('5', '5', 'en_us', '0', '__home__', NULL, '2016-02-25 13:49:09', '2016-02-25 13:49:09', '2bc49b0d-91ae-4550-860e-b9c2e0a9b5a3'),
 ('6', '6', 'en_us', '0', 'about', NULL, '2016-02-25 13:49:30', '2016-02-25 13:49:30', '9ca54db3-8a61-422b-b102-f8414bcb2878'),
 ('7', '7', 'en_us', '0', 'contact', NULL, '2016-02-25 13:49:38', '2016-02-25 13:49:38', '8eac3c77-821e-41b4-8577-3b728a995cf9'),
 ('9', '9', 'en_us', '0', 'work', NULL, '2016-03-07 15:36:18', '2016-03-07 15:36:18', 'f1c41fca-5b45-4b87-9362-f9f6ede7f746');



DROP TABLE IF EXISTS `craft_sessions`;


--
-- Schema for table `craft_sessions`
--
CREATE TABLE `craft_sessions` (
  `id` int(11) NOT NULL AUTO_INCREMENT,
  `userId` int(11) NOT NULL,
  `token` char(100) COLLATE utf8_unicode_ci NOT NULL,
  `dateCreated` datetime NOT NULL,
  `dateUpdated` datetime NOT NULL,
  `uid` char(36) COLLATE utf8_unicode_ci NOT NULL DEFAULT '0',
  PRIMARY KEY (`id`),
  KEY `craft_sessions_uid_idx` (`uid`),
  KEY `craft_sessions_token_idx` (`token`),
  KEY `craft_sessions_dateUpdated_idx` (`dateUpdated`),
  KEY `craft_sessions_userId_fk` (`userId`)
) ENGINE=InnoDB AUTO_INCREMENT=8 DEFAULT CHARSET=utf8 COLLATE=utf8_unicode_ci;

DROP TABLE IF EXISTS `craft_shunnedmessages`;


--
-- Schema for table `craft_shunnedmessages`
--
CREATE TABLE `craft_shunnedmessages` (
  `id` int(11) NOT NULL AUTO_INCREMENT,
  `userId` int(11) NOT NULL,
  `message` varchar(255) COLLATE utf8_unicode_ci NOT NULL,
  `expiryDate` datetime DEFAULT NULL,
  `dateCreated` datetime NOT NULL,
  `dateUpdated` datetime NOT NULL,
  `uid` char(36) COLLATE utf8_unicode_ci NOT NULL DEFAULT '0',
  PRIMARY KEY (`id`),
  UNIQUE KEY `craft_shunnedmessages_userId_message_unq_idx` (`userId`,`message`)
) ENGINE=InnoDB DEFAULT CHARSET=utf8 COLLATE=utf8_unicode_ci;

DROP TABLE IF EXISTS `craft_structureelements`;


--
-- Schema for table `craft_structureelements`
--
CREATE TABLE `craft_structureelements` (
  `id` int(11) NOT NULL AUTO_INCREMENT,
  `structureId` int(11) NOT NULL,
  `elementId` int(11) DEFAULT NULL,
  `root` int(11) unsigned DEFAULT NULL,
  `lft` int(11) unsigned NOT NULL,
  `rgt` int(11) unsigned NOT NULL,
  `level` smallint(6) unsigned NOT NULL,
  `dateCreated` datetime NOT NULL,
  `dateUpdated` datetime NOT NULL,
  `uid` char(36) COLLATE utf8_unicode_ci NOT NULL DEFAULT '0',
  PRIMARY KEY (`id`),
  UNIQUE KEY `craft_structureelements_structureId_elementId_unq_idx` (`structureId`,`elementId`),
  KEY `craft_structureelements_root_idx` (`root`),
  KEY `craft_structureelements_lft_idx` (`lft`),
  KEY `craft_structureelements_rgt_idx` (`rgt`),
  KEY `craft_structureelements_level_idx` (`level`),
  KEY `craft_structureelements_elementId_fk` (`elementId`)
) ENGINE=InnoDB AUTO_INCREMENT=6 DEFAULT CHARSET=utf8 COLLATE=utf8_unicode_ci;

--
-- Data for table `craft_structureelements`
--

INSERT INTO `craft_structureelements` (`id`, `structureId`, `elementId`, `root`, `lft`, `rgt`, `level`, `dateCreated`, `dateUpdated`, `uid`) VALUES
 ('1', '1', NULL, '1', '1', '6', '0', '2016-02-25 14:42:11', '2016-02-25 14:42:11', 'ac49b33a-2fb3-4bed-9710-b92750cca985'),
 ('3', '1', '10', '1', '2', '3', '1', '2016-02-25 14:42:24', '2016-02-25 14:42:24', 'e990b2d6-3b55-482a-82fc-19b55480e5e1'),
 ('5', '1', '66', '1', '4', '5', '1', '2016-03-07 15:04:49', '2016-03-07 15:04:49', '17de1f4d-cc8f-4cea-9f50-33be21ac84b1');



DROP TABLE IF EXISTS `craft_structures`;


--
-- Schema for table `craft_structures`
--
CREATE TABLE `craft_structures` (
  `id` int(11) NOT NULL AUTO_INCREMENT,
  `maxLevels` smallint(6) unsigned DEFAULT NULL,
  `dateCreated` datetime NOT NULL,
  `dateUpdated` datetime NOT NULL,
  `uid` char(36) COLLATE utf8_unicode_ci NOT NULL DEFAULT '0',
  PRIMARY KEY (`id`)
) ENGINE=InnoDB AUTO_INCREMENT=2 DEFAULT CHARSET=utf8 COLLATE=utf8_unicode_ci;

--
-- Data for table `craft_structures`
--

INSERT INTO `craft_structures` (`id`, `maxLevels`, `dateCreated`, `dateUpdated`, `uid`) VALUES
 ('1', '1', '2016-02-25 14:42:11', '2016-03-07 12:16:15', '54a066d6-3981-4ae0-be93-5371dc6b0ca3');



DROP TABLE IF EXISTS `craft_systemsettings`;


--
-- Schema for table `craft_systemsettings`
--
CREATE TABLE `craft_systemsettings` (
  `id` int(11) NOT NULL AUTO_INCREMENT,
  `category` varchar(15) COLLATE utf8_unicode_ci NOT NULL,
  `settings` text COLLATE utf8_unicode_ci,
  `dateCreated` datetime NOT NULL,
  `dateUpdated` datetime NOT NULL,
  `uid` char(36) COLLATE utf8_unicode_ci NOT NULL DEFAULT '0',
  PRIMARY KEY (`id`),
  UNIQUE KEY `craft_systemsettings_category_unq_idx` (`category`)
) ENGINE=InnoDB AUTO_INCREMENT=2 DEFAULT CHARSET=utf8 COLLATE=utf8_unicode_ci;

--
-- Data for table `craft_systemsettings`
--

INSERT INTO `craft_systemsettings` (`id`, `category`, `settings`, `dateCreated`, `dateUpdated`, `uid`) VALUES
 ('1', 'email', '{\"protocol\":\"php\",\"emailAddress\":\"sara@superherocheesecake.com\",\"senderName\":\"[Kraftwerk] Kraftwerk website\"}', '2016-02-25 11:25:17', '2016-02-25 11:25:17', '3735bf9a-2473-4b6e-8b38-5e9850f987ef');



DROP TABLE IF EXISTS `craft_taggroups`;


--
-- Schema for table `craft_taggroups`
--
CREATE TABLE `craft_taggroups` (
  `id` int(11) NOT NULL AUTO_INCREMENT,
  `name` varchar(255) COLLATE utf8_unicode_ci NOT NULL,
  `handle` varchar(255) COLLATE utf8_unicode_ci NOT NULL,
  `fieldLayoutId` int(10) DEFAULT NULL,
  `dateCreated` datetime NOT NULL,
  `dateUpdated` datetime NOT NULL,
  `uid` char(36) COLLATE utf8_unicode_ci NOT NULL DEFAULT '0',
  PRIMARY KEY (`id`),
  UNIQUE KEY `craft_taggroups_name_unq_idx` (`name`),
  UNIQUE KEY `craft_taggroups_handle_unq_idx` (`handle`),
  KEY `craft_taggroups_fieldLayoutId_fk` (`fieldLayoutId`)
) ENGINE=InnoDB AUTO_INCREMENT=2 DEFAULT CHARSET=utf8 COLLATE=utf8_unicode_ci;

--
-- Data for table `craft_taggroups`
--

INSERT INTO `craft_taggroups` (`id`, `name`, `handle`, `fieldLayoutId`, `dateCreated`, `dateUpdated`, `uid`) VALUES
 ('1', 'Default', 'default', '1', '2016-02-25 11:25:17', '2016-02-25 11:25:17', 'bd03e42b-7841-4a6c-8872-253c21fd63d9');



DROP TABLE IF EXISTS `craft_tags`;


--
-- Schema for table `craft_tags`
--
CREATE TABLE `craft_tags` (
  `id` int(11) NOT NULL,
  `groupId` int(11) NOT NULL,
  `dateCreated` datetime NOT NULL,
  `dateUpdated` datetime NOT NULL,
  `uid` char(36) COLLATE utf8_unicode_ci NOT NULL DEFAULT '0',
  PRIMARY KEY (`id`),
  KEY `craft_tags_groupId_fk` (`groupId`)
) ENGINE=InnoDB DEFAULT CHARSET=utf8 COLLATE=utf8_unicode_ci;

DROP TABLE IF EXISTS `craft_tasks`;


--
-- Schema for table `craft_tasks`
--
CREATE TABLE `craft_tasks` (
  `id` int(11) NOT NULL AUTO_INCREMENT,
  `root` int(11) unsigned DEFAULT NULL,
  `lft` int(11) unsigned NOT NULL,
  `rgt` int(11) unsigned NOT NULL,
  `level` smallint(6) unsigned NOT NULL,
  `currentStep` int(11) unsigned DEFAULT NULL,
  `totalSteps` int(11) unsigned DEFAULT NULL,
  `status` enum('pending','error','running') COLLATE utf8_unicode_ci DEFAULT NULL,
  `type` varchar(150) COLLATE utf8_unicode_ci NOT NULL,
  `description` varchar(255) COLLATE utf8_unicode_ci DEFAULT NULL,
  `settings` text COLLATE utf8_unicode_ci,
  `dateCreated` datetime NOT NULL,
  `dateUpdated` datetime NOT NULL,
  `uid` char(36) COLLATE utf8_unicode_ci NOT NULL DEFAULT '0',
  PRIMARY KEY (`id`),
  KEY `craft_tasks_root_idx` (`root`),
  KEY `craft_tasks_lft_idx` (`lft`),
  KEY `craft_tasks_rgt_idx` (`rgt`),
  KEY `craft_tasks_level_idx` (`level`)
) ENGINE=InnoDB AUTO_INCREMENT=24 DEFAULT CHARSET=utf8 COLLATE=utf8_unicode_ci;

DROP TABLE IF EXISTS `craft_templatecachecriteria`;


--
-- Schema for table `craft_templatecachecriteria`
--
CREATE TABLE `craft_templatecachecriteria` (
  `id` int(11) NOT NULL AUTO_INCREMENT,
  `cacheId` int(11) NOT NULL,
  `type` varchar(150) COLLATE utf8_unicode_ci NOT NULL,
  `criteria` text COLLATE utf8_unicode_ci NOT NULL,
  PRIMARY KEY (`id`),
  KEY `craft_templatecachecriteria_cacheId_fk` (`cacheId`),
  KEY `craft_templatecachecriteria_type_idx` (`type`)
) ENGINE=InnoDB DEFAULT CHARSET=utf8 COLLATE=utf8_unicode_ci;

DROP TABLE IF EXISTS `craft_templatecacheelements`;


--
-- Schema for table `craft_templatecacheelements`
--
CREATE TABLE `craft_templatecacheelements` (
  `cacheId` int(11) NOT NULL,
  `elementId` int(11) NOT NULL,
  KEY `craft_templatecacheelements_cacheId_fk` (`cacheId`),
  KEY `craft_templatecacheelements_elementId_fk` (`elementId`)
) ENGINE=InnoDB DEFAULT CHARSET=utf8 COLLATE=utf8_unicode_ci;

DROP TABLE IF EXISTS `craft_templatecaches`;


--
-- Schema for table `craft_templatecaches`
--
CREATE TABLE `craft_templatecaches` (
  `id` int(11) NOT NULL AUTO_INCREMENT,
  `cacheKey` varchar(255) COLLATE utf8_unicode_ci NOT NULL,
  `locale` char(12) COLLATE utf8_unicode_ci NOT NULL,
  `path` varchar(255) COLLATE utf8_unicode_ci DEFAULT NULL,
  `expiryDate` datetime NOT NULL,
  `body` mediumtext COLLATE utf8_unicode_ci NOT NULL,
  PRIMARY KEY (`id`),
  KEY `craft_templatecaches_expiryDate_cacheKey_locale_path_idx` (`expiryDate`,`cacheKey`,`locale`,`path`),
  KEY `craft_templatecaches_locale_fk` (`locale`)
) ENGINE=InnoDB DEFAULT CHARSET=utf8 COLLATE=utf8_unicode_ci;

DROP TABLE IF EXISTS `craft_tokens`;


--
-- Schema for table `craft_tokens`
--
CREATE TABLE `craft_tokens` (
  `id` int(11) NOT NULL AUTO_INCREMENT,
  `token` char(32) COLLATE utf8_unicode_ci NOT NULL,
  `route` text COLLATE utf8_unicode_ci,
  `usageLimit` tinyint(3) unsigned DEFAULT NULL,
  `usageCount` tinyint(3) unsigned DEFAULT NULL,
  `expiryDate` datetime NOT NULL,
  `dateCreated` datetime NOT NULL,
  `dateUpdated` datetime NOT NULL,
  `uid` char(36) COLLATE utf8_unicode_ci NOT NULL DEFAULT '0',
  PRIMARY KEY (`id`),
  UNIQUE KEY `craft_tokens_token_unq_idx` (`token`),
  KEY `craft_tokens_expiryDate_idx` (`expiryDate`)
) ENGINE=InnoDB DEFAULT CHARSET=utf8 COLLATE=utf8_unicode_ci;

DROP TABLE IF EXISTS `craft_usergroups`;


--
-- Schema for table `craft_usergroups`
--
CREATE TABLE `craft_usergroups` (
  `id` int(11) NOT NULL AUTO_INCREMENT,
  `name` varchar(255) COLLATE utf8_unicode_ci NOT NULL,
  `handle` varchar(255) COLLATE utf8_unicode_ci NOT NULL,
  `dateCreated` datetime NOT NULL,
  `dateUpdated` datetime NOT NULL,
  `uid` char(36) COLLATE utf8_unicode_ci NOT NULL DEFAULT '0',
  PRIMARY KEY (`id`)
) ENGINE=InnoDB DEFAULT CHARSET=utf8 COLLATE=utf8_unicode_ci;

DROP TABLE IF EXISTS `craft_usergroups_users`;


--
-- Schema for table `craft_usergroups_users`
--
CREATE TABLE `craft_usergroups_users` (
  `id` int(11) NOT NULL AUTO_INCREMENT,
  `groupId` int(11) NOT NULL,
  `userId` int(11) NOT NULL,
  `dateCreated` datetime NOT NULL,
  `dateUpdated` datetime NOT NULL,
  `uid` char(36) COLLATE utf8_unicode_ci NOT NULL DEFAULT '0',
  PRIMARY KEY (`id`),
  UNIQUE KEY `craft_usergroups_users_groupId_userId_unq_idx` (`groupId`,`userId`),
  KEY `craft_usergroups_users_userId_fk` (`userId`)
) ENGINE=InnoDB DEFAULT CHARSET=utf8 COLLATE=utf8_unicode_ci;

DROP TABLE IF EXISTS `craft_userpermissions`;


--
-- Schema for table `craft_userpermissions`
--
CREATE TABLE `craft_userpermissions` (
  `id` int(11) NOT NULL AUTO_INCREMENT,
  `name` varchar(255) COLLATE utf8_unicode_ci NOT NULL,
  `dateCreated` datetime NOT NULL,
  `dateUpdated` datetime NOT NULL,
  `uid` char(36) COLLATE utf8_unicode_ci NOT NULL DEFAULT '0',
  PRIMARY KEY (`id`),
  UNIQUE KEY `craft_userpermissions_name_unq_idx` (`name`)
) ENGINE=InnoDB DEFAULT CHARSET=utf8 COLLATE=utf8_unicode_ci;

DROP TABLE IF EXISTS `craft_userpermissions_usergroups`;


--
-- Schema for table `craft_userpermissions_usergroups`
--
CREATE TABLE `craft_userpermissions_usergroups` (
  `id` int(11) NOT NULL AUTO_INCREMENT,
  `permissionId` int(11) NOT NULL,
  `groupId` int(11) NOT NULL,
  `dateCreated` datetime NOT NULL,
  `dateUpdated` datetime NOT NULL,
  `uid` char(36) COLLATE utf8_unicode_ci NOT NULL DEFAULT '0',
  PRIMARY KEY (`id`),
  UNIQUE KEY `craft_userpermissions_usergroups_permissionId_groupId_unq_idx` (`permissionId`,`groupId`),
  KEY `craft_userpermissions_usergroups_groupId_fk` (`groupId`)
) ENGINE=InnoDB DEFAULT CHARSET=utf8 COLLATE=utf8_unicode_ci;

DROP TABLE IF EXISTS `craft_userpermissions_users`;


--
-- Schema for table `craft_userpermissions_users`
--
CREATE TABLE `craft_userpermissions_users` (
  `id` int(11) NOT NULL AUTO_INCREMENT,
  `permissionId` int(11) NOT NULL,
  `userId` int(11) NOT NULL,
  `dateCreated` datetime NOT NULL,
  `dateUpdated` datetime NOT NULL,
  `uid` char(36) COLLATE utf8_unicode_ci NOT NULL DEFAULT '0',
  PRIMARY KEY (`id`),
  UNIQUE KEY `craft_userpermissions_users_permissionId_userId_unq_idx` (`permissionId`,`userId`),
  KEY `craft_userpermissions_users_userId_fk` (`userId`)
) ENGINE=InnoDB DEFAULT CHARSET=utf8 COLLATE=utf8_unicode_ci;

DROP TABLE IF EXISTS `craft_users`;


--
-- Schema for table `craft_users`
--
CREATE TABLE `craft_users` (
  `id` int(11) NOT NULL,
  `username` varchar(100) COLLATE utf8_unicode_ci NOT NULL,
  `photo` varchar(100) COLLATE utf8_unicode_ci DEFAULT NULL,
  `firstName` varchar(100) COLLATE utf8_unicode_ci DEFAULT NULL,
  `lastName` varchar(100) COLLATE utf8_unicode_ci DEFAULT NULL,
  `email` varchar(255) COLLATE utf8_unicode_ci NOT NULL,
  `password` char(255) COLLATE utf8_unicode_ci DEFAULT NULL,
  `preferredLocale` char(12) COLLATE utf8_unicode_ci DEFAULT NULL,
  `weekStartDay` tinyint(1) unsigned NOT NULL DEFAULT '0',
  `admin` tinyint(1) unsigned NOT NULL DEFAULT '0',
  `client` tinyint(1) unsigned NOT NULL DEFAULT '0',
  `locked` tinyint(1) unsigned NOT NULL DEFAULT '0',
  `suspended` tinyint(1) unsigned NOT NULL DEFAULT '0',
  `pending` tinyint(1) unsigned NOT NULL DEFAULT '0',
  `archived` tinyint(1) unsigned NOT NULL DEFAULT '0',
  `lastLoginDate` datetime DEFAULT NULL,
  `lastLoginAttemptIPAddress` varchar(45) COLLATE utf8_unicode_ci DEFAULT NULL,
  `invalidLoginWindowStart` datetime DEFAULT NULL,
  `invalidLoginCount` tinyint(4) unsigned DEFAULT NULL,
  `lastInvalidLoginDate` datetime DEFAULT NULL,
  `lockoutDate` datetime DEFAULT NULL,
  `verificationCode` char(100) COLLATE utf8_unicode_ci DEFAULT NULL,
  `verificationCodeIssuedDate` datetime DEFAULT NULL,
  `unverifiedEmail` varchar(255) COLLATE utf8_unicode_ci DEFAULT NULL,
  `passwordResetRequired` tinyint(1) unsigned NOT NULL DEFAULT '0',
  `lastPasswordChangeDate` datetime DEFAULT NULL,
  `dateCreated` datetime NOT NULL,
  `dateUpdated` datetime NOT NULL,
  `uid` char(36) COLLATE utf8_unicode_ci NOT NULL DEFAULT '0',
  PRIMARY KEY (`id`),
  UNIQUE KEY `craft_users_username_unq_idx` (`username`),
  UNIQUE KEY `craft_users_email_unq_idx` (`email`),
  KEY `craft_users_verificationCode_idx` (`verificationCode`),
  KEY `craft_users_uid_idx` (`uid`),
  KEY `craft_users_preferredLocale_fk` (`preferredLocale`)
) ENGINE=InnoDB DEFAULT CHARSET=utf8 COLLATE=utf8_unicode_ci;

--
-- Data for table `craft_users`
--

INSERT INTO `craft_users` (`id`, `username`, `photo`, `firstName`, `lastName`, `email`, `password`, `preferredLocale`, `weekStartDay`, `admin`, `client`, `locked`, `suspended`, `pending`, `archived`, `lastLoginDate`, `lastLoginAttemptIPAddress`, `invalidLoginWindowStart`, `invalidLoginCount`, `lastInvalidLoginDate`, `lockoutDate`, `verificationCode`, `verificationCodeIssuedDate`, `unverifiedEmail`, `passwordResetRequired`, `lastPasswordChangeDate`, `dateCreated`, `dateUpdated`, `uid`) VALUES
 ('1', 'shcc', NULL, NULL, NULL, 'sara@superherocheesecake.com', '$2y$13$6FkWkDMG0gcj1QoS2nMduessdWsLycPBiAXswugqQ09c770cRQIau', NULL, '0', '1', '0', '0', '0', '0', '0', '2016-03-07 10:38:35', '10.0.0.1', NULL, NULL, NULL, NULL, NULL, NULL, NULL, '0', '2016-02-25 11:25:16', '2016-02-25 11:25:17', '2016-03-07 10:38:35', 'dfb1ea83-dc50-4720-ab26-bfeb103e4027');



DROP TABLE IF EXISTS `craft_widgets`;


--
-- Schema for table `craft_widgets`
--
CREATE TABLE `craft_widgets` (
  `id` int(11) NOT NULL AUTO_INCREMENT,
  `userId` int(11) NOT NULL,
  `type` varchar(150) COLLATE utf8_unicode_ci NOT NULL,
  `sortOrder` smallint(6) unsigned DEFAULT NULL,
  `colspan` tinyint(4) unsigned DEFAULT NULL,
  `settings` text COLLATE utf8_unicode_ci,
  `enabled` tinyint(1) unsigned NOT NULL DEFAULT '1',
  `dateCreated` datetime NOT NULL,
  `dateUpdated` datetime NOT NULL,
  `uid` char(36) COLLATE utf8_unicode_ci NOT NULL DEFAULT '0',
  PRIMARY KEY (`id`),
  KEY `craft_widgets_userId_fk` (`userId`)
) ENGINE=InnoDB AUTO_INCREMENT=5 DEFAULT CHARSET=utf8 COLLATE=utf8_unicode_ci;

--
-- Data for table `craft_widgets`
--

INSERT INTO `craft_widgets` (`id`, `userId`, `type`, `sortOrder`, `colspan`, `settings`, `enabled`, `dateCreated`, `dateUpdated`, `uid`) VALUES
 ('1', '1', 'RecentEntries', '1', NULL, NULL, '1', '2016-02-25 11:25:19', '2016-02-25 11:25:19', '9cf71045-d4b6-4e4b-96f9-fd3dc4a6d4ec'),
 ('2', '1', 'GetHelp', '2', NULL, NULL, '0', '2016-02-25 11:25:19', '2016-02-25 15:50:05', '55e551e1-ddf0-4854-bdfc-ce603f71ccbe'),
 ('3', '1', 'Updates', '3', NULL, NULL, '1', '2016-02-25 11:25:19', '2016-02-25 11:25:19', 'c702e52e-4d2d-4165-99b0-f662081a4fd5'),
 ('4', '1', 'Feed', '4', NULL, '{\"url\":\"https:\\/\\/craftcms.com\\/news.rss\",\"title\":\"Craft News\"}', '0', '2016-02-25 11:25:19', '2016-02-25 15:50:11', 'a3530f4b-bd69-4641-ad80-4814303cb49b');


--
-- Constraints for tables
--


--
-- Constraints for table `craft_assetfiles`
--
ALTER TABLE `craft_assetfiles`
	ADD CONSTRAINT `craft_assetfiles_folderId_fk` FOREIGN KEY (`folderId`) REFERENCES `craft_assetfolders` (`id`) ON DELETE CASCADE,
	ADD CONSTRAINT `craft_assetfiles_id_fk` FOREIGN KEY (`id`) REFERENCES `craft_elements` (`id`) ON DELETE CASCADE,
	ADD CONSTRAINT `craft_assetfiles_sourceId_fk` FOREIGN KEY (`sourceId`) REFERENCES `craft_assetsources` (`id`) ON DELETE CASCADE;

--
-- Constraints for table `craft_assetfolders`
--
ALTER TABLE `craft_assetfolders`
	ADD CONSTRAINT `craft_assetfolders_parentId_fk` FOREIGN KEY (`parentId`) REFERENCES `craft_assetfolders` (`id`) ON DELETE CASCADE,
	ADD CONSTRAINT `craft_assetfolders_sourceId_fk` FOREIGN KEY (`sourceId`) REFERENCES `craft_assetsources` (`id`) ON DELETE CASCADE;

--
-- Constraints for table `craft_assetindexdata`
--
ALTER TABLE `craft_assetindexdata`
	ADD CONSTRAINT `craft_assetindexdata_sourceId_fk` FOREIGN KEY (`sourceId`) REFERENCES `craft_assetsources` (`id`) ON DELETE CASCADE;

--
-- Constraints for table `craft_assetsources`
--
ALTER TABLE `craft_assetsources`
	ADD CONSTRAINT `craft_assetsources_fieldLayoutId_fk` FOREIGN KEY (`fieldLayoutId`) REFERENCES `craft_fieldlayouts` (`id`) ON DELETE SET NULL;

--
-- Constraints for table `craft_categories`
--
ALTER TABLE `craft_categories`
	ADD CONSTRAINT `craft_categories_groupId_fk` FOREIGN KEY (`groupId`) REFERENCES `craft_categorygroups` (`id`) ON DELETE CASCADE,
	ADD CONSTRAINT `craft_categories_id_fk` FOREIGN KEY (`id`) REFERENCES `craft_elements` (`id`) ON DELETE CASCADE;

--
-- Constraints for table `craft_categorygroups`
--
ALTER TABLE `craft_categorygroups`
	ADD CONSTRAINT `craft_categorygroups_fieldLayoutId_fk` FOREIGN KEY (`fieldLayoutId`) REFERENCES `craft_fieldlayouts` (`id`) ON DELETE SET NULL,
	ADD CONSTRAINT `craft_categorygroups_structureId_fk` FOREIGN KEY (`structureId`) REFERENCES `craft_structures` (`id`) ON DELETE CASCADE;

--
-- Constraints for table `craft_categorygroups_i18n`
--
ALTER TABLE `craft_categorygroups_i18n`
	ADD CONSTRAINT `craft_categorygroups_i18n_groupId_fk` FOREIGN KEY (`groupId`) REFERENCES `craft_categorygroups` (`id`) ON DELETE CASCADE,
	ADD CONSTRAINT `craft_categorygroups_i18n_locale_fk` FOREIGN KEY (`locale`) REFERENCES `craft_locales` (`locale`) ON DELETE CASCADE ON UPDATE CASCADE;

--
-- Constraints for table `craft_content`
--
ALTER TABLE `craft_content`
	ADD CONSTRAINT `craft_content_elementId_fk` FOREIGN KEY (`elementId`) REFERENCES `craft_elements` (`id`) ON DELETE CASCADE,
	ADD CONSTRAINT `craft_content_locale_fk` FOREIGN KEY (`locale`) REFERENCES `craft_locales` (`locale`) ON DELETE CASCADE ON UPDATE CASCADE;

--
-- Constraints for table `craft_elements_i18n`
--
ALTER TABLE `craft_elements_i18n`
	ADD CONSTRAINT `craft_elements_i18n_elementId_fk` FOREIGN KEY (`elementId`) REFERENCES `craft_elements` (`id`) ON DELETE CASCADE,
	ADD CONSTRAINT `craft_elements_i18n_locale_fk` FOREIGN KEY (`locale`) REFERENCES `craft_locales` (`locale`) ON DELETE CASCADE ON UPDATE CASCADE;

--
-- Constraints for table `craft_emailmessages`
--
ALTER TABLE `craft_emailmessages`
	ADD CONSTRAINT `craft_emailmessages_locale_fk` FOREIGN KEY (`locale`) REFERENCES `craft_locales` (`locale`) ON DELETE CASCADE ON UPDATE CASCADE;

--
-- Constraints for table `craft_entries`
--
ALTER TABLE `craft_entries`
	ADD CONSTRAINT `craft_entries_authorId_fk` FOREIGN KEY (`authorId`) REFERENCES `craft_users` (`id`) ON DELETE CASCADE,
	ADD CONSTRAINT `craft_entries_id_fk` FOREIGN KEY (`id`) REFERENCES `craft_elements` (`id`) ON DELETE CASCADE,
	ADD CONSTRAINT `craft_entries_sectionId_fk` FOREIGN KEY (`sectionId`) REFERENCES `craft_sections` (`id`) ON DELETE CASCADE,
	ADD CONSTRAINT `craft_entries_typeId_fk` FOREIGN KEY (`typeId`) REFERENCES `craft_entrytypes` (`id`) ON DELETE CASCADE;

--
-- Constraints for table `craft_entrydrafts`
--
ALTER TABLE `craft_entrydrafts`
	ADD CONSTRAINT `craft_entrydrafts_creatorId_fk` FOREIGN KEY (`creatorId`) REFERENCES `craft_users` (`id`) ON DELETE CASCADE,
	ADD CONSTRAINT `craft_entrydrafts_entryId_fk` FOREIGN KEY (`entryId`) REFERENCES `craft_entries` (`id`) ON DELETE CASCADE,
	ADD CONSTRAINT `craft_entrydrafts_locale_fk` FOREIGN KEY (`locale`) REFERENCES `craft_locales` (`locale`) ON DELETE CASCADE ON UPDATE CASCADE,
	ADD CONSTRAINT `craft_entrydrafts_sectionId_fk` FOREIGN KEY (`sectionId`) REFERENCES `craft_sections` (`id`) ON DELETE CASCADE;

--
-- Constraints for table `craft_entrytypes`
--
ALTER TABLE `craft_entrytypes`
	ADD CONSTRAINT `craft_entrytypes_fieldLayoutId_fk` FOREIGN KEY (`fieldLayoutId`) REFERENCES `craft_fieldlayouts` (`id`) ON DELETE SET NULL,
	ADD CONSTRAINT `craft_entrytypes_sectionId_fk` FOREIGN KEY (`sectionId`) REFERENCES `craft_sections` (`id`) ON DELETE CASCADE;

--
-- Constraints for table `craft_entryversions`
--
ALTER TABLE `craft_entryversions`
	ADD CONSTRAINT `craft_entryversions_creatorId_fk` FOREIGN KEY (`creatorId`) REFERENCES `craft_users` (`id`) ON DELETE SET NULL,
	ADD CONSTRAINT `craft_entryversions_entryId_fk` FOREIGN KEY (`entryId`) REFERENCES `craft_entries` (`id`) ON DELETE CASCADE,
	ADD CONSTRAINT `craft_entryversions_locale_fk` FOREIGN KEY (`locale`) REFERENCES `craft_locales` (`locale`) ON DELETE CASCADE ON UPDATE CASCADE,
	ADD CONSTRAINT `craft_entryversions_sectionId_fk` FOREIGN KEY (`sectionId`) REFERENCES `craft_sections` (`id`) ON DELETE CASCADE;

--
-- Constraints for table `craft_fieldlayoutfields`
--
ALTER TABLE `craft_fieldlayoutfields`
	ADD CONSTRAINT `craft_fieldlayoutfields_fieldId_fk` FOREIGN KEY (`fieldId`) REFERENCES `craft_fields` (`id`) ON DELETE CASCADE,
	ADD CONSTRAINT `craft_fieldlayoutfields_layoutId_fk` FOREIGN KEY (`layoutId`) REFERENCES `craft_fieldlayouts` (`id`) ON DELETE CASCADE,
	ADD CONSTRAINT `craft_fieldlayoutfields_tabId_fk` FOREIGN KEY (`tabId`) REFERENCES `craft_fieldlayouttabs` (`id`) ON DELETE CASCADE;

--
-- Constraints for table `craft_fieldlayouttabs`
--
ALTER TABLE `craft_fieldlayouttabs`
	ADD CONSTRAINT `craft_fieldlayouttabs_layoutId_fk` FOREIGN KEY (`layoutId`) REFERENCES `craft_fieldlayouts` (`id`) ON DELETE CASCADE;

--
-- Constraints for table `craft_fields`
--
ALTER TABLE `craft_fields`
	ADD CONSTRAINT `craft_fields_groupId_fk` FOREIGN KEY (`groupId`) REFERENCES `craft_fieldgroups` (`id`) ON DELETE CASCADE;

--
-- Constraints for table `craft_globalsets`
--
ALTER TABLE `craft_globalsets`
	ADD CONSTRAINT `craft_globalsets_fieldLayoutId_fk` FOREIGN KEY (`fieldLayoutId`) REFERENCES `craft_fieldlayouts` (`id`) ON DELETE SET NULL,
	ADD CONSTRAINT `craft_globalsets_id_fk` FOREIGN KEY (`id`) REFERENCES `craft_elements` (`id`) ON DELETE CASCADE;

--
-- Constraints for table `craft_matrixblocks`
--
ALTER TABLE `craft_matrixblocks`
	ADD CONSTRAINT `craft_matrixblocks_fieldId_fk` FOREIGN KEY (`fieldId`) REFERENCES `craft_fields` (`id`) ON DELETE CASCADE,
	ADD CONSTRAINT `craft_matrixblocks_id_fk` FOREIGN KEY (`id`) REFERENCES `craft_elements` (`id`) ON DELETE CASCADE,
	ADD CONSTRAINT `craft_matrixblocks_ownerId_fk` FOREIGN KEY (`ownerId`) REFERENCES `craft_elements` (`id`) ON DELETE CASCADE,
	ADD CONSTRAINT `craft_matrixblocks_ownerLocale_fk` FOREIGN KEY (`ownerLocale`) REFERENCES `craft_locales` (`locale`) ON DELETE CASCADE ON UPDATE CASCADE,
	ADD CONSTRAINT `craft_matrixblocks_typeId_fk` FOREIGN KEY (`typeId`) REFERENCES `craft_matrixblocktypes` (`id`) ON DELETE CASCADE;

--
-- Constraints for table `craft_matrixblocktypes`
--
ALTER TABLE `craft_matrixblocktypes`
	ADD CONSTRAINT `craft_matrixblocktypes_fieldId_fk` FOREIGN KEY (`fieldId`) REFERENCES `craft_fields` (`id`) ON DELETE CASCADE,
	ADD CONSTRAINT `craft_matrixblocktypes_fieldLayoutId_fk` FOREIGN KEY (`fieldLayoutId`) REFERENCES `craft_fieldlayouts` (`id`) ON DELETE SET NULL;

--
-- Constraints for table `craft_matrixcontent_casesections`
--
ALTER TABLE `craft_matrixcontent_casesections`
	ADD CONSTRAINT `craft_matrixcontent_casesections_elementId_fk` FOREIGN KEY (`elementId`) REFERENCES `craft_elements` (`id`) ON DELETE CASCADE,
	ADD CONSTRAINT `craft_matrixcontent_casesections_locale_fk` FOREIGN KEY (`locale`) REFERENCES `craft_locales` (`locale`) ON DELETE CASCADE ON UPDATE CASCADE;

--
-- Constraints for table `craft_matrixcontent_credits`
--
ALTER TABLE `craft_matrixcontent_credits`
	ADD CONSTRAINT `craft_matrixcontent_credits_elementId_fk` FOREIGN KEY (`elementId`) REFERENCES `craft_elements` (`id`) ON DELETE CASCADE,
	ADD CONSTRAINT `craft_matrixcontent_credits_locale_fk` FOREIGN KEY (`locale`) REFERENCES `craft_locales` (`locale`) ON DELETE CASCADE ON UPDATE CASCADE;

--
-- Constraints for table `craft_matrixcontent_honours`
--
ALTER TABLE `craft_matrixcontent_honours`
	ADD CONSTRAINT `craft_matrixcontent_honours_elementId_fk` FOREIGN KEY (`elementId`) REFERENCES `craft_elements` (`id`) ON DELETE CASCADE,
	ADD CONSTRAINT `craft_matrixcontent_honours_locale_fk` FOREIGN KEY (`locale`) REFERENCES `craft_locales` (`locale`) ON DELETE CASCADE ON UPDATE CASCADE;

--
-- Constraints for table `craft_matrixcontent_roles`
--
ALTER TABLE `craft_matrixcontent_roles`
	ADD CONSTRAINT `craft_matrixcontent_roles_elementId_fk` FOREIGN KEY (`elementId`) REFERENCES `craft_elements` (`id`) ON DELETE CASCADE,
	ADD CONSTRAINT `craft_matrixcontent_roles_locale_fk` FOREIGN KEY (`locale`) REFERENCES `craft_locales` (`locale`) ON DELETE CASCADE ON UPDATE CASCADE;

--
-- Constraints for table `craft_migrations`
--
ALTER TABLE `craft_migrations`
	ADD CONSTRAINT `craft_migrations_pluginId_fk` FOREIGN KEY (`pluginId`) REFERENCES `craft_plugins` (`id`) ON DELETE CASCADE;

--
-- Constraints for table `craft_relations`
--
ALTER TABLE `craft_relations`
	ADD CONSTRAINT `craft_relations_fieldId_fk` FOREIGN KEY (`fieldId`) REFERENCES `craft_fields` (`id`) ON DELETE CASCADE,
	ADD CONSTRAINT `craft_relations_sourceId_fk` FOREIGN KEY (`sourceId`) REFERENCES `craft_elements` (`id`) ON DELETE CASCADE,
	ADD CONSTRAINT `craft_relations_sourceLocale_fk` FOREIGN KEY (`sourceLocale`) REFERENCES `craft_locales` (`locale`) ON DELETE CASCADE ON UPDATE CASCADE,
	ADD CONSTRAINT `craft_relations_targetId_fk` FOREIGN KEY (`targetId`) REFERENCES `craft_elements` (`id`) ON DELETE CASCADE;

--
-- Constraints for table `craft_routes`
--
ALTER TABLE `craft_routes`
	ADD CONSTRAINT `craft_routes_locale_fk` FOREIGN KEY (`locale`) REFERENCES `craft_locales` (`locale`) ON DELETE CASCADE ON UPDATE CASCADE;

--
-- Constraints for table `craft_sections`
--
ALTER TABLE `craft_sections`
	ADD CONSTRAINT `craft_sections_structureId_fk` FOREIGN KEY (`structureId`) REFERENCES `craft_structures` (`id`) ON DELETE SET NULL;

--
-- Constraints for table `craft_sections_i18n`
--
ALTER TABLE `craft_sections_i18n`
	ADD CONSTRAINT `craft_sections_i18n_locale_fk` FOREIGN KEY (`locale`) REFERENCES `craft_locales` (`locale`) ON DELETE CASCADE ON UPDATE CASCADE,
	ADD CONSTRAINT `craft_sections_i18n_sectionId_fk` FOREIGN KEY (`sectionId`) REFERENCES `craft_sections` (`id`) ON DELETE CASCADE;

--
-- Constraints for table `craft_sessions`
--
ALTER TABLE `craft_sessions`
	ADD CONSTRAINT `craft_sessions_userId_fk` FOREIGN KEY (`userId`) REFERENCES `craft_users` (`id`) ON DELETE CASCADE;

--
-- Constraints for table `craft_shunnedmessages`
--
ALTER TABLE `craft_shunnedmessages`
	ADD CONSTRAINT `craft_shunnedmessages_userId_fk` FOREIGN KEY (`userId`) REFERENCES `craft_users` (`id`) ON DELETE CASCADE;

--
-- Constraints for table `craft_structureelements`
--
ALTER TABLE `craft_structureelements`
	ADD CONSTRAINT `craft_structureelements_elementId_fk` FOREIGN KEY (`elementId`) REFERENCES `craft_elements` (`id`) ON DELETE CASCADE,
	ADD CONSTRAINT `craft_structureelements_structureId_fk` FOREIGN KEY (`structureId`) REFERENCES `craft_structures` (`id`) ON DELETE CASCADE;

--
-- Constraints for table `craft_taggroups`
--
ALTER TABLE `craft_taggroups`
	ADD CONSTRAINT `craft_taggroups_fieldLayoutId_fk` FOREIGN KEY (`fieldLayoutId`) REFERENCES `craft_fieldlayouts` (`id`) ON DELETE SET NULL;

--
-- Constraints for table `craft_tags`
--
ALTER TABLE `craft_tags`
	ADD CONSTRAINT `craft_tags_groupId_fk` FOREIGN KEY (`groupId`) REFERENCES `craft_taggroups` (`id`) ON DELETE CASCADE,
	ADD CONSTRAINT `craft_tags_id_fk` FOREIGN KEY (`id`) REFERENCES `craft_elements` (`id`) ON DELETE CASCADE;

--
-- Constraints for table `craft_templatecachecriteria`
--
ALTER TABLE `craft_templatecachecriteria`
	ADD CONSTRAINT `craft_templatecachecriteria_cacheId_fk` FOREIGN KEY (`cacheId`) REFERENCES `craft_templatecaches` (`id`) ON DELETE CASCADE;

--
-- Constraints for table `craft_templatecacheelements`
--
ALTER TABLE `craft_templatecacheelements`
	ADD CONSTRAINT `craft_templatecacheelements_cacheId_fk` FOREIGN KEY (`cacheId`) REFERENCES `craft_templatecaches` (`id`) ON DELETE CASCADE,
	ADD CONSTRAINT `craft_templatecacheelements_elementId_fk` FOREIGN KEY (`elementId`) REFERENCES `craft_elements` (`id`) ON DELETE CASCADE;

--
-- Constraints for table `craft_templatecaches`
--
ALTER TABLE `craft_templatecaches`
	ADD CONSTRAINT `craft_templatecaches_locale_fk` FOREIGN KEY (`locale`) REFERENCES `craft_locales` (`locale`) ON DELETE CASCADE ON UPDATE CASCADE;

--
-- Constraints for table `craft_usergroups_users`
--
ALTER TABLE `craft_usergroups_users`
	ADD CONSTRAINT `craft_usergroups_users_groupId_fk` FOREIGN KEY (`groupId`) REFERENCES `craft_usergroups` (`id`) ON DELETE CASCADE,
	ADD CONSTRAINT `craft_usergroups_users_userId_fk` FOREIGN KEY (`userId`) REFERENCES `craft_users` (`id`) ON DELETE CASCADE;

--
-- Constraints for table `craft_userpermissions_usergroups`
--
ALTER TABLE `craft_userpermissions_usergroups`
	ADD CONSTRAINT `craft_userpermissions_usergroups_groupId_fk` FOREIGN KEY (`groupId`) REFERENCES `craft_usergroups` (`id`) ON DELETE CASCADE,
	ADD CONSTRAINT `craft_userpermissions_usergroups_permissionId_fk` FOREIGN KEY (`permissionId`) REFERENCES `craft_userpermissions` (`id`) ON DELETE CASCADE;

--
-- Constraints for table `craft_userpermissions_users`
--
ALTER TABLE `craft_userpermissions_users`
	ADD CONSTRAINT `craft_userpermissions_users_permissionId_fk` FOREIGN KEY (`permissionId`) REFERENCES `craft_userpermissions` (`id`) ON DELETE CASCADE,
	ADD CONSTRAINT `craft_userpermissions_users_userId_fk` FOREIGN KEY (`userId`) REFERENCES `craft_users` (`id`) ON DELETE CASCADE;

--
-- Constraints for table `craft_users`
--
ALTER TABLE `craft_users`
	ADD CONSTRAINT `craft_users_id_fk` FOREIGN KEY (`id`) REFERENCES `craft_elements` (`id`) ON DELETE CASCADE,
	ADD CONSTRAINT `craft_users_preferredLocale_fk` FOREIGN KEY (`preferredLocale`) REFERENCES `craft_locales` (`locale`) ON DELETE SET NULL ON UPDATE CASCADE;

--
-- Constraints for table `craft_widgets`
--
ALTER TABLE `craft_widgets`
	ADD CONSTRAINT `craft_widgets_userId_fk` FOREIGN KEY (`userId`) REFERENCES `craft_users` (`id`) ON DELETE CASCADE;

SET FOREIGN_KEY_CHECKS = 1;
