-- Generated by Craft v2.5.2767 on Feb 29, 2016, 11:07:40 AM.

--
-- Disable foreign key checks and autocommit.
--

SET FOREIGN_KEY_CHECKS = 0;
SET SQL_MODE = "NO_AUTO_VALUE_ON_ZERO";
SET AUTOCOMMIT = 0;
SET NAMES utf8;


DROP TABLE IF EXISTS `craft_assetfiles`;


--
-- Schema for table `craft_assetfiles`
--
CREATE TABLE `craft_assetfiles` (
  `id` int(11) NOT NULL,
  `sourceId` int(11) DEFAULT NULL,
  `folderId` int(11) NOT NULL,
  `filename` varchar(255) COLLATE utf8_unicode_ci NOT NULL,
  `kind` varchar(50) COLLATE utf8_unicode_ci NOT NULL DEFAULT 'unknown',
  `width` int(11) unsigned DEFAULT NULL,
  `height` int(11) unsigned DEFAULT NULL,
  `size` int(11) unsigned DEFAULT NULL,
  `dateModified` datetime DEFAULT NULL,
  `dateCreated` datetime NOT NULL,
  `dateUpdated` datetime NOT NULL,
  `uid` char(36) COLLATE utf8_unicode_ci NOT NULL DEFAULT '0',
  PRIMARY KEY (`id`),
  UNIQUE KEY `craft_assetfiles_filename_folderId_unq_idx` (`filename`,`folderId`),
  KEY `craft_assetfiles_sourceId_fk` (`sourceId`),
  KEY `craft_assetfiles_folderId_fk` (`folderId`)
) ENGINE=InnoDB DEFAULT CHARSET=utf8 COLLATE=utf8_unicode_ci;

--
-- Data for table `craft_assetfiles`
--

INSERT INTO `craft_assetfiles` (`id`, `sourceId`, `folderId`, `filename`, `kind`, `width`, `height`, `size`, `dateModified`, `dateCreated`, `dateUpdated`, `uid`) VALUES
 ('13', '2', '2', 'orangina-screen.png', 'image', '1103', '640', '556193', '2016-02-26 12:43:15', '2016-02-26 11:33:44', '2016-02-26 12:43:18', 'e4cab6c2-ae8a-4acc-b86f-8c2eabbfdd65'),
 ('16', '2', '2', 'orangina-screen-background.png', 'image', '1440', '799', '50310', '2016-02-26 13:20:30', '2016-02-26 13:20:30', '2016-02-26 13:20:30', 'f8bd6299-329d-4388-a623-21184e053786'),
 ('18', '1', '1', 'reel2015.mp4', 'video', NULL, NULL, '6172718', '2016-02-26 13:52:31', '2016-02-26 13:52:31', '2016-02-26 13:52:49', '5745c266-6132-4fb2-8ca1-13e626ca9b4f'),
 ('21', '2', '2', 'orangina-bottles.png', 'image', '1085', '442', '312445', '2016-02-26 14:08:02', '2016-02-26 14:08:03', '2016-02-26 14:08:03', 'fc4431a4-8a01-4d9f-9318-13d2e69ae189'),
 ('24', '2', '5', 'orangina-icons.png', 'image', '320', '338', '25169', '2016-02-29 09:28:44', '2016-02-29 09:28:44', '2016-02-29 11:00:23', '76c1e2e3-7123-43f8-88fa-e30f84532a0a'),
 ('26', '2', '2', 'orangina-slide-3.jpg', 'image', '1151', '720', '152920', '2016-02-29 09:41:17', '2016-02-29 09:41:17', '2016-02-29 09:41:17', 'd920592b-c3e3-4692-a6bd-0d332c343163'),
 ('27', '2', '2', 'orangina-slide-2.jpg', 'image', '1151', '720', '121027', '2016-02-29 09:41:17', '2016-02-29 09:41:17', '2016-02-29 09:41:17', '1d6399d2-1d20-48f7-88a2-9aaa1b13f34e'),
 ('28', '2', '2', 'orangina-slide-1.jpg', 'image', '1151', '720', '132436', '2016-02-29 09:41:18', '2016-02-29 09:41:18', '2016-02-29 09:41:18', '73bf9611-e7ee-4380-a45b-31bd49f42f3d'),
 ('32', '3', '3', 'logo-fwa.png', 'image', '68', '22', '1285', '2016-02-29 09:57:45', '2016-02-29 09:57:45', '2016-02-29 09:57:45', 'de1a015c-161f-4711-ade9-c4eae2a7115b'),
 ('33', '3', '3', 'logo-awwwards.png', 'image', '34', '42', '1039', '2016-02-29 10:00:48', '2016-02-29 10:00:49', '2016-02-29 10:00:49', '2a2febfb-3860-497b-bf67-ca8cacd2caa1'),
 ('43', '2', '2', '12728468_1670567653203189_394512682_n.jpg', 'image', '1080', '1350', '128798', '2016-02-29 10:50:46', '2016-02-29 10:50:46', '2016-02-29 10:50:46', 'bf01fc64-6903-4adb-aecc-25369ef750cd'),
 ('44', '2', '2', 'Screen-Shot-2016-02-25-at-14.22.12.png', 'image', '808', '567', '747419', '2016-02-29 10:52:22', '2016-02-29 10:52:22', '2016-02-29 10:52:22', '5e0ba894-5d82-44da-8a47-933d4de316a3'),
 ('46', '2', '2', 'Screen-Shot-2016-02-24-at-15.48.22.png', 'image', '246', '89', '51763', '2016-02-29 10:53:41', '2016-02-29 10:53:41', '2016-02-29 10:53:41', 'bfce84a1-0297-4c3d-993b-6d2dbef8246c'),
 ('48', '2', '2', 'Screen-Shot-2016-02-17-at-12.49.34.png', 'image', '49', '262', '20752', '2016-02-29 10:54:41', '2016-02-29 10:54:41', '2016-02-29 10:54:41', '4acc9bea-bb46-435d-a888-d5556033da16'),
 ('51', '2', '4', 'orangina-slide-3.jpg', 'image', '1151', '720', '152920', '2016-02-29 10:57:25', '2016-02-29 10:57:25', '2016-02-29 10:57:25', '5973eb95-c92e-4a71-97b3-6de97c1b5937');



DROP TABLE IF EXISTS `craft_assetfolders`;


--
-- Schema for table `craft_assetfolders`
--
CREATE TABLE `craft_assetfolders` (
  `id` int(11) NOT NULL AUTO_INCREMENT,
  `parentId` int(11) DEFAULT NULL,
  `sourceId` int(11) DEFAULT NULL,
  `name` varchar(255) COLLATE utf8_unicode_ci NOT NULL,
  `path` varchar(255) COLLATE utf8_unicode_ci DEFAULT NULL,
  `dateCreated` datetime NOT NULL,
  `dateUpdated` datetime NOT NULL,
  `uid` char(36) COLLATE utf8_unicode_ci NOT NULL DEFAULT '0',
  PRIMARY KEY (`id`),
  UNIQUE KEY `craft_assetfolders_name_parentId_sourceId_unq_idx` (`name`,`parentId`,`sourceId`),
  KEY `craft_assetfolders_parentId_fk` (`parentId`),
  KEY `craft_assetfolders_sourceId_fk` (`sourceId`)
) ENGINE=InnoDB AUTO_INCREMENT=6 DEFAULT CHARSET=utf8 COLLATE=utf8_unicode_ci;

--
-- Data for table `craft_assetfolders`
--

INSERT INTO `craft_assetfolders` (`id`, `parentId`, `sourceId`, `name`, `path`, `dateCreated`, `dateUpdated`, `uid`) VALUES
 ('1', NULL, '1', 'Video\'s', '', '2016-02-25 14:03:09', '2016-02-25 14:03:09', 'a1517dbf-9fb5-4ff2-9bc7-d440138460c4'),
 ('2', NULL, '2', 'Images', '', '2016-02-25 14:04:54', '2016-02-25 14:04:54', '8575c608-474d-4eeb-8143-61b8a06a3861'),
 ('3', NULL, '3', 'Honours', '', '2016-02-29 09:54:08', '2016-02-29 09:54:08', '0c983bb2-aa4b-491a-8804-c2f375aa382b'),
 ('4', '2', '2', 'passat-500', 'passat-500/', '2016-02-29 10:56:32', '2016-02-29 10:56:32', '7efbf8f4-c6d0-4f3f-8ee2-1bb4925d7fcc'),
 ('5', '2', '2', 'orangina', 'orangina/', '2016-02-29 10:56:46', '2016-02-29 10:56:46', '3a66cefa-8bc2-4463-bba8-9b6eadd2b8c8');



DROP TABLE IF EXISTS `craft_assetindexdata`;


--
-- Schema for table `craft_assetindexdata`
--
CREATE TABLE `craft_assetindexdata` (
  `id` int(11) NOT NULL AUTO_INCREMENT,
  `sessionId` varchar(36) COLLATE utf8_unicode_ci NOT NULL DEFAULT '',
  `sourceId` int(10) NOT NULL,
  `offset` int(10) NOT NULL,
  `uri` varchar(255) COLLATE utf8_unicode_ci DEFAULT NULL,
  `size` int(10) DEFAULT NULL,
  `recordId` int(10) DEFAULT NULL,
  `dateCreated` datetime NOT NULL,
  `dateUpdated` datetime NOT NULL,
  `uid` char(36) COLLATE utf8_unicode_ci NOT NULL DEFAULT '0',
  PRIMARY KEY (`id`),
  UNIQUE KEY `craft_assetindexdata_sessionId_sourceId_offset_unq_idx` (`sessionId`,`sourceId`,`offset`),
  KEY `craft_assetindexdata_sourceId_fk` (`sourceId`)
) ENGINE=InnoDB DEFAULT CHARSET=utf8 COLLATE=utf8_unicode_ci;

DROP TABLE IF EXISTS `craft_assetsources`;


--
-- Schema for table `craft_assetsources`
--
CREATE TABLE `craft_assetsources` (
  `id` int(11) NOT NULL AUTO_INCREMENT,
  `name` varchar(255) COLLATE utf8_unicode_ci NOT NULL,
  `handle` varchar(255) COLLATE utf8_unicode_ci NOT NULL,
  `type` varchar(150) COLLATE utf8_unicode_ci NOT NULL,
  `settings` text COLLATE utf8_unicode_ci,
  `sortOrder` smallint(6) unsigned DEFAULT NULL,
  `fieldLayoutId` int(10) DEFAULT NULL,
  `dateCreated` datetime NOT NULL,
  `dateUpdated` datetime NOT NULL,
  `uid` char(36) COLLATE utf8_unicode_ci NOT NULL DEFAULT '0',
  PRIMARY KEY (`id`),
  UNIQUE KEY `craft_assetsources_name_unq_idx` (`name`),
  UNIQUE KEY `craft_assetsources_handle_unq_idx` (`handle`),
  KEY `craft_assetsources_fieldLayoutId_fk` (`fieldLayoutId`)
) ENGINE=InnoDB AUTO_INCREMENT=4 DEFAULT CHARSET=utf8 COLLATE=utf8_unicode_ci;

--
-- Data for table `craft_assetsources`
--

INSERT INTO `craft_assetsources` (`id`, `name`, `handle`, `type`, `settings`, `sortOrder`, `fieldLayoutId`, `dateCreated`, `dateUpdated`, `uid`) VALUES
 ('1', 'Video\'s', 'videos', 'Local', '{\"path\":\"content\\/videos\\/\",\"url\":\"\\/content\\/videos\\/\"}', '1', '75', '2016-02-25 14:03:09', '2016-02-26 13:52:16', '955a2581-ca22-455a-baf3-699ab7624683'),
 ('2', 'Images', 'images', 'Local', '{\"path\":\"content\\/images\\/\",\"url\":\"\\/content\\/images\\/\"}', '2', '57', '2016-02-25 14:04:54', '2016-02-26 12:41:37', 'eedfaa64-6031-453d-8990-d94ff7b14792'),
 ('3', 'Honours', 'honours', 'Local', '{\"path\":\"content\\/images\\/honours\\/\",\"url\":\"\\/content\\/images\\/honours\\/\"}', '3', '94', '2016-02-29 09:54:08', '2016-02-29 09:55:51', 'fccca845-d8c1-42a1-8af4-5ffb28c1704c');



DROP TABLE IF EXISTS `craft_assettransformindex`;


--
-- Schema for table `craft_assettransformindex`
--
CREATE TABLE `craft_assettransformindex` (
  `id` int(11) NOT NULL AUTO_INCREMENT,
  `fileId` int(11) NOT NULL,
  `filename` varchar(255) COLLATE utf8_unicode_ci DEFAULT NULL,
  `format` varchar(255) COLLATE utf8_unicode_ci DEFAULT NULL,
  `location` varchar(255) COLLATE utf8_unicode_ci NOT NULL,
  `sourceId` int(11) DEFAULT NULL,
  `fileExists` tinyint(1) DEFAULT NULL,
  `inProgress` tinyint(1) DEFAULT NULL,
  `dateIndexed` datetime DEFAULT NULL,
  `dateCreated` datetime NOT NULL,
  `dateUpdated` datetime NOT NULL,
  `uid` char(36) COLLATE utf8_unicode_ci NOT NULL DEFAULT '0',
  PRIMARY KEY (`id`),
  KEY `craft_assettransformindex_sourceId_fileId_location_idx` (`sourceId`,`fileId`,`location`)
) ENGINE=InnoDB DEFAULT CHARSET=utf8 COLLATE=utf8_unicode_ci;

DROP TABLE IF EXISTS `craft_assettransforms`;


--
-- Schema for table `craft_assettransforms`
--
CREATE TABLE `craft_assettransforms` (
  `id` int(11) NOT NULL AUTO_INCREMENT,
  `name` varchar(255) COLLATE utf8_unicode_ci NOT NULL,
  `handle` varchar(255) COLLATE utf8_unicode_ci NOT NULL,
  `mode` enum('stretch','fit','crop') COLLATE utf8_unicode_ci NOT NULL DEFAULT 'crop',
  `position` enum('top-left','top-center','top-right','center-left','center-center','center-right','bottom-left','bottom-center','bottom-right') COLLATE utf8_unicode_ci NOT NULL DEFAULT 'center-center',
  `height` int(10) DEFAULT NULL,
  `width` int(10) DEFAULT NULL,
  `format` varchar(255) COLLATE utf8_unicode_ci DEFAULT NULL,
  `quality` int(10) DEFAULT NULL,
  `dimensionChangeTime` datetime DEFAULT NULL,
  `dateCreated` datetime NOT NULL,
  `dateUpdated` datetime NOT NULL,
  `uid` char(36) COLLATE utf8_unicode_ci NOT NULL DEFAULT '0',
  PRIMARY KEY (`id`),
  UNIQUE KEY `craft_assettransforms_name_unq_idx` (`name`),
  UNIQUE KEY `craft_assettransforms_handle_unq_idx` (`handle`)
) ENGINE=InnoDB AUTO_INCREMENT=2 DEFAULT CHARSET=utf8 COLLATE=utf8_unicode_ci;

--
-- Data for table `craft_assettransforms`
--

INSERT INTO `craft_assettransforms` (`id`, `name`, `handle`, `mode`, `position`, `height`, `width`, `format`, `quality`, `dimensionChangeTime`, `dateCreated`, `dateUpdated`, `uid`) VALUES
 ('1', 'Image large', 'imageLarge', 'fit', 'center-center', '500', '500', NULL, NULL, '2016-02-26 12:35:24', '2016-02-26 12:35:24', '2016-02-26 12:35:24', '9871cc11-f939-4e10-8c28-1db0a8ded39f');



DROP TABLE IF EXISTS `craft_categories`;


--
-- Schema for table `craft_categories`
--
CREATE TABLE `craft_categories` (
  `id` int(11) NOT NULL,
  `groupId` int(11) NOT NULL,
  `dateCreated` datetime NOT NULL,
  `dateUpdated` datetime NOT NULL,
  `uid` char(36) COLLATE utf8_unicode_ci NOT NULL DEFAULT '0',
  PRIMARY KEY (`id`),
  KEY `craft_categories_groupId_fk` (`groupId`)
) ENGINE=InnoDB DEFAULT CHARSET=utf8 COLLATE=utf8_unicode_ci;

DROP TABLE IF EXISTS `craft_categorygroups`;


--
-- Schema for table `craft_categorygroups`
--
CREATE TABLE `craft_categorygroups` (
  `id` int(11) NOT NULL AUTO_INCREMENT,
  `structureId` int(11) NOT NULL,
  `fieldLayoutId` int(11) DEFAULT NULL,
  `name` varchar(255) COLLATE utf8_unicode_ci NOT NULL,
  `handle` varchar(255) COLLATE utf8_unicode_ci NOT NULL,
  `hasUrls` tinyint(1) unsigned NOT NULL DEFAULT '1',
  `template` varchar(500) COLLATE utf8_unicode_ci DEFAULT NULL,
  `dateCreated` datetime NOT NULL,
  `dateUpdated` datetime NOT NULL,
  `uid` char(36) COLLATE utf8_unicode_ci NOT NULL DEFAULT '0',
  PRIMARY KEY (`id`),
  UNIQUE KEY `craft_categorygroups_name_unq_idx` (`name`),
  UNIQUE KEY `craft_categorygroups_handle_unq_idx` (`handle`),
  KEY `craft_categorygroups_structureId_fk` (`structureId`),
  KEY `craft_categorygroups_fieldLayoutId_fk` (`fieldLayoutId`)
) ENGINE=InnoDB DEFAULT CHARSET=utf8 COLLATE=utf8_unicode_ci;

DROP TABLE IF EXISTS `craft_categorygroups_i18n`;


--
-- Schema for table `craft_categorygroups_i18n`
--
CREATE TABLE `craft_categorygroups_i18n` (
  `id` int(11) NOT NULL AUTO_INCREMENT,
  `groupId` int(11) NOT NULL,
  `locale` char(12) COLLATE utf8_unicode_ci NOT NULL,
  `urlFormat` text COLLATE utf8_unicode_ci,
  `nestedUrlFormat` text COLLATE utf8_unicode_ci,
  `dateCreated` datetime NOT NULL,
  `dateUpdated` datetime NOT NULL,
  `uid` char(36) COLLATE utf8_unicode_ci NOT NULL DEFAULT '0',
  PRIMARY KEY (`id`),
  UNIQUE KEY `craft_categorygroups_i18n_groupId_locale_unq_idx` (`groupId`,`locale`),
  KEY `craft_categorygroups_i18n_locale_fk` (`locale`)
) ENGINE=InnoDB DEFAULT CHARSET=utf8 COLLATE=utf8_unicode_ci;

DROP TABLE IF EXISTS `craft_content`;


--
-- Schema for table `craft_content`
--
CREATE TABLE `craft_content` (
  `id` int(11) NOT NULL AUTO_INCREMENT,
  `elementId` int(11) NOT NULL,
  `locale` char(12) COLLATE utf8_unicode_ci NOT NULL,
  `title` varchar(255) COLLATE utf8_unicode_ci DEFAULT NULL,
  `field_heading` text COLLATE utf8_unicode_ci,
  `field_client` text COLLATE utf8_unicode_ci,
  `field_projectUrl` text COLLATE utf8_unicode_ci,
  `field_projectType` varchar(255) COLLATE utf8_unicode_ci DEFAULT NULL,
  `dateCreated` datetime NOT NULL,
  `dateUpdated` datetime NOT NULL,
  `uid` char(36) COLLATE utf8_unicode_ci NOT NULL DEFAULT '0',
  PRIMARY KEY (`id`),
  UNIQUE KEY `craft_content_elementId_locale_unq_idx` (`elementId`,`locale`),
  KEY `craft_content_title_idx` (`title`),
  KEY `craft_content_locale_fk` (`locale`)
) ENGINE=InnoDB AUTO_INCREMENT=31 DEFAULT CHARSET=utf8 COLLATE=utf8_unicode_ci;

--
-- Data for table `craft_content`
--

INSERT INTO `craft_content` (`id`, `elementId`, `locale`, `title`, `field_heading`, `field_client`, `field_projectUrl`, `field_projectType`, `dateCreated`, `dateUpdated`, `uid`) VALUES
 ('1', '1', 'en_us', NULL, NULL, NULL, NULL, NULL, '2016-02-25 11:25:17', '2016-02-25 11:25:17', 'fe67134b-b0d4-4ebd-98e2-19c1e6a71c4d'),
 ('4', '4', 'en_us', 'Work Overview', NULL, NULL, NULL, NULL, '2016-02-25 13:47:58', '2016-02-25 13:48:38', 'a8edbaf2-9612-40db-8d09-bff501f26e2f'),
 ('5', '5', 'en_us', 'Homepage', NULL, NULL, NULL, NULL, '2016-02-25 13:49:09', '2016-02-25 16:08:37', '746c5466-6f17-4a1d-b373-22d8558b7aa7'),
 ('6', '6', 'en_us', 'About', NULL, NULL, NULL, NULL, '2016-02-25 13:49:30', '2016-02-25 13:49:30', '68e6f1e4-3f18-4cde-a90c-7f0f4ab0ef74'),
 ('7', '7', 'en_us', 'Contact', NULL, NULL, NULL, NULL, '2016-02-25 13:49:38', '2016-02-25 13:49:38', '71b9574a-7ee9-42d4-b34d-bf9e8a528964'),
 ('8', '8', 'en_us', 'Passat 500', '', '', '', '', '2016-02-25 14:33:37', '2016-02-29 10:57:29', 'e474d751-32c2-42b5-897d-ad0c3af4f1fd'),
 ('9', '10', 'en_us', 'Orangina global website', 'A quirky new online appearance for a soda brand', 'Orangina', 'http://orangina.eu/', 'Responsive Website', '2016-02-25 14:42:24', '2016-02-29 11:06:43', '7dc7b57e-6116-4d87-aa34-f2a203ed3de7'),
 ('10', '11', 'en_us', NULL, NULL, NULL, NULL, NULL, '2016-02-25 14:50:24', '2016-02-25 14:50:24', 'bc74844b-931c-4d98-b786-33713a78d44b'),
 ('11', '13', 'en_us', 'Orangina Screen', NULL, NULL, NULL, NULL, '2016-02-26 11:33:44', '2016-02-26 12:43:18', '12c6e5df-52fa-4eb1-9543-756d21f6bcb6'),
 ('13', '16', 'en_us', 'Orangina Screen Background', NULL, NULL, NULL, NULL, '2016-02-26 13:20:30', '2016-02-26 13:20:30', '595e32a3-e5d2-44e0-aa75-7b4df34502e4'),
 ('14', '18', 'en_us', 'Reel2015', NULL, NULL, NULL, NULL, '2016-02-26 13:52:31', '2016-02-26 13:52:54', '68d289f8-82ed-4f17-bd6d-9f51f6a5ab72'),
 ('15', '21', 'en_us', 'Orangina Bottles', NULL, NULL, NULL, NULL, '2016-02-26 14:08:02', '2016-02-26 14:08:02', '5b0857ab-5dba-4f34-9204-1accc811abd0'),
 ('16', '24', 'en_us', 'Orangina Icons', NULL, NULL, NULL, NULL, '2016-02-29 09:28:44', '2016-02-29 11:00:23', 'af7a0c0b-78e4-4fd6-84dc-d691393b7b9f'),
 ('17', '26', 'en_us', 'Orangina Slide 3', NULL, NULL, NULL, NULL, '2016-02-29 09:41:17', '2016-02-29 09:41:17', '4c5cbb8b-2871-4c29-8cab-433fca37a553'),
 ('18', '27', 'en_us', 'Orangina Slide 2', NULL, NULL, NULL, NULL, '2016-02-29 09:41:17', '2016-02-29 09:41:17', '5ba8f0f0-d0c1-4acf-aff5-6cac67a1c3d4'),
 ('19', '28', 'en_us', 'Orangina Slide 1', NULL, NULL, NULL, NULL, '2016-02-29 09:41:18', '2016-02-29 09:41:18', '7bff88c1-29d7-4a1a-b80f-b866aeab01c3'),
 ('21', '32', 'en_us', 'FWA', NULL, NULL, NULL, NULL, '2016-02-29 09:57:45', '2016-02-29 10:01:14', 'da2da9ab-890a-4fc2-aad6-fe2d4216ab50'),
 ('22', '33', 'en_us', 'Awwwards', NULL, NULL, NULL, NULL, '2016-02-29 10:00:49', '2016-02-29 10:01:19', '96426cd5-f5f3-4e60-88d9-b49ad4d7c1f6'),
 ('24', '43', 'en_us', '12728468 1670567653203189 394512682 N', NULL, NULL, NULL, NULL, '2016-02-29 10:50:46', '2016-02-29 10:50:46', 'ea1e1117-4abd-47c9-8f00-5ee843922d1d'),
 ('25', '44', 'en_us', 'Screen Shot 2016 02 25 At 14 22 12', NULL, NULL, NULL, NULL, '2016-02-29 10:52:22', '2016-02-29 10:52:22', '9ba66b0f-7657-4ec8-80b0-229c5308edd3'),
 ('26', '46', 'en_us', 'Screen Shot 2016 02 24 At 15 48 22', NULL, NULL, NULL, NULL, '2016-02-29 10:53:41', '2016-02-29 10:53:41', '0fbb63ce-19af-4d01-9a5e-b2254240b8fb'),
 ('28', '48', 'en_us', 'Screen Shot 2016 02 17 At 12 49 34', NULL, NULL, NULL, NULL, '2016-02-29 10:54:41', '2016-02-29 10:54:41', '5808ee85-1637-4505-b7a1-2e3219a01c6f'),
 ('29', '49', 'en_us', 'sdfsdfds', 'sdfsfd', '', '', '', '2016-02-29 10:54:45', '2016-02-29 10:54:45', '5a593e56-ef1c-4261-8669-18dd3a1fc1be'),
 ('30', '51', 'en_us', 'Orangina Slide 3', NULL, NULL, NULL, NULL, '2016-02-29 10:57:25', '2016-02-29 10:57:25', '1767e00b-349b-44f6-a8a7-8dd4a48a1130');



DROP TABLE IF EXISTS `craft_deprecationerrors`;


--
-- Schema for table `craft_deprecationerrors`
--
CREATE TABLE `craft_deprecationerrors` (
  `id` int(11) NOT NULL AUTO_INCREMENT,
  `key` varchar(255) COLLATE utf8_unicode_ci NOT NULL,
  `fingerprint` varchar(255) COLLATE utf8_unicode_ci NOT NULL,
  `lastOccurrence` datetime NOT NULL,
  `file` varchar(255) COLLATE utf8_unicode_ci NOT NULL,
  `line` smallint(6) unsigned NOT NULL,
  `class` varchar(255) COLLATE utf8_unicode_ci DEFAULT NULL,
  `method` varchar(255) COLLATE utf8_unicode_ci DEFAULT NULL,
  `template` varchar(255) COLLATE utf8_unicode_ci DEFAULT NULL,
  `templateLine` smallint(6) unsigned DEFAULT NULL,
  `message` varchar(255) COLLATE utf8_unicode_ci DEFAULT NULL,
  `traces` text COLLATE utf8_unicode_ci,
  `dateCreated` datetime NOT NULL,
  `dateUpdated` datetime NOT NULL,
  `uid` char(36) COLLATE utf8_unicode_ci NOT NULL DEFAULT '0',
  PRIMARY KEY (`id`),
  UNIQUE KEY `craft_deprecationerrors_key_fingerprint_unq_idx` (`key`,`fingerprint`)
) ENGINE=InnoDB DEFAULT CHARSET=utf8 COLLATE=utf8_unicode_ci;

DROP TABLE IF EXISTS `craft_elementindexsettings`;


--
-- Schema for table `craft_elementindexsettings`
--
CREATE TABLE `craft_elementindexsettings` (
  `id` int(11) NOT NULL AUTO_INCREMENT,
  `type` varchar(150) COLLATE utf8_unicode_ci NOT NULL,
  `settings` text COLLATE utf8_unicode_ci,
  `dateCreated` datetime NOT NULL,
  `dateUpdated` datetime NOT NULL,
  `uid` char(36) COLLATE utf8_unicode_ci NOT NULL DEFAULT '0',
  PRIMARY KEY (`id`),
  UNIQUE KEY `craft_elementindexsettings_type_unq_idx` (`type`)
) ENGINE=InnoDB DEFAULT CHARSET=utf8 COLLATE=utf8_unicode_ci;

DROP TABLE IF EXISTS `craft_elements`;


--
-- Schema for table `craft_elements`
--
CREATE TABLE `craft_elements` (
  `id` int(11) NOT NULL AUTO_INCREMENT,
  `type` varchar(150) COLLATE utf8_unicode_ci NOT NULL,
  `enabled` tinyint(1) unsigned NOT NULL DEFAULT '1',
  `archived` tinyint(1) unsigned NOT NULL DEFAULT '0',
  `dateCreated` datetime NOT NULL,
  `dateUpdated` datetime NOT NULL,
  `uid` char(36) COLLATE utf8_unicode_ci NOT NULL DEFAULT '0',
  PRIMARY KEY (`id`),
  KEY `craft_elements_type_idx` (`type`),
  KEY `craft_elements_enabled_idx` (`enabled`),
  KEY `craft_elements_archived_dateCreated_idx` (`archived`,`dateCreated`)
) ENGINE=InnoDB AUTO_INCREMENT=52 DEFAULT CHARSET=utf8 COLLATE=utf8_unicode_ci;

--
-- Data for table `craft_elements`
--

INSERT INTO `craft_elements` (`id`, `type`, `enabled`, `archived`, `dateCreated`, `dateUpdated`, `uid`) VALUES
 ('1', 'User', '1', '0', '2016-02-25 11:25:16', '2016-02-25 11:25:16', '5f69b00d-5925-458c-9c88-ce6d24ffde09'),
 ('4', 'Entry', '1', '0', '2016-02-25 13:47:58', '2016-02-25 13:48:38', 'ff425cbe-32cf-4032-ba7a-dbda302256ef'),
 ('5', 'Entry', '1', '0', '2016-02-25 13:49:09', '2016-02-25 16:08:37', '7e3ad9f8-6639-4471-882a-e6c7063df490'),
 ('6', 'Entry', '1', '0', '2016-02-25 13:49:30', '2016-02-25 13:49:30', 'eff01035-65cc-4307-99c9-d92fd4a7edf2'),
 ('7', 'Entry', '1', '0', '2016-02-25 13:49:38', '2016-02-25 13:49:38', '144695b5-f576-4cbb-afbb-87b434b9f581'),
 ('8', 'Entry', '1', '0', '2016-02-25 14:33:37', '2016-02-29 10:57:29', '7360f69e-70dc-4d6c-a9bd-19d7fd7878c8'),
 ('9', 'MatrixBlock', '1', '0', '2016-02-25 14:33:37', '2016-02-29 10:57:29', '08c74487-1bf2-4e30-b36f-6edbce9e9126'),
 ('10', 'Entry', '1', '0', '2016-02-25 14:42:24', '2016-02-29 11:06:43', '2db9a673-e419-4cc1-89c0-48ee3f28d9e6'),
 ('11', 'GlobalSet', '1', '0', '2016-02-25 14:50:24', '2016-02-25 14:50:24', '2a0da4b4-ca3a-4178-971b-3a988c5c2dbc'),
 ('12', 'MatrixBlock', '1', '0', '2016-02-26 10:46:08', '2016-02-29 11:06:43', '5f96c0ab-78a6-43d0-9c1d-654cc290d770'),
 ('13', 'Asset', '1', '0', '2016-02-26 11:33:44', '2016-02-26 12:43:18', 'dfff251a-2e80-4ce9-9aa2-0e5a5d225499'),
 ('14', 'MatrixBlock', '1', '0', '2016-02-26 11:34:33', '2016-02-29 11:06:43', '79a6c46f-47e0-4c6f-83c3-3520cbd2656a'),
 ('16', 'Asset', '1', '0', '2016-02-26 13:20:30', '2016-02-26 13:20:30', 'baa89890-2647-4594-9352-e105a2527f93'),
 ('17', 'MatrixBlock', '1', '0', '2016-02-26 13:29:08', '2016-02-29 11:06:43', '7b6044b2-a1ee-41aa-9948-04f6c3a93965'),
 ('18', 'Asset', '1', '0', '2016-02-26 13:52:31', '2016-02-26 13:52:54', '2ffe0f11-eafb-470b-8297-90d4645fc301'),
 ('19', 'MatrixBlock', '1', '0', '2016-02-26 13:53:26', '2016-02-29 11:06:43', 'ac34440c-ca1a-48de-91d6-c09a64d558cd'),
 ('20', 'MatrixBlock', '1', '0', '2016-02-26 14:02:48', '2016-02-29 11:06:43', '5c7021e0-590d-45c2-9a41-f625da9a66d7'),
 ('21', 'Asset', '1', '0', '2016-02-26 14:08:02', '2016-02-26 14:08:02', '3f4a79f8-ac03-4436-a217-42866aa43253'),
 ('22', 'MatrixBlock', '1', '0', '2016-02-26 14:08:10', '2016-02-29 11:06:43', '7ab9be08-deba-443b-b8e3-cbc3c9b0d7ec'),
 ('23', 'MatrixBlock', '1', '0', '2016-02-26 14:13:03', '2016-02-29 11:06:44', '304177fc-8899-45ab-85aa-17afa40f7dec'),
 ('24', 'Asset', '1', '0', '2016-02-29 09:28:44', '2016-02-29 11:00:23', 'e02ba9cc-c278-404f-b864-08505095f713'),
 ('25', 'MatrixBlock', '1', '0', '2016-02-29 09:37:51', '2016-02-29 11:06:44', '7a7c0dc7-1517-4e68-8c6a-e503a323ea19'),
 ('26', 'Asset', '1', '0', '2016-02-29 09:41:17', '2016-02-29 09:41:17', '200e4599-d098-45d0-9f50-6f313a774800'),
 ('27', 'Asset', '1', '0', '2016-02-29 09:41:17', '2016-02-29 09:41:17', '2baf7b7e-52cd-4236-8f70-76c02b366aae'),
 ('28', 'Asset', '1', '0', '2016-02-29 09:41:18', '2016-02-29 09:41:18', '5299468a-4b19-4045-9d20-ab059ae0c32f'),
 ('29', 'MatrixBlock', '1', '0', '2016-02-29 09:41:30', '2016-02-29 11:06:44', 'd224c83a-359f-4d00-b71f-4c140b8c57d3'),
 ('30', 'MatrixBlock', '1', '0', '2016-02-29 09:51:11', '2016-02-29 11:06:43', 'f84dd5cd-e54d-409b-95c4-8dfbe0004883'),
 ('32', 'Asset', '1', '0', '2016-02-29 09:57:45', '2016-02-29 10:01:14', '63459fac-7dd9-4a3f-adbe-3ca6a4798fd7'),
 ('33', 'Asset', '1', '0', '2016-02-29 10:00:49', '2016-02-29 10:01:19', '68bd90b1-bd15-423b-8561-38a423053dc2'),
 ('34', 'MatrixBlock', '1', '0', '2016-02-29 10:00:59', '2016-02-29 11:06:43', '6f3f8c03-a8f2-419f-82e8-6da793b6ce35'),
 ('35', 'MatrixBlock', '1', '0', '2016-02-29 10:00:59', '2016-02-29 11:06:43', '553bd274-5556-4132-8ddc-4f50a780b432'),
 ('36', 'MatrixBlock', '1', '0', '2016-02-29 10:03:07', '2016-02-29 11:06:43', 'f7343a2f-adb3-45cd-b6e3-2956ba5962a7'),
 ('37', 'MatrixBlock', '1', '0', '2016-02-29 10:03:07', '2016-02-29 11:06:43', '5a8ec184-c503-405d-a508-2374d6432de9'),
 ('38', 'MatrixBlock', '1', '0', '2016-02-29 10:03:07', '2016-02-29 11:06:43', '8b1bbe1e-4bd8-4554-a971-3569ebca4365'),
 ('39', 'MatrixBlock', '1', '0', '2016-02-29 10:03:07', '2016-02-29 11:06:43', '51457c77-f814-48da-827f-216dec82fd83'),
 ('40', 'MatrixBlock', '1', '0', '2016-02-29 10:03:07', '2016-02-29 11:06:43', '90c909d2-01d9-4c1a-a473-8bf95f86e71d'),
 ('41', 'MatrixBlock', '1', '0', '2016-02-29 10:03:07', '2016-02-29 11:06:43', 'a5da267e-c5c9-4dd0-97ba-08443c52b837'),
 ('43', 'Asset', '1', '0', '2016-02-29 10:50:46', '2016-02-29 10:50:46', '2264dcac-5197-42e4-bb2b-4af9bb63299d'),
 ('44', 'Asset', '1', '0', '2016-02-29 10:52:22', '2016-02-29 10:52:22', '2b0edf00-369d-4f54-b0c8-9edb49e65658'),
 ('45', 'MatrixBlock', '1', '0', '2016-02-29 10:52:31', '2016-02-29 10:57:29', 'e773128e-957d-46cd-8806-eb86d115e0ea'),
 ('46', 'Asset', '1', '0', '2016-02-29 10:53:41', '2016-02-29 10:53:41', '811f09ce-71f6-45da-a666-027d23c62e72'),
 ('48', 'Asset', '1', '0', '2016-02-29 10:54:41', '2016-02-29 10:54:41', 'be8ce891-2054-435a-8611-d5052d3f6e45'),
 ('49', 'Entry', '1', '0', '2016-02-29 10:54:45', '2016-02-29 10:54:45', 'be7798a5-3382-44bf-b1bd-ecd464217085'),
 ('50', 'MatrixBlock', '1', '0', '2016-02-29 10:54:45', '2016-02-29 10:54:45', '60091a51-63b8-46e5-9a74-c90027913233'),
 ('51', 'Asset', '1', '0', '2016-02-29 10:57:25', '2016-02-29 10:57:25', '8f834281-befe-4590-bc16-fef3edf8aefb');



DROP TABLE IF EXISTS `craft_elements_i18n`;


--
-- Schema for table `craft_elements_i18n`
--
CREATE TABLE `craft_elements_i18n` (
  `id` int(11) NOT NULL AUTO_INCREMENT,
  `elementId` int(11) NOT NULL,
  `locale` char(12) COLLATE utf8_unicode_ci NOT NULL,
  `slug` varchar(255) COLLATE utf8_unicode_ci DEFAULT NULL,
  `uri` varchar(255) COLLATE utf8_unicode_ci DEFAULT NULL,
  `enabled` tinyint(1) unsigned NOT NULL DEFAULT '1',
  `dateCreated` datetime NOT NULL,
  `dateUpdated` datetime NOT NULL,
  `uid` char(36) COLLATE utf8_unicode_ci NOT NULL DEFAULT '0',
  PRIMARY KEY (`id`),
  UNIQUE KEY `craft_elements_i18n_elementId_locale_unq_idx` (`elementId`,`locale`),
  UNIQUE KEY `craft_elements_i18n_uri_locale_unq_idx` (`uri`,`locale`),
  KEY `craft_elements_i18n_slug_locale_idx` (`slug`,`locale`),
  KEY `craft_elements_i18n_enabled_idx` (`enabled`),
  KEY `craft_elements_i18n_locale_fk` (`locale`)
) ENGINE=InnoDB AUTO_INCREMENT=52 DEFAULT CHARSET=utf8 COLLATE=utf8_unicode_ci;

--
-- Data for table `craft_elements_i18n`
--

INSERT INTO `craft_elements_i18n` (`id`, `elementId`, `locale`, `slug`, `uri`, `enabled`, `dateCreated`, `dateUpdated`, `uid`) VALUES
 ('1', '1', 'en_us', '', NULL, '1', '2016-02-25 11:25:17', '2016-02-25 11:25:17', '7d050433-7386-48a6-b99c-1f2de4530d58'),
 ('4', '4', 'en_us', 'work-overview', 'work', '1', '2016-02-25 13:47:58', '2016-02-25 13:48:38', '758259fb-e231-4d43-8184-cf2f97054492'),
 ('5', '5', 'en_us', 'homepage', '__home__', '1', '2016-02-25 13:49:09', '2016-02-25 16:08:37', '54c556b6-a9c7-4c82-b414-571d7bdb255f'),
 ('6', '6', 'en_us', 'about', 'about', '1', '2016-02-25 13:49:30', '2016-02-25 13:49:30', '77fed08a-14a6-454f-a009-7ecb9d412e93'),
 ('7', '7', 'en_us', 'contact', 'contact', '1', '2016-02-25 13:49:38', '2016-02-25 13:49:38', '7f1f5810-4d3e-43a5-ae44-438fb9a12621'),
 ('8', '8', 'en_us', 'passat-500', 'work/passat-500', '1', '2016-02-25 14:33:37', '2016-02-29 10:57:29', 'b56c97e1-4587-410a-85fc-a3609c27ba5a'),
 ('9', '9', 'en_us', '', NULL, '1', '2016-02-25 14:33:37', '2016-02-29 10:57:29', 'e4125e0f-183d-49f1-b33f-85bffeafa833'),
 ('10', '10', 'en_us', 'orangina', 'work/orangina', '1', '2016-02-25 14:42:24', '2016-02-29 11:06:43', '0ba3b896-0d81-411b-ba27-1a711002349f'),
 ('11', '11', 'en_us', '', NULL, '1', '2016-02-25 14:50:24', '2016-02-25 14:50:24', 'cc92bfa1-4c61-4184-a159-5d46dac2b47f'),
 ('12', '12', 'en_us', '', NULL, '1', '2016-02-26 10:46:08', '2016-02-29 11:06:43', 'ad89bc02-5d9f-4d1e-9ebd-9f1f91b5c241'),
 ('13', '13', 'en_us', 'orangina-screen', NULL, '1', '2016-02-26 11:33:44', '2016-02-26 12:43:18', 'b1d94b5f-1202-4f57-affd-93f9365e4e5d'),
 ('14', '14', 'en_us', '', NULL, '1', '2016-02-26 11:34:33', '2016-02-29 11:06:43', '74056f40-47c7-4c7c-9640-49f9cb243605'),
 ('16', '16', 'en_us', 'orangina-screen-background', NULL, '1', '2016-02-26 13:20:30', '2016-02-26 13:20:30', '8c5ecca9-1878-4d7c-9495-4af37bbd6e19'),
 ('17', '17', 'en_us', '', NULL, '1', '2016-02-26 13:29:08', '2016-02-29 11:06:43', '7d01b2e9-a8d5-4e9e-b1cb-1bb5b6ab380e'),
 ('18', '18', 'en_us', 'reel2015-1', NULL, '1', '2016-02-26 13:52:31', '2016-02-26 13:52:54', '487d9c92-8ae2-4448-9eac-cc737f0e125c'),
 ('19', '19', 'en_us', '', NULL, '1', '2016-02-26 13:53:26', '2016-02-29 11:06:43', 'c5356b28-b687-46ac-8a54-44a580c5b84d'),
 ('20', '20', 'en_us', '', NULL, '1', '2016-02-26 14:02:48', '2016-02-29 11:06:43', 'c761cd52-6e23-4f8f-a18b-64f5990519ef'),
 ('21', '21', 'en_us', 'orangina-bottles', NULL, '1', '2016-02-26 14:08:03', '2016-02-26 14:08:03', '0bc06c72-08ae-4f0c-adf8-8d8ad9cce94f'),
 ('22', '22', 'en_us', '', NULL, '1', '2016-02-26 14:08:10', '2016-02-29 11:06:44', '4e4905fb-b44e-4c6e-8d89-51f0d5f5690c'),
 ('23', '23', 'en_us', '', NULL, '1', '2016-02-26 14:13:03', '2016-02-29 11:06:44', '8ecc7b9e-69a9-4ca7-9d78-db2db27359ee'),
 ('24', '24', 'en_us', 'orangina-icons', NULL, '1', '2016-02-29 09:28:44', '2016-02-29 11:00:23', 'cee58844-3516-4ad6-bb32-5430a5d6c60b'),
 ('25', '25', 'en_us', '', NULL, '1', '2016-02-29 09:37:51', '2016-02-29 11:06:44', 'be2e8117-d837-4682-90b0-c096162f60cc'),
 ('26', '26', 'en_us', 'orangina-slide-3', NULL, '1', '2016-02-29 09:41:17', '2016-02-29 09:41:17', '04bb4ede-5067-4e3a-8be0-4d8cb25dc96e'),
 ('27', '27', 'en_us', 'orangina-slide-2', NULL, '1', '2016-02-29 09:41:17', '2016-02-29 09:41:17', 'f8c20d6d-2d15-4cae-b9c6-886bfbb67a10'),
 ('28', '28', 'en_us', 'orangina-slide-1', NULL, '1', '2016-02-29 09:41:18', '2016-02-29 09:41:18', 'f6f97d5f-0f90-46c2-b7a6-cdc3505cfb8e'),
 ('29', '29', 'en_us', '', NULL, '1', '2016-02-29 09:41:30', '2016-02-29 11:06:44', '7539ae39-09a4-4c6d-9c74-541163f86c2a'),
 ('30', '30', 'en_us', '', NULL, '1', '2016-02-29 09:51:11', '2016-02-29 11:06:43', 'c07f7a3d-c065-4884-a43f-052281ca90c2'),
 ('32', '32', 'en_us', 'logo-fwa', NULL, '1', '2016-02-29 09:57:45', '2016-02-29 10:01:14', '3987d57c-5924-430b-8a18-c92e45c31946'),
 ('33', '33', 'en_us', 'logo-awwwards', NULL, '1', '2016-02-29 10:00:49', '2016-02-29 10:01:19', 'a0252398-c44a-41f8-9e5e-73b625c920b7'),
 ('34', '34', 'en_us', '', NULL, '1', '2016-02-29 10:00:59', '2016-02-29 11:06:43', '1a65b299-db26-4e29-bd61-91f590e31be5'),
 ('35', '35', 'en_us', '', NULL, '1', '2016-02-29 10:00:59', '2016-02-29 11:06:43', '9fe469de-13a3-4a21-9091-e572aa3199a5'),
 ('36', '36', 'en_us', '', NULL, '1', '2016-02-29 10:03:07', '2016-02-29 11:06:43', '3036f21d-ffe5-4447-ac5f-063ece05df0a'),
 ('37', '37', 'en_us', '', NULL, '1', '2016-02-29 10:03:07', '2016-02-29 11:06:43', '08e88361-fde9-4d13-8760-186f7d845b54'),
 ('38', '38', 'en_us', '', NULL, '1', '2016-02-29 10:03:07', '2016-02-29 11:06:43', '1d2f4b1f-3db3-4bfb-a053-fd8bea2f43f9'),
 ('39', '39', 'en_us', '', NULL, '1', '2016-02-29 10:03:07', '2016-02-29 11:06:43', '63bf3cb6-3334-4d39-8835-e48f63f10da6'),
 ('40', '40', 'en_us', '', NULL, '1', '2016-02-29 10:03:07', '2016-02-29 11:06:43', 'c30b5a75-8e8a-4898-ac48-fa770a093ac3'),
 ('41', '41', 'en_us', '', NULL, '1', '2016-02-29 10:03:07', '2016-02-29 11:06:43', 'a9d875ef-b91a-4474-8546-73d65f6d0ce2'),
 ('43', '43', 'en_us', '12728468-1670567653203189-394512682-n', NULL, '1', '2016-02-29 10:50:46', '2016-02-29 10:50:46', '685d00cd-dd18-4c96-b1c9-dd9664cc0029'),
 ('44', '44', 'en_us', 'screen-shot-2016-02-25-at-14-22-12', NULL, '1', '2016-02-29 10:52:22', '2016-02-29 10:52:22', '942efbda-53ed-4037-99bf-76ffe60aafa6'),
 ('45', '45', 'en_us', '', NULL, '1', '2016-02-29 10:52:31', '2016-02-29 10:57:29', '58d423f5-0dc9-44da-b6b7-cecfd59a977a'),
 ('46', '46', 'en_us', 'screen-shot-2016-02-24-at-15-48-22', NULL, '1', '2016-02-29 10:53:41', '2016-02-29 10:53:41', '38a75982-8c28-43f6-ad89-94ce990b5027'),
 ('48', '48', 'en_us', 'screen-shot-2016-02-17-at-12-49-34', NULL, '1', '2016-02-29 10:54:41', '2016-02-29 10:54:41', '2fef6b22-404f-4115-904e-ece3b9ee7222'),
 ('49', '49', 'en_us', 'sdfsdfds', 'work/sdfsdfds', '1', '2016-02-29 10:54:45', '2016-02-29 10:54:46', '8ec21fd6-ed93-4b5a-9797-b711e0904dde'),
 ('50', '50', 'en_us', '', NULL, '1', '2016-02-29 10:54:45', '2016-02-29 10:54:45', 'c5b82586-18dd-47a7-92db-0cacb343d728'),
 ('51', '51', 'en_us', 'orangina-slide-3', NULL, '1', '2016-02-29 10:57:25', '2016-02-29 10:57:25', '91da2477-a451-4fdb-b83d-b46aa304efb5');



DROP TABLE IF EXISTS `craft_emailmessages`;


--
-- Schema for table `craft_emailmessages`
--
CREATE TABLE `craft_emailmessages` (
  `id` int(11) NOT NULL AUTO_INCREMENT,
  `key` char(150) COLLATE utf8_unicode_ci NOT NULL,
  `locale` char(12) COLLATE utf8_unicode_ci NOT NULL,
  `subject` varchar(1000) COLLATE utf8_unicode_ci NOT NULL,
  `body` text COLLATE utf8_unicode_ci NOT NULL,
  `dateCreated` datetime NOT NULL,
  `dateUpdated` datetime NOT NULL,
  `uid` char(36) COLLATE utf8_unicode_ci NOT NULL DEFAULT '0',
  PRIMARY KEY (`id`),
  UNIQUE KEY `craft_emailmessages_key_locale_unq_idx` (`key`,`locale`),
  KEY `craft_emailmessages_locale_fk` (`locale`)
) ENGINE=InnoDB DEFAULT CHARSET=utf8 COLLATE=utf8_unicode_ci;

DROP TABLE IF EXISTS `craft_entries`;


--
-- Schema for table `craft_entries`
--
CREATE TABLE `craft_entries` (
  `id` int(11) NOT NULL,
  `sectionId` int(11) NOT NULL,
  `typeId` int(11) DEFAULT NULL,
  `authorId` int(11) DEFAULT NULL,
  `postDate` datetime DEFAULT NULL,
  `expiryDate` datetime DEFAULT NULL,
  `dateCreated` datetime NOT NULL,
  `dateUpdated` datetime NOT NULL,
  `uid` char(36) COLLATE utf8_unicode_ci NOT NULL DEFAULT '0',
  PRIMARY KEY (`id`),
  KEY `craft_entries_sectionId_idx` (`sectionId`),
  KEY `craft_entries_typeId_idx` (`typeId`),
  KEY `craft_entries_postDate_idx` (`postDate`),
  KEY `craft_entries_expiryDate_idx` (`expiryDate`),
  KEY `craft_entries_authorId_fk` (`authorId`)
) ENGINE=InnoDB DEFAULT CHARSET=utf8 COLLATE=utf8_unicode_ci;

--
-- Data for table `craft_entries`
--

INSERT INTO `craft_entries` (`id`, `sectionId`, `typeId`, `authorId`, `postDate`, `expiryDate`, `dateCreated`, `dateUpdated`, `uid`) VALUES
 ('4', '4', '4', NULL, '2016-02-25 13:48:38', NULL, '2016-02-25 13:47:58', '2016-02-25 13:48:38', 'f87021eb-f085-440a-a5ab-9eb889138593'),
 ('5', '5', '5', NULL, '2016-02-25 16:07:00', NULL, '2016-02-25 13:49:09', '2016-02-25 16:08:37', 'd82b5182-8faf-43f8-99dd-0a88f1f653ad'),
 ('6', '6', NULL, NULL, '2016-02-25 13:49:30', NULL, '2016-02-25 13:49:30', '2016-02-25 13:49:30', 'ef6aff0e-3375-4302-b897-fcd23240ba2c'),
 ('7', '7', NULL, NULL, '2016-02-25 13:49:38', NULL, '2016-02-25 13:49:38', '2016-02-25 13:49:38', 'cdafba9e-aafe-4a9f-90d4-787431bee5be'),
 ('8', '3', '3', '1', '2016-02-25 14:33:00', NULL, '2016-02-25 14:33:37', '2016-02-29 10:57:29', '93fb6475-2f13-4d97-ac0d-ad2eccf8d288'),
 ('10', '3', '3', '1', '2016-02-25 14:42:00', NULL, '2016-02-25 14:42:24', '2016-02-29 11:06:44', 'ac6659b7-25ba-4087-adb2-a6f334ebf210'),
 ('49', '3', '3', '1', '2016-02-29 10:54:45', NULL, '2016-02-29 10:54:45', '2016-02-29 10:54:45', '95aa85eb-24f3-4a70-864d-d672d1564740');



DROP TABLE IF EXISTS `craft_entrydrafts`;


--
-- Schema for table `craft_entrydrafts`
--
CREATE TABLE `craft_entrydrafts` (
  `id` int(11) NOT NULL AUTO_INCREMENT,
  `entryId` int(11) NOT NULL,
  `sectionId` int(11) NOT NULL,
  `creatorId` int(11) NOT NULL,
  `locale` char(12) COLLATE utf8_unicode_ci NOT NULL,
  `name` varchar(255) COLLATE utf8_unicode_ci NOT NULL,
  `notes` tinytext COLLATE utf8_unicode_ci,
  `data` mediumtext COLLATE utf8_unicode_ci NOT NULL,
  `dateCreated` datetime NOT NULL,
  `dateUpdated` datetime NOT NULL,
  `uid` char(36) COLLATE utf8_unicode_ci NOT NULL DEFAULT '0',
  PRIMARY KEY (`id`),
  KEY `craft_entrydrafts_entryId_locale_idx` (`entryId`,`locale`),
  KEY `craft_entrydrafts_sectionId_fk` (`sectionId`),
  KEY `craft_entrydrafts_creatorId_fk` (`creatorId`),
  KEY `craft_entrydrafts_locale_fk` (`locale`)
) ENGINE=InnoDB DEFAULT CHARSET=utf8 COLLATE=utf8_unicode_ci;

DROP TABLE IF EXISTS `craft_entrytypes`;


--
-- Schema for table `craft_entrytypes`
--
CREATE TABLE `craft_entrytypes` (
  `id` int(11) NOT NULL AUTO_INCREMENT,
  `sectionId` int(11) NOT NULL,
  `fieldLayoutId` int(11) DEFAULT NULL,
  `name` varchar(255) COLLATE utf8_unicode_ci NOT NULL,
  `handle` varchar(255) COLLATE utf8_unicode_ci NOT NULL,
  `hasTitleField` tinyint(1) unsigned NOT NULL DEFAULT '1',
  `titleLabel` varchar(255) COLLATE utf8_unicode_ci DEFAULT 'Title',
  `titleFormat` varchar(255) COLLATE utf8_unicode_ci DEFAULT NULL,
  `sortOrder` smallint(6) unsigned DEFAULT NULL,
  `dateCreated` datetime NOT NULL,
  `dateUpdated` datetime NOT NULL,
  `uid` char(36) COLLATE utf8_unicode_ci NOT NULL DEFAULT '0',
  PRIMARY KEY (`id`),
  UNIQUE KEY `craft_entrytypes_name_sectionId_unq_idx` (`name`,`sectionId`),
  UNIQUE KEY `craft_entrytypes_handle_sectionId_unq_idx` (`handle`,`sectionId`),
  KEY `craft_entrytypes_sectionId_fk` (`sectionId`),
  KEY `craft_entrytypes_fieldLayoutId_fk` (`fieldLayoutId`)
) ENGINE=InnoDB AUTO_INCREMENT=8 DEFAULT CHARSET=utf8 COLLATE=utf8_unicode_ci;

--
-- Data for table `craft_entrytypes`
--

INSERT INTO `craft_entrytypes` (`id`, `sectionId`, `fieldLayoutId`, `name`, `handle`, `hasTitleField`, `titleLabel`, `titleFormat`, `sortOrder`, `dateCreated`, `dateUpdated`, `uid`) VALUES
 ('3', '3', '42', 'Work', 'work', '1', 'Title', NULL, NULL, '2016-02-25 13:47:27', '2016-02-25 14:40:00', 'cb004f6d-0bc8-4d9e-81aa-64d851a517a2'),
 ('4', '4', '7', 'Work', 'work_overview', '0', NULL, '{section.name|raw}', NULL, '2016-02-25 13:47:58', '2016-02-25 13:48:38', '7bfb6588-420e-46d2-ac31-64079ff78cc8'),
 ('5', '5', '13', 'Homepage', 'homepage', '0', NULL, '{section.name|raw}', NULL, '2016-02-25 13:49:09', '2016-02-25 14:01:29', '95c6d4b6-aa2c-453a-9772-3ab576afd0bc'),
 ('6', '6', '9', 'About', 'about', '0', NULL, '{section.name|raw}', NULL, '2016-02-25 13:49:30', '2016-02-25 13:49:30', '6947e25a-6658-446f-a386-7a2241cc7fd5'),
 ('7', '7', '10', 'Contact', 'contact', '0', NULL, '{section.name|raw}', NULL, '2016-02-25 13:49:38', '2016-02-25 13:49:38', '8ecdf7a1-747f-41b0-aa91-976e47f49c4b');



DROP TABLE IF EXISTS `craft_entryversions`;


--
-- Schema for table `craft_entryversions`
--
CREATE TABLE `craft_entryversions` (
  `id` int(11) NOT NULL AUTO_INCREMENT,
  `entryId` int(11) NOT NULL,
  `sectionId` int(11) NOT NULL,
  `creatorId` int(11) DEFAULT NULL,
  `locale` char(12) COLLATE utf8_unicode_ci NOT NULL,
  `num` smallint(6) unsigned NOT NULL,
  `notes` tinytext COLLATE utf8_unicode_ci,
  `data` mediumtext COLLATE utf8_unicode_ci NOT NULL,
  `dateCreated` datetime NOT NULL,
  `dateUpdated` datetime NOT NULL,
  `uid` char(36) COLLATE utf8_unicode_ci NOT NULL DEFAULT '0',
  PRIMARY KEY (`id`),
  KEY `craft_entryversions_entryId_locale_idx` (`entryId`,`locale`),
  KEY `craft_entryversions_sectionId_fk` (`sectionId`),
  KEY `craft_entryversions_creatorId_fk` (`creatorId`),
  KEY `craft_entryversions_locale_fk` (`locale`)
) ENGINE=InnoDB AUTO_INCREMENT=50 DEFAULT CHARSET=utf8 COLLATE=utf8_unicode_ci;

--
-- Data for table `craft_entryversions`
--

INSERT INTO `craft_entryversions` (`id`, `entryId`, `sectionId`, `creatorId`, `locale`, `num`, `notes`, `data`, `dateCreated`, `dateUpdated`, `uid`) VALUES
 ('4', '4', '4', '1', 'en_us', '1', NULL, '{\"typeId\":\"4\",\"authorId\":null,\"title\":\"Work Overview\",\"slug\":\"work-overview\",\"postDate\":1456408078,\"expiryDate\":null,\"enabled\":1,\"parentId\":null,\"fields\":[]}', '2016-02-25 13:47:58', '2016-02-25 13:47:58', '2e3274ec-0a29-4cb5-bba4-d67fa7910df6'),
 ('5', '5', '5', '1', 'en_us', '1', NULL, '{\"typeId\":\"5\",\"authorId\":null,\"title\":\"Homepage\",\"slug\":\"homepage\",\"postDate\":1456408149,\"expiryDate\":null,\"enabled\":1,\"parentId\":null,\"fields\":[]}', '2016-02-25 13:49:09', '2016-02-25 13:49:09', '615f89bc-6956-4658-84f2-ec94edfd5f75'),
 ('6', '6', '6', '1', 'en_us', '1', NULL, '{\"typeId\":\"6\",\"authorId\":null,\"title\":\"About\",\"slug\":\"about\",\"postDate\":1456408170,\"expiryDate\":null,\"enabled\":1,\"parentId\":null,\"fields\":[]}', '2016-02-25 13:49:30', '2016-02-25 13:49:30', '76b53f0d-e235-49ef-b58f-2dab0635a6e7'),
 ('7', '7', '7', '1', 'en_us', '1', NULL, '{\"typeId\":\"7\",\"authorId\":null,\"title\":\"Contact\",\"slug\":\"contact\",\"postDate\":1456408178,\"expiryDate\":null,\"enabled\":1,\"parentId\":null,\"fields\":[]}', '2016-02-25 13:49:38', '2016-02-25 13:49:38', 'b184767b-9b5d-4a20-a817-e96ffbb46b40'),
 ('8', '8', '3', '1', 'en_us', '1', '', '{\"typeId\":null,\"authorId\":\"1\",\"title\":\"Passat 500\",\"slug\":\"passat-500\",\"postDate\":1456410780,\"expiryDate\":null,\"enabled\":1,\"parentId\":null,\"fields\":{\"3\":\"\",\"31\":{\"new1\":{\"type\":\"item\",\"enabled\":\"1\",\"fields\":{\"role\":\"Interaction Design\",\"contributorName\":\"Superhero Cheesecake\"}}},\"34\":\"\"}}', '2016-02-25 14:33:37', '2016-02-25 14:33:37', '47102fe9-c3c1-4a97-926c-dde9c07e321c'),
 ('9', '10', '3', '1', 'en_us', '1', '', '{\"typeId\":null,\"authorId\":\"1\",\"title\":\"Orangina\",\"slug\":\"orangina\",\"postDate\":1456411344,\"expiryDate\":null,\"enabled\":1,\"parentId\":null,\"fields\":{\"3\":\"\",\"41\":\"\",\"31\":\"\",\"40\":\"\",\"39\":\"\",\"36\":\"\",\"43\":\"\",\"42\":\"\",\"34\":\"\"}}', '2016-02-25 14:42:24', '2016-02-25 14:42:24', 'bc9e79f3-9248-460b-a73d-b100bc9c963a'),
 ('10', '5', '5', '1', 'en_us', '2', '', '{\"typeId\":\"5\",\"authorId\":null,\"title\":\"Homepage\",\"slug\":\"homepage\",\"postDate\":1456416420,\"expiryDate\":null,\"enabled\":1,\"parentId\":null,\"fields\":{\"10\":[\"10\"]}}', '2016-02-25 16:08:33', '2016-02-25 16:08:33', 'acb129a4-06d9-4928-9122-881abd3d98fe'),
 ('11', '5', '5', '1', 'en_us', '3', '', '{\"typeId\":\"5\",\"authorId\":null,\"title\":\"Homepage\",\"slug\":\"homepage\",\"postDate\":1456416420,\"expiryDate\":null,\"enabled\":1,\"parentId\":null,\"fields\":{\"10\":[\"10\"]}}', '2016-02-25 16:08:37', '2016-02-25 16:08:37', '97d35edb-89b5-48dc-b7e4-38c14c067a19'),
 ('12', '10', '3', '1', 'en_us', '2', '', '{\"typeId\":\"3\",\"authorId\":\"1\",\"title\":\"Orangina\",\"slug\":\"orangina\",\"postDate\":1456411320,\"expiryDate\":null,\"enabled\":1,\"parentId\":null,\"fields\":{\"3\":\"\",\"41\":\"\",\"31\":\"\",\"40\":\"\",\"39\":\"\",\"36\":\"\",\"43\":\"responsiveWebsite\",\"42\":\"\",\"34\":\"\"}}', '2016-02-25 16:08:55', '2016-02-25 16:08:55', '8724385f-f0fe-49aa-8fc6-75870c5a3863'),
 ('13', '10', '3', '1', 'en_us', '3', '', '{\"typeId\":\"3\",\"authorId\":\"1\",\"title\":\"Orangina global website\",\"slug\":\"orangina\",\"postDate\":1456411320,\"expiryDate\":null,\"enabled\":1,\"parentId\":null,\"fields\":{\"3\":\"\",\"41\":\"Orangina\",\"31\":\"\",\"40\":\"\",\"39\":\"A quirky new online appearance for a soda brand \",\"36\":\"\",\"43\":\"responsiveWebsite\",\"42\":\"\",\"34\":\"\"}}', '2016-02-26 10:45:33', '2016-02-26 10:45:33', '678438f1-bd20-4379-a1b5-a0763b569a43'),
 ('14', '10', '3', '1', 'en_us', '4', '', '{\"typeId\":\"3\",\"authorId\":\"1\",\"title\":\"Orangina global website\",\"slug\":\"orangina\",\"postDate\":1456411320,\"expiryDate\":null,\"enabled\":1,\"parentId\":null,\"fields\":{\"3\":{\"new1\":{\"type\":\"textFullWidth\",\"enabled\":\"1\",\"fields\":{\"body\":\"Orangina refreshed their brand identity Achtung!\\/Kraftwerk wastasked to extend their newbrand identity to a fresh online experience. \",\"backgroundColor\":\"#ffffff\"}}},\"41\":\"Orangina\",\"31\":\"\",\"40\":\"\",\"39\":\"A quirky new online appearance for a soda brand \",\"36\":\"\",\"43\":\"responsiveWebsite\",\"42\":\"\",\"34\":\"\"}}', '2016-02-26 10:46:08', '2016-02-26 10:46:08', 'f5d7099a-f4a8-4d3e-934e-e2908a6aefd8'),
 ('15', '10', '3', '1', 'en_us', '5', '', '{\"typeId\":\"3\",\"authorId\":\"1\",\"title\":\"Orangina global website\",\"slug\":\"orangina\",\"postDate\":1456411320,\"expiryDate\":null,\"enabled\":1,\"parentId\":null,\"fields\":{\"3\":{\"12\":{\"type\":\"textFullWidth\",\"enabled\":\"1\",\"fields\":{\"body\":\"Orangina refreshed their brand identity Achtung!\\/Kraftwerk wastasked to extend their newbrand identity to a fresh online experience. \",\"backgroundColor\":\"#ffffff\"}}},\"41\":\"Orangina\",\"31\":\"\",\"40\":\"\",\"39\":\"A quirky new online appearance for a soda brand \",\"36\":\"\",\"43\":\"responsiveWebsite\",\"42\":\"\",\"34\":\"\"}}', '2016-02-26 10:48:09', '2016-02-26 10:48:09', 'cb9f1d1b-5fae-4d4e-a233-380d460dd378'),
 ('16', '10', '3', '1', 'en_us', '6', '', '{\"typeId\":\"3\",\"authorId\":\"1\",\"title\":\"Orangina global website\",\"slug\":\"orangina\",\"postDate\":1456411320,\"expiryDate\":null,\"enabled\":1,\"parentId\":null,\"fields\":{\"3\":{\"12\":{\"type\":\"textFullWidth\",\"enabled\":\"1\",\"fields\":{\"body\":\"Orangina refreshed their brand identity Achtung!\\/Kraftwerk wastasked to extend their newbrand identity to a fresh online experience. \",\"backgroundColor\":\"#ffffff\"}},\"new1\":{\"type\":\"largeImage\",\"enabled\":\"1\",\"fields\":{\"image\":[\"13\"],\"backgroundImage\":\"\",\"backgroundColor\":\"#000000\"}}},\"41\":\"Orangina\",\"31\":\"\",\"40\":\"\",\"39\":\"A quirky new online appearance for a soda brand \",\"36\":\"\",\"43\":\"responsiveWebsite\",\"42\":\"\",\"34\":\"\"}}', '2016-02-26 11:34:33', '2016-02-26 11:34:33', '5bbd0d0e-b0b7-4927-badb-0491db548617'),
 ('17', '10', '3', '1', 'en_us', '7', '', '{\"typeId\":\"3\",\"authorId\":\"1\",\"title\":\"Orangina global website\",\"slug\":\"orangina\",\"postDate\":1456411320,\"expiryDate\":null,\"enabled\":1,\"parentId\":null,\"fields\":{\"3\":{\"12\":{\"type\":\"textFullWidth\",\"enabled\":\"1\",\"fields\":{\"body\":\"Orangina refreshed their brand identity Achtung!\\/Kraftwerk wastasked to extend their newbrand identity to a fresh online experience. \",\"backgroundColor\":\"#ffffff\"}},\"14\":{\"type\":\"largeImage\",\"enabled\":\"1\",\"fields\":{\"image\":[\"13\"],\"backgroundImage\":\"\",\"backgroundColor\":\"#000000\"}}},\"41\":\"Orangina\",\"31\":\"\",\"40\":\"\",\"39\":\"A quirky new online appearance for a soda brand \",\"36\":\"\",\"43\":\"responsiveWebsite\",\"42\":\"\",\"34\":\"\"}}', '2016-02-26 12:15:20', '2016-02-26 12:15:20', 'd6053f1a-6a70-4ce5-ab4a-85a5c5560199'),
 ('18', '10', '3', '1', 'en_us', '8', '', '{\"typeId\":\"3\",\"authorId\":\"1\",\"title\":\"Orangina global website\",\"slug\":\"orangina\",\"postDate\":1456411320,\"expiryDate\":null,\"enabled\":1,\"parentId\":null,\"fields\":{\"3\":{\"12\":{\"type\":\"textFullWidth\",\"enabled\":\"1\",\"fields\":{\"body\":\"Orangina refreshed their brand identity Achtung!\\/Kraftwerk wastasked to extend their newbrand identity to a fresh online experience. \",\"backgroundColor\":\"#ffffff\"}},\"14\":{\"type\":\"largeImage\",\"enabled\":\"1\",\"fields\":{\"image\":[\"13\"],\"backgroundImage\":\"\",\"backgroundColor\":\"#000000\"}}},\"41\":\"Orangina\",\"31\":\"\",\"40\":\"\",\"39\":\"A quirky new online appearance for a soda brand \",\"36\":\"\",\"43\":\"responsiveWebsite\",\"42\":\"\",\"34\":\"\"}}', '2016-02-26 12:34:45', '2016-02-26 12:34:45', 'dbe7867d-67eb-44e5-8192-30b0b65ec737'),
 ('19', '10', '3', '1', 'en_us', '9', '', '{\"typeId\":\"3\",\"authorId\":\"1\",\"title\":\"Orangina global website\",\"slug\":\"orangina\",\"postDate\":1456411320,\"expiryDate\":null,\"enabled\":1,\"parentId\":null,\"fields\":{\"3\":{\"12\":{\"type\":\"textFullWidth\",\"enabled\":\"1\",\"fields\":{\"body\":\"Orangina refreshed their brand identity Achtung!\\/Kraftwerk wastasked to extend their newbrand identity to a fresh online experience. \",\"backgroundColor\":\"#ffffff\"}},\"14\":{\"type\":\"largeImage\",\"enabled\":\"1\",\"fields\":{\"image\":[\"13\"],\"backgroundImage\":\"\",\"backgroundColor\":\"#000000\"}}},\"41\":\"Orangina\",\"31\":\"\",\"40\":\"\",\"39\":\"A quirky new online appearance for a soda brand \",\"36\":\"\",\"43\":\"responsiveWebsite\",\"42\":\"\",\"34\":\"\"}}', '2016-02-26 12:42:22', '2016-02-26 12:42:22', 'd7fd81a9-de52-4af3-9955-a40fab8a327d'),
 ('20', '10', '3', '1', 'en_us', '10', '', '{\"typeId\":\"3\",\"authorId\":\"1\",\"title\":\"Orangina global website\",\"slug\":\"orangina\",\"postDate\":1456411320,\"expiryDate\":null,\"enabled\":1,\"parentId\":null,\"fields\":{\"3\":{\"12\":{\"type\":\"textFullWidth\",\"enabled\":\"1\",\"fields\":{\"body\":\"Orangina refreshed their brand identity Achtung!\\/Kraftwerk wastasked to extend their newbrand identity to a fresh online experience. \",\"backgroundColor\":\"#ffffff\"}},\"14\":{\"type\":\"largeImage\",\"enabled\":\"1\",\"fields\":{\"image\":[\"13\"],\"backgroundImage\":\"\",\"backgroundColor\":\"#000000\"}}},\"41\":\"Orangina\",\"31\":\"\",\"40\":\"\",\"39\":\"A quirky new online appearance for a soda brand \",\"36\":\"\",\"43\":\"responsiveWebsite\",\"42\":\"\",\"34\":\"\"}}', '2016-02-26 12:43:23', '2016-02-26 12:43:23', '5d6d8168-4460-460f-a328-805c623f402c'),
 ('21', '10', '3', '1', 'en_us', '11', '', '{\"typeId\":\"3\",\"authorId\":\"1\",\"title\":\"Orangina global website\",\"slug\":\"orangina\",\"postDate\":1456411320,\"expiryDate\":null,\"enabled\":1,\"parentId\":null,\"fields\":{\"3\":{\"12\":{\"type\":\"textFullWidth\",\"enabled\":\"1\",\"fields\":{\"body\":\"Orangina refreshed their brand identity Achtung!\\/Kraftwerk wastasked to extend their newbrand identity to a fresh online experience. \",\"backgroundColor\":\"#ffffff\"}},\"14\":{\"type\":\"largeImage\",\"enabled\":\"1\",\"fields\":{\"image\":[\"13\"],\"backgroundImage\":[\"13\"],\"backgroundColor\":\"#000000\"}}},\"41\":\"Orangina\",\"31\":\"\",\"40\":\"\",\"39\":\"A quirky new online appearance for a soda brand \",\"36\":\"\",\"43\":\"responsiveWebsite\",\"42\":\"\",\"34\":\"\"}}', '2016-02-26 12:59:26', '2016-02-26 12:59:26', '936695d7-d176-4d13-9661-aea7455692df'),
 ('22', '10', '3', '1', 'en_us', '12', '', '{\"typeId\":\"3\",\"authorId\":\"1\",\"title\":\"Orangina global website\",\"slug\":\"orangina\",\"postDate\":1456411320,\"expiryDate\":null,\"enabled\":1,\"parentId\":null,\"fields\":{\"3\":{\"12\":{\"type\":\"textFullWidth\",\"enabled\":\"1\",\"fields\":{\"body\":\"Orangina refreshed their brand identity Achtung!\\/Kraftwerk wastasked to extend their newbrand identity to a fresh online experience. \",\"backgroundColor\":\"#ffffff\"}},\"14\":{\"type\":\"largeImage\",\"enabled\":\"1\",\"fields\":{\"image\":[\"13\"],\"backgroundImage\":[\"16\"],\"backgroundColor\":\"#000000\"}}},\"41\":\"Orangina\",\"31\":\"\",\"40\":\"\",\"39\":\"A quirky new online appearance for a soda brand \",\"36\":\"\",\"43\":\"responsiveWebsite\",\"42\":\"\",\"34\":\"\"}}', '2016-02-26 13:20:41', '2016-02-26 13:20:41', 'a84a20cc-9ffa-4c36-aabc-e7cd475a4511'),
 ('23', '10', '3', '1', 'en_us', '13', '', '{\"typeId\":\"3\",\"authorId\":\"1\",\"title\":\"Orangina global website\",\"slug\":\"orangina\",\"postDate\":1456411320,\"expiryDate\":null,\"enabled\":1,\"parentId\":null,\"fields\":{\"3\":{\"12\":{\"type\":\"textFullWidth\",\"enabled\":\"1\",\"fields\":{\"body\":\"Orangina refreshed their brand identity Achtung!\\/Kraftwerk wastasked to extend their newbrand identity to a fresh online experience. \",\"backgroundColor\":\"#ffffff\"}},\"14\":{\"type\":\"largeImage\",\"enabled\":\"1\",\"fields\":{\"image\":[\"13\"],\"backgroundImage\":[\"16\"],\"backgroundColor\":\"#000000\"}},\"new1\":{\"type\":\"textTwoColumns\",\"enabled\":\"1\",\"fields\":{\"heading\":\"Strategy, Concept & UX\",\"intro\":\"The content of the new Orangina website was meantto be kept simple serving a few main purposes.\",\"body\":\"In general there were two main obectives, informing people about the available range of Orangina products and telling them about the history of Orangina as a brand. The homepage would then serve as a hub to these two objectives, as well as to the Orangina social channels.\",\"backgroundColor\":\"#fda519\"}}},\"41\":\"Orangina\",\"31\":\"\",\"40\":\"\",\"39\":\"A quirky new online appearance for a soda brand \",\"36\":\"\",\"43\":\"responsiveWebsite\",\"42\":\"\",\"34\":\"\"}}', '2016-02-26 13:29:08', '2016-02-26 13:29:08', 'b1a17ac7-68ea-4fef-9818-bd29c64083a3'),
 ('24', '10', '3', '1', 'en_us', '14', '', '{\"typeId\":\"3\",\"authorId\":\"1\",\"title\":\"Orangina global website\",\"slug\":\"orangina\",\"postDate\":1456411320,\"expiryDate\":null,\"enabled\":1,\"parentId\":null,\"fields\":{\"3\":{\"12\":{\"type\":\"textFullWidth\",\"enabled\":\"1\",\"fields\":{\"body\":\"Orangina refreshed their brand identity Achtung!\\/Kraftwerk wastasked to extend their newbrand identity to a fresh online experience. \",\"textColor\":\"#000000\",\"backgroundColor\":\"#ffffff\"}},\"14\":{\"type\":\"largeImage\",\"enabled\":\"1\",\"fields\":{\"image\":[\"13\"],\"backgroundImage\":[\"16\"],\"backgroundColor\":\"#000000\"}},\"17\":{\"type\":\"textTwoColumns\",\"enabled\":\"1\",\"fields\":{\"heading\":\"Strategy, Concept & UX\",\"intro\":\"The content of the new Orangina website was meantto be kept simple serving a few main purposes.\",\"body\":\"In general there were two main obectives, informing people about the available range of Orangina products and telling them about the history of Orangina as a brand. The homepage would then serve as a hub to these two objectives, as well as to the Orangina social channels.\",\"textColor\":\"#ffffff\",\"backgroundColor\":\"#fda519\"}}},\"41\":\"Orangina\",\"31\":\"\",\"40\":\"\",\"39\":\"A quirky new online appearance for a soda brand \",\"36\":\"\",\"43\":\"responsiveWebsite\",\"42\":\"\",\"34\":\"\"}}', '2016-02-26 13:39:28', '2016-02-26 13:39:28', 'dfba6fcf-b661-46a9-ad68-e79753b21582'),
 ('25', '10', '3', '1', 'en_us', '15', '', '{\"typeId\":\"3\",\"authorId\":\"1\",\"title\":\"Orangina global website\",\"slug\":\"orangina\",\"postDate\":1456411320,\"expiryDate\":null,\"enabled\":1,\"parentId\":null,\"fields\":{\"3\":{\"12\":{\"type\":\"textFullWidth\",\"enabled\":\"1\",\"fields\":{\"body\":\"Orangina refreshed their brand identity Achtung!\\/Kraftwerk wastasked to extend their newbrand identity to a fresh online experience. \",\"textColor\":\"#000000\",\"backgroundColor\":\"#ffffff\"}},\"14\":{\"type\":\"largeImage\",\"enabled\":\"1\",\"fields\":{\"image\":[\"13\"],\"backgroundImage\":[\"16\"],\"backgroundColor\":\"#000000\"}},\"17\":{\"type\":\"textTwoColumns\",\"enabled\":\"1\",\"fields\":{\"heading\":\"Strategy, Concept & UX\",\"intro\":\"The content of the new Orangina website was meantto be kept simple serving a few main purposes.\",\"body\":\"In general there were two main obectives, informing people about the available range of Orangina products and telling them about the history of Orangina as a brand. The homepage would then serve as a hub to these two objectives, as well as to the Orangina social channels.\",\"textColor\":\"#ffffff\",\"backgroundColor\":\"#fda519\"}},\"new1\":{\"type\":\"video\",\"enabled\":\"1\",\"fields\":{\"coverImage\":\"\",\"video\":[\"18\"],\"backgroundColor\":\"#ffa600\"}}},\"41\":\"Orangina\",\"31\":\"\",\"40\":\"\",\"39\":\"A quirky new online appearance for a soda brand \",\"36\":\"\",\"43\":\"responsiveWebsite\",\"42\":\"\",\"34\":\"\"}}', '2016-02-26 13:53:26', '2016-02-26 13:53:26', '1ea55b9b-64f0-4365-a43d-3d86ed39292e'),
 ('26', '10', '3', '1', 'en_us', '16', '', '{\"typeId\":\"3\",\"authorId\":\"1\",\"title\":\"Orangina global website\",\"slug\":\"orangina\",\"postDate\":1456411320,\"expiryDate\":null,\"enabled\":1,\"parentId\":null,\"fields\":{\"3\":{\"12\":{\"type\":\"textFullWidth\",\"enabled\":\"1\",\"fields\":{\"body\":\"Orangina refreshed their brand identity Achtung!\\/Kraftwerk wastasked to extend their newbrand identity to a fresh online experience. \",\"textColor\":\"#000000\",\"backgroundColor\":\"#ffffff\"}},\"14\":{\"type\":\"largeImage\",\"enabled\":\"1\",\"fields\":{\"image\":[\"13\"],\"backgroundImage\":[\"16\"],\"backgroundColor\":\"#000000\"}},\"17\":{\"type\":\"textTwoColumns\",\"enabled\":\"1\",\"fields\":{\"heading\":\"Strategy, Concept & UX\",\"intro\":\"The content of the new Orangina website was meantto be kept simple serving a few main purposes.\",\"body\":\"In general there were two main obectives, informing people about the available range of Orangina products and telling them about the history of Orangina as a brand. The homepage would then serve as a hub to these two objectives, as well as to the Orangina social channels.\",\"textColor\":\"#ffffff\",\"backgroundColor\":\"#fda519\"}},\"19\":{\"type\":\"video\",\"enabled\":\"1\",\"fields\":{\"coverImage\":\"\",\"video\":[\"18\"],\"backgroundColor\":\"#ffa600\"}},\"new1\":{\"type\":\"textTwoColumns\",\"enabled\":\"1\",\"fields\":{\"heading\":\"Design elements\",\"intro\":\"Colors for the Orangina website were besides the brand\\u2019s Blue and Yellow, based on the labels of the different flavours. \",\"body\":\"\",\"textColor\":\"#000000\",\"backgroundColor\":\"#000000\"}}},\"41\":\"Orangina\",\"31\":\"\",\"40\":\"\",\"39\":\"A quirky new online appearance for a soda brand \",\"36\":\"\",\"43\":\"responsiveWebsite\",\"42\":\"\",\"34\":\"\"}}', '2016-02-26 14:02:48', '2016-02-26 14:02:48', '0fae07e1-60f2-4d35-8da7-a650d405bd62'),
 ('27', '10', '3', '1', 'en_us', '17', '', '{\"typeId\":\"3\",\"authorId\":\"1\",\"title\":\"Orangina global website\",\"slug\":\"orangina\",\"postDate\":1456411320,\"expiryDate\":null,\"enabled\":1,\"parentId\":null,\"fields\":{\"3\":{\"12\":{\"type\":\"textFullWidth\",\"enabled\":\"1\",\"fields\":{\"body\":\"Orangina refreshed their brand identity Achtung!\\/Kraftwerk wastasked to extend their newbrand identity to a fresh online experience. \",\"textColor\":\"#000000\",\"backgroundColor\":\"#ffffff\"}},\"14\":{\"type\":\"largeImage\",\"enabled\":\"1\",\"fields\":{\"image\":[\"13\"],\"backgroundImage\":[\"16\"],\"backgroundColor\":\"#000000\"}},\"17\":{\"type\":\"textTwoColumns\",\"enabled\":\"1\",\"fields\":{\"heading\":\"Strategy, Concept & UX\",\"intro\":\"The content of the new Orangina website was meantto be kept simple serving a few main purposes.\",\"body\":\"In general there were two main obectives, informing people about the available range of Orangina products and telling them about the history of Orangina as a brand. The homepage would then serve as a hub to these two objectives, as well as to the Orangina social channels.\",\"textColor\":\"#ffffff\",\"backgroundColor\":\"#fda519\"}},\"19\":{\"type\":\"video\",\"enabled\":\"1\",\"fields\":{\"coverImage\":\"\",\"video\":[\"18\"],\"backgroundColor\":\"#ffa600\"}},\"20\":{\"type\":\"textTwoColumns\",\"enabled\":\"1\",\"fields\":{\"heading\":\"Design elements\",\"intro\":\"Colors for the Orangina website were besides the brand\\u2019s Blue and Yellow, based on the labels of the different flavours. \",\"body\":\"\",\"textColor\":\"#000000\",\"backgroundColor\":\"#ffffff\"}}},\"41\":\"Orangina\",\"31\":\"\",\"40\":\"\",\"39\":\"A quirky new online appearance for a soda brand \",\"36\":\"\",\"43\":\"responsiveWebsite\",\"42\":\"\",\"34\":\"\"}}', '2016-02-26 14:03:04', '2016-02-26 14:03:04', 'a0aabc5e-5817-4243-a8c8-535b64d63fd3'),
 ('28', '10', '3', '1', 'en_us', '18', '', '{\"typeId\":\"3\",\"authorId\":\"1\",\"title\":\"Orangina global website\",\"slug\":\"orangina\",\"postDate\":1456411320,\"expiryDate\":null,\"enabled\":1,\"parentId\":null,\"fields\":{\"3\":{\"12\":{\"type\":\"textFullWidth\",\"enabled\":\"1\",\"fields\":{\"body\":\"Orangina refreshed their brand identity Achtung!\\/Kraftwerk wastasked to extend their newbrand identity to a fresh online experience. \",\"textColor\":\"#000000\",\"backgroundColor\":\"#ffffff\"}},\"14\":{\"type\":\"largeImage\",\"enabled\":\"1\",\"fields\":{\"image\":[\"13\"],\"backgroundImage\":[\"16\"],\"backgroundColor\":\"#000000\"}},\"17\":{\"type\":\"textTwoColumns\",\"enabled\":\"1\",\"fields\":{\"heading\":\"Strategy, Concept & UX\",\"intro\":\"The content of the new Orangina website was meantto be kept simple serving a few main purposes.\",\"body\":\"In general there were two main obectives, informing people about the available range of Orangina products and telling them about the history of Orangina as a brand. The homepage would then serve as a hub to these two objectives, as well as to the Orangina social channels.\",\"textColor\":\"#ffffff\",\"backgroundColor\":\"#fda519\"}},\"19\":{\"type\":\"video\",\"enabled\":\"1\",\"fields\":{\"coverImage\":\"\",\"video\":[\"18\"],\"backgroundColor\":\"#ffa600\"}},\"20\":{\"type\":\"textTwoColumns\",\"enabled\":\"1\",\"fields\":{\"heading\":\"Design elements\",\"intro\":\"Colors for the Orangina website were besides the brand\\u2019s Blue and Yellow, based on the labels of the different flavours. \",\"body\":\"\",\"textColor\":\"#000000\",\"backgroundColor\":\"#ffffff\"}},\"new1\":{\"type\":\"largeImage\",\"enabled\":\"1\",\"fields\":{\"image\":[\"21\"],\"backgroundImage\":\"\",\"backgroundColor\":\"#ffffff\"}}},\"41\":\"Orangina\",\"31\":\"\",\"40\":\"\",\"39\":\"A quirky new online appearance for a soda brand \",\"36\":\"\",\"43\":\"responsiveWebsite\",\"42\":\"\",\"34\":\"\"}}', '2016-02-26 14:08:10', '2016-02-26 14:08:10', '80c9f5d1-11c6-4009-bc5c-576d102980d2'),
 ('29', '10', '3', '1', 'en_us', '19', '', '{\"typeId\":\"3\",\"authorId\":\"1\",\"title\":\"Orangina global website\",\"slug\":\"orangina\",\"postDate\":1456411320,\"expiryDate\":null,\"enabled\":1,\"parentId\":null,\"fields\":{\"3\":{\"12\":{\"type\":\"textFullWidth\",\"enabled\":\"1\",\"fields\":{\"body\":\"Orangina refreshed their brand identity Achtung!\\/Kraftwerk wastasked to extend their newbrand identity to a fresh online experience. \",\"textColor\":\"#000000\",\"backgroundColor\":\"#ffffff\"}},\"14\":{\"type\":\"largeImage\",\"enabled\":\"1\",\"fields\":{\"image\":[\"13\"],\"backgroundImage\":[\"16\"],\"backgroundColor\":\"#000000\"}},\"17\":{\"type\":\"textTwoColumns\",\"enabled\":\"1\",\"fields\":{\"heading\":\"Strategy, Concept & UX\",\"intro\":\"The content of the new Orangina website was meantto be kept simple serving a few main purposes.\",\"body\":\"In general there were two main obectives, informing people about the available range of Orangina products and telling them about the history of Orangina as a brand. The homepage would then serve as a hub to these two objectives, as well as to the Orangina social channels.\",\"textColor\":\"#ffffff\",\"backgroundColor\":\"#fda519\"}},\"19\":{\"type\":\"video\",\"enabled\":\"1\",\"fields\":{\"coverImage\":\"\",\"video\":[\"18\"],\"backgroundColor\":\"#ffa600\"}},\"20\":{\"type\":\"textTwoColumns\",\"enabled\":\"1\",\"fields\":{\"heading\":\"Design elements\",\"intro\":\"Colors for the Orangina website were besides the brand\\u2019s Blue and Yellow, based on the labels of the different flavours. \",\"body\":\"\",\"textColor\":\"#000000\",\"backgroundColor\":\"#ffffff\"}},\"22\":{\"type\":\"largeImage\",\"enabled\":\"1\",\"fields\":{\"image\":[\"21\"],\"backgroundImage\":\"\",\"backgroundColor\":\"#ffffff\"}},\"new1\":{\"type\":\"textWithImage\",\"enabled\":\"1\",\"fields\":{\"heading\":\"Iconography\",\"intro\":\"To add on the playfull, quirky identity of Orangina, we created an iconset that was used throughout the website.\",\"body\":\"Our hands on mentality can be found throughout the whole process. We bring ideas to life early. We prototype to keep improving along the way. \",\"image\":\"\",\"textColor\":\"#000000\",\"backgroundColor\":\"#ffffff\",\"imagePosition\":\"left\"}}},\"41\":\"Orangina\",\"31\":\"\",\"40\":\"\",\"39\":\"A quirky new online appearance for a soda brand \",\"36\":\"\",\"43\":\"responsiveWebsite\",\"42\":\"\",\"34\":\"\"}}', '2016-02-26 14:13:03', '2016-02-26 14:13:03', '0cfafbdb-97a8-4a5a-8c52-f61abfd37356'),
 ('30', '10', '3', '1', 'en_us', '20', '', '{\"typeId\":\"3\",\"authorId\":\"1\",\"title\":\"Orangina global website\",\"slug\":\"orangina\",\"postDate\":1456411320,\"expiryDate\":null,\"enabled\":1,\"parentId\":null,\"fields\":{\"3\":{\"12\":{\"type\":\"textFullWidth\",\"enabled\":\"1\",\"fields\":{\"body\":\"Orangina refreshed their brand identity Achtung!\\/Kraftwerk wastasked to extend their newbrand identity to a fresh online experience. \",\"textColor\":\"#000000\",\"backgroundColor\":\"#ffffff\"}},\"14\":{\"type\":\"largeImage\",\"enabled\":\"1\",\"fields\":{\"image\":[\"13\"],\"backgroundImage\":[\"16\"],\"backgroundColor\":\"#000000\"}},\"17\":{\"type\":\"textTwoColumns\",\"enabled\":\"1\",\"fields\":{\"heading\":\"Strategy, Concept & UX\",\"intro\":\"The content of the new Orangina website was meantto be kept simple serving a few main purposes.\",\"body\":\"In general there were two main obectives, informing people about the available range of Orangina products and telling them about the history of Orangina as a brand. The homepage would then serve as a hub to these two objectives, as well as to the Orangina social channels.\",\"textColor\":\"#ffffff\",\"backgroundColor\":\"#fda519\"}},\"19\":{\"type\":\"video\",\"enabled\":\"1\",\"fields\":{\"coverImage\":\"\",\"video\":[\"18\"],\"backgroundColor\":\"#ffa600\"}},\"20\":{\"type\":\"textTwoColumns\",\"enabled\":\"1\",\"fields\":{\"heading\":\"Design elements\",\"intro\":\"Colors for the Orangina website were besides the brand\\u2019s Blue and Yellow, based on the labels of the different flavours. \",\"body\":\"\",\"textColor\":\"#000000\",\"backgroundColor\":\"#ffffff\"}},\"22\":{\"type\":\"largeImage\",\"enabled\":\"1\",\"fields\":{\"image\":[\"21\"],\"backgroundImage\":\"\",\"backgroundColor\":\"#ffffff\"}},\"23\":{\"type\":\"textWithImage\",\"enabled\":\"1\",\"fields\":{\"heading\":\"Iconography\",\"intro\":\"To add on the playfull, quirky identity of Orangina, we created an iconset that was used throughout the website.\",\"body\":\"Our hands on mentality can be found throughout the whole process. We bring ideas to life early. We prototype to keep improving along the way. \",\"image\":\"\",\"textColor\":\"#000000\",\"backgroundColor\":\"#ffffff\",\"imagePosition\":\"left\"}}},\"41\":\"Orangina\",\"31\":\"\",\"40\":\"\",\"39\":\"A quirky new online appearance for a soda brand \",\"36\":\"\",\"43\":\"responsiveWebsite\",\"42\":\"\",\"34\":\"\"}}', '2016-02-26 14:14:11', '2016-02-26 14:14:11', '70c599bb-e15b-4926-bb6c-13454c8b5d3a'),
 ('31', '10', '3', '1', 'en_us', '21', '', '{\"typeId\":\"3\",\"authorId\":\"1\",\"title\":\"Orangina global website\",\"slug\":\"orangina\",\"postDate\":1456411320,\"expiryDate\":null,\"enabled\":1,\"parentId\":null,\"fields\":{\"3\":{\"12\":{\"type\":\"textFullWidth\",\"enabled\":\"1\",\"fields\":{\"body\":\"Orangina refreshed their brand identity Achtung!\\/Kraftwerk wastasked to extend their newbrand identity to a fresh online experience. \",\"textColor\":\"#000000\",\"backgroundColor\":\"#ffffff\"}},\"14\":{\"type\":\"largeImage\",\"enabled\":\"1\",\"fields\":{\"image\":[\"13\"],\"backgroundImage\":[\"16\"],\"backgroundColor\":\"#000000\"}},\"17\":{\"type\":\"textTwoColumns\",\"enabled\":\"1\",\"fields\":{\"heading\":\"Strategy, Concept & UX\",\"intro\":\"The content of the new Orangina website was meantto be kept simple serving a few main purposes.\",\"body\":\"In general there were two main obectives, informing people about the available range of Orangina products and telling them about the history of Orangina as a brand. The homepage would then serve as a hub to these two objectives, as well as to the Orangina social channels.\",\"textColor\":\"#ffffff\",\"backgroundColor\":\"#fda519\"}},\"19\":{\"type\":\"video\",\"enabled\":\"1\",\"fields\":{\"coverImage\":\"\",\"video\":[\"18\"],\"backgroundColor\":\"#ffa600\"}},\"20\":{\"type\":\"textTwoColumns\",\"enabled\":\"1\",\"fields\":{\"heading\":\"Design elements\",\"intro\":\"Colors for the Orangina website were besides the brand\\u2019s Blue and Yellow, based on the labels of the different flavours. \",\"body\":\"\",\"textColor\":\"#000000\",\"backgroundColor\":\"#ffffff\"}},\"22\":{\"type\":\"largeImage\",\"enabled\":\"1\",\"fields\":{\"image\":[\"21\"],\"backgroundImage\":\"\",\"backgroundColor\":\"#ffffff\"}},\"23\":{\"type\":\"textWithImage\",\"enabled\":\"1\",\"fields\":{\"heading\":\"Iconography\",\"intro\":\"To add on the playfull, quirky identity of Orangina, we created an iconset that was used throughout the website.\",\"body\":\"Our hands on mentality can be found throughout the whole process. We bring ideas to life early. We prototype to keep improving along the way. \",\"image\":\"\",\"textColor\":\"#000000\",\"backgroundColor\":\"#ffffff\",\"imagePosition\":\"left\"}}},\"41\":\"Orangina\",\"31\":\"\",\"40\":\"\",\"39\":\"A quirky new online appearance for a soda brand \",\"36\":\"\",\"43\":\"responsiveWebsite\",\"42\":\"\",\"34\":\"\"}}', '2016-02-29 09:22:55', '2016-02-29 09:22:55', '42c7d36b-7551-414a-9db0-0ca85bec7aa8'),
 ('32', '10', '3', '1', 'en_us', '22', '', '{\"typeId\":\"3\",\"authorId\":\"1\",\"title\":\"Orangina global website\",\"slug\":\"orangina\",\"postDate\":1456411320,\"expiryDate\":null,\"enabled\":1,\"parentId\":null,\"fields\":{\"3\":{\"12\":{\"type\":\"textFullWidth\",\"enabled\":\"1\",\"fields\":{\"body\":\"Orangina refreshed their brand identity Achtung!\\/Kraftwerk wastasked to extend their newbrand identity to a fresh online experience. \",\"textColor\":\"#000000\",\"backgroundColor\":\"#ffffff\"}},\"14\":{\"type\":\"largeImage\",\"enabled\":\"1\",\"fields\":{\"image\":[\"13\"],\"backgroundImage\":[\"16\"],\"backgroundColor\":\"#000000\"}},\"17\":{\"type\":\"textTwoColumns\",\"enabled\":\"1\",\"fields\":{\"heading\":\"Strategy, Concept & UX\",\"intro\":\"The content of the new Orangina website was meantto be kept simple serving a few main purposes.\",\"body\":\"In general there were two main obectives, informing people about the available range of Orangina products and telling them about the history of Orangina as a brand. The homepage would then serve as a hub to these two objectives, as well as to the Orangina social channels.\",\"textColor\":\"#ffffff\",\"backgroundColor\":\"#fda519\"}},\"19\":{\"type\":\"video\",\"enabled\":\"1\",\"fields\":{\"coverImage\":\"\",\"video\":[\"18\"],\"backgroundColor\":\"#ffa600\"}},\"20\":{\"type\":\"textTwoColumns\",\"enabled\":\"1\",\"fields\":{\"heading\":\"Design elements\",\"intro\":\"Colors for the Orangina website were besides the brand\\u2019s Blue and Yellow, based on the labels of the different flavours. \",\"body\":\"\",\"textColor\":\"#000000\",\"backgroundColor\":\"#ffffff\"}},\"22\":{\"type\":\"largeImage\",\"enabled\":\"1\",\"fields\":{\"image\":[\"21\"],\"backgroundImage\":\"\",\"backgroundColor\":\"#ffffff\"}},\"23\":{\"type\":\"textWithImage\",\"enabled\":\"1\",\"fields\":{\"heading\":\"Iconography\",\"intro\":\"To add on the playfull, quirky identity of Orangina, we created an iconset that was used throughout the website.\",\"body\":\"Our hands on mentality can be found throughout the whole process. We bring ideas to life early. We prototype to keep improving along the way. \",\"image\":[\"24\"],\"textColor\":\"#000000\",\"backgroundColor\":\"#ffffff\",\"imagePosition\":\"left\"}}},\"41\":\"Orangina\",\"31\":\"\",\"40\":\"\",\"39\":\"A quirky new online appearance for a soda brand \",\"36\":\"\",\"43\":\"responsiveWebsite\",\"42\":\"\",\"34\":\"\"}}', '2016-02-29 09:29:05', '2016-02-29 09:29:05', '4207d07c-287c-4e14-9f37-dcff9c0abdb6'),
 ('33', '10', '3', '1', 'en_us', '23', '', '{\"typeId\":\"3\",\"authorId\":\"1\",\"title\":\"Orangina global website\",\"slug\":\"orangina\",\"postDate\":1456411320,\"expiryDate\":null,\"enabled\":1,\"parentId\":null,\"fields\":{\"3\":{\"12\":{\"type\":\"textFullWidth\",\"enabled\":\"1\",\"fields\":{\"body\":\"Orangina refreshed their brand identity Achtung!\\/Kraftwerk wastasked to extend their newbrand identity to a fresh online experience. \",\"textColor\":\"#000000\",\"backgroundColor\":\"#ffffff\"}},\"14\":{\"type\":\"largeImage\",\"enabled\":\"1\",\"fields\":{\"image\":[\"13\"],\"backgroundImage\":[\"16\"],\"backgroundColor\":\"#000000\"}},\"17\":{\"type\":\"textTwoColumns\",\"enabled\":\"1\",\"fields\":{\"heading\":\"Strategy, Concept & UX\",\"intro\":\"The content of the new Orangina website was meantto be kept simple serving a few main purposes.\",\"body\":\"In general there were two main obectives, informing people about the available range of Orangina products and telling them about the history of Orangina as a brand. The homepage would then serve as a hub to these two objectives, as well as to the Orangina social channels.\",\"textColor\":\"#ffffff\",\"backgroundColor\":\"#fda519\"}},\"19\":{\"type\":\"video\",\"enabled\":\"1\",\"fields\":{\"coverImage\":\"\",\"video\":[\"18\"],\"backgroundColor\":\"#ffa600\"}},\"20\":{\"type\":\"textTwoColumns\",\"enabled\":\"1\",\"fields\":{\"heading\":\"Design elements\",\"intro\":\"Colors for the Orangina website were besides the brand\\u2019s Blue and Yellow, based on the labels of the different flavours. \",\"body\":\"\",\"textColor\":\"#000000\",\"backgroundColor\":\"#ffffff\"}},\"22\":{\"type\":\"largeImage\",\"enabled\":\"1\",\"fields\":{\"image\":[\"21\"],\"backgroundImage\":\"\",\"backgroundColor\":\"#ffffff\"}},\"23\":{\"type\":\"textWithImage\",\"enabled\":\"1\",\"fields\":{\"heading\":\"Iconography\",\"intro\":\"To add on the playfull, quirky identity of Orangina, we created an iconset that was used throughout the website.\",\"body\":\"Our hands on mentality can be found throughout the whole process. We bring ideas to life early. We prototype to keep improving along the way. \",\"image\":[\"24\"],\"textColor\":\"#000000\",\"backgroundColor\":\"#ffffff\",\"imagePosition\":\"right\"}}},\"41\":\"Orangina\",\"31\":\"\",\"40\":\"\",\"39\":\"A quirky new online appearance for a soda brand \",\"36\":\"\",\"43\":\"responsiveWebsite\",\"42\":\"\",\"34\":\"\"}}', '2016-02-29 09:29:41', '2016-02-29 09:29:41', '1889cabf-b6c7-4aa9-b613-88e65d5fd685'),
 ('34', '10', '3', '1', 'en_us', '24', '', '{\"typeId\":\"3\",\"authorId\":\"1\",\"title\":\"Orangina global website\",\"slug\":\"orangina\",\"postDate\":1456411320,\"expiryDate\":null,\"enabled\":1,\"parentId\":null,\"fields\":{\"3\":{\"12\":{\"type\":\"textFullWidth\",\"enabled\":\"1\",\"fields\":{\"body\":\"Orangina refreshed their brand identity Achtung!\\/Kraftwerk wastasked to extend their newbrand identity to a fresh online experience. \",\"textColor\":\"#000000\",\"backgroundColor\":\"#ffffff\"}},\"14\":{\"type\":\"largeImage\",\"enabled\":\"1\",\"fields\":{\"image\":[\"13\"],\"backgroundImage\":[\"16\"],\"backgroundColor\":\"#000000\"}},\"17\":{\"type\":\"textTwoColumns\",\"enabled\":\"1\",\"fields\":{\"heading\":\"Strategy, Concept & UX\",\"intro\":\"The content of the new Orangina website was meantto be kept simple serving a few main purposes.\",\"body\":\"In general there were two main obectives, informing people about the available range of Orangina products and telling them about the history of Orangina as a brand. The homepage would then serve as a hub to these two objectives, as well as to the Orangina social channels.\",\"textColor\":\"#ffffff\",\"backgroundColor\":\"#fda519\"}},\"19\":{\"type\":\"video\",\"enabled\":\"1\",\"fields\":{\"coverImage\":\"\",\"video\":[\"18\"],\"backgroundColor\":\"#ffa600\"}},\"20\":{\"type\":\"textTwoColumns\",\"enabled\":\"1\",\"fields\":{\"heading\":\"Design elements\",\"intro\":\"Colors for the Orangina website were besides the brand\\u2019s Blue and Yellow, based on the labels of the different flavours. \",\"body\":\"\",\"textColor\":\"#000000\",\"backgroundColor\":\"#ffffff\"}},\"22\":{\"type\":\"largeImage\",\"enabled\":\"1\",\"fields\":{\"image\":[\"21\"],\"backgroundImage\":\"\",\"backgroundColor\":\"#ffffff\"}},\"23\":{\"type\":\"textWithImage\",\"enabled\":\"1\",\"fields\":{\"heading\":\"Iconography\",\"intro\":\"To add on the playfull, quirky identity of Orangina, we created an iconset that was used throughout the website.\",\"body\":\"Our hands on mentality can be found throughout the whole process. We bring ideas to life early. We prototype to keep improving along the way. \",\"image\":[\"24\"],\"textColor\":\"#000000\",\"backgroundColor\":\"#ffffff\",\"imagePosition\":\"right\"}},\"new1\":{\"type\":\"textTwoColumns\",\"enabled\":\"1\",\"fields\":{\"heading\":\"Final Designs\",\"intro\":\"The content of the new Orangina website was meantto be kept simple serving a few main purposes.\",\"body\":\"In general there were two main obectives, informing people about the available range of Orangina products and telling them about the history of Orangina as a brand. The homepage would then serve as a hub to these two objectives, as well as to the Orangina social channels.\",\"textColor\":\"#ffffff\",\"backgroundColor\":\"#092865\"}}},\"41\":\"Orangina\",\"31\":\"\",\"40\":\"\",\"39\":\"A quirky new online appearance for a soda brand \",\"36\":\"\",\"43\":\"responsiveWebsite\",\"42\":\"\",\"34\":\"\"}}', '2016-02-29 09:37:51', '2016-02-29 09:37:51', '5cb84c78-ab2b-4895-82ad-fb5cde1b8d53'),
 ('35', '10', '3', '1', 'en_us', '25', '', '{\"typeId\":\"3\",\"authorId\":\"1\",\"title\":\"Orangina global website\",\"slug\":\"orangina\",\"postDate\":1456411320,\"expiryDate\":null,\"enabled\":1,\"parentId\":null,\"fields\":{\"3\":{\"12\":{\"type\":\"textFullWidth\",\"enabled\":\"1\",\"fields\":{\"body\":\"Orangina refreshed their brand identity Achtung!\\/Kraftwerk wastasked to extend their newbrand identity to a fresh online experience. \",\"textColor\":\"#000000\",\"backgroundColor\":\"#ffffff\"}},\"14\":{\"type\":\"largeImage\",\"enabled\":\"1\",\"fields\":{\"image\":[\"13\"],\"backgroundImage\":[\"16\"],\"backgroundColor\":\"#000000\"}},\"17\":{\"type\":\"textTwoColumns\",\"enabled\":\"1\",\"fields\":{\"heading\":\"Strategy, Concept & UX\",\"intro\":\"The content of the new Orangina website was meantto be kept simple serving a few main purposes.\",\"body\":\"In general there were two main obectives, informing people about the available range of Orangina products and telling them about the history of Orangina as a brand. The homepage would then serve as a hub to these two objectives, as well as to the Orangina social channels.\",\"textColor\":\"#ffffff\",\"backgroundColor\":\"#fda519\"}},\"19\":{\"type\":\"video\",\"enabled\":\"1\",\"fields\":{\"coverImage\":\"\",\"video\":[\"18\"],\"backgroundColor\":\"#ffa600\"}},\"20\":{\"type\":\"textTwoColumns\",\"enabled\":\"1\",\"fields\":{\"heading\":\"Design elements\",\"intro\":\"Colors for the Orangina website were besides the brand\\u2019s Blue and Yellow, based on the labels of the different flavours. \",\"body\":\"\",\"textColor\":\"#000000\",\"backgroundColor\":\"#ffffff\"}},\"22\":{\"type\":\"largeImage\",\"enabled\":\"1\",\"fields\":{\"image\":[\"21\"],\"backgroundImage\":\"\",\"backgroundColor\":\"#ffffff\"}},\"23\":{\"type\":\"textWithImage\",\"enabled\":\"1\",\"fields\":{\"heading\":\"Iconography\",\"intro\":\"To add on the playfull, quirky identity of Orangina, we created an iconset that was used throughout the website.\",\"body\":\"Our hands on mentality can be found throughout the whole process. We bring ideas to life early. We prototype to keep improving along the way. \",\"image\":[\"24\"],\"textColor\":\"#000000\",\"backgroundColor\":\"#ffffff\",\"imagePosition\":\"right\"}},\"25\":{\"type\":\"textTwoColumns\",\"enabled\":\"1\",\"fields\":{\"heading\":\"Final Designs\",\"intro\":\"The content of the new Orangina website was meantto be kept simple serving a few main purposes.\",\"body\":\"In general there were two main obectives, informing people about the available range of Orangina products and telling them about the history of Orangina as a brand. The homepage would then serve as a hub to these two objectives, as well as to the Orangina social channels.\",\"textColor\":\"#ffffff\",\"backgroundColor\":\"#092865\"}},\"new1\":{\"type\":\"imageGallery\",\"enabled\":\"1\",\"fields\":{\"images\":[\"26\",\"28\",\"27\"],\"backgroundColor\":\"#092865\"}}},\"41\":\"Orangina\",\"31\":\"\",\"40\":\"\",\"39\":\"A quirky new online appearance for a soda brand \",\"36\":\"\",\"43\":\"responsiveWebsite\",\"42\":\"\",\"34\":\"\"}}', '2016-02-29 09:41:30', '2016-02-29 09:41:30', 'a34f0605-507b-47d4-bbd4-9b3811251aee'),
 ('36', '10', '3', '1', 'en_us', '26', '', '{\"typeId\":\"3\",\"authorId\":\"1\",\"title\":\"Orangina global website\",\"slug\":\"orangina\",\"postDate\":1456411320,\"expiryDate\":null,\"enabled\":1,\"parentId\":null,\"fields\":{\"3\":{\"12\":{\"type\":\"textFullWidth\",\"enabled\":\"1\",\"fields\":{\"body\":\"Orangina refreshed their brand identity Achtung!\\/Kraftwerk wastasked to extend their newbrand identity to a fresh online experience. \",\"textColor\":\"#000000\",\"backgroundColor\":\"#ffffff\"}},\"14\":{\"type\":\"largeImage\",\"enabled\":\"1\",\"fields\":{\"image\":[\"13\"],\"backgroundImage\":[\"16\"],\"backgroundColor\":\"#000000\"}},\"17\":{\"type\":\"textTwoColumns\",\"enabled\":\"1\",\"fields\":{\"heading\":\"Strategy, Concept & UX\",\"intro\":\"The content of the new Orangina website was meantto be kept simple serving a few main purposes.\",\"body\":\"In general there were two main obectives, informing people about the available range of Orangina products and telling them about the history of Orangina as a brand. The homepage would then serve as a hub to these two objectives, as well as to the Orangina social channels.\",\"textColor\":\"#ffffff\",\"backgroundColor\":\"#fda519\"}},\"19\":{\"type\":\"video\",\"enabled\":\"1\",\"fields\":{\"coverImage\":\"\",\"video\":[\"18\"],\"backgroundColor\":\"#ffa600\"}},\"20\":{\"type\":\"textTwoColumns\",\"enabled\":\"1\",\"fields\":{\"heading\":\"Design elements\",\"intro\":\"Colors for the Orangina website were besides the brand\\u2019s Blue and Yellow, based on the labels of the different flavours. \",\"body\":\"\",\"textColor\":\"#000000\",\"backgroundColor\":\"#ffffff\"}},\"22\":{\"type\":\"largeImage\",\"enabled\":\"1\",\"fields\":{\"image\":[\"21\"],\"backgroundImage\":\"\",\"backgroundColor\":\"#ffffff\"}},\"23\":{\"type\":\"textWithImage\",\"enabled\":\"1\",\"fields\":{\"heading\":\"Iconography\",\"intro\":\"To add on the playfull, quirky identity of Orangina, we created an iconset that was used throughout the website.\",\"body\":\"Our hands on mentality can be found throughout the whole process. We bring ideas to life early. We prototype to keep improving along the way. \",\"image\":[\"24\"],\"textColor\":\"#000000\",\"backgroundColor\":\"#ffffff\",\"imagePosition\":\"right\"}},\"25\":{\"type\":\"textTwoColumns\",\"enabled\":\"1\",\"fields\":{\"heading\":\"Final Designs\",\"intro\":\"The content of the new Orangina website was meantto be kept simple serving a few main purposes.\",\"body\":\"In general there were two main obectives, informing people about the available range of Orangina products and telling them about the history of Orangina as a brand. The homepage would then serve as a hub to these two objectives, as well as to the Orangina social channels.\",\"textColor\":\"#ffffff\",\"backgroundColor\":\"#092865\"}},\"29\":{\"type\":\"imageGallery\",\"enabled\":\"1\",\"fields\":{\"images\":[\"26\",\"28\",\"27\"],\"backgroundColor\":\"#092865\"}}},\"41\":\"Orangina\",\"31\":\"\",\"40\":\"\",\"39\":\"A quirky new online appearance for a soda brand \",\"36\":{\"new1\":{\"type\":\"honour\",\"enabled\":\"1\",\"fields\":{\"honorName\":\"FWA SOTD\",\"logo\":\"\"},\"collapsed\":\"\"}},\"43\":\"responsiveWebsite\",\"42\":\"\",\"34\":\"\"}}', '2016-02-29 09:51:11', '2016-02-29 09:51:11', 'f9a7375e-2742-402f-9e70-96220b7bb820'),
 ('37', '10', '3', '1', 'en_us', '27', '', '{\"typeId\":\"3\",\"authorId\":\"1\",\"title\":\"Orangina global website\",\"slug\":\"orangina\",\"postDate\":1456411320,\"expiryDate\":null,\"enabled\":1,\"parentId\":null,\"fields\":{\"3\":{\"12\":{\"type\":\"textFullWidth\",\"enabled\":\"1\",\"fields\":{\"body\":\"Orangina refreshed their brand identity Achtung!\\/Kraftwerk wastasked to extend their newbrand identity to a fresh online experience. \",\"textColor\":\"#000000\",\"backgroundColor\":\"#ffffff\"}},\"14\":{\"type\":\"largeImage\",\"enabled\":\"1\",\"fields\":{\"image\":[\"13\"],\"backgroundImage\":[\"16\"],\"backgroundColor\":\"#000000\"}},\"17\":{\"type\":\"textTwoColumns\",\"enabled\":\"1\",\"fields\":{\"heading\":\"Strategy, Concept & UX\",\"intro\":\"The content of the new Orangina website was meantto be kept simple serving a few main purposes.\",\"body\":\"In general there were two main obectives, informing people about the available range of Orangina products and telling them about the history of Orangina as a brand. The homepage would then serve as a hub to these two objectives, as well as to the Orangina social channels.\",\"textColor\":\"#ffffff\",\"backgroundColor\":\"#fda519\"}},\"19\":{\"type\":\"video\",\"enabled\":\"1\",\"fields\":{\"coverImage\":\"\",\"video\":[\"18\"],\"backgroundColor\":\"#ffa600\"}},\"20\":{\"type\":\"textTwoColumns\",\"enabled\":\"1\",\"fields\":{\"heading\":\"Design elements\",\"intro\":\"Colors for the Orangina website were besides the brand\\u2019s Blue and Yellow, based on the labels of the different flavours. \",\"body\":\"\",\"textColor\":\"#000000\",\"backgroundColor\":\"#ffffff\"}},\"22\":{\"type\":\"largeImage\",\"enabled\":\"1\",\"fields\":{\"image\":[\"21\"],\"backgroundImage\":\"\",\"backgroundColor\":\"#ffffff\"}},\"23\":{\"type\":\"textWithImage\",\"enabled\":\"1\",\"fields\":{\"heading\":\"Iconography\",\"intro\":\"To add on the playfull, quirky identity of Orangina, we created an iconset that was used throughout the website.\",\"body\":\"Our hands on mentality can be found throughout the whole process. We bring ideas to life early. We prototype to keep improving along the way. \",\"image\":[\"24\"],\"textColor\":\"#000000\",\"backgroundColor\":\"#ffffff\",\"imagePosition\":\"right\"}},\"25\":{\"type\":\"textTwoColumns\",\"enabled\":\"1\",\"fields\":{\"heading\":\"Final Designs\",\"intro\":\"The content of the new Orangina website was meantto be kept simple serving a few main purposes.\",\"body\":\"In general there were two main obectives, informing people about the available range of Orangina products and telling them about the history of Orangina as a brand. The homepage would then serve as a hub to these two objectives, as well as to the Orangina social channels.\",\"textColor\":\"#ffffff\",\"backgroundColor\":\"#092865\"}},\"29\":{\"type\":\"imageGallery\",\"enabled\":\"1\",\"fields\":{\"images\":[\"26\",\"28\",\"27\"],\"backgroundColor\":\"#092865\"}}},\"41\":\"Orangina\",\"31\":\"\",\"40\":\"\",\"39\":\"A quirky new online appearance for a soda brand \",\"36\":{\"30\":{\"type\":\"honour\",\"enabled\":\"1\",\"fields\":{\"honorName\":\"FWA SOTD\",\"logo\":\"\"}}},\"43\":\"responsiveWebsite\",\"42\":\"\",\"34\":\"\"}}', '2016-02-29 09:51:42', '2016-02-29 09:51:42', 'f081b67b-0cf2-4117-ba21-1438c4fba57e'),
 ('38', '10', '3', '1', 'en_us', '28', '', '{\"typeId\":\"3\",\"authorId\":\"1\",\"title\":\"Orangina global website\",\"slug\":\"orangina\",\"postDate\":1456411320,\"expiryDate\":null,\"enabled\":1,\"parentId\":null,\"fields\":{\"3\":{\"12\":{\"type\":\"textFullWidth\",\"enabled\":\"1\",\"fields\":{\"body\":\"Orangina refreshed their brand identity Achtung!\\/Kraftwerk wastasked to extend their newbrand identity to a fresh online experience. \",\"textColor\":\"#000000\",\"backgroundColor\":\"#ffffff\"}},\"14\":{\"type\":\"largeImage\",\"enabled\":\"1\",\"fields\":{\"image\":[\"13\"],\"backgroundImage\":[\"16\"],\"backgroundColor\":\"#000000\"}},\"17\":{\"type\":\"textTwoColumns\",\"enabled\":\"1\",\"fields\":{\"heading\":\"Strategy, Concept & UX\",\"intro\":\"The content of the new Orangina website was meantto be kept simple serving a few main purposes.\",\"body\":\"In general there were two main obectives, informing people about the available range of Orangina products and telling them about the history of Orangina as a brand. The homepage would then serve as a hub to these two objectives, as well as to the Orangina social channels.\",\"textColor\":\"#ffffff\",\"backgroundColor\":\"#fda519\"}},\"19\":{\"type\":\"video\",\"enabled\":\"1\",\"fields\":{\"coverImage\":\"\",\"video\":[\"18\"],\"backgroundColor\":\"#ffa600\"}},\"20\":{\"type\":\"textTwoColumns\",\"enabled\":\"1\",\"fields\":{\"heading\":\"Design elements\",\"intro\":\"Colors for the Orangina website were besides the brand\\u2019s Blue and Yellow, based on the labels of the different flavours. \",\"body\":\"\",\"textColor\":\"#000000\",\"backgroundColor\":\"#ffffff\"}},\"22\":{\"type\":\"largeImage\",\"enabled\":\"1\",\"fields\":{\"image\":[\"21\"],\"backgroundImage\":\"\",\"backgroundColor\":\"#ffffff\"}},\"23\":{\"type\":\"textWithImage\",\"enabled\":\"1\",\"fields\":{\"heading\":\"Iconography\",\"intro\":\"To add on the playfull, quirky identity of Orangina, we created an iconset that was used throughout the website.\",\"body\":\"Our hands on mentality can be found throughout the whole process. We bring ideas to life early. We prototype to keep improving along the way. \",\"image\":[\"24\"],\"textColor\":\"#000000\",\"backgroundColor\":\"#ffffff\",\"imagePosition\":\"right\"}},\"25\":{\"type\":\"textTwoColumns\",\"enabled\":\"1\",\"fields\":{\"heading\":\"Final Designs\",\"intro\":\"The content of the new Orangina website was meantto be kept simple serving a few main purposes.\",\"body\":\"In general there were two main obectives, informing people about the available range of Orangina products and telling them about the history of Orangina as a brand. The homepage would then serve as a hub to these two objectives, as well as to the Orangina social channels.\",\"textColor\":\"#ffffff\",\"backgroundColor\":\"#092865\"}},\"29\":{\"type\":\"imageGallery\",\"enabled\":\"1\",\"fields\":{\"images\":[\"26\",\"28\",\"27\"],\"backgroundColor\":\"#092865\"}}},\"41\":\"Orangina\",\"31\":\"\",\"40\":\"\",\"39\":\"A quirky new online appearance for a soda brand \",\"36\":{\"30\":{\"type\":\"honour\",\"enabled\":\"1\",\"fields\":{\"honorName\":\"FWA SOTD\",\"logo\":[\"31\"]}}},\"43\":\"responsiveWebsite\",\"42\":\"\",\"34\":\"\"}}', '2016-02-29 09:56:09', '2016-02-29 09:56:09', 'ae5288ae-6ebe-4a91-9ad6-0bf81046f980'),
 ('39', '10', '3', '1', 'en_us', '29', '', '{\"typeId\":\"3\",\"authorId\":\"1\",\"title\":\"Orangina global website\",\"slug\":\"orangina\",\"postDate\":1456411320,\"expiryDate\":null,\"enabled\":1,\"parentId\":null,\"fields\":{\"3\":{\"12\":{\"type\":\"textFullWidth\",\"enabled\":\"1\",\"fields\":{\"body\":\"Orangina refreshed their brand identity Achtung!\\/Kraftwerk wastasked to extend their newbrand identity to a fresh online experience. \",\"textColor\":\"#000000\",\"backgroundColor\":\"#ffffff\"}},\"14\":{\"type\":\"largeImage\",\"enabled\":\"1\",\"fields\":{\"image\":[\"13\"],\"backgroundImage\":[\"16\"],\"backgroundColor\":\"#000000\"}},\"17\":{\"type\":\"textTwoColumns\",\"enabled\":\"1\",\"fields\":{\"heading\":\"Strategy, Concept & UX\",\"intro\":\"The content of the new Orangina website was meantto be kept simple serving a few main purposes.\",\"body\":\"In general there were two main obectives, informing people about the available range of Orangina products and telling them about the history of Orangina as a brand. The homepage would then serve as a hub to these two objectives, as well as to the Orangina social channels.\",\"textColor\":\"#ffffff\",\"backgroundColor\":\"#fda519\"}},\"19\":{\"type\":\"video\",\"enabled\":\"1\",\"fields\":{\"coverImage\":\"\",\"video\":[\"18\"],\"backgroundColor\":\"#ffa600\"}},\"20\":{\"type\":\"textTwoColumns\",\"enabled\":\"1\",\"fields\":{\"heading\":\"Design elements\",\"intro\":\"Colors for the Orangina website were besides the brand\\u2019s Blue and Yellow, based on the labels of the different flavours. \",\"body\":\"\",\"textColor\":\"#000000\",\"backgroundColor\":\"#ffffff\"}},\"22\":{\"type\":\"largeImage\",\"enabled\":\"1\",\"fields\":{\"image\":[\"21\"],\"backgroundImage\":\"\",\"backgroundColor\":\"#ffffff\"}},\"23\":{\"type\":\"textWithImage\",\"enabled\":\"1\",\"fields\":{\"heading\":\"Iconography\",\"intro\":\"To add on the playfull, quirky identity of Orangina, we created an iconset that was used throughout the website.\",\"body\":\"Our hands on mentality can be found throughout the whole process. We bring ideas to life early. We prototype to keep improving along the way. \",\"image\":[\"24\"],\"textColor\":\"#000000\",\"backgroundColor\":\"#ffffff\",\"imagePosition\":\"right\"}},\"25\":{\"type\":\"textTwoColumns\",\"enabled\":\"1\",\"fields\":{\"heading\":\"Final Designs\",\"intro\":\"The content of the new Orangina website was meantto be kept simple serving a few main purposes.\",\"body\":\"In general there were two main obectives, informing people about the available range of Orangina products and telling them about the history of Orangina as a brand. The homepage would then serve as a hub to these two objectives, as well as to the Orangina social channels.\",\"textColor\":\"#ffffff\",\"backgroundColor\":\"#092865\"}},\"29\":{\"type\":\"imageGallery\",\"enabled\":\"1\",\"fields\":{\"images\":[\"26\",\"28\",\"27\"],\"backgroundColor\":\"#092865\"}}},\"41\":\"Orangina\",\"31\":\"\",\"40\":\"\",\"39\":\"A quirky new online appearance for a soda brand \",\"36\":{\"30\":{\"type\":\"honour\",\"enabled\":\"1\",\"fields\":{\"honorName\":\"FWA SOTD\",\"logo\":[\"32\"]}}},\"43\":\"responsiveWebsite\",\"42\":\"\",\"34\":\"\"}}', '2016-02-29 09:58:11', '2016-02-29 09:58:11', 'd222ae8b-1bd7-4c65-bb2a-0b61e281625b'),
 ('40', '10', '3', '1', 'en_us', '30', '', '{\"typeId\":\"3\",\"authorId\":\"1\",\"title\":\"Orangina global website\",\"slug\":\"orangina\",\"postDate\":1456411320,\"expiryDate\":null,\"enabled\":1,\"parentId\":null,\"fields\":{\"3\":{\"12\":{\"type\":\"textFullWidth\",\"enabled\":\"1\",\"fields\":{\"body\":\"Orangina refreshed their brand identity Achtung!\\/Kraftwerk wastasked to extend their newbrand identity to a fresh online experience. \",\"textColor\":\"#000000\",\"backgroundColor\":\"#ffffff\"}},\"14\":{\"type\":\"largeImage\",\"enabled\":\"1\",\"fields\":{\"image\":[\"13\"],\"backgroundImage\":[\"16\"],\"backgroundColor\":\"#000000\"}},\"17\":{\"type\":\"textTwoColumns\",\"enabled\":\"1\",\"fields\":{\"heading\":\"Strategy, Concept & UX\",\"intro\":\"The content of the new Orangina website was meantto be kept simple serving a few main purposes.\",\"body\":\"In general there were two main obectives, informing people about the available range of Orangina products and telling them about the history of Orangina as a brand. The homepage would then serve as a hub to these two objectives, as well as to the Orangina social channels.\",\"textColor\":\"#ffffff\",\"backgroundColor\":\"#fda519\"}},\"19\":{\"type\":\"video\",\"enabled\":\"1\",\"fields\":{\"coverImage\":\"\",\"video\":[\"18\"],\"backgroundColor\":\"#ffa600\"}},\"20\":{\"type\":\"textTwoColumns\",\"enabled\":\"1\",\"fields\":{\"heading\":\"Design elements\",\"intro\":\"Colors for the Orangina website were besides the brand\\u2019s Blue and Yellow, based on the labels of the different flavours. \",\"body\":\"\",\"textColor\":\"#000000\",\"backgroundColor\":\"#ffffff\"}},\"22\":{\"type\":\"largeImage\",\"enabled\":\"1\",\"fields\":{\"image\":[\"21\"],\"backgroundImage\":\"\",\"backgroundColor\":\"#ffffff\"}},\"23\":{\"type\":\"textWithImage\",\"enabled\":\"1\",\"fields\":{\"heading\":\"Iconography\",\"intro\":\"To add on the playfull, quirky identity of Orangina, we created an iconset that was used throughout the website.\",\"body\":\"Our hands on mentality can be found throughout the whole process. We bring ideas to life early. We prototype to keep improving along the way. \",\"image\":[\"24\"],\"textColor\":\"#000000\",\"backgroundColor\":\"#ffffff\",\"imagePosition\":\"right\"}},\"25\":{\"type\":\"textTwoColumns\",\"enabled\":\"1\",\"fields\":{\"heading\":\"Final Designs\",\"intro\":\"The content of the new Orangina website was meantto be kept simple serving a few main purposes.\",\"body\":\"In general there were two main obectives, informing people about the available range of Orangina products and telling them about the history of Orangina as a brand. The homepage would then serve as a hub to these two objectives, as well as to the Orangina social channels.\",\"textColor\":\"#ffffff\",\"backgroundColor\":\"#092865\"}},\"29\":{\"type\":\"imageGallery\",\"enabled\":\"1\",\"fields\":{\"images\":[\"26\",\"28\",\"27\"],\"backgroundColor\":\"#092865\"}}},\"41\":\"Orangina\",\"31\":\"\",\"40\":\"\",\"39\":\"A quirky new online appearance for a soda brand \",\"36\":{\"30\":{\"type\":\"honour\",\"enabled\":\"1\",\"fields\":{\"honorName\":\"FWA SOTD\",\"logo\":[\"32\"]}},\"new1\":{\"type\":\"honour\",\"enabled\":\"1\",\"fields\":{\"honorName\":\"FWA MOTD\",\"logo\":[\"32\"]}},\"new2\":{\"type\":\"honour\",\"enabled\":\"1\",\"fields\":{\"honorName\":\"AWWWARDS SOTD\",\"logo\":[\"33\"]}}},\"43\":\"responsiveWebsite\",\"42\":\"\",\"34\":\"\"}}', '2016-02-29 10:00:59', '2016-02-29 10:00:59', 'd33f5816-eaf8-42b9-bc7c-5e2ff650dc83'),
 ('41', '10', '3', '1', 'en_us', '31', '', '{\"typeId\":\"3\",\"authorId\":\"1\",\"title\":\"Orangina global website\",\"slug\":\"orangina\",\"postDate\":1456411320,\"expiryDate\":null,\"enabled\":1,\"parentId\":null,\"fields\":{\"3\":{\"12\":{\"type\":\"textFullWidth\",\"enabled\":\"1\",\"fields\":{\"body\":\"Orangina refreshed their brand identity Achtung!\\/Kraftwerk wastasked to extend their newbrand identity to a fresh online experience. \",\"textColor\":\"#000000\",\"backgroundColor\":\"#ffffff\"}},\"14\":{\"type\":\"largeImage\",\"enabled\":\"1\",\"fields\":{\"image\":[\"13\"],\"backgroundImage\":[\"16\"],\"backgroundColor\":\"#000000\"}},\"17\":{\"type\":\"textTwoColumns\",\"enabled\":\"1\",\"fields\":{\"heading\":\"Strategy, Concept & UX\",\"intro\":\"The content of the new Orangina website was meantto be kept simple serving a few main purposes.\",\"body\":\"In general there were two main obectives, informing people about the available range of Orangina products and telling them about the history of Orangina as a brand. The homepage would then serve as a hub to these two objectives, as well as to the Orangina social channels.\",\"textColor\":\"#ffffff\",\"backgroundColor\":\"#fda519\"}},\"19\":{\"type\":\"video\",\"enabled\":\"1\",\"fields\":{\"coverImage\":\"\",\"video\":[\"18\"],\"backgroundColor\":\"#ffa600\"}},\"20\":{\"type\":\"textTwoColumns\",\"enabled\":\"1\",\"fields\":{\"heading\":\"Design elements\",\"intro\":\"Colors for the Orangina website were besides the brand\\u2019s Blue and Yellow, based on the labels of the different flavours. \",\"body\":\"\",\"textColor\":\"#000000\",\"backgroundColor\":\"#ffffff\"}},\"22\":{\"type\":\"largeImage\",\"enabled\":\"1\",\"fields\":{\"image\":[\"21\"],\"backgroundImage\":\"\",\"backgroundColor\":\"#ffffff\"}},\"23\":{\"type\":\"textWithImage\",\"enabled\":\"1\",\"fields\":{\"heading\":\"Iconography\",\"intro\":\"To add on the playfull, quirky identity of Orangina, we created an iconset that was used throughout the website.\",\"body\":\"Our hands on mentality can be found throughout the whole process. We bring ideas to life early. We prototype to keep improving along the way. \",\"image\":[\"24\"],\"textColor\":\"#000000\",\"backgroundColor\":\"#ffffff\",\"imagePosition\":\"right\"}},\"25\":{\"type\":\"textTwoColumns\",\"enabled\":\"1\",\"fields\":{\"heading\":\"Final Designs\",\"intro\":\"The content of the new Orangina website was meantto be kept simple serving a few main purposes.\",\"body\":\"In general there were two main obectives, informing people about the available range of Orangina products and telling them about the history of Orangina as a brand. The homepage would then serve as a hub to these two objectives, as well as to the Orangina social channels.\",\"textColor\":\"#ffffff\",\"backgroundColor\":\"#092865\"}},\"29\":{\"type\":\"imageGallery\",\"enabled\":\"1\",\"fields\":{\"images\":[\"26\",\"28\",\"27\"],\"backgroundColor\":\"#092865\"}}},\"41\":\"Orangina\",\"31\":{\"new1\":{\"type\":\"item\",\"enabled\":\"1\",\"fields\":{\"role\":\"Development\",\"contributorName\":\"Inalise B.V.\"}}},\"40\":\"\",\"39\":\"A quirky new online appearance for a soda brand \",\"36\":{\"30\":{\"type\":\"honour\",\"enabled\":\"1\",\"fields\":{\"honorName\":\"FWA SOTD\",\"logo\":[\"32\"]}},\"34\":{\"type\":\"honour\",\"enabled\":\"1\",\"fields\":{\"honorName\":\"FWA MOTD\",\"logo\":[\"32\"]}},\"35\":{\"type\":\"honour\",\"enabled\":\"1\",\"fields\":{\"honorName\":\"Awwwards SOTD\",\"logo\":[\"33\"]}}},\"43\":\"responsiveWebsite\",\"42\":\"\",\"34\":{\"new1\":{\"type\":\"role\",\"enabled\":\"1\",\"fields\":{\"role\":\"Interaction design\"}},\"new2\":{\"type\":\"role\",\"enabled\":\"1\",\"fields\":{\"role\":\"UX Design\"}},\"new3\":{\"type\":\"role\",\"enabled\":\"1\",\"fields\":{\"role\":\"Creative direction\"}},\"new4\":{\"type\":\"role\",\"enabled\":\"1\",\"fields\":{\"role\":\"Concept\"}},\"new5\":{\"type\":\"role\",\"enabled\":\"1\",\"fields\":{\"role\":\"Strategy\"}}}}}', '2016-02-29 10:03:07', '2016-02-29 10:03:07', '6884f669-0764-464a-9a7e-fa514034ad56'),
 ('42', '10', '3', '1', 'en_us', '32', '', '{\"typeId\":\"3\",\"authorId\":\"1\",\"title\":\"Orangina global website\",\"slug\":\"orangina\",\"postDate\":1456411320,\"expiryDate\":null,\"enabled\":1,\"parentId\":null,\"fields\":{\"3\":{\"12\":{\"type\":\"textFullWidth\",\"enabled\":\"1\",\"fields\":{\"body\":\"Orangina refreshed their brand identity Achtung!\\/Kraftwerk wastasked to extend their newbrand identity to a fresh online experience. \",\"textColor\":\"#000000\",\"backgroundColor\":\"#ffffff\"}},\"14\":{\"type\":\"largeImage\",\"enabled\":\"1\",\"fields\":{\"image\":[\"13\"],\"backgroundImage\":[\"16\"],\"backgroundColor\":\"#000000\"}},\"17\":{\"type\":\"textTwoColumns\",\"enabled\":\"1\",\"fields\":{\"heading\":\"Strategy, Concept & UX\",\"intro\":\"The content of the new Orangina website was meantto be kept simple serving a few main purposes.\",\"body\":\"In general there were two main obectives, informing people about the available range of Orangina products and telling them about the history of Orangina as a brand. The homepage would then serve as a hub to these two objectives, as well as to the Orangina social channels.\",\"textColor\":\"#ffffff\",\"backgroundColor\":\"#fda519\"}},\"19\":{\"type\":\"video\",\"enabled\":\"1\",\"fields\":{\"coverImage\":\"\",\"video\":[\"18\"],\"backgroundColor\":\"#ffa600\"}},\"20\":{\"type\":\"textTwoColumns\",\"enabled\":\"1\",\"fields\":{\"heading\":\"Design elements\",\"intro\":\"Colors for the Orangina website were besides the brand\\u2019s Blue and Yellow, based on the labels of the different flavours. \",\"body\":\"\",\"textColor\":\"#000000\",\"backgroundColor\":\"#ffffff\"}},\"22\":{\"type\":\"largeImage\",\"enabled\":\"1\",\"fields\":{\"image\":[\"21\"],\"backgroundImage\":\"\",\"backgroundColor\":\"#ffffff\"}},\"23\":{\"type\":\"textWithImage\",\"enabled\":\"1\",\"fields\":{\"heading\":\"Iconography\",\"intro\":\"To add on the playfull, quirky identity of Orangina, we created an iconset that was used throughout the website.\",\"body\":\"Our hands on mentality can be found throughout the whole process. We bring ideas to life early. We prototype to keep improving along the way. \",\"image\":[\"24\"],\"textColor\":\"#000000\",\"backgroundColor\":\"#ffffff\",\"imagePosition\":\"right\"}},\"25\":{\"type\":\"textTwoColumns\",\"enabled\":\"1\",\"fields\":{\"heading\":\"Final Designs\",\"intro\":\"The content of the new Orangina website was meantto be kept simple serving a few main purposes.\",\"body\":\"In general there were two main obectives, informing people about the available range of Orangina products and telling them about the history of Orangina as a brand. The homepage would then serve as a hub to these two objectives, as well as to the Orangina social channels.\",\"textColor\":\"#ffffff\",\"backgroundColor\":\"#092865\"}},\"29\":{\"type\":\"imageGallery\",\"enabled\":\"1\",\"fields\":{\"images\":[\"26\",\"28\",\"27\"],\"backgroundColor\":\"#092865\"}}},\"41\":\"Orangina\",\"31\":{\"36\":{\"type\":\"item\",\"enabled\":\"1\",\"fields\":{\"role\":\"Development\",\"contributorName\":\"Inalise B.V.\"}}},\"40\":\"\",\"39\":\"A quirky new online appearance for a soda brand \",\"36\":{\"30\":{\"type\":\"honour\",\"enabled\":\"1\",\"fields\":{\"honorName\":\"FWA SOTD\",\"logo\":[\"32\"]}},\"34\":{\"type\":\"honour\",\"enabled\":\"1\",\"fields\":{\"honorName\":\"FWA MOTD\",\"logo\":[\"32\"]}},\"35\":{\"type\":\"honour\",\"enabled\":\"1\",\"fields\":{\"honorName\":\"Awwwards SOTD\",\"logo\":[\"33\"]}}},\"43\":\"responsiveWebsite\",\"42\":\"http:\\/\\/orangina.eu\\/\",\"34\":{\"37\":{\"type\":\"role\",\"enabled\":\"1\",\"fields\":{\"role\":\"Interaction design\"}},\"38\":{\"type\":\"role\",\"enabled\":\"1\",\"fields\":{\"role\":\"UX Design\"}},\"39\":{\"type\":\"role\",\"enabled\":\"1\",\"fields\":{\"role\":\"Creative direction\"}},\"40\":{\"type\":\"role\",\"enabled\":\"1\",\"fields\":{\"role\":\"Concept\"}},\"41\":{\"type\":\"role\",\"enabled\":\"1\",\"fields\":{\"role\":\"Strategy\"}}}}}', '2016-02-29 10:18:44', '2016-02-29 10:18:44', '53f005c0-ab6d-4c72-b139-1c2ae0182282'),
 ('43', '10', '3', '1', 'en_us', '33', '', '{\"typeId\":\"3\",\"authorId\":\"1\",\"title\":\"Orangina global website\",\"slug\":\"orangina\",\"postDate\":1456411320,\"expiryDate\":null,\"enabled\":1,\"parentId\":null,\"fields\":{\"3\":{\"12\":{\"type\":\"textFullWidth\",\"enabled\":\"1\",\"fields\":{\"body\":\"Orangina refreshed their brand identity Achtung!\\/Kraftwerk wastasked to extend their newbrand identity to a fresh online experience. \",\"textColor\":\"#000000\",\"backgroundColor\":\"#ffffff\"}},\"14\":{\"type\":\"largeImage\",\"enabled\":\"1\",\"fields\":{\"image\":[\"13\"],\"backgroundImage\":[\"16\"],\"backgroundColor\":\"#000000\"}},\"17\":{\"type\":\"textTwoColumns\",\"enabled\":\"1\",\"fields\":{\"heading\":\"Strategy, Concept & UX\",\"intro\":\"The content of the new Orangina website was meantto be kept simple serving a few main purposes.\",\"body\":\"In general there were two main obectives, informing people about the available range of Orangina products and telling them about the history of Orangina as a brand. The homepage would then serve as a hub to these two objectives, as well as to the Orangina social channels.\",\"textColor\":\"#ffffff\",\"backgroundColor\":\"#fda519\"}},\"19\":{\"type\":\"video\",\"enabled\":\"1\",\"fields\":{\"coverImage\":\"\",\"video\":[\"18\"],\"backgroundColor\":\"#ffa600\"}},\"20\":{\"type\":\"textTwoColumns\",\"enabled\":\"1\",\"fields\":{\"heading\":\"Design elements\",\"intro\":\"Colors for the Orangina website were besides the brand\\u2019s Blue and Yellow, based on the labels of the different flavours. \",\"body\":\"\",\"textColor\":\"#000000\",\"backgroundColor\":\"#ffffff\"}},\"22\":{\"type\":\"largeImage\",\"enabled\":\"1\",\"fields\":{\"image\":[\"21\"],\"backgroundImage\":\"\",\"backgroundColor\":\"#ffffff\"}},\"23\":{\"type\":\"textWithImage\",\"enabled\":\"1\",\"fields\":{\"heading\":\"Iconography\",\"intro\":\"To add on the playfull, quirky identity of Orangina, we created an iconset that was used throughout the website.\",\"body\":\"Our hands on mentality can be found throughout the whole process. We bring ideas to life early. We prototype to keep improving along the way. \",\"image\":[\"24\"],\"textColor\":\"#000000\",\"backgroundColor\":\"#ffffff\",\"imagePosition\":\"right\"}},\"25\":{\"type\":\"textTwoColumns\",\"enabled\":\"1\",\"fields\":{\"heading\":\"Final Designs\",\"intro\":\"The content of the new Orangina website was meantto be kept simple serving a few main purposes.\",\"body\":\"In general there were two main obectives, informing people about the available range of Orangina products and telling them about the history of Orangina as a brand. The homepage would then serve as a hub to these two objectives, as well as to the Orangina social channels.\",\"textColor\":\"#ffffff\",\"backgroundColor\":\"#092865\"}},\"29\":{\"type\":\"imageGallery\",\"enabled\":\"1\",\"fields\":{\"images\":[\"26\",\"28\",\"27\"],\"backgroundColor\":\"#092865\"}}},\"41\":\"Orangina\",\"31\":{\"36\":{\"type\":\"item\",\"enabled\":\"1\",\"fields\":{\"role\":\"Development\",\"contributorName\":\"Inalise B.V.\"}}},\"40\":\"\",\"39\":\"A quirky new online appearance for a soda brand \",\"36\":{\"30\":{\"type\":\"honour\",\"enabled\":\"1\",\"fields\":{\"honorName\":\"FWA SOTD\",\"logo\":[\"32\"]}},\"34\":{\"type\":\"honour\",\"enabled\":\"1\",\"fields\":{\"honorName\":\"FWA MOTD\",\"logo\":[\"32\"]}},\"35\":{\"type\":\"honour\",\"enabled\":\"1\",\"fields\":{\"honorName\":\"Awwwards SOTD\",\"logo\":[\"33\"]}}},\"43\":\"Responsive Website\",\"42\":\"http:\\/\\/orangina.eu\\/\",\"34\":{\"37\":{\"type\":\"role\",\"enabled\":\"1\",\"fields\":{\"role\":\"Interaction design\"}},\"38\":{\"type\":\"role\",\"enabled\":\"1\",\"fields\":{\"role\":\"UX Design\"}},\"39\":{\"type\":\"role\",\"enabled\":\"1\",\"fields\":{\"role\":\"Creative direction\"}},\"40\":{\"type\":\"role\",\"enabled\":\"1\",\"fields\":{\"role\":\"Concept\"}},\"41\":{\"type\":\"role\",\"enabled\":\"1\",\"fields\":{\"role\":\"Strategy\"}}}}}', '2016-02-29 10:22:17', '2016-02-29 10:22:17', '670e2896-1354-4721-bd47-9102f8fd6b31'),
 ('44', '8', '3', '1', 'en_us', '2', '', '{\"typeId\":\"3\",\"authorId\":\"1\",\"title\":\"Passat 500\",\"slug\":\"passat-500\",\"postDate\":1456410780,\"expiryDate\":null,\"enabled\":1,\"parentId\":null,\"fields\":{\"3\":{\"new1\":{\"type\":\"textWithImage\",\"enabled\":\"1\",\"fields\":{\"heading\":\"\",\"intro\":\"\",\"body\":\"\",\"image\":[\"44\"],\"textColor\":\"#000000\",\"backgroundColor\":\"#000000\",\"imagePosition\":\"left\"}}},\"41\":\"\",\"31\":{\"9\":{\"type\":\"item\",\"enabled\":\"1\",\"fields\":{\"role\":\"Interaction Design\",\"contributorName\":\"Superhero Cheesecake\"}}},\"40\":\"\",\"39\":\"\",\"36\":\"\",\"43\":\"\",\"42\":\"\",\"34\":\"\"}}', '2016-02-29 10:52:31', '2016-02-29 10:52:31', 'cdbb3d9a-c761-489e-ab46-36f556574c15'),
 ('45', '8', '3', '1', 'en_us', '3', '', '{\"typeId\":\"3\",\"authorId\":\"1\",\"title\":\"Passat 500\",\"slug\":\"passat-500\",\"postDate\":1456410780,\"expiryDate\":null,\"enabled\":1,\"parentId\":null,\"fields\":{\"3\":{\"45\":{\"type\":\"textWithImage\",\"enabled\":\"1\",\"fields\":{\"heading\":\"\",\"intro\":\"\",\"body\":\"\",\"image\":[\"46\"],\"textColor\":\"#000000\",\"backgroundColor\":\"#000000\",\"imagePosition\":\"left\"}}},\"41\":\"\",\"31\":{\"9\":{\"type\":\"item\",\"enabled\":\"1\",\"fields\":{\"role\":\"Interaction Design\",\"contributorName\":\"Superhero Cheesecake\"}}},\"40\":\"\",\"39\":\"\",\"36\":\"\",\"43\":\"\",\"42\":\"\",\"34\":\"\"}}', '2016-02-29 10:53:46', '2016-02-29 10:53:46', '547cfbf9-372f-4701-a41a-971d2de2d1a1'),
 ('46', '49', '3', '1', 'en_us', '1', '', '{\"typeId\":null,\"authorId\":\"1\",\"title\":\"sdfsdfds\",\"slug\":\"sdfsdfds\",\"postDate\":1456743285,\"expiryDate\":null,\"enabled\":1,\"parentId\":null,\"fields\":{\"3\":{\"new1\":{\"type\":\"textWithImage\",\"enabled\":\"1\",\"fields\":{\"heading\":\"\",\"intro\":\"\",\"body\":\"\",\"image\":[\"48\"],\"textColor\":\"#000000\",\"backgroundColor\":\"#000000\",\"imagePosition\":\"left\"}}},\"41\":\"\",\"31\":\"\",\"40\":\"\",\"39\":\"sdfsfd\",\"36\":\"\",\"43\":\"\",\"42\":\"\",\"34\":\"\"}}', '2016-02-29 10:54:45', '2016-02-29 10:54:45', 'a938c0f3-5b14-4205-8dee-4cfa7be2acce'),
 ('47', '8', '3', '1', 'en_us', '4', '', '{\"typeId\":\"3\",\"authorId\":\"1\",\"title\":\"Passat 500\",\"slug\":\"passat-500\",\"postDate\":1456410780,\"expiryDate\":null,\"enabled\":1,\"parentId\":null,\"fields\":{\"3\":{\"45\":{\"type\":\"textWithImage\",\"enabled\":\"1\",\"fields\":{\"heading\":\"\",\"intro\":\"\",\"body\":\"\",\"image\":[\"51\"],\"textColor\":\"#000000\",\"backgroundColor\":\"#000000\",\"imagePosition\":\"left\"}}},\"41\":\"\",\"31\":{\"9\":{\"type\":\"item\",\"enabled\":\"1\",\"fields\":{\"role\":\"Interaction Design\",\"contributorName\":\"Superhero Cheesecake\"}}},\"40\":\"\",\"39\":\"\",\"36\":\"\",\"43\":\"\",\"42\":\"\",\"34\":\"\"}}', '2016-02-29 10:57:29', '2016-02-29 10:57:29', 'ab2e2fbb-a0e5-40c0-b478-43d23bddf8aa'),
 ('48', '10', '3', '1', 'en_us', '34', '', '{\"typeId\":\"3\",\"authorId\":\"1\",\"title\":\"Orangina global website\",\"slug\":\"orangina\",\"postDate\":1456411320,\"expiryDate\":null,\"enabled\":1,\"parentId\":null,\"fields\":{\"3\":{\"12\":{\"type\":\"textFullWidth\",\"enabled\":\"1\",\"fields\":{\"body\":\"Orangina refreshed their brand identity Achtung!\\/Kraftwerk wastasked to extend their newbrand identity to a fresh online experience. \",\"textColor\":\"#000000\",\"backgroundColor\":\"#ffffff\"}},\"14\":{\"type\":\"largeImage\",\"enabled\":\"1\",\"fields\":{\"image\":[\"13\"],\"backgroundImage\":[\"16\"],\"backgroundColor\":\"#000000\"}},\"17\":{\"type\":\"textTwoColumns\",\"enabled\":\"1\",\"fields\":{\"heading\":\"Strategy, Concept & UX\",\"intro\":\"The content of the new Orangina website was meantto be kept simple serving a few main purposes.\",\"body\":\"In general there were two main obectives, informing people about the available range of Orangina products and telling them about the history of Orangina as a brand. The homepage would then serve as a hub to these two objectives, as well as to the Orangina social channels.\",\"textColor\":\"#ffffff\",\"backgroundColor\":\"#fda519\"}},\"19\":{\"type\":\"video\",\"enabled\":\"1\",\"fields\":{\"coverImage\":\"\",\"video\":[\"18\"],\"backgroundColor\":\"#ffa600\"}},\"20\":{\"type\":\"textTwoColumns\",\"enabled\":\"1\",\"fields\":{\"heading\":\"Design elements\",\"intro\":\"Colors for the Orangina website were besides the brand\\u2019s Blue and Yellow, based on the labels of the different flavours. \",\"body\":\"\",\"textColor\":\"#000000\",\"backgroundColor\":\"#ffffff\"}},\"22\":{\"type\":\"largeImage\",\"enabled\":\"1\",\"fields\":{\"image\":[\"21\"],\"backgroundImage\":\"\",\"backgroundColor\":\"#ffffff\"}},\"23\":{\"type\":\"textWithImage\",\"enabled\":\"1\",\"fields\":{\"heading\":\"Iconography\",\"intro\":\"To add on the playfull, quirky identity of Orangina, we created an iconset that was used throughout the website.\",\"body\":\"Our hands on mentality can be found throughout the whole process. We bring ideas to life early. We prototype to keep improving along the way. \",\"image\":[\"24\"],\"textColor\":\"#000000\",\"backgroundColor\":\"#ffffff\",\"imagePosition\":\"right\"}},\"25\":{\"type\":\"textTwoColumns\",\"enabled\":\"1\",\"fields\":{\"heading\":\"Final Designs\",\"intro\":\"The content of the new Orangina website was meantto be kept simple serving a few main purposes.\",\"body\":\"In general there were two main obectives, informing people about the available range of Orangina products and telling them about the history of Orangina as a brand. The homepage would then serve as a hub to these two objectives, as well as to the Orangina social channels.\",\"textColor\":\"#ffffff\",\"backgroundColor\":\"#092865\"}},\"29\":{\"type\":\"imageGallery\",\"enabled\":\"1\",\"fields\":{\"images\":[\"26\",\"28\",\"27\"],\"backgroundColor\":\"#092865\"}}},\"41\":\"Orangina\",\"31\":{\"36\":{\"type\":\"item\",\"enabled\":\"1\",\"fields\":{\"role\":\"Development\",\"contributorName\":\"Inalise B.V.\"}}},\"40\":\"\",\"39\":\"A quirky new online appearance for a soda brand\",\"36\":{\"30\":{\"type\":\"honour\",\"enabled\":\"1\",\"fields\":{\"honorName\":\"FWA SOTD\",\"logo\":[\"32\"]}},\"34\":{\"type\":\"honour\",\"enabled\":\"1\",\"fields\":{\"honorName\":\"FWA MOTD\",\"logo\":[\"32\"]}},\"35\":{\"type\":\"honour\",\"enabled\":\"1\",\"fields\":{\"honorName\":\"Awwwards SOTD\",\"logo\":[\"33\"]}}},\"43\":\"Responsive Website\",\"42\":\"http:\\/\\/orangina.eu\\/\",\"34\":{\"37\":{\"type\":\"role\",\"enabled\":\"1\",\"fields\":{\"role\":\"Interaction design\"}},\"38\":{\"type\":\"role\",\"enabled\":\"1\",\"fields\":{\"role\":\"UX Design\"}},\"39\":{\"type\":\"role\",\"enabled\":\"1\",\"fields\":{\"role\":\"Creative direction\"}},\"40\":{\"type\":\"role\",\"enabled\":\"1\",\"fields\":{\"role\":\"Concept\"}},\"41\":{\"type\":\"role\",\"enabled\":\"1\",\"fields\":{\"role\":\"Strategy\"}}}}}', '2016-02-29 11:00:23', '2016-02-29 11:00:23', '6af8e0ca-520e-4daa-836f-884c133439e6'),
 ('49', '10', '3', '1', 'en_us', '35', '', '{\"typeId\":\"3\",\"authorId\":\"1\",\"title\":\"Orangina global website\",\"slug\":\"orangina\",\"postDate\":1456411320,\"expiryDate\":null,\"enabled\":1,\"parentId\":null,\"fields\":{\"3\":{\"12\":{\"type\":\"textFullWidth\",\"enabled\":\"1\",\"fields\":{\"body\":\"Orangina refreshed their brand identity Achtung!\\/Kraftwerk wastasked to extend their newbrand identity to a fresh online experience. \",\"textColor\":\"#000000\",\"backgroundColor\":\"#ffffff\"}},\"14\":{\"type\":\"largeImage\",\"enabled\":\"1\",\"fields\":{\"image\":[\"13\"],\"backgroundImage\":[\"16\"],\"backgroundColor\":\"#000000\"}},\"17\":{\"type\":\"textTwoColumns\",\"enabled\":\"1\",\"fields\":{\"heading\":\"Strategy, Concept & UX\",\"intro\":\"The content of the new Orangina website was meantto be kept simple serving a few main purposes.\",\"body\":\"In general there were two main obectives, informing people about the available range of Orangina products and telling them about the history of Orangina as a brand. The homepage would then serve as a hub to these two objectives, as well as to the Orangina social channels.\",\"textColor\":\"#ffffff\",\"backgroundColor\":\"#fda519\"}},\"19\":{\"type\":\"video\",\"enabled\":\"1\",\"fields\":{\"coverImage\":\"\",\"video\":[\"18\"],\"backgroundColor\":\"#ffa600\"}},\"20\":{\"type\":\"textTwoColumns\",\"enabled\":\"1\",\"fields\":{\"heading\":\"Design elements\",\"intro\":\"Colors for the Orangina website were besides the brand\\u2019s Blue and Yellow, based on the labels of the different flavours. \",\"body\":\"\",\"textColor\":\"#000000\",\"backgroundColor\":\"#ffffff\"}},\"22\":{\"type\":\"largeImage\",\"enabled\":\"1\",\"fields\":{\"image\":[\"21\"],\"backgroundImage\":\"\",\"backgroundColor\":\"#ffffff\"}},\"23\":{\"type\":\"textWithImage\",\"enabled\":\"1\",\"fields\":{\"heading\":\"Iconography\",\"intro\":\"To add on the playfull, quirky identity of Orangina, we created an iconset that was used throughout the website.\",\"body\":\"Our hands on mentality can be found throughout the whole process. We bring ideas to life early. We prototype to keep improving along the way. \",\"image\":[\"24\"],\"textColor\":\"#000000\",\"backgroundColor\":\"#ffffff\",\"imagePosition\":\"right\",\"paddingTop\":\"50\"}},\"25\":{\"type\":\"textTwoColumns\",\"enabled\":\"1\",\"fields\":{\"heading\":\"Final Designs\",\"intro\":\"The content of the new Orangina website was meantto be kept simple serving a few main purposes.\",\"body\":\"In general there were two main obectives, informing people about the available range of Orangina products and telling them about the history of Orangina as a brand. The homepage would then serve as a hub to these two objectives, as well as to the Orangina social channels.\",\"textColor\":\"#ffffff\",\"backgroundColor\":\"#092865\"}},\"29\":{\"type\":\"imageGallery\",\"enabled\":\"1\",\"fields\":{\"images\":[\"26\",\"28\",\"27\"],\"backgroundColor\":\"#092865\"}}},\"41\":\"Orangina\",\"31\":{\"36\":{\"type\":\"item\",\"enabled\":\"1\",\"fields\":{\"role\":\"Development\",\"contributorName\":\"Inalise B.V.\"}}},\"40\":\"\",\"39\":\"A quirky new online appearance for a soda brand\",\"36\":{\"30\":{\"type\":\"honour\",\"enabled\":\"1\",\"fields\":{\"honorName\":\"FWA SOTD\",\"logo\":[\"32\"]}},\"34\":{\"type\":\"honour\",\"enabled\":\"1\",\"fields\":{\"honorName\":\"FWA MOTD\",\"logo\":[\"32\"]}},\"35\":{\"type\":\"honour\",\"enabled\":\"1\",\"fields\":{\"honorName\":\"Awwwards SOTD\",\"logo\":[\"33\"]}}},\"43\":\"Responsive Website\",\"42\":\"http:\\/\\/orangina.eu\\/\",\"34\":{\"37\":{\"type\":\"role\",\"enabled\":\"1\",\"fields\":{\"role\":\"Interaction design\"}},\"38\":{\"type\":\"role\",\"enabled\":\"1\",\"fields\":{\"role\":\"UX Design\"}},\"39\":{\"type\":\"role\",\"enabled\":\"1\",\"fields\":{\"role\":\"Creative direction\"}},\"40\":{\"type\":\"role\",\"enabled\":\"1\",\"fields\":{\"role\":\"Concept\"}},\"41\":{\"type\":\"role\",\"enabled\":\"1\",\"fields\":{\"role\":\"Strategy\"}}}}}', '2016-02-29 11:06:44', '2016-02-29 11:06:44', '04d76975-849c-4546-bdf9-8a57bb4120bd');



DROP TABLE IF EXISTS `craft_fieldgroups`;


--
-- Schema for table `craft_fieldgroups`
--
CREATE TABLE `craft_fieldgroups` (
  `id` int(11) NOT NULL AUTO_INCREMENT,
  `name` varchar(255) COLLATE utf8_unicode_ci NOT NULL,
  `dateCreated` datetime NOT NULL,
  `dateUpdated` datetime NOT NULL,
  `uid` char(36) COLLATE utf8_unicode_ci NOT NULL DEFAULT '0',
  PRIMARY KEY (`id`),
  UNIQUE KEY `craft_fieldgroups_name_unq_idx` (`name`)
) ENGINE=InnoDB AUTO_INCREMENT=4 DEFAULT CHARSET=utf8 COLLATE=utf8_unicode_ci;

--
-- Data for table `craft_fieldgroups`
--

INSERT INTO `craft_fieldgroups` (`id`, `name`, `dateCreated`, `dateUpdated`, `uid`) VALUES
 ('1', 'Default', '2016-02-25 11:25:17', '2016-02-25 11:25:17', 'd959f1ae-b54d-482d-964b-dc2c7eff5dae'),
 ('2', 'Cases', '2016-02-25 13:50:50', '2016-02-25 13:50:50', '30ac7b5d-453d-40dd-8378-c7fce4f98bd7'),
 ('3', 'Homepage', '2016-02-25 14:00:37', '2016-02-25 14:00:37', 'b7177952-a291-4098-a4be-41ccd6272d19');



DROP TABLE IF EXISTS `craft_fieldlayoutfields`;


--
-- Schema for table `craft_fieldlayoutfields`
--
CREATE TABLE `craft_fieldlayoutfields` (
  `id` int(11) NOT NULL AUTO_INCREMENT,
  `layoutId` int(11) NOT NULL,
  `tabId` int(11) NOT NULL,
  `fieldId` int(11) NOT NULL,
  `required` tinyint(1) unsigned NOT NULL DEFAULT '0',
  `sortOrder` smallint(6) unsigned DEFAULT NULL,
  `dateCreated` datetime NOT NULL,
  `dateUpdated` datetime NOT NULL,
  `uid` char(36) COLLATE utf8_unicode_ci NOT NULL DEFAULT '0',
  PRIMARY KEY (`id`),
  UNIQUE KEY `craft_fieldlayoutfields_layoutId_fieldId_unq_idx` (`layoutId`,`fieldId`),
  KEY `craft_fieldlayoutfields_sortOrder_idx` (`sortOrder`),
  KEY `craft_fieldlayoutfields_tabId_fk` (`tabId`),
  KEY `craft_fieldlayoutfields_fieldId_fk` (`fieldId`)
) ENGINE=InnoDB AUTO_INCREMENT=450 DEFAULT CHARSET=utf8 COLLATE=utf8_unicode_ci;

--
-- Data for table `craft_fieldlayoutfields`
--

INSERT INTO `craft_fieldlayoutfields` (`id`, `layoutId`, `tabId`, `fieldId`, `required`, `sortOrder`, `dateCreated`, `dateUpdated`, `uid`) VALUES
 ('11', '13', '5', '10', '0', '1', '2016-02-25 14:01:29', '2016-02-25 14:01:29', 'a4fa73fb-5bd9-434b-8a5f-127f842921a4'),
 ('73', '37', '26', '32', '1', '1', '2016-02-25 14:30:58', '2016-02-25 14:30:58', '73a77fac-2405-4b7f-b643-0185452a9476'),
 ('74', '37', '26', '33', '1', '2', '2016-02-25 14:30:58', '2016-02-25 14:30:58', '3e77f416-5a4d-4fa7-8b91-28a3a02a90c6'),
 ('75', '38', '27', '35', '1', '1', '2016-02-25 14:31:52', '2016-02-25 14:31:52', '6b981362-c419-4344-b14a-71cf92a9e829'),
 ('83', '42', '32', '39', '0', '1', '2016-02-25 14:40:00', '2016-02-25 14:40:00', '2a8ce2c8-6e4c-4d06-aa09-25d0fe52876a'),
 ('84', '42', '32', '40', '0', '2', '2016-02-25 14:40:00', '2016-02-25 14:40:00', '239561bc-962d-47d3-9d9b-6b4431b00c7d'),
 ('85', '42', '32', '41', '0', '3', '2016-02-25 14:40:00', '2016-02-25 14:40:00', '8aa805eb-ea56-4de1-b444-2e3a675440ac'),
 ('86', '42', '32', '43', '0', '4', '2016-02-25 14:40:00', '2016-02-25 14:40:00', 'bb44b816-cb5f-429c-9242-5dbce36d7371'),
 ('87', '42', '32', '42', '0', '5', '2016-02-25 14:40:00', '2016-02-25 14:40:00', '00689957-2aea-4ac7-965d-d0de4aa75431'),
 ('88', '42', '32', '31', '0', '6', '2016-02-25 14:40:00', '2016-02-25 14:40:00', '3560633b-d8dc-4695-99c3-51460bc25e79'),
 ('89', '42', '32', '34', '0', '7', '2016-02-25 14:40:00', '2016-02-25 14:40:00', 'f90f93be-d67d-4146-854d-404f75d4bb54'),
 ('90', '42', '32', '36', '0', '8', '2016-02-25 14:40:00', '2016-02-25 14:40:00', '04bda591-a700-4c9b-908d-9c1d3f5f6733'),
 ('91', '42', '33', '3', '0', '1', '2016-02-25 14:40:00', '2016-02-25 14:40:00', '128103fb-4925-43c2-83f2-d6abbc87cc7e'),
 ('235', '93', '74', '37', '0', '1', '2016-02-29 09:54:37', '2016-02-29 09:54:37', 'a540fe4d-a15f-49e7-ae4d-6214ad7e773c'),
 ('236', '93', '74', '38', '0', '2', '2016-02-29 09:54:37', '2016-02-29 09:54:37', '56853e4f-7194-493e-9879-a686871756c1'),
 ('418', '143', '123', '4', '0', '1', '2016-02-29 11:07:31', '2016-02-29 11:07:31', '79206e21-4f37-404a-b01a-deb3a6bc830e'),
 ('419', '143', '123', '5', '0', '2', '2016-02-29 11:07:31', '2016-02-29 11:07:31', 'a1b1199c-8306-4bee-9200-d2904e8b8046'),
 ('420', '143', '123', '6', '0', '3', '2016-02-29 11:07:31', '2016-02-29 11:07:31', '1a0bf594-ba5c-4da9-9c75-a351fc5b3ef8'),
 ('421', '143', '123', '7', '1', '4', '2016-02-29 11:07:31', '2016-02-29 11:07:31', 'de08df34-028d-4218-bc3a-f181d24ccb60'),
 ('422', '143', '123', '45', '1', '5', '2016-02-29 11:07:31', '2016-02-29 11:07:31', 'b5d3931e-933d-4fe4-a0cd-d32cf2bd3e19'),
 ('423', '143', '123', '8', '1', '6', '2016-02-29 11:07:31', '2016-02-29 11:07:31', 'f039d521-5a10-4aab-861c-3eb3c38ef601'),
 ('424', '143', '123', '9', '0', '7', '2016-02-29 11:07:31', '2016-02-29 11:07:31', '290aec87-9aed-4e71-9be6-d0dc31c86861'),
 ('425', '143', '123', '48', '0', '8', '2016-02-29 11:07:31', '2016-02-29 11:07:31', 'f1494ada-dd72-4ad1-a1fa-aa6f0360c9ff'),
 ('426', '143', '123', '49', '0', '9', '2016-02-29 11:07:31', '2016-02-29 11:07:31', 'b1a0e7ad-2e28-4fe9-9c6f-526eb9d3596c'),
 ('427', '144', '124', '11', '1', '1', '2016-02-29 11:07:31', '2016-02-29 11:07:31', 'f40ca2f4-af34-4b79-830b-922c23d3c5e9'),
 ('428', '144', '124', '17', '1', '2', '2016-02-29 11:07:31', '2016-02-29 11:07:31', '3694ff11-99f6-48a7-81d0-601911a7e664'),
 ('429', '145', '125', '12', '0', '1', '2016-02-29 11:07:31', '2016-02-29 11:07:31', '5f2bda0a-5d2a-4f3c-883a-50b3f545f4e2'),
 ('430', '145', '125', '13', '1', '2', '2016-02-29 11:07:31', '2016-02-29 11:07:31', '98c8dfb8-d9a6-4c83-9650-b68d03fada2e'),
 ('431', '145', '125', '18', '1', '3', '2016-02-29 11:07:31', '2016-02-29 11:07:31', '5f1c8646-dbbd-401b-8813-1a7075a9fdbe'),
 ('432', '146', '126', '14', '1', '1', '2016-02-29 11:07:31', '2016-02-29 11:07:31', 'bffb94cf-c666-4384-b1ca-4a6d6e992837'),
 ('433', '146', '126', '15', '0', '2', '2016-02-29 11:07:31', '2016-02-29 11:07:31', '7aaf252c-b483-499b-8634-483929a3f31e'),
 ('434', '146', '126', '19', '1', '3', '2016-02-29 11:07:31', '2016-02-29 11:07:31', 'a40b42f9-b99a-411a-8552-a162b1db4bd4'),
 ('435', '147', '127', '16', '0', '1', '2016-02-29 11:07:31', '2016-02-29 11:07:31', 'ec22d076-82ea-4b9e-b85d-3ee30ead6829'),
 ('436', '148', '128', '20', '0', '1', '2016-02-29 11:07:31', '2016-02-29 11:07:31', '7fd7db65-9bcc-4a21-9c30-24f01ea0f0e9'),
 ('437', '148', '128', '21', '0', '2', '2016-02-29 11:07:31', '2016-02-29 11:07:31', 'f1dafc56-9801-4caa-8f88-9b1b5b10e144'),
 ('438', '148', '128', '22', '0', '3', '2016-02-29 11:07:31', '2016-02-29 11:07:31', '9ac05fe8-8fc3-43c2-8984-1ba99d1002e0'),
 ('439', '148', '128', '23', '0', '4', '2016-02-29 11:07:31', '2016-02-29 11:07:31', '81aef028-c474-4d60-a779-1baa870747e0'),
 ('440', '148', '128', '46', '1', '5', '2016-02-29 11:07:31', '2016-02-29 11:07:31', '20758f46-e21d-4333-b360-4d9b42e104af'),
 ('441', '148', '128', '24', '1', '6', '2016-02-29 11:07:31', '2016-02-29 11:07:31', '6e4fed23-fae8-43f8-91ae-648e279d28b8'),
 ('442', '149', '129', '25', '0', '1', '2016-02-29 11:07:31', '2016-02-29 11:07:31', '426fc5a9-c84f-4b7d-b85b-5291988db3fa'),
 ('443', '149', '129', '26', '0', '2', '2016-02-29 11:07:31', '2016-02-29 11:07:31', 'ec841a66-3ab0-4b69-8a8e-e1377b399960'),
 ('444', '149', '129', '27', '0', '3', '2016-02-29 11:07:31', '2016-02-29 11:07:31', '33291700-99eb-47e5-8dc3-b0f494f73fe8'),
 ('445', '149', '129', '44', '1', '4', '2016-02-29 11:07:31', '2016-02-29 11:07:31', 'a1b99593-9f06-4fe5-a8bf-151a69c139cb'),
 ('446', '149', '129', '28', '1', '5', '2016-02-29 11:07:31', '2016-02-29 11:07:31', 'b7a151d1-b699-48b3-9d6b-155c02365e5a'),
 ('447', '150', '130', '29', '0', '1', '2016-02-29 11:07:31', '2016-02-29 11:07:31', '53982904-3587-4466-b2ee-722d0e79a432'),
 ('448', '150', '130', '47', '1', '2', '2016-02-29 11:07:31', '2016-02-29 11:07:31', 'c1e8d3a9-7a21-4ba3-a4c0-00c0f8583df1'),
 ('449', '150', '130', '30', '1', '3', '2016-02-29 11:07:31', '2016-02-29 11:07:31', '73893ded-5f66-41fd-9fc3-86be6c527d79');



DROP TABLE IF EXISTS `craft_fieldlayouts`;


--
-- Schema for table `craft_fieldlayouts`
--
CREATE TABLE `craft_fieldlayouts` (
  `id` int(11) NOT NULL AUTO_INCREMENT,
  `type` varchar(150) COLLATE utf8_unicode_ci NOT NULL,
  `dateCreated` datetime NOT NULL,
  `dateUpdated` datetime NOT NULL,
  `uid` char(36) COLLATE utf8_unicode_ci NOT NULL DEFAULT '0',
  PRIMARY KEY (`id`),
  KEY `craft_fieldlayouts_type_idx` (`type`)
) ENGINE=InnoDB AUTO_INCREMENT=151 DEFAULT CHARSET=utf8 COLLATE=utf8_unicode_ci;

--
-- Data for table `craft_fieldlayouts`
--

INSERT INTO `craft_fieldlayouts` (`id`, `type`, `dateCreated`, `dateUpdated`, `uid`) VALUES
 ('1', 'Tag', '2016-02-25 11:25:17', '2016-02-25 11:25:17', 'e718afbf-b262-4ced-b435-bc090bea1229'),
 ('3', 'Entry', '2016-02-25 11:25:17', '2016-02-25 11:25:17', '686faef0-bcc9-4630-9ef0-36e72d1f6fc8'),
 ('5', 'Entry', '2016-02-25 11:25:17', '2016-02-25 11:25:17', '7c625eb6-dedb-4c4b-a5da-34c189212f01'),
 ('7', 'Entry', '2016-02-25 13:47:58', '2016-02-25 13:47:58', '8a2cbdf7-1dc1-4456-a017-6d03d52482e2'),
 ('9', 'Entry', '2016-02-25 13:49:30', '2016-02-25 13:49:30', '14533b09-6983-447a-bb25-d82497eb8a86'),
 ('10', 'Entry', '2016-02-25 13:49:38', '2016-02-25 13:49:38', '32cd5fbb-9a92-44d7-984a-7ff968f474fa'),
 ('13', 'Entry', '2016-02-25 14:01:29', '2016-02-25 14:01:29', '45187c2e-3a9d-4897-88de-a7ef007bb78d'),
 ('37', 'MatrixBlock', '2016-02-25 14:30:58', '2016-02-25 14:30:58', 'caed8be6-d85a-4438-841a-61e242d33583'),
 ('38', 'MatrixBlock', '2016-02-25 14:31:52', '2016-02-25 14:31:52', '1a778525-e665-4415-a751-19acf2ae79e2'),
 ('42', 'Entry', '2016-02-25 14:40:00', '2016-02-25 14:40:00', '02ecea81-16ac-4b20-8d77-283e06e6d74d'),
 ('43', 'GlobalSet', '2016-02-25 14:50:24', '2016-02-25 14:50:24', 'cf869dcb-e171-4985-91de-b0d8723836b3'),
 ('57', 'Asset', '2016-02-26 12:41:37', '2016-02-26 12:41:37', '820af5b3-24f5-48bd-bef2-24be6e641c96'),
 ('75', 'Asset', '2016-02-26 13:52:16', '2016-02-26 13:52:16', 'df7fba11-1b88-46e6-a9d9-41c3392792e0'),
 ('93', 'MatrixBlock', '2016-02-29 09:54:37', '2016-02-29 09:54:37', '13dc20a8-6cf6-4139-a458-58f16feb8e67'),
 ('94', 'Asset', '2016-02-29 09:55:51', '2016-02-29 09:55:51', '12cf2ccf-5322-48bb-99d8-fb3e73bd847c'),
 ('143', 'MatrixBlock', '2016-02-29 11:07:31', '2016-02-29 11:07:31', 'f9a8771f-e6ec-421a-8e25-ad8308affa3e'),
 ('144', 'MatrixBlock', '2016-02-29 11:07:31', '2016-02-29 11:07:31', '606edf49-19f4-4b31-ab73-4007f816b30f'),
 ('145', 'MatrixBlock', '2016-02-29 11:07:31', '2016-02-29 11:07:31', '66ad15ea-db70-46df-9e71-d61c6d50be5b'),
 ('146', 'MatrixBlock', '2016-02-29 11:07:31', '2016-02-29 11:07:31', 'd849bc29-a855-4c4b-9c83-94e6f1548236'),
 ('147', 'MatrixBlock', '2016-02-29 11:07:31', '2016-02-29 11:07:31', '9eeb1d28-b5ce-495b-9588-b8784c5c3a83'),
 ('148', 'MatrixBlock', '2016-02-29 11:07:31', '2016-02-29 11:07:31', '2b2d9b1c-7761-4eb3-a706-6cc7ba68b1be'),
 ('149', 'MatrixBlock', '2016-02-29 11:07:31', '2016-02-29 11:07:31', 'ea21b359-a7d2-46f6-b1fe-7bbb8d1ee568'),
 ('150', 'MatrixBlock', '2016-02-29 11:07:31', '2016-02-29 11:07:31', 'e5f93bd2-ddbd-4e48-871b-2c884ef01f62');



DROP TABLE IF EXISTS `craft_fieldlayouttabs`;


--
-- Schema for table `craft_fieldlayouttabs`
--
CREATE TABLE `craft_fieldlayouttabs` (
  `id` int(11) NOT NULL AUTO_INCREMENT,
  `layoutId` int(11) NOT NULL,
  `name` varchar(255) COLLATE utf8_unicode_ci NOT NULL,
  `sortOrder` smallint(6) unsigned DEFAULT NULL,
  `dateCreated` datetime NOT NULL,
  `dateUpdated` datetime NOT NULL,
  `uid` char(36) COLLATE utf8_unicode_ci NOT NULL DEFAULT '0',
  PRIMARY KEY (`id`),
  KEY `craft_fieldlayouttabs_sortOrder_idx` (`sortOrder`),
  KEY `craft_fieldlayouttabs_layoutId_fk` (`layoutId`)
) ENGINE=InnoDB AUTO_INCREMENT=131 DEFAULT CHARSET=utf8 COLLATE=utf8_unicode_ci;

--
-- Data for table `craft_fieldlayouttabs`
--

INSERT INTO `craft_fieldlayouttabs` (`id`, `layoutId`, `name`, `sortOrder`, `dateCreated`, `dateUpdated`, `uid`) VALUES
 ('1', '3', 'Content', '1', '2016-02-25 11:25:17', '2016-02-25 11:25:17', 'fa178389-214d-45f0-8c9a-3847f0a43bd2'),
 ('2', '5', 'Content', '1', '2016-02-25 11:25:17', '2016-02-25 11:25:17', '0f7f122e-eb8f-4a4d-8711-3363baa90ed6'),
 ('5', '13', 'Homepage', '1', '2016-02-25 14:01:29', '2016-02-25 14:01:29', '839c5513-c082-4842-ba0a-3f5634687e66'),
 ('26', '37', 'Content', '1', '2016-02-25 14:30:58', '2016-02-25 14:30:58', '6bb5bd39-e68d-4c55-b29f-a040ae3dc3b8'),
 ('27', '38', 'Content', '1', '2016-02-25 14:31:52', '2016-02-25 14:31:52', '3f72259e-9b93-4f6b-95b0-345fff49fd0d'),
 ('32', '42', 'Case', '1', '2016-02-25 14:40:00', '2016-02-25 14:40:00', 'b7e20d65-5eb7-476f-aafc-9253e9bd6dd8'),
 ('33', '42', 'Sections', '2', '2016-02-25 14:40:00', '2016-02-25 14:40:00', 'a935f5b5-3f9b-4270-b2b5-439dc9fe4048'),
 ('74', '93', 'Content', '1', '2016-02-29 09:54:37', '2016-02-29 09:54:37', '435b8eb8-2781-44fc-a5a0-c95afa62b030'),
 ('123', '143', 'Content', '1', '2016-02-29 11:07:31', '2016-02-29 11:07:31', '0a276eca-d364-4c1a-a90b-73e4b0e8aaa5'),
 ('124', '144', 'Content', '1', '2016-02-29 11:07:31', '2016-02-29 11:07:31', '9a26ba1e-1785-496c-86b1-f4d8609c9b53'),
 ('125', '145', 'Content', '1', '2016-02-29 11:07:31', '2016-02-29 11:07:31', '02df2041-33f7-45e4-a104-351b75871fae'),
 ('126', '146', 'Content', '1', '2016-02-29 11:07:31', '2016-02-29 11:07:31', 'b9f56ad6-ad52-42de-9527-d50367bc11d5'),
 ('127', '147', 'Content', '1', '2016-02-29 11:07:31', '2016-02-29 11:07:31', '7cf4e648-1f0a-4890-9c7e-b41a2288ed77'),
 ('128', '148', 'Content', '1', '2016-02-29 11:07:31', '2016-02-29 11:07:31', '8c011e7a-2b76-45a3-ad0b-6bd661efc01d'),
 ('129', '149', 'Content', '1', '2016-02-29 11:07:31', '2016-02-29 11:07:31', '4d403470-0919-4fb0-bc34-2c3cf80e8072'),
 ('130', '150', 'Content', '1', '2016-02-29 11:07:31', '2016-02-29 11:07:31', '6646cf09-9496-4b94-acad-1546784e29ce');



DROP TABLE IF EXISTS `craft_fields`;


--
-- Schema for table `craft_fields`
--
CREATE TABLE `craft_fields` (
  `id` int(11) NOT NULL AUTO_INCREMENT,
  `groupId` int(11) DEFAULT NULL,
  `name` varchar(255) COLLATE utf8_unicode_ci NOT NULL,
  `handle` varchar(58) COLLATE utf8_unicode_ci NOT NULL,
  `context` varchar(255) COLLATE utf8_unicode_ci NOT NULL DEFAULT 'global',
  `instructions` text COLLATE utf8_unicode_ci,
  `translatable` tinyint(1) unsigned NOT NULL DEFAULT '0',
  `type` varchar(150) COLLATE utf8_unicode_ci NOT NULL,
  `settings` text COLLATE utf8_unicode_ci,
  `dateCreated` datetime NOT NULL,
  `dateUpdated` datetime NOT NULL,
  `uid` char(36) COLLATE utf8_unicode_ci NOT NULL DEFAULT '0',
  PRIMARY KEY (`id`),
  UNIQUE KEY `craft_fields_handle_context_unq_idx` (`handle`,`context`),
  KEY `craft_fields_context_idx` (`context`),
  KEY `craft_fields_groupId_fk` (`groupId`)
) ENGINE=InnoDB AUTO_INCREMENT=50 DEFAULT CHARSET=utf8 COLLATE=utf8_unicode_ci;

--
-- Data for table `craft_fields`
--

INSERT INTO `craft_fields` (`id`, `groupId`, `name`, `handle`, `context`, `instructions`, `translatable`, `type`, `settings`, `dateCreated`, `dateUpdated`, `uid`) VALUES
 ('3', '2', 'Case Sections', 'caseSections', 'global', '', '0', 'Matrix', '{\"maxBlocks\":null}', '2016-02-25 13:55:50', '2016-02-29 11:07:31', 'f42189c1-e2bf-4edd-b4b0-c0bce8d1aace'),
 ('4', NULL, 'Heading', 'heading', 'matrixBlockType:1', '', '0', 'PlainText', '{\"placeholder\":\"\",\"maxLength\":\"250\",\"multiline\":\"\",\"initialRows\":\"4\"}', '2016-02-25 13:55:50', '2016-02-29 11:07:31', '8de48167-55cb-4cf9-9f0b-e3dd6543bb78'),
 ('5', NULL, 'Intro', 'intro', 'matrixBlockType:1', '', '0', 'PlainText', '{\"placeholder\":\"\",\"maxLength\":\"300\",\"multiline\":\"\",\"initialRows\":\"4\"}', '2016-02-25 13:55:50', '2016-02-29 11:07:31', 'f297a41a-53f5-4410-92ce-87e48579e987'),
 ('6', NULL, 'Body', 'body', 'matrixBlockType:1', '', '0', 'PlainText', '{\"placeholder\":\"\",\"maxLength\":\"200\",\"multiline\":\"\",\"initialRows\":\"4\"}', '2016-02-25 13:55:50', '2016-02-29 11:07:31', '739390eb-cabb-4914-9853-d915d29b32c4'),
 ('7', NULL, 'Image', 'image', 'matrixBlockType:1', '', '0', 'Assets', '{\"useSingleFolder\":\"1\",\"sources\":[\"folder:2\"],\"defaultUploadLocationSource\":\"2\",\"defaultUploadLocationSubpath\":\"\\/{owner.slug}\",\"singleUploadLocationSource\":\"2\",\"singleUploadLocationSubpath\":\"{owner.slug}\",\"restrictFiles\":\"1\",\"allowedKinds\":[\"image\"],\"limit\":\"1\",\"viewMode\":\"list\",\"selectionLabel\":\"\"}', '2016-02-25 13:55:50', '2016-02-29 11:07:31', 'a0bebfc8-fe39-43ca-8f5a-28e87b59bdb4'),
 ('8', NULL, 'Background Color', 'backgroundColor', 'matrixBlockType:1', '', '0', 'Color', NULL, '2016-02-25 13:55:50', '2016-02-29 11:07:31', 'd9962176-0df9-4146-98d0-66f04747551f'),
 ('9', NULL, 'Image Position', 'imagePosition', 'matrixBlockType:1', '', '0', 'PositionSelect', '{\"options\":[\"left\",\"right\"]}', '2016-02-25 13:55:50', '2016-02-29 11:07:31', '5f95a5ed-a7e2-4e9f-bb08-24c5e2d065b8'),
 ('10', '3', 'Featured Cases', 'featuredCases', 'global', '', '0', 'Entries', '{\"sources\":[\"section:3\"],\"limit\":\"5\",\"selectionLabel\":\"Selected a Case\"}', '2016-02-25 14:01:05', '2016-02-25 14:01:05', '42cfabcc-074f-4551-9e3d-f247e8dd91a6'),
 ('11', NULL, 'Images', 'images', 'matrixBlockType:2', 'Select up to 10 images.', '0', 'Assets', '{\"useSingleFolder\":\"\",\"sources\":[\"folder:2\"],\"defaultUploadLocationSource\":\"2\",\"defaultUploadLocationSubpath\":\"\",\"singleUploadLocationSource\":\"1\",\"singleUploadLocationSubpath\":\"\",\"restrictFiles\":\"1\",\"allowedKinds\":[\"image\"],\"limit\":\"10\",\"viewMode\":\"list\",\"selectionLabel\":\"Add assets\"}', '2016-02-25 14:07:12', '2016-02-29 11:07:31', 'ce2cea7b-029b-459f-bf7b-9c466beff50c'),
 ('12', NULL, 'Cover Image', 'coverImage', 'matrixBlockType:3', '', '0', 'Assets', '{\"useSingleFolder\":\"\",\"sources\":[\"folder:2\"],\"defaultUploadLocationSource\":\"2\",\"defaultUploadLocationSubpath\":\"\",\"singleUploadLocationSource\":\"1\",\"singleUploadLocationSubpath\":\"\",\"restrictFiles\":\"1\",\"allowedKinds\":[\"image\"],\"limit\":\"1\",\"viewMode\":\"list\",\"selectionLabel\":\"\"}', '2016-02-25 14:10:40', '2016-02-29 11:07:31', '0a3d4e60-2d54-4936-9584-a1124675aee1'),
 ('13', NULL, 'Video', 'video', 'matrixBlockType:3', '', '0', 'Assets', '{\"useSingleFolder\":\"\",\"sources\":[\"folder:1\"],\"defaultUploadLocationSource\":\"1\",\"defaultUploadLocationSubpath\":\"\",\"singleUploadLocationSource\":\"1\",\"singleUploadLocationSubpath\":\"\",\"restrictFiles\":\"1\",\"allowedKinds\":[\"video\"],\"limit\":\"1\",\"viewMode\":\"list\",\"selectionLabel\":\"\"}', '2016-02-25 14:10:40', '2016-02-29 11:07:31', '58a6b8b0-1261-4c02-b44d-0a2eeb626a2a'),
 ('14', NULL, 'Image', 'image', 'matrixBlockType:4', '', '0', 'Assets', '{\"useSingleFolder\":\"\",\"sources\":[\"folder:2\"],\"defaultUploadLocationSource\":\"2\",\"defaultUploadLocationSubpath\":\"\",\"singleUploadLocationSource\":\"1\",\"singleUploadLocationSubpath\":\"\",\"restrictFiles\":\"1\",\"allowedKinds\":[\"image\"],\"limit\":\"1\",\"viewMode\":\"list\",\"selectionLabel\":\"\"}', '2016-02-25 14:15:08', '2016-02-29 11:07:31', 'c5adefc9-ff05-4e26-8d79-24f06f25ca0e'),
 ('15', NULL, 'Background Image', 'backgroundImage', 'matrixBlockType:4', '', '0', 'Assets', '{\"useSingleFolder\":\"\",\"sources\":[\"folder:2\"],\"defaultUploadLocationSource\":\"2\",\"defaultUploadLocationSubpath\":\"\",\"singleUploadLocationSource\":\"1\",\"singleUploadLocationSubpath\":\"\",\"restrictFiles\":\"1\",\"allowedKinds\":[\"image\"],\"limit\":\"1\",\"viewMode\":\"list\",\"selectionLabel\":\"\"}', '2016-02-25 14:15:08', '2016-02-29 11:07:31', '3c97f7fd-30f4-47fa-87f0-824a3a78f08e'),
 ('16', NULL, 'Image', 'image', 'matrixBlockType:5', '', '0', 'Assets', '{\"useSingleFolder\":\"\",\"sources\":[\"folder:2\"],\"defaultUploadLocationSource\":\"2\",\"defaultUploadLocationSubpath\":\"\",\"singleUploadLocationSource\":\"1\",\"singleUploadLocationSubpath\":\"\",\"restrictFiles\":\"1\",\"allowedKinds\":[\"image\"],\"limit\":\"1\",\"viewMode\":\"list\",\"selectionLabel\":\"\"}', '2016-02-25 14:15:08', '2016-02-29 11:07:31', 'c404845f-7709-45ed-b293-40a3f17b75d7'),
 ('17', NULL, 'Background Color', 'backgroundColor', 'matrixBlockType:2', '', '0', 'Color', NULL, '2016-02-25 14:23:54', '2016-02-29 11:07:31', '40458637-88bc-4a2d-b006-e47bc7055d0d'),
 ('18', NULL, 'Background Color', 'backgroundColor', 'matrixBlockType:3', '', '0', 'Color', NULL, '2016-02-25 14:23:54', '2016-02-29 11:07:31', 'd34ebb77-d6ae-4443-8999-10fa90103522'),
 ('19', NULL, 'Background Color', 'backgroundColor', 'matrixBlockType:4', '', '0', 'Color', NULL, '2016-02-25 14:23:54', '2016-02-29 11:07:31', 'af1d4a5d-fde4-4c01-8cc6-36fb4468d16d'),
 ('20', NULL, 'Heading', 'heading', 'matrixBlockType:6', '', '0', 'PlainText', '{\"placeholder\":\"\",\"maxLength\":\"\",\"multiline\":\"\",\"initialRows\":\"4\"}', '2016-02-25 14:23:54', '2016-02-29 11:07:31', '9250f0a4-71e0-4194-902d-41def514d9e6'),
 ('21', NULL, 'Intro', 'intro', 'matrixBlockType:6', '', '0', 'PlainText', '{\"placeholder\":\"\",\"maxLength\":\"\",\"multiline\":\"1\",\"initialRows\":\"4\"}', '2016-02-25 14:23:54', '2016-02-29 11:07:31', '0b577a40-4325-4c4a-a927-c450828301ca'),
 ('22', NULL, 'Body', 'body', 'matrixBlockType:6', '', '0', 'PlainText', '{\"placeholder\":\"\",\"maxLength\":\"\",\"multiline\":\"1\",\"initialRows\":\"4\"}', '2016-02-25 14:23:54', '2016-02-29 11:07:31', '4fb80412-b3c2-452a-b3fd-1169515f8c47'),
 ('23', NULL, 'Position', 'position', 'matrixBlockType:6', '', '0', 'PositionSelect', '{\"options\":[\"left\",\"center\",\"right\"]}', '2016-02-25 14:23:54', '2016-02-29 11:07:31', 'dd1aae7b-4fdf-4419-89f4-2e0feeecc586'),
 ('24', NULL, 'Background Color', 'backgroundColor', 'matrixBlockType:6', '', '0', 'Color', NULL, '2016-02-25 14:23:54', '2016-02-29 11:07:31', '5527eab8-60d3-4247-bc2f-57d872d633c3'),
 ('25', NULL, 'Heading', 'heading', 'matrixBlockType:7', '', '0', 'PlainText', '{\"placeholder\":\"\",\"maxLength\":\"\",\"multiline\":\"\",\"initialRows\":\"4\"}', '2016-02-25 14:23:55', '2016-02-29 11:07:31', '3989abf6-3956-4749-8f2e-1eb5debf3c46'),
 ('26', NULL, 'Intro', 'intro', 'matrixBlockType:7', '', '0', 'PlainText', '{\"placeholder\":\"\",\"maxLength\":\"\",\"multiline\":\"1\",\"initialRows\":\"4\"}', '2016-02-25 14:23:55', '2016-02-29 11:07:31', '26dfb6e4-7dda-48e7-a1b8-db8ffac0a5e5'),
 ('27', NULL, 'Body', 'body', 'matrixBlockType:7', '', '0', 'PlainText', '{\"placeholder\":\"\",\"maxLength\":\"\",\"multiline\":\"1\",\"initialRows\":\"4\"}', '2016-02-25 14:23:55', '2016-02-29 11:07:31', '1590b1d7-af56-4385-af16-65958f51f1fe'),
 ('28', NULL, 'Background Color', 'backgroundColor', 'matrixBlockType:7', '', '0', 'Color', NULL, '2016-02-25 14:23:55', '2016-02-29 11:07:31', 'd4b7988a-0f2a-406b-9e46-b4d35a2bc82f'),
 ('29', NULL, 'Body', 'body', 'matrixBlockType:8', '', '0', 'PlainText', '{\"placeholder\":\"\",\"maxLength\":\"\",\"multiline\":\"1\",\"initialRows\":\"4\"}', '2016-02-25 14:23:55', '2016-02-29 11:07:31', 'e8438af8-a5bb-4c41-a6e3-d2a8faf1456b'),
 ('30', NULL, 'Background Color', 'backgroundColor', 'matrixBlockType:8', '', '0', 'Color', NULL, '2016-02-25 14:23:55', '2016-02-29 11:07:31', 'c1ac7dd7-ff3b-4a68-a386-f6c142f3f046'),
 ('31', '2', 'Credits', 'credits', 'global', '', '0', 'Matrix', '{\"maxBlocks\":null}', '2016-02-25 14:30:58', '2016-02-25 14:30:58', '462da376-e04a-46ca-b035-26a86b5435e8'),
 ('32', NULL, 'Role', 'role', 'matrixBlockType:9', '', '0', 'PlainText', '{\"placeholder\":\"\",\"maxLength\":\"\",\"multiline\":\"\",\"initialRows\":\"4\"}', '2016-02-25 14:30:58', '2016-02-25 14:30:58', '94222171-06d1-487f-b5ff-6ca892cd9dde'),
 ('33', NULL, 'Contributor Name', 'contributorName', 'matrixBlockType:9', '', '0', 'PlainText', '{\"placeholder\":\"\",\"maxLength\":\"\",\"multiline\":\"\",\"initialRows\":\"4\"}', '2016-02-25 14:30:58', '2016-02-25 14:30:58', 'eac42a4b-14ba-48f8-b0ad-84bca5aab669'),
 ('34', '2', 'Roles', 'roles', 'global', '', '0', 'Matrix', '{\"maxBlocks\":null}', '2016-02-25 14:31:52', '2016-02-25 14:31:52', '18d84fef-13a8-43ba-829d-6268120163ad'),
 ('35', NULL, 'Role', 'role', 'matrixBlockType:10', '', '0', 'PlainText', '{\"placeholder\":\"\",\"maxLength\":\"\",\"multiline\":\"\",\"initialRows\":\"4\"}', '2016-02-25 14:31:52', '2016-02-25 14:31:52', 'c70dfa55-d03e-473c-b4ec-80f8656dd37d'),
 ('36', '2', 'Honours', 'honours', 'global', '', '0', 'Matrix', '{\"maxBlocks\":\"6\"}', '2016-02-25 14:36:09', '2016-02-29 09:54:37', '35347a96-8180-4090-b295-12f41b748c44'),
 ('37', NULL, 'Honor Name', 'honorName', 'matrixBlockType:11', '', '0', 'PlainText', '{\"placeholder\":\"\",\"maxLength\":\"\",\"multiline\":\"\",\"initialRows\":\"4\"}', '2016-02-25 14:36:09', '2016-02-29 09:54:37', 'ee626eaf-8f43-425f-a6b7-dd06d7bbf8a3'),
 ('38', NULL, 'Logo', 'logo', 'matrixBlockType:11', '', '0', 'Assets', '{\"useSingleFolder\":\"\",\"sources\":[\"folder:3\"],\"defaultUploadLocationSource\":\"2\",\"defaultUploadLocationSubpath\":\"\",\"singleUploadLocationSource\":\"1\",\"singleUploadLocationSubpath\":\"\",\"restrictFiles\":\"\",\"limit\":\"1\",\"viewMode\":\"list\",\"selectionLabel\":\"\"}', '2016-02-25 14:36:09', '2016-02-29 09:54:37', 'ec8e33ba-f15d-4ae8-b3a9-fa51e0b543e7'),
 ('39', '2', 'Heading', 'heading', 'global', '', '0', 'PlainText', '{\"placeholder\":\"\",\"maxLength\":\"\",\"multiline\":\"1\",\"initialRows\":\"2\"}', '2016-02-25 14:37:26', '2016-02-25 14:37:26', '7eb39d0e-d7b9-4fbe-8fad-151074b7d6fc'),
 ('40', '2', 'Header Image', 'headerImage', 'global', '', '0', 'Assets', '{\"useSingleFolder\":\"\",\"sources\":[\"folder:2\"],\"defaultUploadLocationSource\":\"2\",\"defaultUploadLocationSubpath\":\"\",\"singleUploadLocationSource\":\"1\",\"singleUploadLocationSubpath\":\"\",\"restrictFiles\":\"1\",\"allowedKinds\":[\"image\"],\"limit\":\"1\",\"viewMode\":\"list\",\"selectionLabel\":\"\"}', '2016-02-25 14:37:55', '2016-02-25 14:37:55', '1c013f89-daf4-4ce7-bedf-ab4bea67ff60'),
 ('41', '2', 'Client', 'client', 'global', '', '0', 'PlainText', '{\"placeholder\":\"\",\"maxLength\":\"\",\"multiline\":\"\",\"initialRows\":\"4\"}', '2016-02-25 14:38:25', '2016-02-25 14:38:25', '0289d61e-cd61-4f87-9004-3ed5a9fac7a4'),
 ('42', '2', 'Project URL', 'projectUrl', 'global', '', '0', 'PlainText', '{\"placeholder\":\"\",\"maxLength\":\"\",\"multiline\":\"\",\"initialRows\":\"4\"}', '2016-02-25 14:38:44', '2016-02-25 14:38:44', '764331db-b64e-4482-be14-0dcebcc6e3cf'),
 ('43', '2', 'Project Type', 'projectType', 'global', '', '0', 'Dropdown', '{\"options\":[{\"label\":\"Responsive Website\",\"value\":\"Responsive Website\",\"default\":\"\"},{\"label\":\"Mobile Application\",\"value\":\"Mobile Application\",\"default\":\"\"},{\"label\":\"\",\"value\":\"\",\"default\":\"\"}]}', '2016-02-25 14:39:30', '2016-02-29 10:22:05', 'f2e8be97-86f0-4ff2-9936-725f068cbe39'),
 ('44', NULL, 'Text Color', 'textColor', 'matrixBlockType:7', '', '0', 'Color', NULL, '2016-02-26 13:38:07', '2016-02-29 11:07:31', '50db597c-9e6f-4d12-83c8-ab56dbcfb56f'),
 ('45', NULL, 'Text Color', 'textColor', 'matrixBlockType:1', '', '0', 'Color', NULL, '2016-02-26 13:39:07', '2016-02-29 11:07:31', '514e0811-94c3-4483-8f3b-b22af7433a1d'),
 ('46', NULL, 'Text Color', 'textColor', 'matrixBlockType:6', '', '0', 'Color', NULL, '2016-02-26 13:39:07', '2016-02-29 11:07:31', 'b023e775-a0b6-447f-b7b4-9af6889247eb'),
 ('47', NULL, 'Text Color', 'textColor', 'matrixBlockType:8', '', '0', 'Color', NULL, '2016-02-26 13:39:07', '2016-02-29 11:07:31', 'b406d477-8bf4-4d91-9693-1f140c387fb0'),
 ('48', NULL, 'Padding Top', 'paddingTop', 'matrixBlockType:1', '', '0', 'Number', '{\"min\":\"0\",\"max\":\"100\",\"decimals\":\"0\"}', '2016-02-29 11:03:57', '2016-02-29 11:07:31', 'e50f8b87-7e8b-420d-8340-2db9c155ba9f'),
 ('49', NULL, 'Padding Bottom', 'paddingBottom', 'matrixBlockType:1', '', '0', 'Number', '{\"min\":\"0\",\"max\":\"100\",\"decimals\":\"0\"}', '2016-02-29 11:07:31', '2016-02-29 11:07:31', '62e56a0d-5041-4b55-8a32-0949ee7683fa');



DROP TABLE IF EXISTS `craft_globalsets`;


--
-- Schema for table `craft_globalsets`
--
CREATE TABLE `craft_globalsets` (
  `id` int(11) NOT NULL,
  `name` varchar(255) COLLATE utf8_unicode_ci NOT NULL,
  `handle` varchar(255) COLLATE utf8_unicode_ci NOT NULL,
  `fieldLayoutId` int(10) DEFAULT NULL,
  `dateCreated` datetime NOT NULL,
  `dateUpdated` datetime NOT NULL,
  `uid` char(36) COLLATE utf8_unicode_ci NOT NULL DEFAULT '0',
  PRIMARY KEY (`id`),
  UNIQUE KEY `craft_globalsets_name_unq_idx` (`name`),
  UNIQUE KEY `craft_globalsets_handle_unq_idx` (`handle`),
  KEY `craft_globalsets_fieldLayoutId_fk` (`fieldLayoutId`)
) ENGINE=InnoDB DEFAULT CHARSET=utf8 COLLATE=utf8_unicode_ci;

--
-- Data for table `craft_globalsets`
--

INSERT INTO `craft_globalsets` (`id`, `name`, `handle`, `fieldLayoutId`, `dateCreated`, `dateUpdated`, `uid`) VALUES
 ('11', 'Services', 'services', '43', '2016-02-25 14:50:24', '2016-02-25 14:50:24', '5e005d82-866e-4e6a-a118-ebf4f7639031');



DROP TABLE IF EXISTS `craft_info`;


--
-- Schema for table `craft_info`
--
CREATE TABLE `craft_info` (
  `id` int(11) NOT NULL AUTO_INCREMENT,
  `version` varchar(15) COLLATE utf8_unicode_ci NOT NULL,
  `build` int(11) unsigned NOT NULL,
  `schemaVersion` varchar(15) COLLATE utf8_unicode_ci NOT NULL,
  `releaseDate` datetime NOT NULL,
  `edition` tinyint(1) unsigned NOT NULL DEFAULT '0',
  `siteName` varchar(100) COLLATE utf8_unicode_ci NOT NULL,
  `siteUrl` varchar(255) COLLATE utf8_unicode_ci NOT NULL,
  `timezone` varchar(30) COLLATE utf8_unicode_ci DEFAULT NULL,
  `on` tinyint(1) unsigned NOT NULL DEFAULT '0',
  `maintenance` tinyint(1) unsigned NOT NULL DEFAULT '0',
  `track` varchar(40) COLLATE utf8_unicode_ci NOT NULL,
  `dateCreated` datetime NOT NULL,
  `dateUpdated` datetime NOT NULL,
  `uid` char(36) COLLATE utf8_unicode_ci NOT NULL DEFAULT '0',
  PRIMARY KEY (`id`)
) ENGINE=InnoDB AUTO_INCREMENT=2 DEFAULT CHARSET=utf8 COLLATE=utf8_unicode_ci;

--
-- Data for table `craft_info`
--

INSERT INTO `craft_info` (`id`, `version`, `build`, `schemaVersion`, `releaseDate`, `edition`, `siteName`, `siteUrl`, `timezone`, `on`, `maintenance`, `track`, `dateCreated`, `dateUpdated`, `uid`) VALUES
 ('1', '2.5', '2767', '2.5.12', '2016-02-24 20:48:05', '0', 'Studio Kraftwerk', 'http://kraftwerk-craft.local.shcc.nl', 'UTC', '1', '0', 'stable', '2016-02-25 11:25:16', '2016-02-25 15:54:19', '296b7f51-2eba-4076-8a1d-34b849dda886');



DROP TABLE IF EXISTS `craft_locales`;


--
-- Schema for table `craft_locales`
--
CREATE TABLE `craft_locales` (
  `locale` char(12) COLLATE utf8_unicode_ci NOT NULL,
  `sortOrder` smallint(6) unsigned DEFAULT NULL,
  `dateCreated` datetime NOT NULL,
  `dateUpdated` datetime NOT NULL,
  `uid` char(36) COLLATE utf8_unicode_ci NOT NULL DEFAULT '0',
  PRIMARY KEY (`locale`),
  KEY `craft_locales_sortOrder_idx` (`sortOrder`)
) ENGINE=InnoDB DEFAULT CHARSET=utf8 COLLATE=utf8_unicode_ci;

--
-- Data for table `craft_locales`
--

INSERT INTO `craft_locales` (`locale`, `sortOrder`, `dateCreated`, `dateUpdated`, `uid`) VALUES
 ('en_us', '1', '2016-02-25 11:25:16', '2016-02-25 11:25:16', '44ecab89-455a-43af-9dee-ed03f8ba543e');



DROP TABLE IF EXISTS `craft_matrixblocks`;


--
-- Schema for table `craft_matrixblocks`
--
CREATE TABLE `craft_matrixblocks` (
  `id` int(11) NOT NULL,
  `ownerId` int(11) NOT NULL,
  `fieldId` int(11) NOT NULL,
  `typeId` int(11) DEFAULT NULL,
  `sortOrder` smallint(6) unsigned DEFAULT NULL,
  `ownerLocale` char(12) COLLATE utf8_unicode_ci DEFAULT NULL,
  `dateCreated` datetime NOT NULL,
  `dateUpdated` datetime NOT NULL,
  `uid` char(36) COLLATE utf8_unicode_ci NOT NULL DEFAULT '0',
  PRIMARY KEY (`id`),
  KEY `craft_matrixblocks_ownerId_idx` (`ownerId`),
  KEY `craft_matrixblocks_fieldId_idx` (`fieldId`),
  KEY `craft_matrixblocks_typeId_idx` (`typeId`),
  KEY `craft_matrixblocks_sortOrder_idx` (`sortOrder`),
  KEY `craft_matrixblocks_ownerLocale_fk` (`ownerLocale`)
) ENGINE=InnoDB DEFAULT CHARSET=utf8 COLLATE=utf8_unicode_ci;

--
-- Data for table `craft_matrixblocks`
--

INSERT INTO `craft_matrixblocks` (`id`, `ownerId`, `fieldId`, `typeId`, `sortOrder`, `ownerLocale`, `dateCreated`, `dateUpdated`, `uid`) VALUES
 ('9', '8', '31', '9', '1', NULL, '2016-02-25 14:33:37', '2016-02-29 10:57:29', '90378695-304a-4d60-ad58-ccc64e74e81c'),
 ('12', '10', '3', '8', '1', NULL, '2016-02-26 10:46:08', '2016-02-29 11:06:43', '38b414f3-b0c9-4596-8511-31434ed0dce5'),
 ('14', '10', '3', '4', '2', NULL, '2016-02-26 11:34:33', '2016-02-29 11:06:43', '34447626-50db-4cbb-ab6a-61c25dc17935'),
 ('17', '10', '3', '7', '3', NULL, '2016-02-26 13:29:08', '2016-02-29 11:06:43', '4d0a6b3b-579f-443c-9417-a830c93f4b7f'),
 ('19', '10', '3', '3', '4', NULL, '2016-02-26 13:53:26', '2016-02-29 11:06:43', '13c7bf75-6376-41cf-a347-285221e2ebd5'),
 ('20', '10', '3', '7', '5', NULL, '2016-02-26 14:02:48', '2016-02-29 11:06:43', '6141119a-7fb1-4f03-9bd3-93cfcbebf086'),
 ('22', '10', '3', '4', '6', NULL, '2016-02-26 14:08:10', '2016-02-29 11:06:44', '133ddadf-fc95-4857-812c-c39b9742d4a1'),
 ('23', '10', '3', '1', '7', NULL, '2016-02-26 14:13:03', '2016-02-29 11:06:44', '7e365327-96d4-4f98-ba13-f31f0318c22a'),
 ('25', '10', '3', '7', '8', NULL, '2016-02-29 09:37:51', '2016-02-29 11:06:44', '6789cb4c-d3dc-4464-845b-9f981c4dd7fb'),
 ('29', '10', '3', '2', '9', NULL, '2016-02-29 09:41:30', '2016-02-29 11:06:44', '037e273d-373c-4aea-9a17-7aefe0f733c7'),
 ('30', '10', '36', '11', '1', NULL, '2016-02-29 09:51:11', '2016-02-29 11:06:43', '3ecc69cc-7624-4651-a16d-e0d8159f9846'),
 ('34', '10', '36', '11', '2', NULL, '2016-02-29 10:00:59', '2016-02-29 11:06:43', '68810467-e293-4c14-b0f3-d0c69365f4e3'),
 ('35', '10', '36', '11', '3', NULL, '2016-02-29 10:00:59', '2016-02-29 11:06:43', 'b4bbcf4f-ac56-458d-8f69-5ae7e3fc2edb'),
 ('36', '10', '31', '9', '1', NULL, '2016-02-29 10:03:07', '2016-02-29 11:06:43', '35345d63-57e3-4c5e-9bb1-995b167d0f83'),
 ('37', '10', '34', '10', '1', NULL, '2016-02-29 10:03:07', '2016-02-29 11:06:43', 'f20e9be2-fd1c-48e3-a8bc-063d0579aa94'),
 ('38', '10', '34', '10', '2', NULL, '2016-02-29 10:03:07', '2016-02-29 11:06:43', '29994272-a49b-4bf5-82c3-a05e8bf0aa92'),
 ('39', '10', '34', '10', '3', NULL, '2016-02-29 10:03:07', '2016-02-29 11:06:43', '1c6340fe-7866-4aba-89bf-67d7344f533c'),
 ('40', '10', '34', '10', '4', NULL, '2016-02-29 10:03:07', '2016-02-29 11:06:43', 'b7055342-5116-453c-81d9-2a11fbd5ff78'),
 ('41', '10', '34', '10', '5', NULL, '2016-02-29 10:03:07', '2016-02-29 11:06:43', 'b54af8b1-3bf6-445d-be47-515bfad06fd3'),
 ('45', '8', '3', '1', '1', NULL, '2016-02-29 10:52:31', '2016-02-29 10:57:29', 'a516b5f2-ae0a-4d80-9185-dd326d31db78'),
 ('50', '49', '3', '1', '1', NULL, '2016-02-29 10:54:45', '2016-02-29 10:54:45', '1daf7084-470c-482e-b312-ddf4d0290d4f');



DROP TABLE IF EXISTS `craft_matrixblocktypes`;


--
-- Schema for table `craft_matrixblocktypes`
--
CREATE TABLE `craft_matrixblocktypes` (
  `id` int(11) NOT NULL AUTO_INCREMENT,
  `fieldId` int(11) NOT NULL,
  `fieldLayoutId` int(11) DEFAULT NULL,
  `name` varchar(255) COLLATE utf8_unicode_ci NOT NULL,
  `handle` varchar(255) COLLATE utf8_unicode_ci NOT NULL,
  `sortOrder` smallint(6) unsigned DEFAULT NULL,
  `dateCreated` datetime NOT NULL,
  `dateUpdated` datetime NOT NULL,
  `uid` char(36) COLLATE utf8_unicode_ci NOT NULL DEFAULT '0',
  PRIMARY KEY (`id`),
  UNIQUE KEY `craft_matrixblocktypes_name_fieldId_unq_idx` (`name`,`fieldId`),
  UNIQUE KEY `craft_matrixblocktypes_handle_fieldId_unq_idx` (`handle`,`fieldId`),
  KEY `craft_matrixblocktypes_fieldId_fk` (`fieldId`),
  KEY `craft_matrixblocktypes_fieldLayoutId_fk` (`fieldLayoutId`)
) ENGINE=InnoDB AUTO_INCREMENT=12 DEFAULT CHARSET=utf8 COLLATE=utf8_unicode_ci;

--
-- Data for table `craft_matrixblocktypes`
--

INSERT INTO `craft_matrixblocktypes` (`id`, `fieldId`, `fieldLayoutId`, `name`, `handle`, `sortOrder`, `dateCreated`, `dateUpdated`, `uid`) VALUES
 ('1', '3', '143', 'Text with Image', 'textWithImage', '1', '2016-02-25 13:55:50', '2016-02-29 11:07:31', '5acd5c93-87b0-4903-a387-49fad63351f7'),
 ('2', '3', '144', 'Image Gallery', 'imageGallery', '2', '2016-02-25 14:07:12', '2016-02-29 11:07:31', '4814e20a-f96b-4b08-89d8-53b4d4fdedc1'),
 ('3', '3', '145', 'Video', 'video', '3', '2016-02-25 14:10:40', '2016-02-29 11:07:31', '0e7a5ba7-d00a-4c34-8308-d867dacdeae8'),
 ('4', '3', '146', 'Large Image', 'largeImage', '4', '2016-02-25 14:15:08', '2016-02-29 11:07:31', '31eacbf3-c4d8-49d1-82f6-24bd9d904abd'),
 ('5', '3', '147', 'Image Full', 'imageFull', '5', '2016-02-25 14:15:08', '2016-02-29 11:07:31', 'd05358c6-a707-4816-8cf4-39bdbf3851d8'),
 ('6', '3', '148', 'Text (Single Column)', 'textSingleColumn', '6', '2016-02-25 14:23:54', '2016-02-29 11:07:31', 'a7e9fde2-2225-4e26-9077-92fed659b06c'),
 ('7', '3', '149', 'Text (Two Columns)', 'textTwoColumns', '7', '2016-02-25 14:23:54', '2016-02-29 11:07:31', '9e12acab-3e8f-477d-a7e1-3e2f8ce0bdd9'),
 ('8', '3', '150', 'Text (Full Width)', 'textFullWidth', '8', '2016-02-25 14:23:55', '2016-02-29 11:07:31', 'c652dcce-2af7-4747-94b4-a55d159ad860'),
 ('9', '31', '37', 'item', 'item', '1', '2016-02-25 14:30:58', '2016-02-25 14:30:58', '0cdb1b16-dd63-43e2-bed0-f9528eb305fe'),
 ('10', '34', '38', 'Role', 'role', '1', '2016-02-25 14:31:52', '2016-02-25 14:31:52', '7ead08ec-2b7d-445e-bc0e-7b783c3a2c82'),
 ('11', '36', '93', 'Honour', 'honour', '1', '2016-02-25 14:36:09', '2016-02-29 09:54:37', '242dc4ae-06d1-4c05-a359-b167572538b2');



DROP TABLE IF EXISTS `craft_matrixcontent_casesections`;


--
-- Schema for table `craft_matrixcontent_casesections`
--
CREATE TABLE `craft_matrixcontent_casesections` (
  `id` int(11) NOT NULL AUTO_INCREMENT,
  `elementId` int(11) NOT NULL,
  `locale` char(12) COLLATE utf8_unicode_ci NOT NULL,
  `field_textWithImage_heading` varchar(250) COLLATE utf8_unicode_ci DEFAULT NULL,
  `field_textWithImage_intro` text COLLATE utf8_unicode_ci,
  `field_textWithImage_body` varchar(200) COLLATE utf8_unicode_ci DEFAULT NULL,
  `field_textWithImage_backgroundColor` char(7) COLLATE utf8_unicode_ci DEFAULT NULL,
  `field_textWithImage_imagePosition` varchar(255) COLLATE utf8_unicode_ci DEFAULT NULL,
  `field_imageGallery_backgroundColor` char(7) COLLATE utf8_unicode_ci DEFAULT NULL,
  `field_video_backgroundColor` char(7) COLLATE utf8_unicode_ci DEFAULT NULL,
  `field_largeImage_backgroundColor` char(7) COLLATE utf8_unicode_ci DEFAULT NULL,
  `field_textSingleColumn_heading` text COLLATE utf8_unicode_ci,
  `field_textSingleColumn_intro` text COLLATE utf8_unicode_ci,
  `field_textSingleColumn_body` text COLLATE utf8_unicode_ci,
  `field_textSingleColumn_position` varchar(255) COLLATE utf8_unicode_ci DEFAULT NULL,
  `field_textSingleColumn_backgroundColor` char(7) COLLATE utf8_unicode_ci DEFAULT NULL,
  `field_textTwoColumns_heading` text COLLATE utf8_unicode_ci,
  `field_textTwoColumns_intro` text COLLATE utf8_unicode_ci,
  `field_textTwoColumns_body` text COLLATE utf8_unicode_ci,
  `field_textTwoColumns_backgroundColor` char(7) COLLATE utf8_unicode_ci DEFAULT NULL,
  `field_textFullWidth_body` text COLLATE utf8_unicode_ci,
  `field_textFullWidth_backgroundColor` char(7) COLLATE utf8_unicode_ci DEFAULT NULL,
  `field_textTwoColumns_textColor` char(7) COLLATE utf8_unicode_ci DEFAULT NULL,
  `field_textWithImage_textColor` char(7) COLLATE utf8_unicode_ci DEFAULT NULL,
  `field_textSingleColumn_textColor` char(7) COLLATE utf8_unicode_ci DEFAULT NULL,
  `field_textFullWidth_textColor` char(7) COLLATE utf8_unicode_ci DEFAULT NULL,
  `field_textWithImage_paddingTop` tinyint(3) unsigned DEFAULT '0',
  `field_textWithImage_paddingBottom` tinyint(3) unsigned DEFAULT '0',
  `dateCreated` datetime NOT NULL,
  `dateUpdated` datetime NOT NULL,
  `uid` char(36) COLLATE utf8_unicode_ci NOT NULL DEFAULT '0',
  PRIMARY KEY (`id`),
  UNIQUE KEY `craft_matrixcontent_casesections_elementId_locale_unq_idx` (`elementId`,`locale`),
  KEY `craft_matrixcontent_casesections_locale_fk` (`locale`)
) ENGINE=InnoDB AUTO_INCREMENT=12 DEFAULT CHARSET=utf8 COLLATE=utf8_unicode_ci;

--
-- Data for table `craft_matrixcontent_casesections`
--

INSERT INTO `craft_matrixcontent_casesections` (`id`, `elementId`, `locale`, `field_textWithImage_heading`, `field_textWithImage_intro`, `field_textWithImage_body`, `field_textWithImage_backgroundColor`, `field_textWithImage_imagePosition`, `field_imageGallery_backgroundColor`, `field_video_backgroundColor`, `field_largeImage_backgroundColor`, `field_textSingleColumn_heading`, `field_textSingleColumn_intro`, `field_textSingleColumn_body`, `field_textSingleColumn_position`, `field_textSingleColumn_backgroundColor`, `field_textTwoColumns_heading`, `field_textTwoColumns_intro`, `field_textTwoColumns_body`, `field_textTwoColumns_backgroundColor`, `field_textFullWidth_body`, `field_textFullWidth_backgroundColor`, `field_textTwoColumns_textColor`, `field_textWithImage_textColor`, `field_textSingleColumn_textColor`, `field_textFullWidth_textColor`, `field_textWithImage_paddingTop`, `field_textWithImage_paddingBottom`, `dateCreated`, `dateUpdated`, `uid`) VALUES
 ('1', '12', 'en_us', NULL, NULL, NULL, NULL, NULL, NULL, NULL, NULL, NULL, NULL, NULL, NULL, NULL, NULL, NULL, NULL, NULL, 'Orangina refreshed their brand identity Achtung!/Kraftwerk wastasked to extend their newbrand identity to a fresh online experience. ', '#ffffff', NULL, NULL, NULL, '#000000', NULL, '0', '2016-02-26 10:46:08', '2016-02-29 11:06:43', '9d09384c-6dde-46b8-bc11-280ecfd90561'),
 ('2', '14', 'en_us', NULL, NULL, NULL, NULL, NULL, NULL, NULL, '#000000', NULL, NULL, NULL, NULL, NULL, NULL, NULL, NULL, NULL, NULL, NULL, NULL, NULL, NULL, NULL, NULL, '0', '2016-02-26 11:34:33', '2016-02-29 11:06:43', '9a32a5d3-040e-4261-9dce-f7f7cb9ddcaf'),
 ('3', '17', 'en_us', NULL, NULL, NULL, NULL, NULL, NULL, NULL, NULL, NULL, NULL, NULL, NULL, NULL, 'Strategy, Concept & UX', 'The content of the new Orangina website was meantto be kept simple serving a few main purposes.', 'In general there were two main obectives, informing people about the available range of Orangina products and telling them about the history of Orangina as a brand. The homepage would then serve as a hub to these two objectives, as well as to the Orangina social channels.', '#fda519', NULL, NULL, '#ffffff', NULL, NULL, NULL, NULL, '0', '2016-02-26 13:29:08', '2016-02-29 11:06:43', 'fbd00b0a-afbb-480c-8dfc-2af114fa5dbd'),
 ('4', '19', 'en_us', NULL, NULL, NULL, NULL, NULL, NULL, '#ffa600', NULL, NULL, NULL, NULL, NULL, NULL, NULL, NULL, NULL, NULL, NULL, NULL, NULL, NULL, NULL, NULL, NULL, '0', '2016-02-26 13:53:26', '2016-02-29 11:06:43', '5f04cbfa-691a-4dbf-938d-2cec2d65d4c1'),
 ('5', '20', 'en_us', NULL, NULL, NULL, NULL, NULL, NULL, NULL, NULL, NULL, NULL, NULL, NULL, NULL, 'Design elements', 'Colors for the Orangina website were besides the brands Blue and Yellow, based on the labels of the different flavours. ', '', '#ffffff', NULL, NULL, '#000000', NULL, NULL, NULL, NULL, '0', '2016-02-26 14:02:48', '2016-02-29 11:06:43', '940efd6c-e536-4690-805e-78e47b133327'),
 ('6', '22', 'en_us', NULL, NULL, NULL, NULL, NULL, NULL, NULL, '#ffffff', NULL, NULL, NULL, NULL, NULL, NULL, NULL, NULL, NULL, NULL, NULL, NULL, NULL, NULL, NULL, NULL, '0', '2016-02-26 14:08:10', '2016-02-29 11:06:43', '4ac5c5e9-72e5-405e-8e59-9c8d996b6af0'),
 ('7', '23', 'en_us', 'Iconography', 'To add on the playfull, quirky identity of Orangina, we created an iconset that was used throughout the website.', 'Our hands on mentality can be found throughout the whole process. We bring ideas to life early. We prototype to keep improving along the way. ', '#ffffff', 'right', NULL, NULL, NULL, NULL, NULL, NULL, NULL, NULL, NULL, NULL, NULL, NULL, NULL, NULL, NULL, '#000000', NULL, NULL, '50', '0', '2016-02-26 14:13:03', '2016-02-29 11:06:44', '00cc44c8-71e5-44dd-9b76-ec8970af2308'),
 ('8', '25', 'en_us', NULL, NULL, NULL, NULL, NULL, NULL, NULL, NULL, NULL, NULL, NULL, NULL, NULL, 'Final Designs', 'The content of the new Orangina website was meantto be kept simple serving a few main purposes.', 'In general there were two main obectives, informing people about the available range of Orangina products and telling them about the history of Orangina as a brand. The homepage would then serve as a hub to these two objectives, as well as to the Orangina social channels.', '#092865', NULL, NULL, '#ffffff', NULL, NULL, NULL, NULL, '0', '2016-02-29 09:37:51', '2016-02-29 11:06:44', 'a9daad8f-5572-4053-a90f-701e74df278f'),
 ('9', '29', 'en_us', NULL, NULL, NULL, NULL, NULL, '#092865', NULL, NULL, NULL, NULL, NULL, NULL, NULL, NULL, NULL, NULL, NULL, NULL, NULL, NULL, NULL, NULL, NULL, NULL, '0', '2016-02-29 09:41:30', '2016-02-29 11:06:44', '51d70b8e-83e4-424e-920a-2cd4be855f5f'),
 ('10', '45', 'en_us', '', '', '', '#000000', 'left', NULL, NULL, NULL, NULL, NULL, NULL, NULL, NULL, NULL, NULL, NULL, NULL, NULL, NULL, NULL, '#000000', NULL, NULL, '0', '0', '2016-02-29 10:52:31', '2016-02-29 10:57:29', '8d98b307-6601-451a-987b-8a29a1cb96bb'),
 ('11', '50', 'en_us', '', '', '', '#000000', 'left', NULL, NULL, NULL, NULL, NULL, NULL, NULL, NULL, NULL, NULL, NULL, NULL, NULL, NULL, NULL, '#000000', NULL, NULL, '0', '0', '2016-02-29 10:54:45', '2016-02-29 10:54:45', '04586869-ad08-4fb9-b375-a41bca17dd56');



DROP TABLE IF EXISTS `craft_matrixcontent_credits`;


--
-- Schema for table `craft_matrixcontent_credits`
--
CREATE TABLE `craft_matrixcontent_credits` (
  `id` int(11) NOT NULL AUTO_INCREMENT,
  `elementId` int(11) NOT NULL,
  `locale` char(12) COLLATE utf8_unicode_ci NOT NULL,
  `field_item_role` text COLLATE utf8_unicode_ci,
  `field_item_contributorName` text COLLATE utf8_unicode_ci,
  `dateCreated` datetime NOT NULL,
  `dateUpdated` datetime NOT NULL,
  `uid` char(36) COLLATE utf8_unicode_ci NOT NULL DEFAULT '0',
  PRIMARY KEY (`id`),
  UNIQUE KEY `craft_matrixcontent_credits_elementId_locale_unq_idx` (`elementId`,`locale`),
  KEY `craft_matrixcontent_credits_locale_fk` (`locale`)
) ENGINE=InnoDB AUTO_INCREMENT=3 DEFAULT CHARSET=utf8 COLLATE=utf8_unicode_ci;

--
-- Data for table `craft_matrixcontent_credits`
--

INSERT INTO `craft_matrixcontent_credits` (`id`, `elementId`, `locale`, `field_item_role`, `field_item_contributorName`, `dateCreated`, `dateUpdated`, `uid`) VALUES
 ('1', '9', 'en_us', 'Interaction Design', 'Superhero Cheesecake', '2016-02-25 14:33:37', '2016-02-29 10:57:29', '415b7da5-1764-47e9-aad6-3147bfa0c222'),
 ('2', '36', 'en_us', 'Development', 'Inalise B.V.', '2016-02-29 10:03:07', '2016-02-29 11:06:43', 'f653c7c7-18b2-4a25-8579-5eca2529f92b');



DROP TABLE IF EXISTS `craft_matrixcontent_honours`;


--
-- Schema for table `craft_matrixcontent_honours`
--
CREATE TABLE `craft_matrixcontent_honours` (
  `id` int(11) NOT NULL AUTO_INCREMENT,
  `elementId` int(11) NOT NULL,
  `locale` char(12) COLLATE utf8_unicode_ci NOT NULL,
  `field_honour_honorName` text COLLATE utf8_unicode_ci,
  `dateCreated` datetime NOT NULL,
  `dateUpdated` datetime NOT NULL,
  `uid` char(36) COLLATE utf8_unicode_ci NOT NULL DEFAULT '0',
  PRIMARY KEY (`id`),
  UNIQUE KEY `craft_matrixcontent_honours_elementId_locale_unq_idx` (`elementId`,`locale`),
  KEY `craft_matrixcontent_honours_locale_fk` (`locale`)
) ENGINE=InnoDB AUTO_INCREMENT=4 DEFAULT CHARSET=utf8 COLLATE=utf8_unicode_ci;

--
-- Data for table `craft_matrixcontent_honours`
--

INSERT INTO `craft_matrixcontent_honours` (`id`, `elementId`, `locale`, `field_honour_honorName`, `dateCreated`, `dateUpdated`, `uid`) VALUES
 ('1', '30', 'en_us', 'FWA SOTD', '2016-02-29 09:51:11', '2016-02-29 11:06:43', '29778be7-bb44-4d8d-bf63-c2f7c843d157'),
 ('2', '34', 'en_us', 'FWA MOTD', '2016-02-29 10:00:59', '2016-02-29 11:06:43', 'd4e1f583-8c8a-4854-9707-55e3c3987d25'),
 ('3', '35', 'en_us', 'Awwwards SOTD', '2016-02-29 10:00:59', '2016-02-29 11:06:43', 'b79b26ba-a33d-437b-bfc1-f395ebe84229');



DROP TABLE IF EXISTS `craft_matrixcontent_roles`;


--
-- Schema for table `craft_matrixcontent_roles`
--
CREATE TABLE `craft_matrixcontent_roles` (
  `id` int(11) NOT NULL AUTO_INCREMENT,
  `elementId` int(11) NOT NULL,
  `locale` char(12) COLLATE utf8_unicode_ci NOT NULL,
  `field_role_role` text COLLATE utf8_unicode_ci,
  `dateCreated` datetime NOT NULL,
  `dateUpdated` datetime NOT NULL,
  `uid` char(36) COLLATE utf8_unicode_ci NOT NULL DEFAULT '0',
  PRIMARY KEY (`id`),
  UNIQUE KEY `craft_matrixcontent_roles_elementId_locale_unq_idx` (`elementId`,`locale`),
  KEY `craft_matrixcontent_roles_locale_fk` (`locale`)
) ENGINE=InnoDB AUTO_INCREMENT=6 DEFAULT CHARSET=utf8 COLLATE=utf8_unicode_ci;

--
-- Data for table `craft_matrixcontent_roles`
--

INSERT INTO `craft_matrixcontent_roles` (`id`, `elementId`, `locale`, `field_role_role`, `dateCreated`, `dateUpdated`, `uid`) VALUES
 ('1', '37', 'en_us', 'Interaction design', '2016-02-29 10:03:07', '2016-02-29 11:06:43', '73be0c7c-258c-43cf-ba89-dc1e65880b0c'),
 ('2', '38', 'en_us', 'UX Design', '2016-02-29 10:03:07', '2016-02-29 11:06:43', '2ddc33f7-3f41-471d-8384-eb77d6123524'),
 ('3', '39', 'en_us', 'Creative direction', '2016-02-29 10:03:07', '2016-02-29 11:06:43', '9563c88b-8e2f-46dd-aed5-16474fb5fae6'),
 ('4', '40', 'en_us', 'Concept', '2016-02-29 10:03:07', '2016-02-29 11:06:43', '6834b281-b873-434c-9a38-70f31447e28f'),
 ('5', '41', 'en_us', 'Strategy', '2016-02-29 10:03:07', '2016-02-29 11:06:43', 'ece16551-61b3-4a83-86f5-5d002b888492');



DROP TABLE IF EXISTS `craft_migrations`;


--
-- Schema for table `craft_migrations`
--
CREATE TABLE `craft_migrations` (
  `id` int(11) NOT NULL AUTO_INCREMENT,
  `pluginId` int(11) DEFAULT NULL,
  `version` varchar(255) COLLATE utf8_unicode_ci NOT NULL,
  `applyTime` datetime NOT NULL,
  `dateCreated` datetime NOT NULL,
  `dateUpdated` datetime NOT NULL,
  `uid` char(36) COLLATE utf8_unicode_ci NOT NULL DEFAULT '0',
  PRIMARY KEY (`id`),
  UNIQUE KEY `craft_migrations_version_unq_idx` (`version`),
  KEY `craft_migrations_pluginId_fk` (`pluginId`)
) ENGINE=InnoDB AUTO_INCREMENT=28 DEFAULT CHARSET=utf8 COLLATE=utf8_unicode_ci;

--
-- Data for table `craft_migrations`
--

INSERT INTO `craft_migrations` (`id`, `pluginId`, `version`, `applyTime`, `dateCreated`, `dateUpdated`, `uid`) VALUES
 ('1', NULL, 'm000000_000000_base', '2016-02-25 11:25:16', '2016-02-25 11:25:16', '2016-02-25 11:25:16', 'd49ea86f-1304-4ffe-a774-03e4ee5ca5f3'),
 ('2', NULL, 'm140730_000001_add_filename_and_format_to_transformindex', '2016-02-25 11:25:16', '2016-02-25 11:25:16', '2016-02-25 11:25:16', '8ab99b9c-20f5-48be-b696-169926a50588'),
 ('3', NULL, 'm140815_000001_add_format_to_transforms', '2016-02-25 11:25:16', '2016-02-25 11:25:16', '2016-02-25 11:25:16', '3412aade-49cb-44e9-a26a-87c078a41ff9'),
 ('4', NULL, 'm140822_000001_allow_more_than_128_items_per_field', '2016-02-25 11:25:16', '2016-02-25 11:25:16', '2016-02-25 11:25:16', '572fd3a2-143f-4e86-805d-003d2c8e2f17'),
 ('5', NULL, 'm140829_000001_single_title_formats', '2016-02-25 11:25:16', '2016-02-25 11:25:16', '2016-02-25 11:25:16', '7526265b-2c52-4c2a-bd46-7e09be0532e4'),
 ('6', NULL, 'm140831_000001_extended_cache_keys', '2016-02-25 11:25:16', '2016-02-25 11:25:16', '2016-02-25 11:25:16', 'b9ea5119-4105-424a-a8f9-213921b786a7'),
 ('7', NULL, 'm140922_000001_delete_orphaned_matrix_blocks', '2016-02-25 11:25:16', '2016-02-25 11:25:16', '2016-02-25 11:25:16', 'dbee261e-4d54-4324-a652-edfca671954a'),
 ('8', NULL, 'm141008_000001_elements_index_tune', '2016-02-25 11:25:16', '2016-02-25 11:25:16', '2016-02-25 11:25:16', '7c5a95d5-408a-46c2-876c-6b2317f1b2f6'),
 ('9', NULL, 'm141009_000001_assets_source_handle', '2016-02-25 11:25:16', '2016-02-25 11:25:16', '2016-02-25 11:25:16', '2767a51b-4a51-40ad-a4af-3818e17cdb9d'),
 ('10', NULL, 'm141024_000001_field_layout_tabs', '2016-02-25 11:25:16', '2016-02-25 11:25:16', '2016-02-25 11:25:16', 'd0dec3ea-9b70-403c-8658-6ab4d4e2f072'),
 ('11', NULL, 'm141030_000000_plugin_schema_versions', '2016-02-25 11:25:16', '2016-02-25 11:25:16', '2016-02-25 11:25:16', '64eff8bc-152c-4c41-9a68-a6aa31d0bb08'),
 ('12', NULL, 'm141030_000001_drop_structure_move_permission', '2016-02-25 11:25:16', '2016-02-25 11:25:16', '2016-02-25 11:25:16', 'c8495cf2-e0b9-4db6-9647-b37b4d234db8'),
 ('13', NULL, 'm141103_000001_tag_titles', '2016-02-25 11:25:16', '2016-02-25 11:25:16', '2016-02-25 11:25:16', 'd20aaec8-4a02-4b29-ac24-0e6d03b95148'),
 ('14', NULL, 'm141109_000001_user_status_shuffle', '2016-02-25 11:25:16', '2016-02-25 11:25:16', '2016-02-25 11:25:16', '4ebab5ef-6ec1-4b7d-92de-8d053b495945'),
 ('15', NULL, 'm141126_000001_user_week_start_day', '2016-02-25 11:25:16', '2016-02-25 11:25:16', '2016-02-25 11:25:16', '56f86a14-7cec-4858-bf88-9cbe8c78329f'),
 ('16', NULL, 'm150210_000001_adjust_user_photo_size', '2016-02-25 11:25:16', '2016-02-25 11:25:16', '2016-02-25 11:25:16', '2c745f76-c8c3-4eb1-9f95-2728ed013c2d'),
 ('17', NULL, 'm150724_000001_adjust_quality_settings', '2016-02-25 11:25:16', '2016-02-25 11:25:16', '2016-02-25 11:25:16', '97512dba-1a6a-425b-af69-9e85d199818d'),
 ('18', NULL, 'm150827_000000_element_index_settings', '2016-02-25 11:25:16', '2016-02-25 11:25:16', '2016-02-25 11:25:16', '54be5ed1-ea37-4c93-81ac-53d299456c9c'),
 ('19', NULL, 'm150918_000001_add_colspan_to_widgets', '2016-02-25 11:25:16', '2016-02-25 11:25:16', '2016-02-25 11:25:16', '5d327f66-62aa-48be-bb12-edb2eadc4c95'),
 ('20', NULL, 'm151007_000000_clear_asset_caches', '2016-02-25 11:25:16', '2016-02-25 11:25:16', '2016-02-25 11:25:16', '5b957635-1025-4281-8434-2bcb08d4b3ad'),
 ('21', NULL, 'm151109_000000_text_url_formats', '2016-02-25 11:25:16', '2016-02-25 11:25:16', '2016-02-25 11:25:16', '3ae6e920-240a-40cd-811e-715467b1174f'),
 ('22', NULL, 'm151110_000000_move_logo', '2016-02-25 11:25:16', '2016-02-25 11:25:16', '2016-02-25 11:25:16', 'ed2bea37-09c8-4b0a-86b2-825ce5450361'),
 ('23', NULL, 'm151117_000000_adjust_image_widthheight', '2016-02-25 11:25:16', '2016-02-25 11:25:16', '2016-02-25 11:25:16', '757d07da-7c83-46de-b65e-e5a41980435c'),
 ('24', NULL, 'm151127_000000_clear_license_key_status', '2016-02-25 11:25:16', '2016-02-25 11:25:16', '2016-02-25 11:25:16', '9bba2097-ad95-4e6a-a7f5-3007a0203a29'),
 ('25', NULL, 'm151127_000000_plugin_license_keys', '2016-02-25 11:25:16', '2016-02-25 11:25:16', '2016-02-25 11:25:16', '6ab452f0-2bcf-4efa-8897-6c9c48c2f396'),
 ('26', NULL, 'm151130_000000_update_pt_widget_feeds', '2016-02-25 11:25:16', '2016-02-25 11:25:16', '2016-02-25 11:25:16', '7bcba7ea-6a4f-441e-9fd3-231f512b07f2'),
 ('27', NULL, 'm160223_000000_sortorder_to_smallint', '2016-02-25 15:49:52', '2016-02-25 15:49:52', '2016-02-25 15:49:52', '247b0565-5472-4e23-8207-0c5c18de3daf');



DROP TABLE IF EXISTS `craft_plugins`;


--
-- Schema for table `craft_plugins`
--
CREATE TABLE `craft_plugins` (
  `id` int(11) NOT NULL AUTO_INCREMENT,
  `class` varchar(150) COLLATE utf8_unicode_ci NOT NULL,
  `version` varchar(15) COLLATE utf8_unicode_ci NOT NULL,
  `schemaVersion` varchar(15) COLLATE utf8_unicode_ci DEFAULT NULL,
  `licenseKey` char(24) COLLATE utf8_unicode_ci DEFAULT NULL,
  `licenseKeyStatus` enum('valid','invalid','mismatched','unknown') COLLATE utf8_unicode_ci NOT NULL DEFAULT 'unknown',
  `enabled` tinyint(1) unsigned NOT NULL DEFAULT '0',
  `settings` text COLLATE utf8_unicode_ci,
  `installDate` datetime NOT NULL,
  `dateCreated` datetime NOT NULL,
  `dateUpdated` datetime NOT NULL,
  `uid` char(36) COLLATE utf8_unicode_ci NOT NULL DEFAULT '0',
  PRIMARY KEY (`id`)
) ENGINE=InnoDB DEFAULT CHARSET=utf8 COLLATE=utf8_unicode_ci;

DROP TABLE IF EXISTS `craft_rackspaceaccess`;


--
-- Schema for table `craft_rackspaceaccess`
--
CREATE TABLE `craft_rackspaceaccess` (
  `id` int(11) NOT NULL AUTO_INCREMENT,
  `connectionKey` varchar(255) COLLATE utf8_unicode_ci NOT NULL,
  `token` varchar(255) COLLATE utf8_unicode_ci NOT NULL,
  `storageUrl` varchar(255) COLLATE utf8_unicode_ci NOT NULL,
  `cdnUrl` varchar(255) COLLATE utf8_unicode_ci NOT NULL,
  `dateCreated` datetime NOT NULL,
  `dateUpdated` datetime NOT NULL,
  `uid` char(36) COLLATE utf8_unicode_ci NOT NULL DEFAULT '0',
  PRIMARY KEY (`id`),
  UNIQUE KEY `craft_rackspaceaccess_connectionKey_unq_idx` (`connectionKey`)
) ENGINE=InnoDB DEFAULT CHARSET=utf8 COLLATE=utf8_unicode_ci;

DROP TABLE IF EXISTS `craft_relations`;


--
-- Schema for table `craft_relations`
--
CREATE TABLE `craft_relations` (
  `id` int(11) NOT NULL AUTO_INCREMENT,
  `fieldId` int(11) NOT NULL,
  `sourceId` int(11) NOT NULL,
  `sourceLocale` char(12) COLLATE utf8_unicode_ci DEFAULT NULL,
  `targetId` int(11) NOT NULL,
  `sortOrder` smallint(6) DEFAULT NULL,
  `dateCreated` datetime NOT NULL,
  `dateUpdated` datetime NOT NULL,
  `uid` char(36) COLLATE utf8_unicode_ci NOT NULL DEFAULT '0',
  PRIMARY KEY (`id`),
  UNIQUE KEY `craft_relations_fieldId_sourceId_sourceLocale_targetId_unq_idx` (`fieldId`,`sourceId`,`sourceLocale`,`targetId`),
  KEY `craft_relations_sourceId_fk` (`sourceId`),
  KEY `craft_relations_sourceLocale_fk` (`sourceLocale`),
  KEY `craft_relations_targetId_fk` (`targetId`)
) ENGINE=InnoDB AUTO_INCREMENT=169 DEFAULT CHARSET=utf8 COLLATE=utf8_unicode_ci;

--
-- Data for table `craft_relations`
--

INSERT INTO `craft_relations` (`id`, `fieldId`, `sourceId`, `sourceLocale`, `targetId`, `sortOrder`, `dateCreated`, `dateUpdated`, `uid`) VALUES
 ('2', '10', '5', NULL, '10', '1', '2016-02-25 16:08:37', '2016-02-25 16:08:37', '1190c283-4e2a-47a1-abd9-bcc28c0246ef'),
 ('145', '7', '50', NULL, '48', '1', '2016-02-29 10:54:45', '2016-02-29 10:54:45', '3163565e-4de8-452c-be59-e4358ba6589e'),
 ('146', '7', '45', NULL, '51', '1', '2016-02-29 10:57:29', '2016-02-29 10:57:29', '08afb70e-2979-40a1-9fd6-ea67adc033df'),
 ('158', '38', '30', NULL, '32', '1', '2016-02-29 11:06:43', '2016-02-29 11:06:43', '9b98bb8d-45d0-420d-bfc4-6eb0b576a726'),
 ('159', '38', '34', NULL, '32', '1', '2016-02-29 11:06:43', '2016-02-29 11:06:43', '05bd24e8-8b08-4998-9e5e-e743923f33d8'),
 ('160', '38', '35', NULL, '33', '1', '2016-02-29 11:06:43', '2016-02-29 11:06:43', 'a484152e-96eb-4d41-9eab-8523c5928885'),
 ('161', '14', '14', NULL, '13', '1', '2016-02-29 11:06:43', '2016-02-29 11:06:43', 'a9cad8f6-a92d-44d2-a383-21b0acc3fe83'),
 ('162', '15', '14', NULL, '16', '1', '2016-02-29 11:06:43', '2016-02-29 11:06:43', '57ea44b7-e3ad-481d-a5cd-1c8e4899f869'),
 ('163', '13', '19', NULL, '18', '1', '2016-02-29 11:06:43', '2016-02-29 11:06:43', '29bf7ac8-5657-46dc-8fbf-5dbd50284abd'),
 ('164', '14', '22', NULL, '21', '1', '2016-02-29 11:06:44', '2016-02-29 11:06:44', 'a7618bd7-4c78-4b80-a14d-f7159a6364dc'),
 ('165', '7', '23', NULL, '24', '1', '2016-02-29 11:06:44', '2016-02-29 11:06:44', '24154fca-c67f-429e-997e-6750ca966473'),
 ('166', '11', '29', NULL, '26', '1', '2016-02-29 11:06:44', '2016-02-29 11:06:44', '30c476eb-1ef5-43a0-ad5e-ee7216acf3fb'),
 ('167', '11', '29', NULL, '28', '2', '2016-02-29 11:06:44', '2016-02-29 11:06:44', 'b67abfd1-42c6-4901-8f13-a0d110a44f85'),
 ('168', '11', '29', NULL, '27', '3', '2016-02-29 11:06:44', '2016-02-29 11:06:44', '2c5795f3-1482-41c9-87fa-be0f7d5ef584');



DROP TABLE IF EXISTS `craft_routes`;


--
-- Schema for table `craft_routes`
--
CREATE TABLE `craft_routes` (
  `id` int(11) NOT NULL AUTO_INCREMENT,
  `locale` char(12) COLLATE utf8_unicode_ci DEFAULT NULL,
  `urlParts` varchar(255) COLLATE utf8_unicode_ci NOT NULL,
  `urlPattern` varchar(255) COLLATE utf8_unicode_ci NOT NULL,
  `template` varchar(255) COLLATE utf8_unicode_ci NOT NULL,
  `sortOrder` smallint(6) unsigned DEFAULT NULL,
  `dateCreated` datetime NOT NULL,
  `dateUpdated` datetime NOT NULL,
  `uid` char(36) COLLATE utf8_unicode_ci NOT NULL DEFAULT '0',
  PRIMARY KEY (`id`),
  UNIQUE KEY `craft_routes_urlPattern_unq_idx` (`urlPattern`),
  KEY `craft_routes_locale_idx` (`locale`)
) ENGINE=InnoDB DEFAULT CHARSET=utf8 COLLATE=utf8_unicode_ci;

DROP TABLE IF EXISTS `craft_searchindex`;


--
-- Schema for table `craft_searchindex`
--
CREATE TABLE `craft_searchindex` (
  `elementId` int(11) NOT NULL,
  `attribute` varchar(25) COLLATE utf8_unicode_ci NOT NULL,
  `fieldId` int(11) NOT NULL,
  `locale` char(12) COLLATE utf8_unicode_ci NOT NULL,
  `keywords` text COLLATE utf8_unicode_ci NOT NULL,
  PRIMARY KEY (`elementId`,`attribute`,`fieldId`,`locale`),
  FULLTEXT KEY `craft_searchindex_keywords_idx` (`keywords`)
) ENGINE=MyISAM DEFAULT CHARSET=utf8 COLLATE=utf8_unicode_ci;

--
-- Data for table `craft_searchindex`
--

INSERT INTO `craft_searchindex` (`elementId`, `attribute`, `fieldId`, `locale`, `keywords`) VALUES
 ('1', 'username', '0', 'en_us', ' shcc '),
 ('1', 'firstname', '0', 'en_us', ''),
 ('1', 'lastname', '0', 'en_us', ''),
 ('1', 'fullname', '0', 'en_us', ''),
 ('1', 'email', '0', 'en_us', ' sara superherocheesecake com '),
 ('1', 'slug', '0', 'en_us', ''),
 ('10', 'field', '39', 'en_us', ' a quirky new online appearance for a soda brand '),
 ('8', 'title', '0', 'en_us', ' passat 500 '),
 ('9', 'field', '32', 'en_us', ' interaction design '),
 ('9', 'field', '33', 'en_us', ' superhero cheesecake '),
 ('9', 'slug', '0', 'en_us', ''),
 ('8', 'field', '39', 'en_us', ''),
 ('8', 'field', '40', 'en_us', ''),
 ('8', 'field', '41', 'en_us', ''),
 ('8', 'field', '43', 'en_us', ''),
 ('8', 'field', '42', 'en_us', ''),
 ('8', 'field', '36', 'en_us', ''),
 ('5', 'slug', '0', 'en_us', ' homepage '),
 ('5', 'title', '0', 'en_us', ' homepage '),
 ('6', 'slug', '0', 'en_us', ''),
 ('6', 'title', '0', 'en_us', ' about '),
 ('7', 'slug', '0', 'en_us', ''),
 ('7', 'title', '0', 'en_us', ' contact '),
 ('8', 'field', '31', 'en_us', ' superhero cheesecake interaction design '),
 ('8', 'field', '34', 'en_us', ''),
 ('8', 'field', '3', 'en_us', ' 000000 orangina slide 3 left 000000 '),
 ('8', 'slug', '0', 'en_us', ' passat 500 '),
 ('4', 'title', '0', 'en_us', ' work overview '),
 ('4', 'slug', '0', 'en_us', ' work overview '),
 ('10', 'field', '40', 'en_us', ''),
 ('10', 'field', '41', 'en_us', ' orangina '),
 ('10', 'field', '43', 'en_us', ' responsive website '),
 ('10', 'field', '42', 'en_us', ' http orangina eu '),
 ('10', 'field', '31', 'en_us', ' inalise b v development '),
 ('10', 'field', '34', 'en_us', ' interaction design ux design creative direction concept strategy '),
 ('10', 'field', '36', 'en_us', ' fwa sotd fwa fwa motd fwa awwwards sotd awwwards '),
 ('10', 'field', '3', 'en_us', ' ffffff orangina refreshed their brand identity achtung kraftwerk wastasked to extend their newbrand identity to a fresh online experience 000000 000000 orangina screen background orangina screen fda519 in general there were two main obectives informing people about the available range of orangina products and telling them about the history of orangina as a brand the homepage would then serve as a hub to these two objectives as well as to the orangina social channels strategy concept ux the content of the new orangina website was meantto be kept simple serving a few main purposes ffffff ffa600 reel2015 ffffff design elements colors for the orangina website were besides the brand s blue and yellow based on the labels of the different flavours 000000 ffffff orangina bottles ffffff our hands on mentality can be found throughout the whole process we bring ideas to life early we prototype to keep improving along the way iconography orangina icons right to add on the playfull quirky identity of orangina we created an iconset that was used throughout the website 50 000000 092865 in general there were two main obectives informing people about the available range of orangina products and telling them about the history of orangina as a brand the homepage would then serve as a hub to these two objectives as well as to the orangina social channels final designs the content of the new orangina website was meantto be kept simple serving a few main purposes ffffff 092865 orangina slide 3 orangina slide 1 orangina slide 2 '),
 ('10', 'slug', '0', 'en_us', ' orangina '),
 ('10', 'title', '0', 'en_us', ' orangina global website '),
 ('11', 'slug', '0', 'en_us', ''),
 ('5', 'field', '10', 'en_us', ' orangina '),
 ('12', 'field', '29', 'en_us', ' orangina refreshed their brand identity achtung kraftwerk wastasked to extend their newbrand identity to a fresh online experience '),
 ('12', 'field', '30', 'en_us', ' ffffff '),
 ('12', 'slug', '0', 'en_us', ''),
 ('13', 'filename', '0', 'en_us', ' orangina screen png '),
 ('13', 'extension', '0', 'en_us', ' png '),
 ('13', 'kind', '0', 'en_us', ' image '),
 ('13', 'slug', '0', 'en_us', ' orangina screen '),
 ('13', 'title', '0', 'en_us', ' orangina screen '),
 ('14', 'field', '14', 'en_us', ' orangina screen '),
 ('14', 'field', '15', 'en_us', ' orangina screen background '),
 ('14', 'field', '19', 'en_us', ' 000000 '),
 ('14', 'slug', '0', 'en_us', ''),
 ('16', 'filename', '0', 'en_us', ' orangina screen background png '),
 ('16', 'extension', '0', 'en_us', ' png '),
 ('16', 'kind', '0', 'en_us', ' image '),
 ('16', 'slug', '0', 'en_us', ''),
 ('16', 'title', '0', 'en_us', ' orangina screen background '),
 ('17', 'field', '25', 'en_us', ' strategy concept ux '),
 ('17', 'field', '26', 'en_us', ' the content of the new orangina website was meantto be kept simple serving a few main purposes '),
 ('17', 'field', '27', 'en_us', ' in general there were two main obectives informing people about the available range of orangina products and telling them about the history of orangina as a brand the homepage would then serve as a hub to these two objectives as well as to the orangina social channels '),
 ('17', 'field', '28', 'en_us', ' fda519 '),
 ('17', 'slug', '0', 'en_us', ''),
 ('12', 'field', '47', 'en_us', ' 000000 '),
 ('17', 'field', '44', 'en_us', ' ffffff '),
 ('18', 'filename', '0', 'en_us', ' reel2015 mp4 '),
 ('18', 'extension', '0', 'en_us', ' mp4 '),
 ('18', 'kind', '0', 'en_us', ' video '),
 ('18', 'slug', '0', 'en_us', ' reel2015 1 '),
 ('18', 'title', '0', 'en_us', ' reel2015 '),
 ('19', 'field', '12', 'en_us', ''),
 ('19', 'field', '13', 'en_us', ' reel2015 '),
 ('19', 'field', '18', 'en_us', ' ffa600 '),
 ('19', 'slug', '0', 'en_us', ''),
 ('20', 'field', '25', 'en_us', ' design elements '),
 ('20', 'field', '26', 'en_us', ' colors for the orangina website were besides the brand s blue and yellow based on the labels of the different flavours '),
 ('20', 'field', '27', 'en_us', ''),
 ('20', 'field', '44', 'en_us', ' 000000 '),
 ('20', 'field', '28', 'en_us', ' ffffff '),
 ('20', 'slug', '0', 'en_us', ''),
 ('21', 'filename', '0', 'en_us', ' orangina bottles png '),
 ('21', 'extension', '0', 'en_us', ' png '),
 ('21', 'kind', '0', 'en_us', ' image '),
 ('21', 'slug', '0', 'en_us', ''),
 ('21', 'title', '0', 'en_us', ' orangina bottles '),
 ('22', 'field', '14', 'en_us', ' orangina bottles '),
 ('22', 'field', '15', 'en_us', ''),
 ('22', 'field', '19', 'en_us', ' ffffff '),
 ('22', 'slug', '0', 'en_us', ''),
 ('23', 'field', '4', 'en_us', ' iconography '),
 ('23', 'field', '5', 'en_us', ' to add on the playfull quirky identity of orangina we created an iconset that was used throughout the website '),
 ('23', 'field', '6', 'en_us', ' our hands on mentality can be found throughout the whole process we bring ideas to life early we prototype to keep improving along the way '),
 ('23', 'field', '7', 'en_us', ' orangina icons '),
 ('23', 'field', '45', 'en_us', ' 000000 '),
 ('23', 'field', '8', 'en_us', ' ffffff '),
 ('23', 'field', '9', 'en_us', ' right '),
 ('23', 'slug', '0', 'en_us', ''),
 ('24', 'filename', '0', 'en_us', ' orangina icons png '),
 ('24', 'extension', '0', 'en_us', ' png '),
 ('24', 'kind', '0', 'en_us', ' image ');
INSERT INTO `craft_searchindex` (`elementId`, `attribute`, `fieldId`, `locale`, `keywords`) VALUES
 ('24', 'slug', '0', 'en_us', ' orangina icons '),
 ('24', 'title', '0', 'en_us', ' orangina icons '),
 ('25', 'field', '25', 'en_us', ' final designs '),
 ('25', 'field', '26', 'en_us', ' the content of the new orangina website was meantto be kept simple serving a few main purposes '),
 ('25', 'field', '27', 'en_us', ' in general there were two main obectives informing people about the available range of orangina products and telling them about the history of orangina as a brand the homepage would then serve as a hub to these two objectives as well as to the orangina social channels '),
 ('25', 'field', '44', 'en_us', ' ffffff '),
 ('25', 'field', '28', 'en_us', ' 092865 '),
 ('25', 'slug', '0', 'en_us', ''),
 ('26', 'filename', '0', 'en_us', ' orangina slide 3 jpg '),
 ('26', 'extension', '0', 'en_us', ' jpg '),
 ('26', 'kind', '0', 'en_us', ' image '),
 ('26', 'slug', '0', 'en_us', ''),
 ('26', 'title', '0', 'en_us', ' orangina slide 3 '),
 ('27', 'filename', '0', 'en_us', ' orangina slide 2 jpg '),
 ('27', 'extension', '0', 'en_us', ' jpg '),
 ('27', 'kind', '0', 'en_us', ' image '),
 ('27', 'slug', '0', 'en_us', ''),
 ('27', 'title', '0', 'en_us', ' orangina slide 2 '),
 ('28', 'filename', '0', 'en_us', ' orangina slide 1 jpg '),
 ('28', 'extension', '0', 'en_us', ' jpg '),
 ('28', 'kind', '0', 'en_us', ' image '),
 ('28', 'slug', '0', 'en_us', ''),
 ('28', 'title', '0', 'en_us', ' orangina slide 1 '),
 ('29', 'field', '11', 'en_us', ' orangina slide 3 orangina slide 1 orangina slide 2 '),
 ('29', 'field', '17', 'en_us', ' 092865 '),
 ('29', 'slug', '0', 'en_us', ''),
 ('30', 'field', '37', 'en_us', ' fwa sotd '),
 ('30', 'field', '38', 'en_us', ' fwa '),
 ('30', 'slug', '0', 'en_us', ''),
 ('32', 'kind', '0', 'en_us', ' image '),
 ('32', 'extension', '0', 'en_us', ' png '),
 ('32', 'filename', '0', 'en_us', ' logo fwa png '),
 ('32', 'slug', '0', 'en_us', ' logo fwa '),
 ('32', 'title', '0', 'en_us', ' fwa '),
 ('33', 'filename', '0', 'en_us', ' logo awwwards png '),
 ('33', 'extension', '0', 'en_us', ' png '),
 ('33', 'kind', '0', 'en_us', ' image '),
 ('33', 'slug', '0', 'en_us', ' logo awwwards '),
 ('33', 'title', '0', 'en_us', ' awwwards '),
 ('34', 'field', '37', 'en_us', ' fwa motd '),
 ('34', 'field', '38', 'en_us', ' fwa '),
 ('34', 'slug', '0', 'en_us', ''),
 ('35', 'field', '37', 'en_us', ' awwwards sotd '),
 ('35', 'field', '38', 'en_us', ' awwwards '),
 ('35', 'slug', '0', 'en_us', ''),
 ('36', 'field', '32', 'en_us', ' development '),
 ('36', 'field', '33', 'en_us', ' inalise b v '),
 ('36', 'slug', '0', 'en_us', ''),
 ('37', 'field', '35', 'en_us', ' interaction design '),
 ('37', 'slug', '0', 'en_us', ''),
 ('38', 'field', '35', 'en_us', ' ux design '),
 ('38', 'slug', '0', 'en_us', ''),
 ('39', 'field', '35', 'en_us', ' creative direction '),
 ('39', 'slug', '0', 'en_us', ''),
 ('40', 'field', '35', 'en_us', ' concept '),
 ('40', 'slug', '0', 'en_us', ''),
 ('41', 'field', '35', 'en_us', ' strategy '),
 ('41', 'slug', '0', 'en_us', ''),
 ('43', 'extension', '0', 'en_us', ' jpg '),
 ('43', 'filename', '0', 'en_us', ' 12728468_1670567653203189_394512682_n jpg '),
 ('43', 'kind', '0', 'en_us', ' image '),
 ('43', 'slug', '0', 'en_us', ''),
 ('43', 'title', '0', 'en_us', ' 12728468 1670567653203189 394512682 n '),
 ('44', 'filename', '0', 'en_us', ' screen shot 2016 02 25 at 14 22 12 png '),
 ('44', 'extension', '0', 'en_us', ' png '),
 ('44', 'kind', '0', 'en_us', ' image '),
 ('44', 'slug', '0', 'en_us', ''),
 ('44', 'title', '0', 'en_us', ' screen shot 2016 02 25 at 14 22 12 '),
 ('45', 'field', '4', 'en_us', ''),
 ('45', 'field', '5', 'en_us', ''),
 ('45', 'field', '6', 'en_us', ''),
 ('45', 'field', '7', 'en_us', ' orangina slide 3 '),
 ('45', 'field', '45', 'en_us', ' 000000 '),
 ('45', 'field', '8', 'en_us', ' 000000 '),
 ('45', 'field', '9', 'en_us', ' left '),
 ('45', 'slug', '0', 'en_us', ''),
 ('46', 'filename', '0', 'en_us', ' screen shot 2016 02 24 at 15 48 22 png '),
 ('46', 'extension', '0', 'en_us', ' png '),
 ('46', 'kind', '0', 'en_us', ' image '),
 ('46', 'slug', '0', 'en_us', ''),
 ('46', 'title', '0', 'en_us', ' screen shot 2016 02 24 at 15 48 22 '),
 ('48', 'extension', '0', 'en_us', ' png '),
 ('48', 'filename', '0', 'en_us', ' screen shot 2016 02 17 at 12 49 34 png '),
 ('48', 'kind', '0', 'en_us', ' image '),
 ('48', 'slug', '0', 'en_us', ''),
 ('48', 'title', '0', 'en_us', ' screen shot 2016 02 17 at 12 49 34 '),
 ('49', 'field', '39', 'en_us', ' sdfsfd '),
 ('49', 'field', '40', 'en_us', ''),
 ('49', 'field', '41', 'en_us', ''),
 ('49', 'field', '43', 'en_us', ''),
 ('49', 'field', '42', 'en_us', ''),
 ('49', 'field', '31', 'en_us', ''),
 ('49', 'field', '34', 'en_us', ''),
 ('49', 'field', '36', 'en_us', ''),
 ('49', 'field', '3', 'en_us', ' 000000 screen shot 2016 02 17 at 12 49 34 left 000000 '),
 ('49', 'slug', '0', 'en_us', ' sdfsdfds '),
 ('49', 'title', '0', 'en_us', ' sdfsdfds '),
 ('50', 'field', '4', 'en_us', ''),
 ('50', 'field', '5', 'en_us', ''),
 ('50', 'field', '6', 'en_us', '');
INSERT INTO `craft_searchindex` (`elementId`, `attribute`, `fieldId`, `locale`, `keywords`) VALUES
 ('50', 'field', '7', 'en_us', ' screen shot 2016 02 17 at 12 49 34 '),
 ('50', 'field', '45', 'en_us', ' 000000 '),
 ('50', 'field', '8', 'en_us', ' 000000 '),
 ('50', 'field', '9', 'en_us', ' left '),
 ('50', 'slug', '0', 'en_us', ''),
 ('51', 'filename', '0', 'en_us', ' orangina slide 3 jpg '),
 ('51', 'extension', '0', 'en_us', ' jpg '),
 ('51', 'kind', '0', 'en_us', ' image '),
 ('51', 'slug', '0', 'en_us', ''),
 ('51', 'title', '0', 'en_us', ' orangina slide 3 '),
 ('23', 'field', '48', 'en_us', ' 50 ');



DROP TABLE IF EXISTS `craft_sections`;


--
-- Schema for table `craft_sections`
--
CREATE TABLE `craft_sections` (
  `id` int(11) NOT NULL AUTO_INCREMENT,
  `structureId` int(11) DEFAULT NULL,
  `name` varchar(255) COLLATE utf8_unicode_ci NOT NULL,
  `handle` varchar(255) COLLATE utf8_unicode_ci NOT NULL,
  `type` enum('single','channel','structure') COLLATE utf8_unicode_ci NOT NULL DEFAULT 'channel',
  `hasUrls` tinyint(1) unsigned NOT NULL DEFAULT '1',
  `template` varchar(500) COLLATE utf8_unicode_ci DEFAULT NULL,
  `enableVersioning` tinyint(1) unsigned NOT NULL DEFAULT '0',
  `dateCreated` datetime NOT NULL,
  `dateUpdated` datetime NOT NULL,
  `uid` char(36) COLLATE utf8_unicode_ci NOT NULL DEFAULT '0',
  PRIMARY KEY (`id`),
  UNIQUE KEY `craft_sections_name_unq_idx` (`name`),
  UNIQUE KEY `craft_sections_handle_unq_idx` (`handle`),
  KEY `craft_sections_structureId_fk` (`structureId`)
) ENGINE=InnoDB AUTO_INCREMENT=8 DEFAULT CHARSET=utf8 COLLATE=utf8_unicode_ci;

--
-- Data for table `craft_sections`
--

INSERT INTO `craft_sections` (`id`, `structureId`, `name`, `handle`, `type`, `hasUrls`, `template`, `enableVersioning`, `dateCreated`, `dateUpdated`, `uid`) VALUES
 ('3', '1', 'Case', 'case', 'structure', '1', 'pages/_case', '1', '2016-02-25 13:47:27', '2016-02-26 14:17:24', '0f289536-489f-494b-b595-5f99f79e5d8a'),
 ('4', NULL, 'Work', 'work', 'single', '1', 'work', '1', '2016-02-25 13:47:58', '2016-02-25 13:48:38', '6d2fce18-1961-44f9-b418-fea790b04ca8'),
 ('5', NULL, 'Homepage', 'homepage', 'single', '1', 'home', '1', '2016-02-25 13:49:09', '2016-02-25 16:07:00', '2c066dbe-4222-44a4-9bc5-ba0fa25b77d1'),
 ('6', NULL, 'About', 'about', 'single', '1', 'about', '1', '2016-02-25 13:49:30', '2016-02-25 13:49:30', '42d6190b-0660-4b92-a0be-00754f79e5ac'),
 ('7', NULL, 'Contact', 'contact', 'single', '1', 'contact', '1', '2016-02-25 13:49:38', '2016-02-25 13:49:38', '39a13606-522c-426f-99a4-9e3ad711788e');



DROP TABLE IF EXISTS `craft_sections_i18n`;


--
-- Schema for table `craft_sections_i18n`
--
CREATE TABLE `craft_sections_i18n` (
  `id` int(11) NOT NULL AUTO_INCREMENT,
  `sectionId` int(11) NOT NULL,
  `locale` char(12) COLLATE utf8_unicode_ci NOT NULL,
  `enabledByDefault` tinyint(1) unsigned NOT NULL DEFAULT '1',
  `urlFormat` text COLLATE utf8_unicode_ci,
  `nestedUrlFormat` text COLLATE utf8_unicode_ci,
  `dateCreated` datetime NOT NULL,
  `dateUpdated` datetime NOT NULL,
  `uid` char(36) COLLATE utf8_unicode_ci NOT NULL DEFAULT '0',
  PRIMARY KEY (`id`),
  UNIQUE KEY `craft_sections_i18n_sectionId_locale_unq_idx` (`sectionId`,`locale`),
  KEY `craft_sections_i18n_locale_fk` (`locale`)
) ENGINE=InnoDB AUTO_INCREMENT=8 DEFAULT CHARSET=utf8 COLLATE=utf8_unicode_ci;

--
-- Data for table `craft_sections_i18n`
--

INSERT INTO `craft_sections_i18n` (`id`, `sectionId`, `locale`, `enabledByDefault`, `urlFormat`, `nestedUrlFormat`, `dateCreated`, `dateUpdated`, `uid`) VALUES
 ('3', '3', 'en_us', '0', 'work/{slug}', NULL, '2016-02-25 13:47:27', '2016-02-25 13:47:27', '52f43946-6157-4b9f-9486-7559663fccd6'),
 ('4', '4', 'en_us', '0', 'work', NULL, '2016-02-25 13:47:58', '2016-02-25 13:47:58', '70ef2b1a-0245-4aa5-a68d-42ef2238b26f'),
 ('5', '5', 'en_us', '0', '__home__', NULL, '2016-02-25 13:49:09', '2016-02-25 13:49:09', '2bc49b0d-91ae-4550-860e-b9c2e0a9b5a3'),
 ('6', '6', 'en_us', '0', 'about', NULL, '2016-02-25 13:49:30', '2016-02-25 13:49:30', '9ca54db3-8a61-422b-b102-f8414bcb2878'),
 ('7', '7', 'en_us', '0', 'contact', NULL, '2016-02-25 13:49:38', '2016-02-25 13:49:38', '8eac3c77-821e-41b4-8577-3b728a995cf9');



DROP TABLE IF EXISTS `craft_sessions`;


--
-- Schema for table `craft_sessions`
--
CREATE TABLE `craft_sessions` (
  `id` int(11) NOT NULL AUTO_INCREMENT,
  `userId` int(11) NOT NULL,
  `token` char(100) COLLATE utf8_unicode_ci NOT NULL,
  `dateCreated` datetime NOT NULL,
  `dateUpdated` datetime NOT NULL,
  `uid` char(36) COLLATE utf8_unicode_ci NOT NULL DEFAULT '0',
  PRIMARY KEY (`id`),
  KEY `craft_sessions_uid_idx` (`uid`),
  KEY `craft_sessions_token_idx` (`token`),
  KEY `craft_sessions_dateUpdated_idx` (`dateUpdated`),
  KEY `craft_sessions_userId_fk` (`userId`)
) ENGINE=InnoDB AUTO_INCREMENT=5 DEFAULT CHARSET=utf8 COLLATE=utf8_unicode_ci;

DROP TABLE IF EXISTS `craft_shunnedmessages`;


--
-- Schema for table `craft_shunnedmessages`
--
CREATE TABLE `craft_shunnedmessages` (
  `id` int(11) NOT NULL AUTO_INCREMENT,
  `userId` int(11) NOT NULL,
  `message` varchar(255) COLLATE utf8_unicode_ci NOT NULL,
  `expiryDate` datetime DEFAULT NULL,
  `dateCreated` datetime NOT NULL,
  `dateUpdated` datetime NOT NULL,
  `uid` char(36) COLLATE utf8_unicode_ci NOT NULL DEFAULT '0',
  PRIMARY KEY (`id`),
  UNIQUE KEY `craft_shunnedmessages_userId_message_unq_idx` (`userId`,`message`)
) ENGINE=InnoDB DEFAULT CHARSET=utf8 COLLATE=utf8_unicode_ci;

DROP TABLE IF EXISTS `craft_structureelements`;


--
-- Schema for table `craft_structureelements`
--
CREATE TABLE `craft_structureelements` (
  `id` int(11) NOT NULL AUTO_INCREMENT,
  `structureId` int(11) NOT NULL,
  `elementId` int(11) DEFAULT NULL,
  `root` int(11) unsigned DEFAULT NULL,
  `lft` int(11) unsigned NOT NULL,
  `rgt` int(11) unsigned NOT NULL,
  `level` smallint(6) unsigned NOT NULL,
  `dateCreated` datetime NOT NULL,
  `dateUpdated` datetime NOT NULL,
  `uid` char(36) COLLATE utf8_unicode_ci NOT NULL DEFAULT '0',
  PRIMARY KEY (`id`),
  UNIQUE KEY `craft_structureelements_structureId_elementId_unq_idx` (`structureId`,`elementId`),
  KEY `craft_structureelements_root_idx` (`root`),
  KEY `craft_structureelements_lft_idx` (`lft`),
  KEY `craft_structureelements_rgt_idx` (`rgt`),
  KEY `craft_structureelements_level_idx` (`level`),
  KEY `craft_structureelements_elementId_fk` (`elementId`)
) ENGINE=InnoDB AUTO_INCREMENT=5 DEFAULT CHARSET=utf8 COLLATE=utf8_unicode_ci;

--
-- Data for table `craft_structureelements`
--

INSERT INTO `craft_structureelements` (`id`, `structureId`, `elementId`, `root`, `lft`, `rgt`, `level`, `dateCreated`, `dateUpdated`, `uid`) VALUES
 ('1', '1', NULL, '1', '1', '8', '0', '2016-02-25 14:42:11', '2016-02-25 14:42:11', 'ac49b33a-2fb3-4bed-9710-b92750cca985'),
 ('2', '1', '8', '1', '2', '3', '1', '2016-02-25 14:42:11', '2016-02-25 14:42:11', '1e21495c-9138-412b-8473-0f56ef639a58'),
 ('3', '1', '10', '1', '4', '5', '1', '2016-02-25 14:42:24', '2016-02-25 14:42:24', 'e990b2d6-3b55-482a-82fc-19b55480e5e1'),
 ('4', '1', '49', '1', '6', '7', '1', '2016-02-29 10:54:45', '2016-02-29 10:54:45', '44adaf2c-cf00-4286-be94-366c9eb75bd6');



DROP TABLE IF EXISTS `craft_structures`;


--
-- Schema for table `craft_structures`
--
CREATE TABLE `craft_structures` (
  `id` int(11) NOT NULL AUTO_INCREMENT,
  `maxLevels` smallint(6) unsigned DEFAULT NULL,
  `dateCreated` datetime NOT NULL,
  `dateUpdated` datetime NOT NULL,
  `uid` char(36) COLLATE utf8_unicode_ci NOT NULL DEFAULT '0',
  PRIMARY KEY (`id`)
) ENGINE=InnoDB AUTO_INCREMENT=2 DEFAULT CHARSET=utf8 COLLATE=utf8_unicode_ci;

--
-- Data for table `craft_structures`
--

INSERT INTO `craft_structures` (`id`, `maxLevels`, `dateCreated`, `dateUpdated`, `uid`) VALUES
 ('1', '1', '2016-02-25 14:42:11', '2016-02-26 14:17:24', '54a066d6-3981-4ae0-be93-5371dc6b0ca3');



DROP TABLE IF EXISTS `craft_systemsettings`;


--
-- Schema for table `craft_systemsettings`
--
CREATE TABLE `craft_systemsettings` (
  `id` int(11) NOT NULL AUTO_INCREMENT,
  `category` varchar(15) COLLATE utf8_unicode_ci NOT NULL,
  `settings` text COLLATE utf8_unicode_ci,
  `dateCreated` datetime NOT NULL,
  `dateUpdated` datetime NOT NULL,
  `uid` char(36) COLLATE utf8_unicode_ci NOT NULL DEFAULT '0',
  PRIMARY KEY (`id`),
  UNIQUE KEY `craft_systemsettings_category_unq_idx` (`category`)
) ENGINE=InnoDB AUTO_INCREMENT=2 DEFAULT CHARSET=utf8 COLLATE=utf8_unicode_ci;

--
-- Data for table `craft_systemsettings`
--

INSERT INTO `craft_systemsettings` (`id`, `category`, `settings`, `dateCreated`, `dateUpdated`, `uid`) VALUES
 ('1', 'email', '{\"protocol\":\"php\",\"emailAddress\":\"sara@superherocheesecake.com\",\"senderName\":\"[Kraftwerk] Kraftwerk website\"}', '2016-02-25 11:25:17', '2016-02-25 11:25:17', '3735bf9a-2473-4b6e-8b38-5e9850f987ef');



DROP TABLE IF EXISTS `craft_taggroups`;


--
-- Schema for table `craft_taggroups`
--
CREATE TABLE `craft_taggroups` (
  `id` int(11) NOT NULL AUTO_INCREMENT,
  `name` varchar(255) COLLATE utf8_unicode_ci NOT NULL,
  `handle` varchar(255) COLLATE utf8_unicode_ci NOT NULL,
  `fieldLayoutId` int(10) DEFAULT NULL,
  `dateCreated` datetime NOT NULL,
  `dateUpdated` datetime NOT NULL,
  `uid` char(36) COLLATE utf8_unicode_ci NOT NULL DEFAULT '0',
  PRIMARY KEY (`id`),
  UNIQUE KEY `craft_taggroups_name_unq_idx` (`name`),
  UNIQUE KEY `craft_taggroups_handle_unq_idx` (`handle`),
  KEY `craft_taggroups_fieldLayoutId_fk` (`fieldLayoutId`)
) ENGINE=InnoDB AUTO_INCREMENT=2 DEFAULT CHARSET=utf8 COLLATE=utf8_unicode_ci;

--
-- Data for table `craft_taggroups`
--

INSERT INTO `craft_taggroups` (`id`, `name`, `handle`, `fieldLayoutId`, `dateCreated`, `dateUpdated`, `uid`) VALUES
 ('1', 'Default', 'default', '1', '2016-02-25 11:25:17', '2016-02-25 11:25:17', 'bd03e42b-7841-4a6c-8872-253c21fd63d9');



DROP TABLE IF EXISTS `craft_tags`;


--
-- Schema for table `craft_tags`
--
CREATE TABLE `craft_tags` (
  `id` int(11) NOT NULL,
  `groupId` int(11) NOT NULL,
  `dateCreated` datetime NOT NULL,
  `dateUpdated` datetime NOT NULL,
  `uid` char(36) COLLATE utf8_unicode_ci NOT NULL DEFAULT '0',
  PRIMARY KEY (`id`),
  KEY `craft_tags_groupId_fk` (`groupId`)
) ENGINE=InnoDB DEFAULT CHARSET=utf8 COLLATE=utf8_unicode_ci;

DROP TABLE IF EXISTS `craft_tasks`;


--
-- Schema for table `craft_tasks`
--
CREATE TABLE `craft_tasks` (
  `id` int(11) NOT NULL AUTO_INCREMENT,
  `root` int(11) unsigned DEFAULT NULL,
  `lft` int(11) unsigned NOT NULL,
  `rgt` int(11) unsigned NOT NULL,
  `level` smallint(6) unsigned NOT NULL,
  `currentStep` int(11) unsigned DEFAULT NULL,
  `totalSteps` int(11) unsigned DEFAULT NULL,
  `status` enum('pending','error','running') COLLATE utf8_unicode_ci DEFAULT NULL,
  `type` varchar(150) COLLATE utf8_unicode_ci NOT NULL,
  `description` varchar(255) COLLATE utf8_unicode_ci DEFAULT NULL,
  `settings` text COLLATE utf8_unicode_ci,
  `dateCreated` datetime NOT NULL,
  `dateUpdated` datetime NOT NULL,
  `uid` char(36) COLLATE utf8_unicode_ci NOT NULL DEFAULT '0',
  PRIMARY KEY (`id`),
  KEY `craft_tasks_root_idx` (`root`),
  KEY `craft_tasks_lft_idx` (`lft`),
  KEY `craft_tasks_rgt_idx` (`rgt`),
  KEY `craft_tasks_level_idx` (`level`)
) ENGINE=InnoDB AUTO_INCREMENT=2 DEFAULT CHARSET=utf8 COLLATE=utf8_unicode_ci;

DROP TABLE IF EXISTS `craft_templatecachecriteria`;


--
-- Schema for table `craft_templatecachecriteria`
--
CREATE TABLE `craft_templatecachecriteria` (
  `id` int(11) NOT NULL AUTO_INCREMENT,
  `cacheId` int(11) NOT NULL,
  `type` varchar(150) COLLATE utf8_unicode_ci NOT NULL,
  `criteria` text COLLATE utf8_unicode_ci NOT NULL,
  PRIMARY KEY (`id`),
  KEY `craft_templatecachecriteria_cacheId_fk` (`cacheId`),
  KEY `craft_templatecachecriteria_type_idx` (`type`)
) ENGINE=InnoDB DEFAULT CHARSET=utf8 COLLATE=utf8_unicode_ci;

DROP TABLE IF EXISTS `craft_templatecacheelements`;


--
-- Schema for table `craft_templatecacheelements`
--
CREATE TABLE `craft_templatecacheelements` (
  `cacheId` int(11) NOT NULL,
  `elementId` int(11) NOT NULL,
  KEY `craft_templatecacheelements_cacheId_fk` (`cacheId`),
  KEY `craft_templatecacheelements_elementId_fk` (`elementId`)
) ENGINE=InnoDB DEFAULT CHARSET=utf8 COLLATE=utf8_unicode_ci;

DROP TABLE IF EXISTS `craft_templatecaches`;


--
-- Schema for table `craft_templatecaches`
--
CREATE TABLE `craft_templatecaches` (
  `id` int(11) NOT NULL AUTO_INCREMENT,
  `cacheKey` varchar(255) COLLATE utf8_unicode_ci NOT NULL,
  `locale` char(12) COLLATE utf8_unicode_ci NOT NULL,
  `path` varchar(255) COLLATE utf8_unicode_ci DEFAULT NULL,
  `expiryDate` datetime NOT NULL,
  `body` mediumtext COLLATE utf8_unicode_ci NOT NULL,
  PRIMARY KEY (`id`),
  KEY `craft_templatecaches_expiryDate_cacheKey_locale_path_idx` (`expiryDate`,`cacheKey`,`locale`,`path`),
  KEY `craft_templatecaches_locale_fk` (`locale`)
) ENGINE=InnoDB DEFAULT CHARSET=utf8 COLLATE=utf8_unicode_ci;

DROP TABLE IF EXISTS `craft_tokens`;


--
-- Schema for table `craft_tokens`
--
CREATE TABLE `craft_tokens` (
  `id` int(11) NOT NULL AUTO_INCREMENT,
  `token` char(32) COLLATE utf8_unicode_ci NOT NULL,
  `route` text COLLATE utf8_unicode_ci,
  `usageLimit` tinyint(3) unsigned DEFAULT NULL,
  `usageCount` tinyint(3) unsigned DEFAULT NULL,
  `expiryDate` datetime NOT NULL,
  `dateCreated` datetime NOT NULL,
  `dateUpdated` datetime NOT NULL,
  `uid` char(36) COLLATE utf8_unicode_ci NOT NULL DEFAULT '0',
  PRIMARY KEY (`id`),
  UNIQUE KEY `craft_tokens_token_unq_idx` (`token`),
  KEY `craft_tokens_expiryDate_idx` (`expiryDate`)
) ENGINE=InnoDB DEFAULT CHARSET=utf8 COLLATE=utf8_unicode_ci;

DROP TABLE IF EXISTS `craft_usergroups`;


--
-- Schema for table `craft_usergroups`
--
CREATE TABLE `craft_usergroups` (
  `id` int(11) NOT NULL AUTO_INCREMENT,
  `name` varchar(255) COLLATE utf8_unicode_ci NOT NULL,
  `handle` varchar(255) COLLATE utf8_unicode_ci NOT NULL,
  `dateCreated` datetime NOT NULL,
  `dateUpdated` datetime NOT NULL,
  `uid` char(36) COLLATE utf8_unicode_ci NOT NULL DEFAULT '0',
  PRIMARY KEY (`id`)
) ENGINE=InnoDB DEFAULT CHARSET=utf8 COLLATE=utf8_unicode_ci;

DROP TABLE IF EXISTS `craft_usergroups_users`;


--
-- Schema for table `craft_usergroups_users`
--
CREATE TABLE `craft_usergroups_users` (
  `id` int(11) NOT NULL AUTO_INCREMENT,
  `groupId` int(11) NOT NULL,
  `userId` int(11) NOT NULL,
  `dateCreated` datetime NOT NULL,
  `dateUpdated` datetime NOT NULL,
  `uid` char(36) COLLATE utf8_unicode_ci NOT NULL DEFAULT '0',
  PRIMARY KEY (`id`),
  UNIQUE KEY `craft_usergroups_users_groupId_userId_unq_idx` (`groupId`,`userId`),
  KEY `craft_usergroups_users_userId_fk` (`userId`)
) ENGINE=InnoDB DEFAULT CHARSET=utf8 COLLATE=utf8_unicode_ci;

DROP TABLE IF EXISTS `craft_userpermissions`;


--
-- Schema for table `craft_userpermissions`
--
CREATE TABLE `craft_userpermissions` (
  `id` int(11) NOT NULL AUTO_INCREMENT,
  `name` varchar(255) COLLATE utf8_unicode_ci NOT NULL,
  `dateCreated` datetime NOT NULL,
  `dateUpdated` datetime NOT NULL,
  `uid` char(36) COLLATE utf8_unicode_ci NOT NULL DEFAULT '0',
  PRIMARY KEY (`id`),
  UNIQUE KEY `craft_userpermissions_name_unq_idx` (`name`)
) ENGINE=InnoDB DEFAULT CHARSET=utf8 COLLATE=utf8_unicode_ci;

DROP TABLE IF EXISTS `craft_userpermissions_usergroups`;


--
-- Schema for table `craft_userpermissions_usergroups`
--
CREATE TABLE `craft_userpermissions_usergroups` (
  `id` int(11) NOT NULL AUTO_INCREMENT,
  `permissionId` int(11) NOT NULL,
  `groupId` int(11) NOT NULL,
  `dateCreated` datetime NOT NULL,
  `dateUpdated` datetime NOT NULL,
  `uid` char(36) COLLATE utf8_unicode_ci NOT NULL DEFAULT '0',
  PRIMARY KEY (`id`),
  UNIQUE KEY `craft_userpermissions_usergroups_permissionId_groupId_unq_idx` (`permissionId`,`groupId`),
  KEY `craft_userpermissions_usergroups_groupId_fk` (`groupId`)
) ENGINE=InnoDB DEFAULT CHARSET=utf8 COLLATE=utf8_unicode_ci;

DROP TABLE IF EXISTS `craft_userpermissions_users`;


--
-- Schema for table `craft_userpermissions_users`
--
CREATE TABLE `craft_userpermissions_users` (
  `id` int(11) NOT NULL AUTO_INCREMENT,
  `permissionId` int(11) NOT NULL,
  `userId` int(11) NOT NULL,
  `dateCreated` datetime NOT NULL,
  `dateUpdated` datetime NOT NULL,
  `uid` char(36) COLLATE utf8_unicode_ci NOT NULL DEFAULT '0',
  PRIMARY KEY (`id`),
  UNIQUE KEY `craft_userpermissions_users_permissionId_userId_unq_idx` (`permissionId`,`userId`),
  KEY `craft_userpermissions_users_userId_fk` (`userId`)
) ENGINE=InnoDB DEFAULT CHARSET=utf8 COLLATE=utf8_unicode_ci;

DROP TABLE IF EXISTS `craft_users`;


--
-- Schema for table `craft_users`
--
CREATE TABLE `craft_users` (
  `id` int(11) NOT NULL,
  `username` varchar(100) COLLATE utf8_unicode_ci NOT NULL,
  `photo` varchar(100) COLLATE utf8_unicode_ci DEFAULT NULL,
  `firstName` varchar(100) COLLATE utf8_unicode_ci DEFAULT NULL,
  `lastName` varchar(100) COLLATE utf8_unicode_ci DEFAULT NULL,
  `email` varchar(255) COLLATE utf8_unicode_ci NOT NULL,
  `password` char(255) COLLATE utf8_unicode_ci DEFAULT NULL,
  `preferredLocale` char(12) COLLATE utf8_unicode_ci DEFAULT NULL,
  `weekStartDay` tinyint(1) unsigned NOT NULL DEFAULT '0',
  `admin` tinyint(1) unsigned NOT NULL DEFAULT '0',
  `client` tinyint(1) unsigned NOT NULL DEFAULT '0',
  `locked` tinyint(1) unsigned NOT NULL DEFAULT '0',
  `suspended` tinyint(1) unsigned NOT NULL DEFAULT '0',
  `pending` tinyint(1) unsigned NOT NULL DEFAULT '0',
  `archived` tinyint(1) unsigned NOT NULL DEFAULT '0',
  `lastLoginDate` datetime DEFAULT NULL,
  `lastLoginAttemptIPAddress` varchar(45) COLLATE utf8_unicode_ci DEFAULT NULL,
  `invalidLoginWindowStart` datetime DEFAULT NULL,
  `invalidLoginCount` tinyint(4) unsigned DEFAULT NULL,
  `lastInvalidLoginDate` datetime DEFAULT NULL,
  `lockoutDate` datetime DEFAULT NULL,
  `verificationCode` char(100) COLLATE utf8_unicode_ci DEFAULT NULL,
  `verificationCodeIssuedDate` datetime DEFAULT NULL,
  `unverifiedEmail` varchar(255) COLLATE utf8_unicode_ci DEFAULT NULL,
  `passwordResetRequired` tinyint(1) unsigned NOT NULL DEFAULT '0',
  `lastPasswordChangeDate` datetime DEFAULT NULL,
  `dateCreated` datetime NOT NULL,
  `dateUpdated` datetime NOT NULL,
  `uid` char(36) COLLATE utf8_unicode_ci NOT NULL DEFAULT '0',
  PRIMARY KEY (`id`),
  UNIQUE KEY `craft_users_username_unq_idx` (`username`),
  UNIQUE KEY `craft_users_email_unq_idx` (`email`),
  KEY `craft_users_verificationCode_idx` (`verificationCode`),
  KEY `craft_users_uid_idx` (`uid`),
  KEY `craft_users_preferredLocale_fk` (`preferredLocale`)
) ENGINE=InnoDB DEFAULT CHARSET=utf8 COLLATE=utf8_unicode_ci;

--
-- Data for table `craft_users`
--

INSERT INTO `craft_users` (`id`, `username`, `photo`, `firstName`, `lastName`, `email`, `password`, `preferredLocale`, `weekStartDay`, `admin`, `client`, `locked`, `suspended`, `pending`, `archived`, `lastLoginDate`, `lastLoginAttemptIPAddress`, `invalidLoginWindowStart`, `invalidLoginCount`, `lastInvalidLoginDate`, `lockoutDate`, `verificationCode`, `verificationCodeIssuedDate`, `unverifiedEmail`, `passwordResetRequired`, `lastPasswordChangeDate`, `dateCreated`, `dateUpdated`, `uid`) VALUES
 ('1', 'shcc', NULL, NULL, NULL, 'sara@superherocheesecake.com', '$2y$13$6FkWkDMG0gcj1QoS2nMduessdWsLycPBiAXswugqQ09c770cRQIau', NULL, '0', '1', '0', '0', '0', '0', '0', '2016-02-26 10:34:55', '10.0.0.1', NULL, NULL, NULL, NULL, NULL, NULL, NULL, '0', '2016-02-25 11:25:16', '2016-02-25 11:25:17', '2016-02-26 10:34:55', 'dfb1ea83-dc50-4720-ab26-bfeb103e4027');



DROP TABLE IF EXISTS `craft_widgets`;


--
-- Schema for table `craft_widgets`
--
CREATE TABLE `craft_widgets` (
  `id` int(11) NOT NULL AUTO_INCREMENT,
  `userId` int(11) NOT NULL,
  `type` varchar(150) COLLATE utf8_unicode_ci NOT NULL,
  `sortOrder` smallint(6) unsigned DEFAULT NULL,
  `colspan` tinyint(4) unsigned DEFAULT NULL,
  `settings` text COLLATE utf8_unicode_ci,
  `enabled` tinyint(1) unsigned NOT NULL DEFAULT '1',
  `dateCreated` datetime NOT NULL,
  `dateUpdated` datetime NOT NULL,
  `uid` char(36) COLLATE utf8_unicode_ci NOT NULL DEFAULT '0',
  PRIMARY KEY (`id`),
  KEY `craft_widgets_userId_fk` (`userId`)
) ENGINE=InnoDB AUTO_INCREMENT=5 DEFAULT CHARSET=utf8 COLLATE=utf8_unicode_ci;

--
-- Data for table `craft_widgets`
--

INSERT INTO `craft_widgets` (`id`, `userId`, `type`, `sortOrder`, `colspan`, `settings`, `enabled`, `dateCreated`, `dateUpdated`, `uid`) VALUES
 ('1', '1', 'RecentEntries', '1', NULL, NULL, '1', '2016-02-25 11:25:19', '2016-02-25 11:25:19', '9cf71045-d4b6-4e4b-96f9-fd3dc4a6d4ec'),
 ('2', '1', 'GetHelp', '2', NULL, NULL, '0', '2016-02-25 11:25:19', '2016-02-25 15:50:05', '55e551e1-ddf0-4854-bdfc-ce603f71ccbe'),
 ('3', '1', 'Updates', '3', NULL, NULL, '1', '2016-02-25 11:25:19', '2016-02-25 11:25:19', 'c702e52e-4d2d-4165-99b0-f662081a4fd5'),
 ('4', '1', 'Feed', '4', NULL, '{\"url\":\"https:\\/\\/craftcms.com\\/news.rss\",\"title\":\"Craft News\"}', '0', '2016-02-25 11:25:19', '2016-02-25 15:50:11', 'a3530f4b-bd69-4641-ad80-4814303cb49b');


--
-- Constraints for tables
--


--
-- Constraints for table `craft_assetfiles`
--
ALTER TABLE `craft_assetfiles`
	ADD CONSTRAINT `craft_assetfiles_folderId_fk` FOREIGN KEY (`folderId`) REFERENCES `craft_assetfolders` (`id`) ON DELETE CASCADE,
	ADD CONSTRAINT `craft_assetfiles_id_fk` FOREIGN KEY (`id`) REFERENCES `craft_elements` (`id`) ON DELETE CASCADE,
	ADD CONSTRAINT `craft_assetfiles_sourceId_fk` FOREIGN KEY (`sourceId`) REFERENCES `craft_assetsources` (`id`) ON DELETE CASCADE;

--
-- Constraints for table `craft_assetfolders`
--
ALTER TABLE `craft_assetfolders`
	ADD CONSTRAINT `craft_assetfolders_parentId_fk` FOREIGN KEY (`parentId`) REFERENCES `craft_assetfolders` (`id`) ON DELETE CASCADE,
	ADD CONSTRAINT `craft_assetfolders_sourceId_fk` FOREIGN KEY (`sourceId`) REFERENCES `craft_assetsources` (`id`) ON DELETE CASCADE;

--
-- Constraints for table `craft_assetindexdata`
--
ALTER TABLE `craft_assetindexdata`
	ADD CONSTRAINT `craft_assetindexdata_sourceId_fk` FOREIGN KEY (`sourceId`) REFERENCES `craft_assetsources` (`id`) ON DELETE CASCADE;

--
-- Constraints for table `craft_assetsources`
--
ALTER TABLE `craft_assetsources`
	ADD CONSTRAINT `craft_assetsources_fieldLayoutId_fk` FOREIGN KEY (`fieldLayoutId`) REFERENCES `craft_fieldlayouts` (`id`) ON DELETE SET NULL;

--
-- Constraints for table `craft_categories`
--
ALTER TABLE `craft_categories`
	ADD CONSTRAINT `craft_categories_groupId_fk` FOREIGN KEY (`groupId`) REFERENCES `craft_categorygroups` (`id`) ON DELETE CASCADE,
	ADD CONSTRAINT `craft_categories_id_fk` FOREIGN KEY (`id`) REFERENCES `craft_elements` (`id`) ON DELETE CASCADE;

--
-- Constraints for table `craft_categorygroups`
--
ALTER TABLE `craft_categorygroups`
	ADD CONSTRAINT `craft_categorygroups_fieldLayoutId_fk` FOREIGN KEY (`fieldLayoutId`) REFERENCES `craft_fieldlayouts` (`id`) ON DELETE SET NULL,
	ADD CONSTRAINT `craft_categorygroups_structureId_fk` FOREIGN KEY (`structureId`) REFERENCES `craft_structures` (`id`) ON DELETE CASCADE;

--
-- Constraints for table `craft_categorygroups_i18n`
--
ALTER TABLE `craft_categorygroups_i18n`
	ADD CONSTRAINT `craft_categorygroups_i18n_groupId_fk` FOREIGN KEY (`groupId`) REFERENCES `craft_categorygroups` (`id`) ON DELETE CASCADE,
	ADD CONSTRAINT `craft_categorygroups_i18n_locale_fk` FOREIGN KEY (`locale`) REFERENCES `craft_locales` (`locale`) ON DELETE CASCADE ON UPDATE CASCADE;

--
-- Constraints for table `craft_content`
--
ALTER TABLE `craft_content`
	ADD CONSTRAINT `craft_content_elementId_fk` FOREIGN KEY (`elementId`) REFERENCES `craft_elements` (`id`) ON DELETE CASCADE,
	ADD CONSTRAINT `craft_content_locale_fk` FOREIGN KEY (`locale`) REFERENCES `craft_locales` (`locale`) ON DELETE CASCADE ON UPDATE CASCADE;

--
-- Constraints for table `craft_elements_i18n`
--
ALTER TABLE `craft_elements_i18n`
	ADD CONSTRAINT `craft_elements_i18n_elementId_fk` FOREIGN KEY (`elementId`) REFERENCES `craft_elements` (`id`) ON DELETE CASCADE,
	ADD CONSTRAINT `craft_elements_i18n_locale_fk` FOREIGN KEY (`locale`) REFERENCES `craft_locales` (`locale`) ON DELETE CASCADE ON UPDATE CASCADE;

--
-- Constraints for table `craft_emailmessages`
--
ALTER TABLE `craft_emailmessages`
	ADD CONSTRAINT `craft_emailmessages_locale_fk` FOREIGN KEY (`locale`) REFERENCES `craft_locales` (`locale`) ON DELETE CASCADE ON UPDATE CASCADE;

--
-- Constraints for table `craft_entries`
--
ALTER TABLE `craft_entries`
	ADD CONSTRAINT `craft_entries_authorId_fk` FOREIGN KEY (`authorId`) REFERENCES `craft_users` (`id`) ON DELETE CASCADE,
	ADD CONSTRAINT `craft_entries_id_fk` FOREIGN KEY (`id`) REFERENCES `craft_elements` (`id`) ON DELETE CASCADE,
	ADD CONSTRAINT `craft_entries_sectionId_fk` FOREIGN KEY (`sectionId`) REFERENCES `craft_sections` (`id`) ON DELETE CASCADE,
	ADD CONSTRAINT `craft_entries_typeId_fk` FOREIGN KEY (`typeId`) REFERENCES `craft_entrytypes` (`id`) ON DELETE CASCADE;

--
-- Constraints for table `craft_entrydrafts`
--
ALTER TABLE `craft_entrydrafts`
	ADD CONSTRAINT `craft_entrydrafts_creatorId_fk` FOREIGN KEY (`creatorId`) REFERENCES `craft_users` (`id`) ON DELETE CASCADE,
	ADD CONSTRAINT `craft_entrydrafts_entryId_fk` FOREIGN KEY (`entryId`) REFERENCES `craft_entries` (`id`) ON DELETE CASCADE,
	ADD CONSTRAINT `craft_entrydrafts_locale_fk` FOREIGN KEY (`locale`) REFERENCES `craft_locales` (`locale`) ON DELETE CASCADE ON UPDATE CASCADE,
	ADD CONSTRAINT `craft_entrydrafts_sectionId_fk` FOREIGN KEY (`sectionId`) REFERENCES `craft_sections` (`id`) ON DELETE CASCADE;

--
-- Constraints for table `craft_entrytypes`
--
ALTER TABLE `craft_entrytypes`
	ADD CONSTRAINT `craft_entrytypes_fieldLayoutId_fk` FOREIGN KEY (`fieldLayoutId`) REFERENCES `craft_fieldlayouts` (`id`) ON DELETE SET NULL,
	ADD CONSTRAINT `craft_entrytypes_sectionId_fk` FOREIGN KEY (`sectionId`) REFERENCES `craft_sections` (`id`) ON DELETE CASCADE;

--
-- Constraints for table `craft_entryversions`
--
ALTER TABLE `craft_entryversions`
	ADD CONSTRAINT `craft_entryversions_creatorId_fk` FOREIGN KEY (`creatorId`) REFERENCES `craft_users` (`id`) ON DELETE SET NULL,
	ADD CONSTRAINT `craft_entryversions_entryId_fk` FOREIGN KEY (`entryId`) REFERENCES `craft_entries` (`id`) ON DELETE CASCADE,
	ADD CONSTRAINT `craft_entryversions_locale_fk` FOREIGN KEY (`locale`) REFERENCES `craft_locales` (`locale`) ON DELETE CASCADE ON UPDATE CASCADE,
	ADD CONSTRAINT `craft_entryversions_sectionId_fk` FOREIGN KEY (`sectionId`) REFERENCES `craft_sections` (`id`) ON DELETE CASCADE;

--
-- Constraints for table `craft_fieldlayoutfields`
--
ALTER TABLE `craft_fieldlayoutfields`
	ADD CONSTRAINT `craft_fieldlayoutfields_fieldId_fk` FOREIGN KEY (`fieldId`) REFERENCES `craft_fields` (`id`) ON DELETE CASCADE,
	ADD CONSTRAINT `craft_fieldlayoutfields_layoutId_fk` FOREIGN KEY (`layoutId`) REFERENCES `craft_fieldlayouts` (`id`) ON DELETE CASCADE,
	ADD CONSTRAINT `craft_fieldlayoutfields_tabId_fk` FOREIGN KEY (`tabId`) REFERENCES `craft_fieldlayouttabs` (`id`) ON DELETE CASCADE;

--
-- Constraints for table `craft_fieldlayouttabs`
--
ALTER TABLE `craft_fieldlayouttabs`
	ADD CONSTRAINT `craft_fieldlayouttabs_layoutId_fk` FOREIGN KEY (`layoutId`) REFERENCES `craft_fieldlayouts` (`id`) ON DELETE CASCADE;

--
-- Constraints for table `craft_fields`
--
ALTER TABLE `craft_fields`
	ADD CONSTRAINT `craft_fields_groupId_fk` FOREIGN KEY (`groupId`) REFERENCES `craft_fieldgroups` (`id`) ON DELETE CASCADE;

--
-- Constraints for table `craft_globalsets`
--
ALTER TABLE `craft_globalsets`
	ADD CONSTRAINT `craft_globalsets_fieldLayoutId_fk` FOREIGN KEY (`fieldLayoutId`) REFERENCES `craft_fieldlayouts` (`id`) ON DELETE SET NULL,
	ADD CONSTRAINT `craft_globalsets_id_fk` FOREIGN KEY (`id`) REFERENCES `craft_elements` (`id`) ON DELETE CASCADE;

--
-- Constraints for table `craft_matrixblocks`
--
ALTER TABLE `craft_matrixblocks`
	ADD CONSTRAINT `craft_matrixblocks_fieldId_fk` FOREIGN KEY (`fieldId`) REFERENCES `craft_fields` (`id`) ON DELETE CASCADE,
	ADD CONSTRAINT `craft_matrixblocks_id_fk` FOREIGN KEY (`id`) REFERENCES `craft_elements` (`id`) ON DELETE CASCADE,
	ADD CONSTRAINT `craft_matrixblocks_ownerId_fk` FOREIGN KEY (`ownerId`) REFERENCES `craft_elements` (`id`) ON DELETE CASCADE,
	ADD CONSTRAINT `craft_matrixblocks_ownerLocale_fk` FOREIGN KEY (`ownerLocale`) REFERENCES `craft_locales` (`locale`) ON DELETE CASCADE ON UPDATE CASCADE,
	ADD CONSTRAINT `craft_matrixblocks_typeId_fk` FOREIGN KEY (`typeId`) REFERENCES `craft_matrixblocktypes` (`id`) ON DELETE CASCADE;

--
-- Constraints for table `craft_matrixblocktypes`
--
ALTER TABLE `craft_matrixblocktypes`
	ADD CONSTRAINT `craft_matrixblocktypes_fieldId_fk` FOREIGN KEY (`fieldId`) REFERENCES `craft_fields` (`id`) ON DELETE CASCADE,
	ADD CONSTRAINT `craft_matrixblocktypes_fieldLayoutId_fk` FOREIGN KEY (`fieldLayoutId`) REFERENCES `craft_fieldlayouts` (`id`) ON DELETE SET NULL;

--
-- Constraints for table `craft_matrixcontent_casesections`
--
ALTER TABLE `craft_matrixcontent_casesections`
	ADD CONSTRAINT `craft_matrixcontent_casesections_elementId_fk` FOREIGN KEY (`elementId`) REFERENCES `craft_elements` (`id`) ON DELETE CASCADE,
	ADD CONSTRAINT `craft_matrixcontent_casesections_locale_fk` FOREIGN KEY (`locale`) REFERENCES `craft_locales` (`locale`) ON DELETE CASCADE ON UPDATE CASCADE;

--
-- Constraints for table `craft_matrixcontent_credits`
--
ALTER TABLE `craft_matrixcontent_credits`
	ADD CONSTRAINT `craft_matrixcontent_credits_elementId_fk` FOREIGN KEY (`elementId`) REFERENCES `craft_elements` (`id`) ON DELETE CASCADE,
	ADD CONSTRAINT `craft_matrixcontent_credits_locale_fk` FOREIGN KEY (`locale`) REFERENCES `craft_locales` (`locale`) ON DELETE CASCADE ON UPDATE CASCADE;

--
-- Constraints for table `craft_matrixcontent_honours`
--
ALTER TABLE `craft_matrixcontent_honours`
	ADD CONSTRAINT `craft_matrixcontent_honours_elementId_fk` FOREIGN KEY (`elementId`) REFERENCES `craft_elements` (`id`) ON DELETE CASCADE,
	ADD CONSTRAINT `craft_matrixcontent_honours_locale_fk` FOREIGN KEY (`locale`) REFERENCES `craft_locales` (`locale`) ON DELETE CASCADE ON UPDATE CASCADE;

--
-- Constraints for table `craft_matrixcontent_roles`
--
ALTER TABLE `craft_matrixcontent_roles`
	ADD CONSTRAINT `craft_matrixcontent_roles_elementId_fk` FOREIGN KEY (`elementId`) REFERENCES `craft_elements` (`id`) ON DELETE CASCADE,
	ADD CONSTRAINT `craft_matrixcontent_roles_locale_fk` FOREIGN KEY (`locale`) REFERENCES `craft_locales` (`locale`) ON DELETE CASCADE ON UPDATE CASCADE;

--
-- Constraints for table `craft_migrations`
--
ALTER TABLE `craft_migrations`
	ADD CONSTRAINT `craft_migrations_pluginId_fk` FOREIGN KEY (`pluginId`) REFERENCES `craft_plugins` (`id`) ON DELETE CASCADE;

--
-- Constraints for table `craft_relations`
--
ALTER TABLE `craft_relations`
	ADD CONSTRAINT `craft_relations_fieldId_fk` FOREIGN KEY (`fieldId`) REFERENCES `craft_fields` (`id`) ON DELETE CASCADE,
	ADD CONSTRAINT `craft_relations_sourceId_fk` FOREIGN KEY (`sourceId`) REFERENCES `craft_elements` (`id`) ON DELETE CASCADE,
	ADD CONSTRAINT `craft_relations_sourceLocale_fk` FOREIGN KEY (`sourceLocale`) REFERENCES `craft_locales` (`locale`) ON DELETE CASCADE ON UPDATE CASCADE,
	ADD CONSTRAINT `craft_relations_targetId_fk` FOREIGN KEY (`targetId`) REFERENCES `craft_elements` (`id`) ON DELETE CASCADE;

--
-- Constraints for table `craft_routes`
--
ALTER TABLE `craft_routes`
	ADD CONSTRAINT `craft_routes_locale_fk` FOREIGN KEY (`locale`) REFERENCES `craft_locales` (`locale`) ON DELETE CASCADE ON UPDATE CASCADE;

--
-- Constraints for table `craft_sections`
--
ALTER TABLE `craft_sections`
	ADD CONSTRAINT `craft_sections_structureId_fk` FOREIGN KEY (`structureId`) REFERENCES `craft_structures` (`id`) ON DELETE SET NULL;

--
-- Constraints for table `craft_sections_i18n`
--
ALTER TABLE `craft_sections_i18n`
	ADD CONSTRAINT `craft_sections_i18n_locale_fk` FOREIGN KEY (`locale`) REFERENCES `craft_locales` (`locale`) ON DELETE CASCADE ON UPDATE CASCADE,
	ADD CONSTRAINT `craft_sections_i18n_sectionId_fk` FOREIGN KEY (`sectionId`) REFERENCES `craft_sections` (`id`) ON DELETE CASCADE;

--
-- Constraints for table `craft_sessions`
--
ALTER TABLE `craft_sessions`
	ADD CONSTRAINT `craft_sessions_userId_fk` FOREIGN KEY (`userId`) REFERENCES `craft_users` (`id`) ON DELETE CASCADE;

--
-- Constraints for table `craft_shunnedmessages`
--
ALTER TABLE `craft_shunnedmessages`
	ADD CONSTRAINT `craft_shunnedmessages_userId_fk` FOREIGN KEY (`userId`) REFERENCES `craft_users` (`id`) ON DELETE CASCADE;

--
-- Constraints for table `craft_structureelements`
--
ALTER TABLE `craft_structureelements`
	ADD CONSTRAINT `craft_structureelements_elementId_fk` FOREIGN KEY (`elementId`) REFERENCES `craft_elements` (`id`) ON DELETE CASCADE,
	ADD CONSTRAINT `craft_structureelements_structureId_fk` FOREIGN KEY (`structureId`) REFERENCES `craft_structures` (`id`) ON DELETE CASCADE;

--
-- Constraints for table `craft_taggroups`
--
ALTER TABLE `craft_taggroups`
	ADD CONSTRAINT `craft_taggroups_fieldLayoutId_fk` FOREIGN KEY (`fieldLayoutId`) REFERENCES `craft_fieldlayouts` (`id`) ON DELETE SET NULL;

--
-- Constraints for table `craft_tags`
--
ALTER TABLE `craft_tags`
	ADD CONSTRAINT `craft_tags_groupId_fk` FOREIGN KEY (`groupId`) REFERENCES `craft_taggroups` (`id`) ON DELETE CASCADE,
	ADD CONSTRAINT `craft_tags_id_fk` FOREIGN KEY (`id`) REFERENCES `craft_elements` (`id`) ON DELETE CASCADE;

--
-- Constraints for table `craft_templatecachecriteria`
--
ALTER TABLE `craft_templatecachecriteria`
	ADD CONSTRAINT `craft_templatecachecriteria_cacheId_fk` FOREIGN KEY (`cacheId`) REFERENCES `craft_templatecaches` (`id`) ON DELETE CASCADE;

--
-- Constraints for table `craft_templatecacheelements`
--
ALTER TABLE `craft_templatecacheelements`
	ADD CONSTRAINT `craft_templatecacheelements_cacheId_fk` FOREIGN KEY (`cacheId`) REFERENCES `craft_templatecaches` (`id`) ON DELETE CASCADE,
	ADD CONSTRAINT `craft_templatecacheelements_elementId_fk` FOREIGN KEY (`elementId`) REFERENCES `craft_elements` (`id`) ON DELETE CASCADE;

--
-- Constraints for table `craft_templatecaches`
--
ALTER TABLE `craft_templatecaches`
	ADD CONSTRAINT `craft_templatecaches_locale_fk` FOREIGN KEY (`locale`) REFERENCES `craft_locales` (`locale`) ON DELETE CASCADE ON UPDATE CASCADE;

--
-- Constraints for table `craft_usergroups_users`
--
ALTER TABLE `craft_usergroups_users`
	ADD CONSTRAINT `craft_usergroups_users_groupId_fk` FOREIGN KEY (`groupId`) REFERENCES `craft_usergroups` (`id`) ON DELETE CASCADE,
	ADD CONSTRAINT `craft_usergroups_users_userId_fk` FOREIGN KEY (`userId`) REFERENCES `craft_users` (`id`) ON DELETE CASCADE;

--
-- Constraints for table `craft_userpermissions_usergroups`
--
ALTER TABLE `craft_userpermissions_usergroups`
	ADD CONSTRAINT `craft_userpermissions_usergroups_groupId_fk` FOREIGN KEY (`groupId`) REFERENCES `craft_usergroups` (`id`) ON DELETE CASCADE,
	ADD CONSTRAINT `craft_userpermissions_usergroups_permissionId_fk` FOREIGN KEY (`permissionId`) REFERENCES `craft_userpermissions` (`id`) ON DELETE CASCADE;

--
-- Constraints for table `craft_userpermissions_users`
--
ALTER TABLE `craft_userpermissions_users`
	ADD CONSTRAINT `craft_userpermissions_users_permissionId_fk` FOREIGN KEY (`permissionId`) REFERENCES `craft_userpermissions` (`id`) ON DELETE CASCADE,
	ADD CONSTRAINT `craft_userpermissions_users_userId_fk` FOREIGN KEY (`userId`) REFERENCES `craft_users` (`id`) ON DELETE CASCADE;

--
-- Constraints for table `craft_users`
--
ALTER TABLE `craft_users`
	ADD CONSTRAINT `craft_users_id_fk` FOREIGN KEY (`id`) REFERENCES `craft_elements` (`id`) ON DELETE CASCADE,
	ADD CONSTRAINT `craft_users_preferredLocale_fk` FOREIGN KEY (`preferredLocale`) REFERENCES `craft_locales` (`locale`) ON DELETE SET NULL ON UPDATE CASCADE;

--
-- Constraints for table `craft_widgets`
--
ALTER TABLE `craft_widgets`
	ADD CONSTRAINT `craft_widgets_userId_fk` FOREIGN KEY (`userId`) REFERENCES `craft_users` (`id`) ON DELETE CASCADE;

SET FOREIGN_KEY_CHECKS = 1;
