-- Generated by Craft v2.5.2763 on Feb 25, 2016, 3:49:51 PM.

--
-- Disable foreign key checks and autocommit.
--

SET FOREIGN_KEY_CHECKS = 0;
SET SQL_MODE = "NO_AUTO_VALUE_ON_ZERO";
SET AUTOCOMMIT = 0;
SET NAMES utf8;


DROP TABLE IF EXISTS `craft_assetfiles`;


--
-- Schema for table `craft_assetfiles`
--
CREATE TABLE `craft_assetfiles` (
  `id` int(11) NOT NULL,
  `sourceId` int(11) DEFAULT NULL,
  `folderId` int(11) NOT NULL,
  `filename` varchar(255) COLLATE utf8_unicode_ci NOT NULL,
  `kind` varchar(50) COLLATE utf8_unicode_ci NOT NULL DEFAULT 'unknown',
  `width` int(11) unsigned DEFAULT NULL,
  `height` int(11) unsigned DEFAULT NULL,
  `size` int(11) unsigned DEFAULT NULL,
  `dateModified` datetime DEFAULT NULL,
  `dateCreated` datetime NOT NULL,
  `dateUpdated` datetime NOT NULL,
  `uid` char(36) COLLATE utf8_unicode_ci NOT NULL DEFAULT '0',
  PRIMARY KEY (`id`),
  UNIQUE KEY `craft_assetfiles_filename_folderId_unq_idx` (`filename`,`folderId`),
  KEY `craft_assetfiles_sourceId_fk` (`sourceId`),
  KEY `craft_assetfiles_folderId_fk` (`folderId`)
) ENGINE=InnoDB DEFAULT CHARSET=utf8 COLLATE=utf8_unicode_ci;

DROP TABLE IF EXISTS `craft_assetfolders`;


--
-- Schema for table `craft_assetfolders`
--
CREATE TABLE `craft_assetfolders` (
  `id` int(11) NOT NULL AUTO_INCREMENT,
  `parentId` int(11) DEFAULT NULL,
  `sourceId` int(11) DEFAULT NULL,
  `name` varchar(255) COLLATE utf8_unicode_ci NOT NULL,
  `path` varchar(255) COLLATE utf8_unicode_ci DEFAULT NULL,
  `dateCreated` datetime NOT NULL,
  `dateUpdated` datetime NOT NULL,
  `uid` char(36) COLLATE utf8_unicode_ci NOT NULL DEFAULT '0',
  PRIMARY KEY (`id`),
  UNIQUE KEY `craft_assetfolders_name_parentId_sourceId_unq_idx` (`name`,`parentId`,`sourceId`),
  KEY `craft_assetfolders_parentId_fk` (`parentId`),
  KEY `craft_assetfolders_sourceId_fk` (`sourceId`)
) ENGINE=InnoDB AUTO_INCREMENT=3 DEFAULT CHARSET=utf8 COLLATE=utf8_unicode_ci;

--
-- Data for table `craft_assetfolders`
--

INSERT INTO `craft_assetfolders` (`id`, `parentId`, `sourceId`, `name`, `path`, `dateCreated`, `dateUpdated`, `uid`) VALUES
 ('1', NULL, '1', 'Video\'s', '', '2016-02-25 14:03:09', '2016-02-25 14:03:09', 'a1517dbf-9fb5-4ff2-9bc7-d440138460c4'),
 ('2', NULL, '2', 'Images', '', '2016-02-25 14:04:54', '2016-02-25 14:04:54', '8575c608-474d-4eeb-8143-61b8a06a3861');



DROP TABLE IF EXISTS `craft_assetindexdata`;


--
-- Schema for table `craft_assetindexdata`
--
CREATE TABLE `craft_assetindexdata` (
  `id` int(11) NOT NULL AUTO_INCREMENT,
  `sessionId` varchar(36) COLLATE utf8_unicode_ci NOT NULL DEFAULT '',
  `sourceId` int(10) NOT NULL,
  `offset` int(10) NOT NULL,
  `uri` varchar(255) COLLATE utf8_unicode_ci DEFAULT NULL,
  `size` int(10) DEFAULT NULL,
  `recordId` int(10) DEFAULT NULL,
  `dateCreated` datetime NOT NULL,
  `dateUpdated` datetime NOT NULL,
  `uid` char(36) COLLATE utf8_unicode_ci NOT NULL DEFAULT '0',
  PRIMARY KEY (`id`),
  UNIQUE KEY `craft_assetindexdata_sessionId_sourceId_offset_unq_idx` (`sessionId`,`sourceId`,`offset`),
  KEY `craft_assetindexdata_sourceId_fk` (`sourceId`)
) ENGINE=InnoDB DEFAULT CHARSET=utf8 COLLATE=utf8_unicode_ci;

DROP TABLE IF EXISTS `craft_assetsources`;


--
-- Schema for table `craft_assetsources`
--
CREATE TABLE `craft_assetsources` (
  `id` int(11) NOT NULL AUTO_INCREMENT,
  `name` varchar(255) COLLATE utf8_unicode_ci NOT NULL,
  `handle` varchar(255) COLLATE utf8_unicode_ci NOT NULL,
  `type` varchar(150) COLLATE utf8_unicode_ci NOT NULL,
  `settings` text COLLATE utf8_unicode_ci,
  `sortOrder` tinyint(4) DEFAULT NULL,
  `fieldLayoutId` int(10) DEFAULT NULL,
  `dateCreated` datetime NOT NULL,
  `dateUpdated` datetime NOT NULL,
  `uid` char(36) COLLATE utf8_unicode_ci NOT NULL DEFAULT '0',
  PRIMARY KEY (`id`),
  UNIQUE KEY `craft_assetsources_name_unq_idx` (`name`),
  UNIQUE KEY `craft_assetsources_handle_unq_idx` (`handle`),
  KEY `craft_assetsources_fieldLayoutId_fk` (`fieldLayoutId`)
) ENGINE=InnoDB AUTO_INCREMENT=3 DEFAULT CHARSET=utf8 COLLATE=utf8_unicode_ci;

--
-- Data for table `craft_assetsources`
--

INSERT INTO `craft_assetsources` (`id`, `name`, `handle`, `type`, `settings`, `sortOrder`, `fieldLayoutId`, `dateCreated`, `dateUpdated`, `uid`) VALUES
 ('1', 'Video\'s', 'videos', 'Local', '{\"path\":\"\\/content\\/video\\/\",\"url\":\"http:\\/\\/kraftwerk.local.shcc.nl\\/content\\/video\\/\"}', '1', '15', '2016-02-25 14:03:09', '2016-02-25 14:03:22', '955a2581-ca22-455a-baf3-699ab7624683'),
 ('2', 'Images', 'images', 'Local', '{\"path\":\"\\/content\\/image\\/\",\"url\":\"http:\\/\\/kraftwork.local.shcc.nl\\/content\\/image\\/\"}', '2', '16', '2016-02-25 14:04:54', '2016-02-25 14:04:54', 'eedfaa64-6031-453d-8990-d94ff7b14792');



DROP TABLE IF EXISTS `craft_assettransformindex`;


--
-- Schema for table `craft_assettransformindex`
--
CREATE TABLE `craft_assettransformindex` (
  `id` int(11) NOT NULL AUTO_INCREMENT,
  `fileId` int(11) NOT NULL,
  `filename` varchar(255) COLLATE utf8_unicode_ci DEFAULT NULL,
  `format` varchar(255) COLLATE utf8_unicode_ci DEFAULT NULL,
  `location` varchar(255) COLLATE utf8_unicode_ci NOT NULL,
  `sourceId` int(11) DEFAULT NULL,
  `fileExists` tinyint(1) DEFAULT NULL,
  `inProgress` tinyint(1) DEFAULT NULL,
  `dateIndexed` datetime DEFAULT NULL,
  `dateCreated` datetime NOT NULL,
  `dateUpdated` datetime NOT NULL,
  `uid` char(36) COLLATE utf8_unicode_ci NOT NULL DEFAULT '0',
  PRIMARY KEY (`id`),
  KEY `craft_assettransformindex_sourceId_fileId_location_idx` (`sourceId`,`fileId`,`location`)
) ENGINE=InnoDB DEFAULT CHARSET=utf8 COLLATE=utf8_unicode_ci;

DROP TABLE IF EXISTS `craft_assettransforms`;


--
-- Schema for table `craft_assettransforms`
--
CREATE TABLE `craft_assettransforms` (
  `id` int(11) NOT NULL AUTO_INCREMENT,
  `name` varchar(255) COLLATE utf8_unicode_ci NOT NULL,
  `handle` varchar(255) COLLATE utf8_unicode_ci NOT NULL,
  `mode` enum('stretch','fit','crop') COLLATE utf8_unicode_ci NOT NULL DEFAULT 'crop',
  `position` enum('top-left','top-center','top-right','center-left','center-center','center-right','bottom-left','bottom-center','bottom-right') COLLATE utf8_unicode_ci NOT NULL DEFAULT 'center-center',
  `height` int(10) DEFAULT NULL,
  `width` int(10) DEFAULT NULL,
  `format` varchar(255) COLLATE utf8_unicode_ci DEFAULT NULL,
  `quality` int(10) DEFAULT NULL,
  `dimensionChangeTime` datetime DEFAULT NULL,
  `dateCreated` datetime NOT NULL,
  `dateUpdated` datetime NOT NULL,
  `uid` char(36) COLLATE utf8_unicode_ci NOT NULL DEFAULT '0',
  PRIMARY KEY (`id`),
  UNIQUE KEY `craft_assettransforms_name_unq_idx` (`name`),
  UNIQUE KEY `craft_assettransforms_handle_unq_idx` (`handle`)
) ENGINE=InnoDB DEFAULT CHARSET=utf8 COLLATE=utf8_unicode_ci;

DROP TABLE IF EXISTS `craft_categories`;


--
-- Schema for table `craft_categories`
--
CREATE TABLE `craft_categories` (
  `id` int(11) NOT NULL,
  `groupId` int(11) NOT NULL,
  `dateCreated` datetime NOT NULL,
  `dateUpdated` datetime NOT NULL,
  `uid` char(36) COLLATE utf8_unicode_ci NOT NULL DEFAULT '0',
  PRIMARY KEY (`id`),
  KEY `craft_categories_groupId_fk` (`groupId`)
) ENGINE=InnoDB DEFAULT CHARSET=utf8 COLLATE=utf8_unicode_ci;

DROP TABLE IF EXISTS `craft_categorygroups`;


--
-- Schema for table `craft_categorygroups`
--
CREATE TABLE `craft_categorygroups` (
  `id` int(11) NOT NULL AUTO_INCREMENT,
  `structureId` int(11) NOT NULL,
  `fieldLayoutId` int(11) DEFAULT NULL,
  `name` varchar(255) COLLATE utf8_unicode_ci NOT NULL,
  `handle` varchar(255) COLLATE utf8_unicode_ci NOT NULL,
  `hasUrls` tinyint(1) unsigned NOT NULL DEFAULT '1',
  `template` varchar(500) COLLATE utf8_unicode_ci DEFAULT NULL,
  `dateCreated` datetime NOT NULL,
  `dateUpdated` datetime NOT NULL,
  `uid` char(36) COLLATE utf8_unicode_ci NOT NULL DEFAULT '0',
  PRIMARY KEY (`id`),
  UNIQUE KEY `craft_categorygroups_name_unq_idx` (`name`),
  UNIQUE KEY `craft_categorygroups_handle_unq_idx` (`handle`),
  KEY `craft_categorygroups_structureId_fk` (`structureId`),
  KEY `craft_categorygroups_fieldLayoutId_fk` (`fieldLayoutId`)
) ENGINE=InnoDB DEFAULT CHARSET=utf8 COLLATE=utf8_unicode_ci;

DROP TABLE IF EXISTS `craft_categorygroups_i18n`;


--
-- Schema for table `craft_categorygroups_i18n`
--
CREATE TABLE `craft_categorygroups_i18n` (
  `id` int(11) NOT NULL AUTO_INCREMENT,
  `groupId` int(11) NOT NULL,
  `locale` char(12) COLLATE utf8_unicode_ci NOT NULL,
  `urlFormat` text COLLATE utf8_unicode_ci,
  `nestedUrlFormat` text COLLATE utf8_unicode_ci,
  `dateCreated` datetime NOT NULL,
  `dateUpdated` datetime NOT NULL,
  `uid` char(36) COLLATE utf8_unicode_ci NOT NULL DEFAULT '0',
  PRIMARY KEY (`id`),
  UNIQUE KEY `craft_categorygroups_i18n_groupId_locale_unq_idx` (`groupId`,`locale`),
  KEY `craft_categorygroups_i18n_locale_fk` (`locale`)
) ENGINE=InnoDB DEFAULT CHARSET=utf8 COLLATE=utf8_unicode_ci;

DROP TABLE IF EXISTS `craft_content`;


--
-- Schema for table `craft_content`
--
CREATE TABLE `craft_content` (
  `id` int(11) NOT NULL AUTO_INCREMENT,
  `elementId` int(11) NOT NULL,
  `locale` char(12) COLLATE utf8_unicode_ci NOT NULL,
  `title` varchar(255) COLLATE utf8_unicode_ci DEFAULT NULL,
  `field_heading` text COLLATE utf8_unicode_ci,
  `field_client` text COLLATE utf8_unicode_ci,
  `field_projectUrl` text COLLATE utf8_unicode_ci,
  `field_projectType` varchar(255) COLLATE utf8_unicode_ci DEFAULT NULL,
  `dateCreated` datetime NOT NULL,
  `dateUpdated` datetime NOT NULL,
  `uid` char(36) COLLATE utf8_unicode_ci NOT NULL DEFAULT '0',
  PRIMARY KEY (`id`),
  UNIQUE KEY `craft_content_elementId_locale_unq_idx` (`elementId`,`locale`),
  KEY `craft_content_title_idx` (`title`),
  KEY `craft_content_locale_fk` (`locale`)
) ENGINE=InnoDB AUTO_INCREMENT=11 DEFAULT CHARSET=utf8 COLLATE=utf8_unicode_ci;

--
-- Data for table `craft_content`
--

INSERT INTO `craft_content` (`id`, `elementId`, `locale`, `title`, `field_heading`, `field_client`, `field_projectUrl`, `field_projectType`, `dateCreated`, `dateUpdated`, `uid`) VALUES
 ('1', '1', 'en_us', NULL, NULL, NULL, NULL, NULL, '2016-02-25 11:25:17', '2016-02-25 11:25:17', 'fe67134b-b0d4-4ebd-98e2-19c1e6a71c4d'),
 ('4', '4', 'en_us', 'Work Overview', NULL, NULL, NULL, NULL, '2016-02-25 13:47:58', '2016-02-25 13:48:38', 'a8edbaf2-9612-40db-8d09-bff501f26e2f'),
 ('5', '5', 'en_us', 'Homepage', NULL, NULL, NULL, NULL, '2016-02-25 13:49:09', '2016-02-25 13:49:09', '746c5466-6f17-4a1d-b373-22d8558b7aa7'),
 ('6', '6', 'en_us', 'About', NULL, NULL, NULL, NULL, '2016-02-25 13:49:30', '2016-02-25 13:49:30', '68e6f1e4-3f18-4cde-a90c-7f0f4ab0ef74'),
 ('7', '7', 'en_us', 'Contact', NULL, NULL, NULL, NULL, '2016-02-25 13:49:38', '2016-02-25 13:49:38', '71b9574a-7ee9-42d4-b34d-bf9e8a528964'),
 ('8', '8', 'en_us', 'Passat 500', NULL, NULL, NULL, NULL, '2016-02-25 14:33:37', '2016-02-25 14:42:11', 'e474d751-32c2-42b5-897d-ad0c3af4f1fd'),
 ('9', '10', 'en_us', 'Orangina', '', '', '', '', '2016-02-25 14:42:24', '2016-02-25 14:42:24', '7dc7b57e-6116-4d87-aa34-f2a203ed3de7'),
 ('10', '11', 'en_us', NULL, NULL, NULL, NULL, NULL, '2016-02-25 14:50:24', '2016-02-25 14:50:24', 'bc74844b-931c-4d98-b786-33713a78d44b');



DROP TABLE IF EXISTS `craft_deprecationerrors`;


--
-- Schema for table `craft_deprecationerrors`
--
CREATE TABLE `craft_deprecationerrors` (
  `id` int(11) NOT NULL AUTO_INCREMENT,
  `key` varchar(255) COLLATE utf8_unicode_ci NOT NULL,
  `fingerprint` varchar(255) COLLATE utf8_unicode_ci NOT NULL,
  `lastOccurrence` datetime NOT NULL,
  `file` varchar(255) COLLATE utf8_unicode_ci NOT NULL,
  `line` smallint(6) unsigned NOT NULL,
  `class` varchar(255) COLLATE utf8_unicode_ci DEFAULT NULL,
  `method` varchar(255) COLLATE utf8_unicode_ci DEFAULT NULL,
  `template` varchar(255) COLLATE utf8_unicode_ci DEFAULT NULL,
  `templateLine` smallint(6) unsigned DEFAULT NULL,
  `message` varchar(255) COLLATE utf8_unicode_ci DEFAULT NULL,
  `traces` text COLLATE utf8_unicode_ci,
  `dateCreated` datetime NOT NULL,
  `dateUpdated` datetime NOT NULL,
  `uid` char(36) COLLATE utf8_unicode_ci NOT NULL DEFAULT '0',
  PRIMARY KEY (`id`),
  UNIQUE KEY `craft_deprecationerrors_key_fingerprint_unq_idx` (`key`,`fingerprint`)
) ENGINE=InnoDB DEFAULT CHARSET=utf8 COLLATE=utf8_unicode_ci;

DROP TABLE IF EXISTS `craft_elementindexsettings`;


--
-- Schema for table `craft_elementindexsettings`
--
CREATE TABLE `craft_elementindexsettings` (
  `id` int(11) NOT NULL AUTO_INCREMENT,
  `type` varchar(150) COLLATE utf8_unicode_ci NOT NULL,
  `settings` text COLLATE utf8_unicode_ci,
  `dateCreated` datetime NOT NULL,
  `dateUpdated` datetime NOT NULL,
  `uid` char(36) COLLATE utf8_unicode_ci NOT NULL DEFAULT '0',
  PRIMARY KEY (`id`),
  UNIQUE KEY `craft_elementindexsettings_type_unq_idx` (`type`)
) ENGINE=InnoDB DEFAULT CHARSET=utf8 COLLATE=utf8_unicode_ci;

DROP TABLE IF EXISTS `craft_elements`;


--
-- Schema for table `craft_elements`
--
CREATE TABLE `craft_elements` (
  `id` int(11) NOT NULL AUTO_INCREMENT,
  `type` varchar(150) COLLATE utf8_unicode_ci NOT NULL,
  `enabled` tinyint(1) unsigned NOT NULL DEFAULT '1',
  `archived` tinyint(1) unsigned NOT NULL DEFAULT '0',
  `dateCreated` datetime NOT NULL,
  `dateUpdated` datetime NOT NULL,
  `uid` char(36) COLLATE utf8_unicode_ci NOT NULL DEFAULT '0',
  PRIMARY KEY (`id`),
  KEY `craft_elements_type_idx` (`type`),
  KEY `craft_elements_enabled_idx` (`enabled`),
  KEY `craft_elements_archived_dateCreated_idx` (`archived`,`dateCreated`)
) ENGINE=InnoDB AUTO_INCREMENT=12 DEFAULT CHARSET=utf8 COLLATE=utf8_unicode_ci;

--
-- Data for table `craft_elements`
--

INSERT INTO `craft_elements` (`id`, `type`, `enabled`, `archived`, `dateCreated`, `dateUpdated`, `uid`) VALUES
 ('1', 'User', '1', '0', '2016-02-25 11:25:16', '2016-02-25 11:25:16', '5f69b00d-5925-458c-9c88-ce6d24ffde09'),
 ('4', 'Entry', '1', '0', '2016-02-25 13:47:58', '2016-02-25 13:48:38', 'ff425cbe-32cf-4032-ba7a-dbda302256ef'),
 ('5', 'Entry', '1', '0', '2016-02-25 13:49:09', '2016-02-25 13:49:09', '7e3ad9f8-6639-4471-882a-e6c7063df490'),
 ('6', 'Entry', '1', '0', '2016-02-25 13:49:30', '2016-02-25 13:49:30', 'eff01035-65cc-4307-99c9-d92fd4a7edf2'),
 ('7', 'Entry', '1', '0', '2016-02-25 13:49:38', '2016-02-25 13:49:38', '144695b5-f576-4cbb-afbb-87b434b9f581'),
 ('8', 'Entry', '1', '0', '2016-02-25 14:33:37', '2016-02-25 14:42:11', '7360f69e-70dc-4d6c-a9bd-19d7fd7878c8'),
 ('9', 'MatrixBlock', '1', '0', '2016-02-25 14:33:37', '2016-02-25 14:33:37', '08c74487-1bf2-4e30-b36f-6edbce9e9126'),
 ('10', 'Entry', '1', '0', '2016-02-25 14:42:24', '2016-02-25 14:42:24', '2db9a673-e419-4cc1-89c0-48ee3f28d9e6'),
 ('11', 'GlobalSet', '1', '0', '2016-02-25 14:50:24', '2016-02-25 14:50:24', '2a0da4b4-ca3a-4178-971b-3a988c5c2dbc');



DROP TABLE IF EXISTS `craft_elements_i18n`;


--
-- Schema for table `craft_elements_i18n`
--
CREATE TABLE `craft_elements_i18n` (
  `id` int(11) NOT NULL AUTO_INCREMENT,
  `elementId` int(11) NOT NULL,
  `locale` char(12) COLLATE utf8_unicode_ci NOT NULL,
  `slug` varchar(255) COLLATE utf8_unicode_ci DEFAULT NULL,
  `uri` varchar(255) COLLATE utf8_unicode_ci DEFAULT NULL,
  `enabled` tinyint(1) unsigned NOT NULL DEFAULT '1',
  `dateCreated` datetime NOT NULL,
  `dateUpdated` datetime NOT NULL,
  `uid` char(36) COLLATE utf8_unicode_ci NOT NULL DEFAULT '0',
  PRIMARY KEY (`id`),
  UNIQUE KEY `craft_elements_i18n_elementId_locale_unq_idx` (`elementId`,`locale`),
  UNIQUE KEY `craft_elements_i18n_uri_locale_unq_idx` (`uri`,`locale`),
  KEY `craft_elements_i18n_slug_locale_idx` (`slug`,`locale`),
  KEY `craft_elements_i18n_enabled_idx` (`enabled`),
  KEY `craft_elements_i18n_locale_fk` (`locale`)
) ENGINE=InnoDB AUTO_INCREMENT=12 DEFAULT CHARSET=utf8 COLLATE=utf8_unicode_ci;

--
-- Data for table `craft_elements_i18n`
--

INSERT INTO `craft_elements_i18n` (`id`, `elementId`, `locale`, `slug`, `uri`, `enabled`, `dateCreated`, `dateUpdated`, `uid`) VALUES
 ('1', '1', 'en_us', '', NULL, '1', '2016-02-25 11:25:17', '2016-02-25 11:25:17', '7d050433-7386-48a6-b99c-1f2de4530d58'),
 ('4', '4', 'en_us', 'work-overview', 'work', '1', '2016-02-25 13:47:58', '2016-02-25 13:48:38', '758259fb-e231-4d43-8184-cf2f97054492'),
 ('5', '5', 'en_us', 'homepage', '__home__', '1', '2016-02-25 13:49:09', '2016-02-25 13:49:09', '54c556b6-a9c7-4c82-b414-571d7bdb255f'),
 ('6', '6', 'en_us', 'about', 'about', '1', '2016-02-25 13:49:30', '2016-02-25 13:49:30', '77fed08a-14a6-454f-a009-7ecb9d412e93'),
 ('7', '7', 'en_us', 'contact', 'contact', '1', '2016-02-25 13:49:38', '2016-02-25 13:49:38', '7f1f5810-4d3e-43a5-ae44-438fb9a12621'),
 ('8', '8', 'en_us', 'passat-500', 'work/passat-500', '1', '2016-02-25 14:33:37', '2016-02-25 14:42:43', 'b56c97e1-4587-410a-85fc-a3609c27ba5a'),
 ('9', '9', 'en_us', '', NULL, '1', '2016-02-25 14:33:37', '2016-02-25 14:33:37', 'e4125e0f-183d-49f1-b33f-85bffeafa833'),
 ('10', '10', 'en_us', 'orangina', 'work/orangina', '1', '2016-02-25 14:42:24', '2016-02-25 14:42:24', '0ba3b896-0d81-411b-ba27-1a711002349f'),
 ('11', '11', 'en_us', '', NULL, '1', '2016-02-25 14:50:24', '2016-02-25 14:50:24', 'cc92bfa1-4c61-4184-a159-5d46dac2b47f');



DROP TABLE IF EXISTS `craft_emailmessages`;


--
-- Schema for table `craft_emailmessages`
--
CREATE TABLE `craft_emailmessages` (
  `id` int(11) NOT NULL AUTO_INCREMENT,
  `key` char(150) COLLATE utf8_unicode_ci NOT NULL,
  `locale` char(12) COLLATE utf8_unicode_ci NOT NULL,
  `subject` varchar(1000) COLLATE utf8_unicode_ci NOT NULL,
  `body` text COLLATE utf8_unicode_ci NOT NULL,
  `dateCreated` datetime NOT NULL,
  `dateUpdated` datetime NOT NULL,
  `uid` char(36) COLLATE utf8_unicode_ci NOT NULL DEFAULT '0',
  PRIMARY KEY (`id`),
  UNIQUE KEY `craft_emailmessages_key_locale_unq_idx` (`key`,`locale`),
  KEY `craft_emailmessages_locale_fk` (`locale`)
) ENGINE=InnoDB DEFAULT CHARSET=utf8 COLLATE=utf8_unicode_ci;

DROP TABLE IF EXISTS `craft_entries`;


--
-- Schema for table `craft_entries`
--
CREATE TABLE `craft_entries` (
  `id` int(11) NOT NULL,
  `sectionId` int(11) NOT NULL,
  `typeId` int(11) DEFAULT NULL,
  `authorId` int(11) DEFAULT NULL,
  `postDate` datetime DEFAULT NULL,
  `expiryDate` datetime DEFAULT NULL,
  `dateCreated` datetime NOT NULL,
  `dateUpdated` datetime NOT NULL,
  `uid` char(36) COLLATE utf8_unicode_ci NOT NULL DEFAULT '0',
  PRIMARY KEY (`id`),
  KEY `craft_entries_sectionId_idx` (`sectionId`),
  KEY `craft_entries_typeId_idx` (`typeId`),
  KEY `craft_entries_postDate_idx` (`postDate`),
  KEY `craft_entries_expiryDate_idx` (`expiryDate`),
  KEY `craft_entries_authorId_fk` (`authorId`)
) ENGINE=InnoDB DEFAULT CHARSET=utf8 COLLATE=utf8_unicode_ci;

--
-- Data for table `craft_entries`
--

INSERT INTO `craft_entries` (`id`, `sectionId`, `typeId`, `authorId`, `postDate`, `expiryDate`, `dateCreated`, `dateUpdated`, `uid`) VALUES
 ('4', '4', '4', NULL, '2016-02-25 13:48:38', NULL, '2016-02-25 13:47:58', '2016-02-25 13:48:38', 'f87021eb-f085-440a-a5ab-9eb889138593'),
 ('5', '5', NULL, NULL, '2016-02-25 13:49:09', NULL, '2016-02-25 13:49:09', '2016-02-25 13:49:09', 'd82b5182-8faf-43f8-99dd-0a88f1f653ad'),
 ('6', '6', NULL, NULL, '2016-02-25 13:49:30', NULL, '2016-02-25 13:49:30', '2016-02-25 13:49:30', 'ef6aff0e-3375-4302-b897-fcd23240ba2c'),
 ('7', '7', NULL, NULL, '2016-02-25 13:49:38', NULL, '2016-02-25 13:49:38', '2016-02-25 13:49:38', 'cdafba9e-aafe-4a9f-90d4-787431bee5be'),
 ('8', '3', '3', '1', '2016-02-25 14:33:00', NULL, '2016-02-25 14:33:37', '2016-02-25 14:33:37', '93fb6475-2f13-4d97-ac0d-ad2eccf8d288'),
 ('10', '3', '3', '1', '2016-02-25 14:42:24', NULL, '2016-02-25 14:42:24', '2016-02-25 14:42:24', 'ac6659b7-25ba-4087-adb2-a6f334ebf210');



DROP TABLE IF EXISTS `craft_entrydrafts`;


--
-- Schema for table `craft_entrydrafts`
--
CREATE TABLE `craft_entrydrafts` (
  `id` int(11) NOT NULL AUTO_INCREMENT,
  `entryId` int(11) NOT NULL,
  `sectionId` int(11) NOT NULL,
  `creatorId` int(11) NOT NULL,
  `locale` char(12) COLLATE utf8_unicode_ci NOT NULL,
  `name` varchar(255) COLLATE utf8_unicode_ci NOT NULL,
  `notes` tinytext COLLATE utf8_unicode_ci,
  `data` mediumtext COLLATE utf8_unicode_ci NOT NULL,
  `dateCreated` datetime NOT NULL,
  `dateUpdated` datetime NOT NULL,
  `uid` char(36) COLLATE utf8_unicode_ci NOT NULL DEFAULT '0',
  PRIMARY KEY (`id`),
  KEY `craft_entrydrafts_entryId_locale_idx` (`entryId`,`locale`),
  KEY `craft_entrydrafts_sectionId_fk` (`sectionId`),
  KEY `craft_entrydrafts_creatorId_fk` (`creatorId`),
  KEY `craft_entrydrafts_locale_fk` (`locale`)
) ENGINE=InnoDB DEFAULT CHARSET=utf8 COLLATE=utf8_unicode_ci;

DROP TABLE IF EXISTS `craft_entrytypes`;


--
-- Schema for table `craft_entrytypes`
--
CREATE TABLE `craft_entrytypes` (
  `id` int(11) NOT NULL AUTO_INCREMENT,
  `sectionId` int(11) NOT NULL,
  `fieldLayoutId` int(11) DEFAULT NULL,
  `name` varchar(255) COLLATE utf8_unicode_ci NOT NULL,
  `handle` varchar(255) COLLATE utf8_unicode_ci NOT NULL,
  `hasTitleField` tinyint(1) unsigned NOT NULL DEFAULT '1',
  `titleLabel` varchar(255) COLLATE utf8_unicode_ci DEFAULT 'Title',
  `titleFormat` varchar(255) COLLATE utf8_unicode_ci DEFAULT NULL,
  `sortOrder` tinyint(4) DEFAULT NULL,
  `dateCreated` datetime NOT NULL,
  `dateUpdated` datetime NOT NULL,
  `uid` char(36) COLLATE utf8_unicode_ci NOT NULL DEFAULT '0',
  PRIMARY KEY (`id`),
  UNIQUE KEY `craft_entrytypes_name_sectionId_unq_idx` (`name`,`sectionId`),
  UNIQUE KEY `craft_entrytypes_handle_sectionId_unq_idx` (`handle`,`sectionId`),
  KEY `craft_entrytypes_sectionId_fk` (`sectionId`),
  KEY `craft_entrytypes_fieldLayoutId_fk` (`fieldLayoutId`)
) ENGINE=InnoDB AUTO_INCREMENT=8 DEFAULT CHARSET=utf8 COLLATE=utf8_unicode_ci;

--
-- Data for table `craft_entrytypes`
--

INSERT INTO `craft_entrytypes` (`id`, `sectionId`, `fieldLayoutId`, `name`, `handle`, `hasTitleField`, `titleLabel`, `titleFormat`, `sortOrder`, `dateCreated`, `dateUpdated`, `uid`) VALUES
 ('3', '3', '42', 'Work', 'work', '1', 'Title', NULL, NULL, '2016-02-25 13:47:27', '2016-02-25 14:40:00', 'cb004f6d-0bc8-4d9e-81aa-64d851a517a2'),
 ('4', '4', '7', 'Work', 'work_overview', '0', NULL, '{section.name|raw}', NULL, '2016-02-25 13:47:58', '2016-02-25 13:48:38', '7bfb6588-420e-46d2-ac31-64079ff78cc8'),
 ('5', '5', '13', 'Homepage', 'homepage', '0', NULL, '{section.name|raw}', NULL, '2016-02-25 13:49:09', '2016-02-25 14:01:29', '95c6d4b6-aa2c-453a-9772-3ab576afd0bc'),
 ('6', '6', '9', 'About', 'about', '0', NULL, '{section.name|raw}', NULL, '2016-02-25 13:49:30', '2016-02-25 13:49:30', '6947e25a-6658-446f-a386-7a2241cc7fd5'),
 ('7', '7', '10', 'Contact', 'contact', '0', NULL, '{section.name|raw}', NULL, '2016-02-25 13:49:38', '2016-02-25 13:49:38', '8ecdf7a1-747f-41b0-aa91-976e47f49c4b');



DROP TABLE IF EXISTS `craft_entryversions`;


--
-- Schema for table `craft_entryversions`
--
CREATE TABLE `craft_entryversions` (
  `id` int(11) NOT NULL AUTO_INCREMENT,
  `entryId` int(11) NOT NULL,
  `sectionId` int(11) NOT NULL,
  `creatorId` int(11) DEFAULT NULL,
  `locale` char(12) COLLATE utf8_unicode_ci NOT NULL,
  `num` smallint(6) unsigned NOT NULL,
  `notes` tinytext COLLATE utf8_unicode_ci,
  `data` mediumtext COLLATE utf8_unicode_ci NOT NULL,
  `dateCreated` datetime NOT NULL,
  `dateUpdated` datetime NOT NULL,
  `uid` char(36) COLLATE utf8_unicode_ci NOT NULL DEFAULT '0',
  PRIMARY KEY (`id`),
  KEY `craft_entryversions_entryId_locale_idx` (`entryId`,`locale`),
  KEY `craft_entryversions_sectionId_fk` (`sectionId`),
  KEY `craft_entryversions_creatorId_fk` (`creatorId`),
  KEY `craft_entryversions_locale_fk` (`locale`)
) ENGINE=InnoDB AUTO_INCREMENT=10 DEFAULT CHARSET=utf8 COLLATE=utf8_unicode_ci;

--
-- Data for table `craft_entryversions`
--

INSERT INTO `craft_entryversions` (`id`, `entryId`, `sectionId`, `creatorId`, `locale`, `num`, `notes`, `data`, `dateCreated`, `dateUpdated`, `uid`) VALUES
 ('4', '4', '4', '1', 'en_us', '1', NULL, '{\"typeId\":\"4\",\"authorId\":null,\"title\":\"Work Overview\",\"slug\":\"work-overview\",\"postDate\":1456408078,\"expiryDate\":null,\"enabled\":1,\"parentId\":null,\"fields\":[]}', '2016-02-25 13:47:58', '2016-02-25 13:47:58', '2e3274ec-0a29-4cb5-bba4-d67fa7910df6'),
 ('5', '5', '5', '1', 'en_us', '1', NULL, '{\"typeId\":\"5\",\"authorId\":null,\"title\":\"Homepage\",\"slug\":\"homepage\",\"postDate\":1456408149,\"expiryDate\":null,\"enabled\":1,\"parentId\":null,\"fields\":[]}', '2016-02-25 13:49:09', '2016-02-25 13:49:09', '615f89bc-6956-4658-84f2-ec94edfd5f75'),
 ('6', '6', '6', '1', 'en_us', '1', NULL, '{\"typeId\":\"6\",\"authorId\":null,\"title\":\"About\",\"slug\":\"about\",\"postDate\":1456408170,\"expiryDate\":null,\"enabled\":1,\"parentId\":null,\"fields\":[]}', '2016-02-25 13:49:30', '2016-02-25 13:49:30', '76b53f0d-e235-49ef-b58f-2dab0635a6e7'),
 ('7', '7', '7', '1', 'en_us', '1', NULL, '{\"typeId\":\"7\",\"authorId\":null,\"title\":\"Contact\",\"slug\":\"contact\",\"postDate\":1456408178,\"expiryDate\":null,\"enabled\":1,\"parentId\":null,\"fields\":[]}', '2016-02-25 13:49:38', '2016-02-25 13:49:38', 'b184767b-9b5d-4a20-a817-e96ffbb46b40'),
 ('8', '8', '3', '1', 'en_us', '1', '', '{\"typeId\":null,\"authorId\":\"1\",\"title\":\"Passat 500\",\"slug\":\"passat-500\",\"postDate\":1456410780,\"expiryDate\":null,\"enabled\":1,\"parentId\":null,\"fields\":{\"3\":\"\",\"31\":{\"new1\":{\"type\":\"item\",\"enabled\":\"1\",\"fields\":{\"role\":\"Interaction Design\",\"contributorName\":\"Superhero Cheesecake\"}}},\"34\":\"\"}}', '2016-02-25 14:33:37', '2016-02-25 14:33:37', '47102fe9-c3c1-4a97-926c-dde9c07e321c'),
 ('9', '10', '3', '1', 'en_us', '1', '', '{\"typeId\":null,\"authorId\":\"1\",\"title\":\"Orangina\",\"slug\":\"orangina\",\"postDate\":1456411344,\"expiryDate\":null,\"enabled\":1,\"parentId\":null,\"fields\":{\"3\":\"\",\"41\":\"\",\"31\":\"\",\"40\":\"\",\"39\":\"\",\"36\":\"\",\"43\":\"\",\"42\":\"\",\"34\":\"\"}}', '2016-02-25 14:42:24', '2016-02-25 14:42:24', 'bc9e79f3-9248-460b-a73d-b100bc9c963a');



DROP TABLE IF EXISTS `craft_fieldgroups`;


--
-- Schema for table `craft_fieldgroups`
--
CREATE TABLE `craft_fieldgroups` (
  `id` int(11) NOT NULL AUTO_INCREMENT,
  `name` varchar(255) COLLATE utf8_unicode_ci NOT NULL,
  `dateCreated` datetime NOT NULL,
  `dateUpdated` datetime NOT NULL,
  `uid` char(36) COLLATE utf8_unicode_ci NOT NULL DEFAULT '0',
  PRIMARY KEY (`id`),
  UNIQUE KEY `craft_fieldgroups_name_unq_idx` (`name`)
) ENGINE=InnoDB AUTO_INCREMENT=4 DEFAULT CHARSET=utf8 COLLATE=utf8_unicode_ci;

--
-- Data for table `craft_fieldgroups`
--

INSERT INTO `craft_fieldgroups` (`id`, `name`, `dateCreated`, `dateUpdated`, `uid`) VALUES
 ('1', 'Default', '2016-02-25 11:25:17', '2016-02-25 11:25:17', 'd959f1ae-b54d-482d-964b-dc2c7eff5dae'),
 ('2', 'Cases', '2016-02-25 13:50:50', '2016-02-25 13:50:50', '30ac7b5d-453d-40dd-8378-c7fce4f98bd7'),
 ('3', 'Homepage', '2016-02-25 14:00:37', '2016-02-25 14:00:37', 'b7177952-a291-4098-a4be-41ccd6272d19');



DROP TABLE IF EXISTS `craft_fieldlayoutfields`;


--
-- Schema for table `craft_fieldlayoutfields`
--
CREATE TABLE `craft_fieldlayoutfields` (
  `id` int(11) NOT NULL AUTO_INCREMENT,
  `layoutId` int(11) NOT NULL,
  `tabId` int(11) NOT NULL,
  `fieldId` int(11) NOT NULL,
  `required` tinyint(1) unsigned NOT NULL DEFAULT '0',
  `sortOrder` tinyint(4) DEFAULT NULL,
  `dateCreated` datetime NOT NULL,
  `dateUpdated` datetime NOT NULL,
  `uid` char(36) COLLATE utf8_unicode_ci NOT NULL DEFAULT '0',
  PRIMARY KEY (`id`),
  UNIQUE KEY `craft_fieldlayoutfields_layoutId_fieldId_unq_idx` (`layoutId`,`fieldId`),
  KEY `craft_fieldlayoutfields_sortOrder_idx` (`sortOrder`),
  KEY `craft_fieldlayoutfields_tabId_fk` (`tabId`),
  KEY `craft_fieldlayoutfields_fieldId_fk` (`fieldId`)
) ENGINE=InnoDB AUTO_INCREMENT=92 DEFAULT CHARSET=utf8 COLLATE=utf8_unicode_ci;

--
-- Data for table `craft_fieldlayoutfields`
--

INSERT INTO `craft_fieldlayoutfields` (`id`, `layoutId`, `tabId`, `fieldId`, `required`, `sortOrder`, `dateCreated`, `dateUpdated`, `uid`) VALUES
 ('11', '13', '5', '10', '0', '1', '2016-02-25 14:01:29', '2016-02-25 14:01:29', 'a4fa73fb-5bd9-434b-8a5f-127f842921a4'),
 ('47', '29', '18', '4', '0', '1', '2016-02-25 14:23:54', '2016-02-25 14:23:54', 'f5e81af0-2bac-46b4-98db-c0d2429fd3e0'),
 ('48', '29', '18', '5', '0', '2', '2016-02-25 14:23:54', '2016-02-25 14:23:54', 'd39b19a9-8091-4766-934c-1e0e808e4448'),
 ('49', '29', '18', '6', '0', '3', '2016-02-25 14:23:54', '2016-02-25 14:23:54', '7ef71e57-f4e7-49a0-9cfd-8ae02fe4cd3f'),
 ('50', '29', '18', '7', '0', '4', '2016-02-25 14:23:54', '2016-02-25 14:23:54', 'e37d88f9-5007-482c-b4d6-81ac2e5f510b'),
 ('51', '29', '18', '8', '1', '5', '2016-02-25 14:23:54', '2016-02-25 14:23:54', 'ae422288-30cf-4776-a76f-55b9d580c6f6'),
 ('52', '29', '18', '9', '0', '6', '2016-02-25 14:23:54', '2016-02-25 14:23:54', '457c8338-97bd-459c-9dbc-9f4277c6bacc'),
 ('53', '30', '19', '11', '1', '1', '2016-02-25 14:23:54', '2016-02-25 14:23:54', '8f65ee55-d311-4084-8b46-ab68148bfff1'),
 ('54', '30', '19', '17', '1', '2', '2016-02-25 14:23:54', '2016-02-25 14:23:54', '5d5f8ef8-c1fc-4e11-ae7e-03b9d09ac2b1'),
 ('55', '31', '20', '12', '0', '1', '2016-02-25 14:23:54', '2016-02-25 14:23:54', '798b0139-a2a4-4984-b454-f49e65aeb883'),
 ('56', '31', '20', '13', '1', '2', '2016-02-25 14:23:54', '2016-02-25 14:23:54', '47b875b8-a709-4282-8f6d-1a41fbaf1627'),
 ('57', '31', '20', '18', '1', '3', '2016-02-25 14:23:54', '2016-02-25 14:23:54', 'db8b3762-2c2d-416e-92a6-e69073fc2088'),
 ('58', '32', '21', '14', '1', '1', '2016-02-25 14:23:54', '2016-02-25 14:23:54', '5e07e536-00da-497d-b42b-0b2b5ce7f5a7'),
 ('59', '32', '21', '15', '0', '2', '2016-02-25 14:23:54', '2016-02-25 14:23:54', '692e99e6-617b-4ecb-9769-3b9e78a12f4b'),
 ('60', '32', '21', '19', '1', '3', '2016-02-25 14:23:54', '2016-02-25 14:23:54', '0da27e79-d957-44ca-8331-9c14d62eed3c'),
 ('61', '33', '22', '16', '0', '1', '2016-02-25 14:23:54', '2016-02-25 14:23:54', 'a791abb5-a6e9-4d3c-8bf9-718d5dd31423'),
 ('62', '34', '23', '20', '0', '1', '2016-02-25 14:23:54', '2016-02-25 14:23:54', '638f6e09-6c31-4b63-97d9-0a03cf27f1e2'),
 ('63', '34', '23', '21', '0', '2', '2016-02-25 14:23:54', '2016-02-25 14:23:54', 'ff80f07a-c656-41d5-ac45-899b1e6eeb7e'),
 ('64', '34', '23', '22', '0', '3', '2016-02-25 14:23:54', '2016-02-25 14:23:54', '140b7a1a-ed88-4ab6-af52-c68adcdb81f0'),
 ('65', '34', '23', '23', '0', '4', '2016-02-25 14:23:54', '2016-02-25 14:23:54', '38644c18-cc32-49eb-aae7-80f244a7a666'),
 ('66', '34', '23', '24', '1', '5', '2016-02-25 14:23:54', '2016-02-25 14:23:54', 'f4469a0f-f175-4dc7-96c7-53d48d6d404f'),
 ('67', '35', '24', '25', '0', '1', '2016-02-25 14:23:55', '2016-02-25 14:23:55', 'd1cad381-4dd0-479e-b458-5f08635e631a'),
 ('68', '35', '24', '26', '0', '2', '2016-02-25 14:23:55', '2016-02-25 14:23:55', 'c45a4395-8489-4661-8eeb-bbf34f3bbb2a'),
 ('69', '35', '24', '27', '0', '3', '2016-02-25 14:23:55', '2016-02-25 14:23:55', 'b28ab9df-3a8e-4e0c-9357-db34044426bb'),
 ('70', '35', '24', '28', '1', '4', '2016-02-25 14:23:55', '2016-02-25 14:23:55', '5f0d4f3f-0e4b-4c4f-8837-467f3e7f951d'),
 ('71', '36', '25', '29', '0', '1', '2016-02-25 14:23:55', '2016-02-25 14:23:55', '4e824152-1df8-4c44-8671-a7a726423c56'),
 ('72', '36', '25', '30', '1', '2', '2016-02-25 14:23:55', '2016-02-25 14:23:55', 'a56a0b04-44f1-4f7a-985d-365f0f91efc1'),
 ('73', '37', '26', '32', '1', '1', '2016-02-25 14:30:58', '2016-02-25 14:30:58', '73a77fac-2405-4b7f-b643-0185452a9476'),
 ('74', '37', '26', '33', '1', '2', '2016-02-25 14:30:58', '2016-02-25 14:30:58', '3e77f416-5a4d-4fa7-8b91-28a3a02a90c6'),
 ('75', '38', '27', '35', '1', '1', '2016-02-25 14:31:52', '2016-02-25 14:31:52', '6b981362-c419-4344-b14a-71cf92a9e829'),
 ('81', '41', '31', '37', '0', '1', '2016-02-25 14:36:21', '2016-02-25 14:36:21', 'cafef745-e1da-42f9-9415-b7ab11f5337e'),
 ('82', '41', '31', '38', '0', '2', '2016-02-25 14:36:21', '2016-02-25 14:36:21', '1c9e710f-ec75-49e3-92ea-79e32e448af6'),
 ('83', '42', '32', '39', '0', '1', '2016-02-25 14:40:00', '2016-02-25 14:40:00', '2a8ce2c8-6e4c-4d06-aa09-25d0fe52876a'),
 ('84', '42', '32', '40', '0', '2', '2016-02-25 14:40:00', '2016-02-25 14:40:00', '239561bc-962d-47d3-9d9b-6b4431b00c7d'),
 ('85', '42', '32', '41', '0', '3', '2016-02-25 14:40:00', '2016-02-25 14:40:00', '8aa805eb-ea56-4de1-b444-2e3a675440ac'),
 ('86', '42', '32', '43', '0', '4', '2016-02-25 14:40:00', '2016-02-25 14:40:00', 'bb44b816-cb5f-429c-9242-5dbce36d7371'),
 ('87', '42', '32', '42', '0', '5', '2016-02-25 14:40:00', '2016-02-25 14:40:00', '00689957-2aea-4ac7-965d-d0de4aa75431'),
 ('88', '42', '32', '31', '0', '6', '2016-02-25 14:40:00', '2016-02-25 14:40:00', '3560633b-d8dc-4695-99c3-51460bc25e79'),
 ('89', '42', '32', '34', '0', '7', '2016-02-25 14:40:00', '2016-02-25 14:40:00', 'f90f93be-d67d-4146-854d-404f75d4bb54'),
 ('90', '42', '32', '36', '0', '8', '2016-02-25 14:40:00', '2016-02-25 14:40:00', '04bda591-a700-4c9b-908d-9c1d3f5f6733'),
 ('91', '42', '33', '3', '0', '1', '2016-02-25 14:40:00', '2016-02-25 14:40:00', '128103fb-4925-43c2-83f2-d6abbc87cc7e');



DROP TABLE IF EXISTS `craft_fieldlayouts`;


--
-- Schema for table `craft_fieldlayouts`
--
CREATE TABLE `craft_fieldlayouts` (
  `id` int(11) NOT NULL AUTO_INCREMENT,
  `type` varchar(150) COLLATE utf8_unicode_ci NOT NULL,
  `dateCreated` datetime NOT NULL,
  `dateUpdated` datetime NOT NULL,
  `uid` char(36) COLLATE utf8_unicode_ci NOT NULL DEFAULT '0',
  PRIMARY KEY (`id`),
  KEY `craft_fieldlayouts_type_idx` (`type`)
) ENGINE=InnoDB AUTO_INCREMENT=44 DEFAULT CHARSET=utf8 COLLATE=utf8_unicode_ci;

--
-- Data for table `craft_fieldlayouts`
--

INSERT INTO `craft_fieldlayouts` (`id`, `type`, `dateCreated`, `dateUpdated`, `uid`) VALUES
 ('1', 'Tag', '2016-02-25 11:25:17', '2016-02-25 11:25:17', 'e718afbf-b262-4ced-b435-bc090bea1229'),
 ('3', 'Entry', '2016-02-25 11:25:17', '2016-02-25 11:25:17', '686faef0-bcc9-4630-9ef0-36e72d1f6fc8'),
 ('5', 'Entry', '2016-02-25 11:25:17', '2016-02-25 11:25:17', '7c625eb6-dedb-4c4b-a5da-34c189212f01'),
 ('7', 'Entry', '2016-02-25 13:47:58', '2016-02-25 13:47:58', '8a2cbdf7-1dc1-4456-a017-6d03d52482e2'),
 ('9', 'Entry', '2016-02-25 13:49:30', '2016-02-25 13:49:30', '14533b09-6983-447a-bb25-d82497eb8a86'),
 ('10', 'Entry', '2016-02-25 13:49:38', '2016-02-25 13:49:38', '32cd5fbb-9a92-44d7-984a-7ff968f474fa'),
 ('13', 'Entry', '2016-02-25 14:01:29', '2016-02-25 14:01:29', '45187c2e-3a9d-4897-88de-a7ef007bb78d'),
 ('15', 'Asset', '2016-02-25 14:03:22', '2016-02-25 14:03:22', 'b9f6b940-d893-4136-a28e-012aa6cc6866'),
 ('16', 'Asset', '2016-02-25 14:04:54', '2016-02-25 14:04:54', 'de4c5d1e-5489-45b0-90b2-4b578f0bfa1a'),
 ('29', 'MatrixBlock', '2016-02-25 14:23:54', '2016-02-25 14:23:54', '1c558354-c281-4859-bd5f-46a5038dfca4'),
 ('30', 'MatrixBlock', '2016-02-25 14:23:54', '2016-02-25 14:23:54', 'e84c307c-5b45-4b6d-b0ae-d0691f7b584d'),
 ('31', 'MatrixBlock', '2016-02-25 14:23:54', '2016-02-25 14:23:54', '6cf5eaf6-8262-49ab-a47b-e8550bd4c861'),
 ('32', 'MatrixBlock', '2016-02-25 14:23:54', '2016-02-25 14:23:54', '9e5f7739-b21d-43d3-8c58-65c4b510a5a6'),
 ('33', 'MatrixBlock', '2016-02-25 14:23:54', '2016-02-25 14:23:54', 'e7e9eb72-7167-4b11-88e6-f566b633af8b'),
 ('34', 'MatrixBlock', '2016-02-25 14:23:54', '2016-02-25 14:23:54', '724a317f-6355-42c4-a19f-9752c5b86e4d'),
 ('35', 'MatrixBlock', '2016-02-25 14:23:55', '2016-02-25 14:23:55', '2bb0b9e5-5693-482d-a49c-05b457dd136d'),
 ('36', 'MatrixBlock', '2016-02-25 14:23:55', '2016-02-25 14:23:55', '368ee5b9-6254-46a4-980c-51263444b084'),
 ('37', 'MatrixBlock', '2016-02-25 14:30:58', '2016-02-25 14:30:58', 'caed8be6-d85a-4438-841a-61e242d33583'),
 ('38', 'MatrixBlock', '2016-02-25 14:31:52', '2016-02-25 14:31:52', '1a778525-e665-4415-a751-19acf2ae79e2'),
 ('41', 'MatrixBlock', '2016-02-25 14:36:21', '2016-02-25 14:36:21', '10a13494-61f0-4445-9976-1b7c52204b7d'),
 ('42', 'Entry', '2016-02-25 14:40:00', '2016-02-25 14:40:00', '02ecea81-16ac-4b20-8d77-283e06e6d74d'),
 ('43', 'GlobalSet', '2016-02-25 14:50:24', '2016-02-25 14:50:24', 'cf869dcb-e171-4985-91de-b0d8723836b3');



DROP TABLE IF EXISTS `craft_fieldlayouttabs`;


--
-- Schema for table `craft_fieldlayouttabs`
--
CREATE TABLE `craft_fieldlayouttabs` (
  `id` int(11) NOT NULL AUTO_INCREMENT,
  `layoutId` int(11) NOT NULL,
  `name` varchar(255) COLLATE utf8_unicode_ci NOT NULL,
  `sortOrder` tinyint(4) DEFAULT NULL,
  `dateCreated` datetime NOT NULL,
  `dateUpdated` datetime NOT NULL,
  `uid` char(36) COLLATE utf8_unicode_ci NOT NULL DEFAULT '0',
  PRIMARY KEY (`id`),
  KEY `craft_fieldlayouttabs_sortOrder_idx` (`sortOrder`),
  KEY `craft_fieldlayouttabs_layoutId_fk` (`layoutId`)
) ENGINE=InnoDB AUTO_INCREMENT=34 DEFAULT CHARSET=utf8 COLLATE=utf8_unicode_ci;

--
-- Data for table `craft_fieldlayouttabs`
--

INSERT INTO `craft_fieldlayouttabs` (`id`, `layoutId`, `name`, `sortOrder`, `dateCreated`, `dateUpdated`, `uid`) VALUES
 ('1', '3', 'Content', '1', '2016-02-25 11:25:17', '2016-02-25 11:25:17', 'fa178389-214d-45f0-8c9a-3847f0a43bd2'),
 ('2', '5', 'Content', '1', '2016-02-25 11:25:17', '2016-02-25 11:25:17', '0f7f122e-eb8f-4a4d-8711-3363baa90ed6'),
 ('5', '13', 'Homepage', '1', '2016-02-25 14:01:29', '2016-02-25 14:01:29', '839c5513-c082-4842-ba0a-3f5634687e66'),
 ('18', '29', 'Content', '1', '2016-02-25 14:23:54', '2016-02-25 14:23:54', '86019a86-df62-4b49-8f89-551c3c48cfee'),
 ('19', '30', 'Content', '1', '2016-02-25 14:23:54', '2016-02-25 14:23:54', 'f27864db-66b2-425c-9c3a-0c4504f20dba'),
 ('20', '31', 'Content', '1', '2016-02-25 14:23:54', '2016-02-25 14:23:54', '032ef70a-6ceb-404a-8c38-1b1e0f830265'),
 ('21', '32', 'Content', '1', '2016-02-25 14:23:54', '2016-02-25 14:23:54', 'e6e43ced-bdb4-4f53-af59-6bdb56e3af69'),
 ('22', '33', 'Content', '1', '2016-02-25 14:23:54', '2016-02-25 14:23:54', '867b24d8-ea86-4c83-89d4-f3b8cc639ddf'),
 ('23', '34', 'Content', '1', '2016-02-25 14:23:54', '2016-02-25 14:23:54', 'ad1ec699-e454-4c4a-8fd9-13fa1803f244'),
 ('24', '35', 'Content', '1', '2016-02-25 14:23:55', '2016-02-25 14:23:55', '9d6be784-e518-43b6-bd05-554834067998'),
 ('25', '36', 'Content', '1', '2016-02-25 14:23:55', '2016-02-25 14:23:55', '41ff4ae5-3a56-4660-889a-5689b04b9827'),
 ('26', '37', 'Content', '1', '2016-02-25 14:30:58', '2016-02-25 14:30:58', '6bb5bd39-e68d-4c55-b29f-a040ae3dc3b8'),
 ('27', '38', 'Content', '1', '2016-02-25 14:31:52', '2016-02-25 14:31:52', '3f72259e-9b93-4f6b-95b0-345fff49fd0d'),
 ('31', '41', 'Content', '1', '2016-02-25 14:36:21', '2016-02-25 14:36:21', '72c87e8c-875a-4171-ad20-2a640eb5cf92'),
 ('32', '42', 'Case', '1', '2016-02-25 14:40:00', '2016-02-25 14:40:00', 'b7e20d65-5eb7-476f-aafc-9253e9bd6dd8'),
 ('33', '42', 'Sections', '2', '2016-02-25 14:40:00', '2016-02-25 14:40:00', 'a935f5b5-3f9b-4270-b2b5-439dc9fe4048');



DROP TABLE IF EXISTS `craft_fields`;


--
-- Schema for table `craft_fields`
--
CREATE TABLE `craft_fields` (
  `id` int(11) NOT NULL AUTO_INCREMENT,
  `groupId` int(11) DEFAULT NULL,
  `name` varchar(255) COLLATE utf8_unicode_ci NOT NULL,
  `handle` varchar(58) COLLATE utf8_unicode_ci NOT NULL,
  `context` varchar(255) COLLATE utf8_unicode_ci NOT NULL DEFAULT 'global',
  `instructions` text COLLATE utf8_unicode_ci,
  `translatable` tinyint(1) unsigned NOT NULL DEFAULT '0',
  `type` varchar(150) COLLATE utf8_unicode_ci NOT NULL,
  `settings` text COLLATE utf8_unicode_ci,
  `dateCreated` datetime NOT NULL,
  `dateUpdated` datetime NOT NULL,
  `uid` char(36) COLLATE utf8_unicode_ci NOT NULL DEFAULT '0',
  PRIMARY KEY (`id`),
  UNIQUE KEY `craft_fields_handle_context_unq_idx` (`handle`,`context`),
  KEY `craft_fields_context_idx` (`context`),
  KEY `craft_fields_groupId_fk` (`groupId`)
) ENGINE=InnoDB AUTO_INCREMENT=44 DEFAULT CHARSET=utf8 COLLATE=utf8_unicode_ci;

--
-- Data for table `craft_fields`
--

INSERT INTO `craft_fields` (`id`, `groupId`, `name`, `handle`, `context`, `instructions`, `translatable`, `type`, `settings`, `dateCreated`, `dateUpdated`, `uid`) VALUES
 ('3', '2', 'Case Sections', 'caseSections', 'global', '', '0', 'Matrix', '{\"maxBlocks\":null}', '2016-02-25 13:55:50', '2016-02-25 14:23:54', 'f42189c1-e2bf-4edd-b4b0-c0bce8d1aace'),
 ('4', NULL, 'Heading', 'heading', 'matrixBlockType:1', '', '0', 'PlainText', '{\"placeholder\":\"\",\"maxLength\":\"250\",\"multiline\":\"\",\"initialRows\":\"4\"}', '2016-02-25 13:55:50', '2016-02-25 14:23:54', '8de48167-55cb-4cf9-9f0b-e3dd6543bb78'),
 ('5', NULL, 'Intro', 'intro', 'matrixBlockType:1', '', '0', 'PlainText', '{\"placeholder\":\"\",\"maxLength\":\"300\",\"multiline\":\"\",\"initialRows\":\"4\"}', '2016-02-25 13:55:50', '2016-02-25 14:23:54', 'f297a41a-53f5-4410-92ce-87e48579e987'),
 ('6', NULL, 'Body', 'body', 'matrixBlockType:1', '', '0', 'PlainText', '{\"placeholder\":\"\",\"maxLength\":\"200\",\"multiline\":\"\",\"initialRows\":\"4\"}', '2016-02-25 13:55:50', '2016-02-25 14:23:54', '739390eb-cabb-4914-9853-d915d29b32c4'),
 ('7', NULL, 'Image', 'image', 'matrixBlockType:1', '', '0', 'Assets', '{\"useSingleFolder\":\"\",\"sources\":\"*\",\"defaultUploadLocationSource\":\"1\",\"defaultUploadLocationSubpath\":\"\",\"singleUploadLocationSource\":\"1\",\"singleUploadLocationSubpath\":\"\",\"restrictFiles\":\"\",\"limit\":\"1\",\"viewMode\":\"list\",\"selectionLabel\":\"\"}', '2016-02-25 13:55:50', '2016-02-25 14:23:54', 'a0bebfc8-fe39-43ca-8f5a-28e87b59bdb4'),
 ('8', NULL, 'Background Color', 'backgroundColor', 'matrixBlockType:1', '', '0', 'Color', NULL, '2016-02-25 13:55:50', '2016-02-25 14:23:54', 'd9962176-0df9-4146-98d0-66f04747551f'),
 ('9', NULL, 'Image Position', 'imagePosition', 'matrixBlockType:1', '', '0', 'PositionSelect', '{\"options\":[\"left\",\"right\"]}', '2016-02-25 13:55:50', '2016-02-25 14:23:54', '5f95a5ed-a7e2-4e9f-bb08-24c5e2d065b8'),
 ('10', '3', 'Featured Cases', 'featuredCases', 'global', '', '0', 'Entries', '{\"sources\":[\"section:3\"],\"limit\":\"5\",\"selectionLabel\":\"Selected a Case\"}', '2016-02-25 14:01:05', '2016-02-25 14:01:05', '42cfabcc-074f-4551-9e3d-f247e8dd91a6'),
 ('11', NULL, 'Images', 'images', 'matrixBlockType:2', 'Select up to 10 images.', '0', 'Assets', '{\"useSingleFolder\":\"\",\"sources\":[\"folder:2\"],\"defaultUploadLocationSource\":\"2\",\"defaultUploadLocationSubpath\":\"\",\"singleUploadLocationSource\":\"1\",\"singleUploadLocationSubpath\":\"\",\"restrictFiles\":\"1\",\"allowedKinds\":[\"image\"],\"limit\":\"10\",\"viewMode\":\"list\",\"selectionLabel\":\"Add assets\"}', '2016-02-25 14:07:12', '2016-02-25 14:23:54', 'ce2cea7b-029b-459f-bf7b-9c466beff50c'),
 ('12', NULL, 'Cover Image', 'coverImage', 'matrixBlockType:3', '', '0', 'Assets', '{\"useSingleFolder\":\"\",\"sources\":[\"folder:2\"],\"defaultUploadLocationSource\":\"2\",\"defaultUploadLocationSubpath\":\"\",\"singleUploadLocationSource\":\"1\",\"singleUploadLocationSubpath\":\"\",\"restrictFiles\":\"1\",\"allowedKinds\":[\"image\"],\"limit\":\"1\",\"viewMode\":\"list\",\"selectionLabel\":\"\"}', '2016-02-25 14:10:40', '2016-02-25 14:23:54', '0a3d4e60-2d54-4936-9584-a1124675aee1'),
 ('13', NULL, 'Video', 'video', 'matrixBlockType:3', '', '0', 'Assets', '{\"useSingleFolder\":\"\",\"sources\":[\"folder:1\"],\"defaultUploadLocationSource\":\"1\",\"defaultUploadLocationSubpath\":\"\",\"singleUploadLocationSource\":\"1\",\"singleUploadLocationSubpath\":\"\",\"restrictFiles\":\"1\",\"allowedKinds\":[\"video\"],\"limit\":\"1\",\"viewMode\":\"list\",\"selectionLabel\":\"\"}', '2016-02-25 14:10:40', '2016-02-25 14:23:54', '58a6b8b0-1261-4c02-b44d-0a2eeb626a2a'),
 ('14', NULL, 'Image', 'image', 'matrixBlockType:4', '', '0', 'Assets', '{\"useSingleFolder\":\"\",\"sources\":[\"folder:2\"],\"defaultUploadLocationSource\":\"2\",\"defaultUploadLocationSubpath\":\"\",\"singleUploadLocationSource\":\"1\",\"singleUploadLocationSubpath\":\"\",\"restrictFiles\":\"1\",\"allowedKinds\":[\"image\"],\"limit\":\"1\",\"viewMode\":\"list\",\"selectionLabel\":\"\"}', '2016-02-25 14:15:08', '2016-02-25 14:23:54', 'c5adefc9-ff05-4e26-8d79-24f06f25ca0e'),
 ('15', NULL, 'Background Image', 'backgroundImage', 'matrixBlockType:4', '', '0', 'Assets', '{\"useSingleFolder\":\"\",\"sources\":[\"folder:2\"],\"defaultUploadLocationSource\":\"2\",\"defaultUploadLocationSubpath\":\"\",\"singleUploadLocationSource\":\"1\",\"singleUploadLocationSubpath\":\"\",\"restrictFiles\":\"1\",\"allowedKinds\":[\"image\"],\"limit\":\"1\",\"viewMode\":\"list\",\"selectionLabel\":\"\"}', '2016-02-25 14:15:08', '2016-02-25 14:23:54', '3c97f7fd-30f4-47fa-87f0-824a3a78f08e'),
 ('16', NULL, 'Image', 'image', 'matrixBlockType:5', '', '0', 'Assets', '{\"useSingleFolder\":\"\",\"sources\":[\"folder:2\"],\"defaultUploadLocationSource\":\"2\",\"defaultUploadLocationSubpath\":\"\",\"singleUploadLocationSource\":\"1\",\"singleUploadLocationSubpath\":\"\",\"restrictFiles\":\"1\",\"allowedKinds\":[\"image\"],\"limit\":\"1\",\"viewMode\":\"list\",\"selectionLabel\":\"\"}', '2016-02-25 14:15:08', '2016-02-25 14:23:54', 'c404845f-7709-45ed-b293-40a3f17b75d7'),
 ('17', NULL, 'Background Color', 'backgroundColor', 'matrixBlockType:2', '', '0', 'Color', NULL, '2016-02-25 14:23:54', '2016-02-25 14:23:54', '40458637-88bc-4a2d-b006-e47bc7055d0d'),
 ('18', NULL, 'Background Color', 'backgroundColor', 'matrixBlockType:3', '', '0', 'Color', NULL, '2016-02-25 14:23:54', '2016-02-25 14:23:54', 'd34ebb77-d6ae-4443-8999-10fa90103522'),
 ('19', NULL, 'Background Color', 'backgroundColor', 'matrixBlockType:4', '', '0', 'Color', NULL, '2016-02-25 14:23:54', '2016-02-25 14:23:54', 'af1d4a5d-fde4-4c01-8cc6-36fb4468d16d'),
 ('20', NULL, 'Heading', 'heading', 'matrixBlockType:6', '', '0', 'PlainText', '{\"placeholder\":\"\",\"maxLength\":\"\",\"multiline\":\"\",\"initialRows\":\"4\"}', '2016-02-25 14:23:54', '2016-02-25 14:23:54', '9250f0a4-71e0-4194-902d-41def514d9e6'),
 ('21', NULL, 'Intro', 'intro', 'matrixBlockType:6', '', '0', 'PlainText', '{\"placeholder\":\"\",\"maxLength\":\"\",\"multiline\":\"1\",\"initialRows\":\"4\"}', '2016-02-25 14:23:54', '2016-02-25 14:23:54', '0b577a40-4325-4c4a-a927-c450828301ca'),
 ('22', NULL, 'Body', 'body', 'matrixBlockType:6', '', '0', 'PlainText', '{\"placeholder\":\"\",\"maxLength\":\"\",\"multiline\":\"1\",\"initialRows\":\"4\"}', '2016-02-25 14:23:54', '2016-02-25 14:23:54', '4fb80412-b3c2-452a-b3fd-1169515f8c47'),
 ('23', NULL, 'Position', 'position', 'matrixBlockType:6', '', '0', 'PositionSelect', '{\"options\":[\"left\",\"center\",\"right\"]}', '2016-02-25 14:23:54', '2016-02-25 14:23:54', 'dd1aae7b-4fdf-4419-89f4-2e0feeecc586'),
 ('24', NULL, 'Background Color', 'backgroundColor', 'matrixBlockType:6', '', '0', 'Color', NULL, '2016-02-25 14:23:54', '2016-02-25 14:23:54', '5527eab8-60d3-4247-bc2f-57d872d633c3'),
 ('25', NULL, 'Heading', 'heading', 'matrixBlockType:7', '', '0', 'PlainText', '{\"placeholder\":\"\",\"maxLength\":\"\",\"multiline\":\"\",\"initialRows\":\"4\"}', '2016-02-25 14:23:55', '2016-02-25 14:23:55', '3989abf6-3956-4749-8f2e-1eb5debf3c46'),
 ('26', NULL, 'Intro', 'intro', 'matrixBlockType:7', '', '0', 'PlainText', '{\"placeholder\":\"\",\"maxLength\":\"\",\"multiline\":\"1\",\"initialRows\":\"4\"}', '2016-02-25 14:23:55', '2016-02-25 14:23:55', '26dfb6e4-7dda-48e7-a1b8-db8ffac0a5e5'),
 ('27', NULL, 'Body', 'body', 'matrixBlockType:7', '', '0', 'PlainText', '{\"placeholder\":\"\",\"maxLength\":\"\",\"multiline\":\"1\",\"initialRows\":\"4\"}', '2016-02-25 14:23:55', '2016-02-25 14:23:55', '1590b1d7-af56-4385-af16-65958f51f1fe'),
 ('28', NULL, 'Background Color', 'backgroundColor', 'matrixBlockType:7', '', '0', 'Color', NULL, '2016-02-25 14:23:55', '2016-02-25 14:23:55', 'd4b7988a-0f2a-406b-9e46-b4d35a2bc82f'),
 ('29', NULL, 'Body', 'body', 'matrixBlockType:8', '', '0', 'PlainText', '{\"placeholder\":\"\",\"maxLength\":\"\",\"multiline\":\"1\",\"initialRows\":\"4\"}', '2016-02-25 14:23:55', '2016-02-25 14:23:55', 'e8438af8-a5bb-4c41-a6e3-d2a8faf1456b'),
 ('30', NULL, 'Background Color', 'backgroundColor', 'matrixBlockType:8', '', '0', 'Color', NULL, '2016-02-25 14:23:55', '2016-02-25 14:23:55', 'c1ac7dd7-ff3b-4a68-a386-f6c142f3f046'),
 ('31', '2', 'Credits', 'credits', 'global', '', '0', 'Matrix', '{\"maxBlocks\":null}', '2016-02-25 14:30:58', '2016-02-25 14:30:58', '462da376-e04a-46ca-b035-26a86b5435e8'),
 ('32', NULL, 'Role', 'role', 'matrixBlockType:9', '', '0', 'PlainText', '{\"placeholder\":\"\",\"maxLength\":\"\",\"multiline\":\"\",\"initialRows\":\"4\"}', '2016-02-25 14:30:58', '2016-02-25 14:30:58', '94222171-06d1-487f-b5ff-6ca892cd9dde'),
 ('33', NULL, 'Contributor Name', 'contributorName', 'matrixBlockType:9', '', '0', 'PlainText', '{\"placeholder\":\"\",\"maxLength\":\"\",\"multiline\":\"\",\"initialRows\":\"4\"}', '2016-02-25 14:30:58', '2016-02-25 14:30:58', 'eac42a4b-14ba-48f8-b0ad-84bca5aab669'),
 ('34', '2', 'Roles', 'roles', 'global', '', '0', 'Matrix', '{\"maxBlocks\":null}', '2016-02-25 14:31:52', '2016-02-25 14:31:52', '18d84fef-13a8-43ba-829d-6268120163ad'),
 ('35', NULL, 'Role', 'role', 'matrixBlockType:10', '', '0', 'PlainText', '{\"placeholder\":\"\",\"maxLength\":\"\",\"multiline\":\"\",\"initialRows\":\"4\"}', '2016-02-25 14:31:52', '2016-02-25 14:31:52', 'c70dfa55-d03e-473c-b4ec-80f8656dd37d'),
 ('36', '2', 'Honours', 'honours', 'global', '', '0', 'Matrix', '{\"maxBlocks\":\"6\"}', '2016-02-25 14:36:09', '2016-02-25 14:36:21', '35347a96-8180-4090-b295-12f41b748c44'),
 ('37', NULL, 'Honor Name', 'honorName', 'matrixBlockType:11', '', '0', 'PlainText', '{\"placeholder\":\"\",\"maxLength\":\"\",\"multiline\":\"\",\"initialRows\":\"4\"}', '2016-02-25 14:36:09', '2016-02-25 14:36:21', 'ee626eaf-8f43-425f-a6b7-dd06d7bbf8a3'),
 ('38', NULL, 'Logo', 'logo', 'matrixBlockType:11', '', '0', 'Assets', '{\"useSingleFolder\":\"\",\"sources\":[\"folder:2\"],\"defaultUploadLocationSource\":\"2\",\"defaultUploadLocationSubpath\":\"\",\"singleUploadLocationSource\":\"1\",\"singleUploadLocationSubpath\":\"\",\"restrictFiles\":\"\",\"limit\":\"1\",\"viewMode\":\"list\",\"selectionLabel\":\"\"}', '2016-02-25 14:36:09', '2016-02-25 14:36:21', 'ec8e33ba-f15d-4ae8-b3a9-fa51e0b543e7'),
 ('39', '2', 'Heading', 'heading', 'global', '', '0', 'PlainText', '{\"placeholder\":\"\",\"maxLength\":\"\",\"multiline\":\"1\",\"initialRows\":\"2\"}', '2016-02-25 14:37:26', '2016-02-25 14:37:26', '7eb39d0e-d7b9-4fbe-8fad-151074b7d6fc'),
 ('40', '2', 'Header Image', 'headerImage', 'global', '', '0', 'Assets', '{\"useSingleFolder\":\"\",\"sources\":[\"folder:2\"],\"defaultUploadLocationSource\":\"2\",\"defaultUploadLocationSubpath\":\"\",\"singleUploadLocationSource\":\"1\",\"singleUploadLocationSubpath\":\"\",\"restrictFiles\":\"1\",\"allowedKinds\":[\"image\"],\"limit\":\"1\",\"viewMode\":\"list\",\"selectionLabel\":\"\"}', '2016-02-25 14:37:55', '2016-02-25 14:37:55', '1c013f89-daf4-4ce7-bedf-ab4bea67ff60'),
 ('41', '2', 'Client', 'client', 'global', '', '0', 'PlainText', '{\"placeholder\":\"\",\"maxLength\":\"\",\"multiline\":\"\",\"initialRows\":\"4\"}', '2016-02-25 14:38:25', '2016-02-25 14:38:25', '0289d61e-cd61-4f87-9004-3ed5a9fac7a4'),
 ('42', '2', 'Project URL', 'projectUrl', 'global', '', '0', 'PlainText', '{\"placeholder\":\"\",\"maxLength\":\"\",\"multiline\":\"\",\"initialRows\":\"4\"}', '2016-02-25 14:38:44', '2016-02-25 14:38:44', '764331db-b64e-4482-be14-0dcebcc6e3cf'),
 ('43', '2', 'Project Type', 'projectType', 'global', '', '0', 'Dropdown', '{\"options\":[{\"label\":\"Responsive Website\",\"value\":\"responsiveWebsite\",\"default\":\"\"},{\"label\":\"Mobile Application\",\"value\":\"mobileApplication\",\"default\":\"\"},{\"label\":\"\",\"value\":\"\",\"default\":\"\"}]}', '2016-02-25 14:39:30', '2016-02-25 14:39:30', 'f2e8be97-86f0-4ff2-9936-725f068cbe39');



DROP TABLE IF EXISTS `craft_globalsets`;


--
-- Schema for table `craft_globalsets`
--
CREATE TABLE `craft_globalsets` (
  `id` int(11) NOT NULL,
  `name` varchar(255) COLLATE utf8_unicode_ci NOT NULL,
  `handle` varchar(255) COLLATE utf8_unicode_ci NOT NULL,
  `fieldLayoutId` int(10) DEFAULT NULL,
  `dateCreated` datetime NOT NULL,
  `dateUpdated` datetime NOT NULL,
  `uid` char(36) COLLATE utf8_unicode_ci NOT NULL DEFAULT '0',
  PRIMARY KEY (`id`),
  UNIQUE KEY `craft_globalsets_name_unq_idx` (`name`),
  UNIQUE KEY `craft_globalsets_handle_unq_idx` (`handle`),
  KEY `craft_globalsets_fieldLayoutId_fk` (`fieldLayoutId`)
) ENGINE=InnoDB DEFAULT CHARSET=utf8 COLLATE=utf8_unicode_ci;

--
-- Data for table `craft_globalsets`
--

INSERT INTO `craft_globalsets` (`id`, `name`, `handle`, `fieldLayoutId`, `dateCreated`, `dateUpdated`, `uid`) VALUES
 ('11', 'Services', 'services', '43', '2016-02-25 14:50:24', '2016-02-25 14:50:24', '5e005d82-866e-4e6a-a118-ebf4f7639031');



DROP TABLE IF EXISTS `craft_info`;


--
-- Schema for table `craft_info`
--
CREATE TABLE `craft_info` (
  `id` int(11) NOT NULL AUTO_INCREMENT,
  `version` varchar(15) COLLATE utf8_unicode_ci NOT NULL,
  `build` int(11) unsigned NOT NULL,
  `schemaVersion` varchar(15) COLLATE utf8_unicode_ci NOT NULL,
  `releaseDate` datetime NOT NULL,
  `edition` tinyint(1) unsigned NOT NULL DEFAULT '0',
  `siteName` varchar(100) COLLATE utf8_unicode_ci NOT NULL,
  `siteUrl` varchar(255) COLLATE utf8_unicode_ci NOT NULL,
  `timezone` varchar(30) COLLATE utf8_unicode_ci DEFAULT NULL,
  `on` tinyint(1) unsigned NOT NULL DEFAULT '0',
  `maintenance` tinyint(1) unsigned NOT NULL DEFAULT '0',
  `track` varchar(40) COLLATE utf8_unicode_ci NOT NULL,
  `dateCreated` datetime NOT NULL,
  `dateUpdated` datetime NOT NULL,
  `uid` char(36) COLLATE utf8_unicode_ci NOT NULL DEFAULT '0',
  PRIMARY KEY (`id`)
) ENGINE=InnoDB AUTO_INCREMENT=2 DEFAULT CHARSET=utf8 COLLATE=utf8_unicode_ci;

--
-- Data for table `craft_info`
--

INSERT INTO `craft_info` (`id`, `version`, `build`, `schemaVersion`, `releaseDate`, `edition`, `siteName`, `siteUrl`, `timezone`, `on`, `maintenance`, `track`, `dateCreated`, `dateUpdated`, `uid`) VALUES
 ('1', '2.5', '2763', '2.5.11', '2016-02-18 16:29:01', '0', '[Kraftwerk] Kraftwerk website', 'http://kraftwerk-craft.local.shcc.nl', 'UTC', '1', '1', 'stable', '2016-02-25 11:25:16', '2016-02-25 15:49:51', '296b7f51-2eba-4076-8a1d-34b849dda886');



DROP TABLE IF EXISTS `craft_locales`;


--
-- Schema for table `craft_locales`
--
CREATE TABLE `craft_locales` (
  `locale` char(12) COLLATE utf8_unicode_ci NOT NULL,
  `sortOrder` tinyint(4) DEFAULT NULL,
  `dateCreated` datetime NOT NULL,
  `dateUpdated` datetime NOT NULL,
  `uid` char(36) COLLATE utf8_unicode_ci NOT NULL DEFAULT '0',
  PRIMARY KEY (`locale`),
  KEY `craft_locales_sortOrder_idx` (`sortOrder`)
) ENGINE=InnoDB DEFAULT CHARSET=utf8 COLLATE=utf8_unicode_ci;

--
-- Data for table `craft_locales`
--

INSERT INTO `craft_locales` (`locale`, `sortOrder`, `dateCreated`, `dateUpdated`, `uid`) VALUES
 ('en_us', '1', '2016-02-25 11:25:16', '2016-02-25 11:25:16', '44ecab89-455a-43af-9dee-ed03f8ba543e');



DROP TABLE IF EXISTS `craft_matrixblocks`;


--
-- Schema for table `craft_matrixblocks`
--
CREATE TABLE `craft_matrixblocks` (
  `id` int(11) NOT NULL,
  `ownerId` int(11) NOT NULL,
  `fieldId` int(11) NOT NULL,
  `typeId` int(11) DEFAULT NULL,
  `sortOrder` tinyint(4) DEFAULT NULL,
  `ownerLocale` char(12) COLLATE utf8_unicode_ci DEFAULT NULL,
  `dateCreated` datetime NOT NULL,
  `dateUpdated` datetime NOT NULL,
  `uid` char(36) COLLATE utf8_unicode_ci NOT NULL DEFAULT '0',
  PRIMARY KEY (`id`),
  KEY `craft_matrixblocks_ownerId_idx` (`ownerId`),
  KEY `craft_matrixblocks_fieldId_idx` (`fieldId`),
  KEY `craft_matrixblocks_typeId_idx` (`typeId`),
  KEY `craft_matrixblocks_sortOrder_idx` (`sortOrder`),
  KEY `craft_matrixblocks_ownerLocale_fk` (`ownerLocale`)
) ENGINE=InnoDB DEFAULT CHARSET=utf8 COLLATE=utf8_unicode_ci;

--
-- Data for table `craft_matrixblocks`
--

INSERT INTO `craft_matrixblocks` (`id`, `ownerId`, `fieldId`, `typeId`, `sortOrder`, `ownerLocale`, `dateCreated`, `dateUpdated`, `uid`) VALUES
 ('9', '8', '31', '9', '1', NULL, '2016-02-25 14:33:37', '2016-02-25 14:33:37', '90378695-304a-4d60-ad58-ccc64e74e81c');



DROP TABLE IF EXISTS `craft_matrixblocktypes`;


--
-- Schema for table `craft_matrixblocktypes`
--
CREATE TABLE `craft_matrixblocktypes` (
  `id` int(11) NOT NULL AUTO_INCREMENT,
  `fieldId` int(11) NOT NULL,
  `fieldLayoutId` int(11) DEFAULT NULL,
  `name` varchar(255) COLLATE utf8_unicode_ci NOT NULL,
  `handle` varchar(255) COLLATE utf8_unicode_ci NOT NULL,
  `sortOrder` tinyint(4) DEFAULT NULL,
  `dateCreated` datetime NOT NULL,
  `dateUpdated` datetime NOT NULL,
  `uid` char(36) COLLATE utf8_unicode_ci NOT NULL DEFAULT '0',
  PRIMARY KEY (`id`),
  UNIQUE KEY `craft_matrixblocktypes_name_fieldId_unq_idx` (`name`,`fieldId`),
  UNIQUE KEY `craft_matrixblocktypes_handle_fieldId_unq_idx` (`handle`,`fieldId`),
  KEY `craft_matrixblocktypes_fieldId_fk` (`fieldId`),
  KEY `craft_matrixblocktypes_fieldLayoutId_fk` (`fieldLayoutId`)
) ENGINE=InnoDB AUTO_INCREMENT=12 DEFAULT CHARSET=utf8 COLLATE=utf8_unicode_ci;

--
-- Data for table `craft_matrixblocktypes`
--

INSERT INTO `craft_matrixblocktypes` (`id`, `fieldId`, `fieldLayoutId`, `name`, `handle`, `sortOrder`, `dateCreated`, `dateUpdated`, `uid`) VALUES
 ('1', '3', '29', 'Text with Image', 'textWithImage', '1', '2016-02-25 13:55:50', '2016-02-25 14:23:54', '5acd5c93-87b0-4903-a387-49fad63351f7'),
 ('2', '3', '30', 'Image Gallery', 'imageGallery', '2', '2016-02-25 14:07:12', '2016-02-25 14:23:54', '4814e20a-f96b-4b08-89d8-53b4d4fdedc1'),
 ('3', '3', '31', 'Video', 'video', '3', '2016-02-25 14:10:40', '2016-02-25 14:23:54', '0e7a5ba7-d00a-4c34-8308-d867dacdeae8'),
 ('4', '3', '32', 'Large Image', 'largeImage', '4', '2016-02-25 14:15:08', '2016-02-25 14:23:54', '31eacbf3-c4d8-49d1-82f6-24bd9d904abd'),
 ('5', '3', '33', 'Image Full', 'imageFull', '5', '2016-02-25 14:15:08', '2016-02-25 14:23:54', 'd05358c6-a707-4816-8cf4-39bdbf3851d8'),
 ('6', '3', '34', 'Text (Single Column)', 'textSingleColumn', '6', '2016-02-25 14:23:54', '2016-02-25 14:23:54', 'a7e9fde2-2225-4e26-9077-92fed659b06c'),
 ('7', '3', '35', 'Text (Two Columns)', 'textTwoColumns', '7', '2016-02-25 14:23:54', '2016-02-25 14:23:55', '9e12acab-3e8f-477d-a7e1-3e2f8ce0bdd9'),
 ('8', '3', '36', 'Text (Full Width)', 'textFullWidth', '8', '2016-02-25 14:23:55', '2016-02-25 14:23:55', 'c652dcce-2af7-4747-94b4-a55d159ad860'),
 ('9', '31', '37', 'item', 'item', '1', '2016-02-25 14:30:58', '2016-02-25 14:30:58', '0cdb1b16-dd63-43e2-bed0-f9528eb305fe'),
 ('10', '34', '38', 'Role', 'role', '1', '2016-02-25 14:31:52', '2016-02-25 14:31:52', '7ead08ec-2b7d-445e-bc0e-7b783c3a2c82'),
 ('11', '36', '41', 'Honour', 'honour', '1', '2016-02-25 14:36:09', '2016-02-25 14:36:21', '242dc4ae-06d1-4c05-a359-b167572538b2');



DROP TABLE IF EXISTS `craft_matrixcontent_casesections`;


--
-- Schema for table `craft_matrixcontent_casesections`
--
CREATE TABLE `craft_matrixcontent_casesections` (
  `id` int(11) NOT NULL AUTO_INCREMENT,
  `elementId` int(11) NOT NULL,
  `locale` char(12) COLLATE utf8_unicode_ci NOT NULL,
  `field_textWithImage_heading` varchar(250) COLLATE utf8_unicode_ci DEFAULT NULL,
  `field_textWithImage_intro` text COLLATE utf8_unicode_ci,
  `field_textWithImage_body` varchar(200) COLLATE utf8_unicode_ci DEFAULT NULL,
  `field_textWithImage_backgroundColor` char(7) COLLATE utf8_unicode_ci DEFAULT NULL,
  `field_textWithImage_imagePosition` varchar(255) COLLATE utf8_unicode_ci DEFAULT NULL,
  `field_imageGallery_backgroundColor` char(7) COLLATE utf8_unicode_ci DEFAULT NULL,
  `field_video_backgroundColor` char(7) COLLATE utf8_unicode_ci DEFAULT NULL,
  `field_largeImage_backgroundColor` char(7) COLLATE utf8_unicode_ci DEFAULT NULL,
  `field_textSingleColumn_heading` text COLLATE utf8_unicode_ci,
  `field_textSingleColumn_intro` text COLLATE utf8_unicode_ci,
  `field_textSingleColumn_body` text COLLATE utf8_unicode_ci,
  `field_textSingleColumn_position` varchar(255) COLLATE utf8_unicode_ci DEFAULT NULL,
  `field_textSingleColumn_backgroundColor` char(7) COLLATE utf8_unicode_ci DEFAULT NULL,
  `field_textTwoColumns_heading` text COLLATE utf8_unicode_ci,
  `field_textTwoColumns_intro` text COLLATE utf8_unicode_ci,
  `field_textTwoColumns_body` text COLLATE utf8_unicode_ci,
  `field_textTwoColumns_backgroundColor` char(7) COLLATE utf8_unicode_ci DEFAULT NULL,
  `field_textFullWidth_body` text COLLATE utf8_unicode_ci,
  `field_textFullWidth_backgroundColor` char(7) COLLATE utf8_unicode_ci DEFAULT NULL,
  `dateCreated` datetime NOT NULL,
  `dateUpdated` datetime NOT NULL,
  `uid` char(36) COLLATE utf8_unicode_ci NOT NULL DEFAULT '0',
  PRIMARY KEY (`id`),
  UNIQUE KEY `craft_matrixcontent_casesections_elementId_locale_unq_idx` (`elementId`,`locale`),
  KEY `craft_matrixcontent_casesections_locale_fk` (`locale`)
) ENGINE=InnoDB DEFAULT CHARSET=utf8 COLLATE=utf8_unicode_ci;

DROP TABLE IF EXISTS `craft_matrixcontent_credits`;


--
-- Schema for table `craft_matrixcontent_credits`
--
CREATE TABLE `craft_matrixcontent_credits` (
  `id` int(11) NOT NULL AUTO_INCREMENT,
  `elementId` int(11) NOT NULL,
  `locale` char(12) COLLATE utf8_unicode_ci NOT NULL,
  `field_item_role` text COLLATE utf8_unicode_ci,
  `field_item_contributorName` text COLLATE utf8_unicode_ci,
  `dateCreated` datetime NOT NULL,
  `dateUpdated` datetime NOT NULL,
  `uid` char(36) COLLATE utf8_unicode_ci NOT NULL DEFAULT '0',
  PRIMARY KEY (`id`),
  UNIQUE KEY `craft_matrixcontent_credits_elementId_locale_unq_idx` (`elementId`,`locale`),
  KEY `craft_matrixcontent_credits_locale_fk` (`locale`)
) ENGINE=InnoDB AUTO_INCREMENT=2 DEFAULT CHARSET=utf8 COLLATE=utf8_unicode_ci;

--
-- Data for table `craft_matrixcontent_credits`
--

INSERT INTO `craft_matrixcontent_credits` (`id`, `elementId`, `locale`, `field_item_role`, `field_item_contributorName`, `dateCreated`, `dateUpdated`, `uid`) VALUES
 ('1', '9', 'en_us', 'Interaction Design', 'Superhero Cheesecake', '2016-02-25 14:33:37', '2016-02-25 14:33:37', '415b7da5-1764-47e9-aad6-3147bfa0c222');



DROP TABLE IF EXISTS `craft_matrixcontent_honours`;


--
-- Schema for table `craft_matrixcontent_honours`
--
CREATE TABLE `craft_matrixcontent_honours` (
  `id` int(11) NOT NULL AUTO_INCREMENT,
  `elementId` int(11) NOT NULL,
  `locale` char(12) COLLATE utf8_unicode_ci NOT NULL,
  `field_honour_honorName` text COLLATE utf8_unicode_ci,
  `dateCreated` datetime NOT NULL,
  `dateUpdated` datetime NOT NULL,
  `uid` char(36) COLLATE utf8_unicode_ci NOT NULL DEFAULT '0',
  PRIMARY KEY (`id`),
  UNIQUE KEY `craft_matrixcontent_honours_elementId_locale_unq_idx` (`elementId`,`locale`),
  KEY `craft_matrixcontent_honours_locale_fk` (`locale`)
) ENGINE=InnoDB DEFAULT CHARSET=utf8 COLLATE=utf8_unicode_ci;

DROP TABLE IF EXISTS `craft_matrixcontent_roles`;


--
-- Schema for table `craft_matrixcontent_roles`
--
CREATE TABLE `craft_matrixcontent_roles` (
  `id` int(11) NOT NULL AUTO_INCREMENT,
  `elementId` int(11) NOT NULL,
  `locale` char(12) COLLATE utf8_unicode_ci NOT NULL,
  `field_role_role` text COLLATE utf8_unicode_ci,
  `dateCreated` datetime NOT NULL,
  `dateUpdated` datetime NOT NULL,
  `uid` char(36) COLLATE utf8_unicode_ci NOT NULL DEFAULT '0',
  PRIMARY KEY (`id`),
  UNIQUE KEY `craft_matrixcontent_roles_elementId_locale_unq_idx` (`elementId`,`locale`),
  KEY `craft_matrixcontent_roles_locale_fk` (`locale`)
) ENGINE=InnoDB DEFAULT CHARSET=utf8 COLLATE=utf8_unicode_ci;

DROP TABLE IF EXISTS `craft_migrations`;


--
-- Schema for table `craft_migrations`
--
CREATE TABLE `craft_migrations` (
  `id` int(11) NOT NULL AUTO_INCREMENT,
  `pluginId` int(11) DEFAULT NULL,
  `version` varchar(255) COLLATE utf8_unicode_ci NOT NULL,
  `applyTime` datetime NOT NULL,
  `dateCreated` datetime NOT NULL,
  `dateUpdated` datetime NOT NULL,
  `uid` char(36) COLLATE utf8_unicode_ci NOT NULL DEFAULT '0',
  PRIMARY KEY (`id`),
  UNIQUE KEY `craft_migrations_version_unq_idx` (`version`),
  KEY `craft_migrations_pluginId_fk` (`pluginId`)
) ENGINE=InnoDB AUTO_INCREMENT=27 DEFAULT CHARSET=utf8 COLLATE=utf8_unicode_ci;

--
-- Data for table `craft_migrations`
--

INSERT INTO `craft_migrations` (`id`, `pluginId`, `version`, `applyTime`, `dateCreated`, `dateUpdated`, `uid`) VALUES
 ('1', NULL, 'm000000_000000_base', '2016-02-25 11:25:16', '2016-02-25 11:25:16', '2016-02-25 11:25:16', 'd49ea86f-1304-4ffe-a774-03e4ee5ca5f3'),
 ('2', NULL, 'm140730_000001_add_filename_and_format_to_transformindex', '2016-02-25 11:25:16', '2016-02-25 11:25:16', '2016-02-25 11:25:16', '8ab99b9c-20f5-48be-b696-169926a50588'),
 ('3', NULL, 'm140815_000001_add_format_to_transforms', '2016-02-25 11:25:16', '2016-02-25 11:25:16', '2016-02-25 11:25:16', '3412aade-49cb-44e9-a26a-87c078a41ff9'),
 ('4', NULL, 'm140822_000001_allow_more_than_128_items_per_field', '2016-02-25 11:25:16', '2016-02-25 11:25:16', '2016-02-25 11:25:16', '572fd3a2-143f-4e86-805d-003d2c8e2f17'),
 ('5', NULL, 'm140829_000001_single_title_formats', '2016-02-25 11:25:16', '2016-02-25 11:25:16', '2016-02-25 11:25:16', '7526265b-2c52-4c2a-bd46-7e09be0532e4'),
 ('6', NULL, 'm140831_000001_extended_cache_keys', '2016-02-25 11:25:16', '2016-02-25 11:25:16', '2016-02-25 11:25:16', 'b9ea5119-4105-424a-a8f9-213921b786a7'),
 ('7', NULL, 'm140922_000001_delete_orphaned_matrix_blocks', '2016-02-25 11:25:16', '2016-02-25 11:25:16', '2016-02-25 11:25:16', 'dbee261e-4d54-4324-a652-edfca671954a'),
 ('8', NULL, 'm141008_000001_elements_index_tune', '2016-02-25 11:25:16', '2016-02-25 11:25:16', '2016-02-25 11:25:16', '7c5a95d5-408a-46c2-876c-6b2317f1b2f6'),
 ('9', NULL, 'm141009_000001_assets_source_handle', '2016-02-25 11:25:16', '2016-02-25 11:25:16', '2016-02-25 11:25:16', '2767a51b-4a51-40ad-a4af-3818e17cdb9d'),
 ('10', NULL, 'm141024_000001_field_layout_tabs', '2016-02-25 11:25:16', '2016-02-25 11:25:16', '2016-02-25 11:25:16', 'd0dec3ea-9b70-403c-8658-6ab4d4e2f072'),
 ('11', NULL, 'm141030_000000_plugin_schema_versions', '2016-02-25 11:25:16', '2016-02-25 11:25:16', '2016-02-25 11:25:16', '64eff8bc-152c-4c41-9a68-a6aa31d0bb08'),
 ('12', NULL, 'm141030_000001_drop_structure_move_permission', '2016-02-25 11:25:16', '2016-02-25 11:25:16', '2016-02-25 11:25:16', 'c8495cf2-e0b9-4db6-9647-b37b4d234db8'),
 ('13', NULL, 'm141103_000001_tag_titles', '2016-02-25 11:25:16', '2016-02-25 11:25:16', '2016-02-25 11:25:16', 'd20aaec8-4a02-4b29-ac24-0e6d03b95148'),
 ('14', NULL, 'm141109_000001_user_status_shuffle', '2016-02-25 11:25:16', '2016-02-25 11:25:16', '2016-02-25 11:25:16', '4ebab5ef-6ec1-4b7d-92de-8d053b495945'),
 ('15', NULL, 'm141126_000001_user_week_start_day', '2016-02-25 11:25:16', '2016-02-25 11:25:16', '2016-02-25 11:25:16', '56f86a14-7cec-4858-bf88-9cbe8c78329f'),
 ('16', NULL, 'm150210_000001_adjust_user_photo_size', '2016-02-25 11:25:16', '2016-02-25 11:25:16', '2016-02-25 11:25:16', '2c745f76-c8c3-4eb1-9f95-2728ed013c2d'),
 ('17', NULL, 'm150724_000001_adjust_quality_settings', '2016-02-25 11:25:16', '2016-02-25 11:25:16', '2016-02-25 11:25:16', '97512dba-1a6a-425b-af69-9e85d199818d'),
 ('18', NULL, 'm150827_000000_element_index_settings', '2016-02-25 11:25:16', '2016-02-25 11:25:16', '2016-02-25 11:25:16', '54be5ed1-ea37-4c93-81ac-53d299456c9c'),
 ('19', NULL, 'm150918_000001_add_colspan_to_widgets', '2016-02-25 11:25:16', '2016-02-25 11:25:16', '2016-02-25 11:25:16', '5d327f66-62aa-48be-bb12-edb2eadc4c95'),
 ('20', NULL, 'm151007_000000_clear_asset_caches', '2016-02-25 11:25:16', '2016-02-25 11:25:16', '2016-02-25 11:25:16', '5b957635-1025-4281-8434-2bcb08d4b3ad'),
 ('21', NULL, 'm151109_000000_text_url_formats', '2016-02-25 11:25:16', '2016-02-25 11:25:16', '2016-02-25 11:25:16', '3ae6e920-240a-40cd-811e-715467b1174f'),
 ('22', NULL, 'm151110_000000_move_logo', '2016-02-25 11:25:16', '2016-02-25 11:25:16', '2016-02-25 11:25:16', 'ed2bea37-09c8-4b0a-86b2-825ce5450361'),
 ('23', NULL, 'm151117_000000_adjust_image_widthheight', '2016-02-25 11:25:16', '2016-02-25 11:25:16', '2016-02-25 11:25:16', '757d07da-7c83-46de-b65e-e5a41980435c'),
 ('24', NULL, 'm151127_000000_clear_license_key_status', '2016-02-25 11:25:16', '2016-02-25 11:25:16', '2016-02-25 11:25:16', '9bba2097-ad95-4e6a-a7f5-3007a0203a29'),
 ('25', NULL, 'm151127_000000_plugin_license_keys', '2016-02-25 11:25:16', '2016-02-25 11:25:16', '2016-02-25 11:25:16', '6ab452f0-2bcf-4efa-8897-6c9c48c2f396'),
 ('26', NULL, 'm151130_000000_update_pt_widget_feeds', '2016-02-25 11:25:16', '2016-02-25 11:25:16', '2016-02-25 11:25:16', '7bcba7ea-6a4f-441e-9fd3-231f512b07f2');



DROP TABLE IF EXISTS `craft_plugins`;


--
-- Schema for table `craft_plugins`
--
CREATE TABLE `craft_plugins` (
  `id` int(11) NOT NULL AUTO_INCREMENT,
  `class` varchar(150) COLLATE utf8_unicode_ci NOT NULL,
  `version` varchar(15) COLLATE utf8_unicode_ci NOT NULL,
  `schemaVersion` varchar(15) COLLATE utf8_unicode_ci DEFAULT NULL,
  `licenseKey` char(24) COLLATE utf8_unicode_ci DEFAULT NULL,
  `licenseKeyStatus` enum('valid','invalid','mismatched','unknown') COLLATE utf8_unicode_ci NOT NULL DEFAULT 'unknown',
  `enabled` tinyint(1) unsigned NOT NULL DEFAULT '0',
  `settings` text COLLATE utf8_unicode_ci,
  `installDate` datetime NOT NULL,
  `dateCreated` datetime NOT NULL,
  `dateUpdated` datetime NOT NULL,
  `uid` char(36) COLLATE utf8_unicode_ci NOT NULL DEFAULT '0',
  PRIMARY KEY (`id`)
) ENGINE=InnoDB DEFAULT CHARSET=utf8 COLLATE=utf8_unicode_ci;

DROP TABLE IF EXISTS `craft_rackspaceaccess`;


--
-- Schema for table `craft_rackspaceaccess`
--
CREATE TABLE `craft_rackspaceaccess` (
  `id` int(11) NOT NULL AUTO_INCREMENT,
  `connectionKey` varchar(255) COLLATE utf8_unicode_ci NOT NULL,
  `token` varchar(255) COLLATE utf8_unicode_ci NOT NULL,
  `storageUrl` varchar(255) COLLATE utf8_unicode_ci NOT NULL,
  `cdnUrl` varchar(255) COLLATE utf8_unicode_ci NOT NULL,
  `dateCreated` datetime NOT NULL,
  `dateUpdated` datetime NOT NULL,
  `uid` char(36) COLLATE utf8_unicode_ci NOT NULL DEFAULT '0',
  PRIMARY KEY (`id`),
  UNIQUE KEY `craft_rackspaceaccess_connectionKey_unq_idx` (`connectionKey`)
) ENGINE=InnoDB DEFAULT CHARSET=utf8 COLLATE=utf8_unicode_ci;

DROP TABLE IF EXISTS `craft_relations`;


--
-- Schema for table `craft_relations`
--
CREATE TABLE `craft_relations` (
  `id` int(11) NOT NULL AUTO_INCREMENT,
  `fieldId` int(11) NOT NULL,
  `sourceId` int(11) NOT NULL,
  `sourceLocale` char(12) COLLATE utf8_unicode_ci DEFAULT NULL,
  `targetId` int(11) NOT NULL,
  `sortOrder` smallint(6) DEFAULT NULL,
  `dateCreated` datetime NOT NULL,
  `dateUpdated` datetime NOT NULL,
  `uid` char(36) COLLATE utf8_unicode_ci NOT NULL DEFAULT '0',
  PRIMARY KEY (`id`),
  UNIQUE KEY `craft_relations_fieldId_sourceId_sourceLocale_targetId_unq_idx` (`fieldId`,`sourceId`,`sourceLocale`,`targetId`),
  KEY `craft_relations_sourceId_fk` (`sourceId`),
  KEY `craft_relations_sourceLocale_fk` (`sourceLocale`),
  KEY `craft_relations_targetId_fk` (`targetId`)
) ENGINE=InnoDB DEFAULT CHARSET=utf8 COLLATE=utf8_unicode_ci;

DROP TABLE IF EXISTS `craft_routes`;


--
-- Schema for table `craft_routes`
--
CREATE TABLE `craft_routes` (
  `id` int(11) NOT NULL AUTO_INCREMENT,
  `locale` char(12) COLLATE utf8_unicode_ci DEFAULT NULL,
  `urlParts` varchar(255) COLLATE utf8_unicode_ci NOT NULL,
  `urlPattern` varchar(255) COLLATE utf8_unicode_ci NOT NULL,
  `template` varchar(255) COLLATE utf8_unicode_ci NOT NULL,
  `sortOrder` tinyint(4) DEFAULT NULL,
  `dateCreated` datetime NOT NULL,
  `dateUpdated` datetime NOT NULL,
  `uid` char(36) COLLATE utf8_unicode_ci NOT NULL DEFAULT '0',
  PRIMARY KEY (`id`),
  UNIQUE KEY `craft_routes_urlPattern_unq_idx` (`urlPattern`),
  KEY `craft_routes_locale_idx` (`locale`)
) ENGINE=InnoDB DEFAULT CHARSET=utf8 COLLATE=utf8_unicode_ci;

DROP TABLE IF EXISTS `craft_searchindex`;


--
-- Schema for table `craft_searchindex`
--
CREATE TABLE `craft_searchindex` (
  `elementId` int(11) NOT NULL,
  `attribute` varchar(25) COLLATE utf8_unicode_ci NOT NULL,
  `fieldId` int(11) NOT NULL,
  `locale` char(12) COLLATE utf8_unicode_ci NOT NULL,
  `keywords` text COLLATE utf8_unicode_ci NOT NULL,
  PRIMARY KEY (`elementId`,`attribute`,`fieldId`,`locale`),
  FULLTEXT KEY `craft_searchindex_keywords_idx` (`keywords`)
) ENGINE=MyISAM DEFAULT CHARSET=utf8 COLLATE=utf8_unicode_ci;

--
-- Data for table `craft_searchindex`
--

INSERT INTO `craft_searchindex` (`elementId`, `attribute`, `fieldId`, `locale`, `keywords`) VALUES
 ('1', 'username', '0', 'en_us', ' shcc '),
 ('1', 'firstname', '0', 'en_us', ''),
 ('1', 'lastname', '0', 'en_us', ''),
 ('1', 'fullname', '0', 'en_us', ''),
 ('1', 'email', '0', 'en_us', ' sara superherocheesecake com '),
 ('1', 'slug', '0', 'en_us', ''),
 ('10', 'field', '39', 'en_us', ''),
 ('8', 'title', '0', 'en_us', ' passat 500 '),
 ('9', 'field', '32', 'en_us', ' interaction design '),
 ('9', 'field', '33', 'en_us', ' superhero cheesecake '),
 ('9', 'slug', '0', 'en_us', ''),
 ('8', 'field', '39', 'en_us', ''),
 ('8', 'field', '40', 'en_us', ''),
 ('8', 'field', '41', 'en_us', ''),
 ('8', 'field', '43', 'en_us', ''),
 ('8', 'field', '42', 'en_us', ''),
 ('8', 'field', '36', 'en_us', ''),
 ('5', 'slug', '0', 'en_us', ''),
 ('5', 'title', '0', 'en_us', ' homepage '),
 ('6', 'slug', '0', 'en_us', ''),
 ('6', 'title', '0', 'en_us', ' about '),
 ('7', 'slug', '0', 'en_us', ''),
 ('7', 'title', '0', 'en_us', ' contact '),
 ('8', 'field', '31', 'en_us', ' superhero cheesecake interaction design '),
 ('8', 'field', '34', 'en_us', ''),
 ('8', 'field', '3', 'en_us', ''),
 ('8', 'slug', '0', 'en_us', ' passat 500 '),
 ('4', 'title', '0', 'en_us', ' work overview '),
 ('4', 'slug', '0', 'en_us', ' work overview '),
 ('10', 'field', '40', 'en_us', ''),
 ('10', 'field', '41', 'en_us', ''),
 ('10', 'field', '43', 'en_us', ''),
 ('10', 'field', '42', 'en_us', ''),
 ('10', 'field', '31', 'en_us', ''),
 ('10', 'field', '34', 'en_us', ''),
 ('10', 'field', '36', 'en_us', ''),
 ('10', 'field', '3', 'en_us', ''),
 ('10', 'slug', '0', 'en_us', ' orangina '),
 ('10', 'title', '0', 'en_us', ' orangina '),
 ('11', 'slug', '0', 'en_us', '');



DROP TABLE IF EXISTS `craft_sections`;


--
-- Schema for table `craft_sections`
--
CREATE TABLE `craft_sections` (
  `id` int(11) NOT NULL AUTO_INCREMENT,
  `structureId` int(11) DEFAULT NULL,
  `name` varchar(255) COLLATE utf8_unicode_ci NOT NULL,
  `handle` varchar(255) COLLATE utf8_unicode_ci NOT NULL,
  `type` enum('single','channel','structure') COLLATE utf8_unicode_ci NOT NULL DEFAULT 'channel',
  `hasUrls` tinyint(1) unsigned NOT NULL DEFAULT '1',
  `template` varchar(500) COLLATE utf8_unicode_ci DEFAULT NULL,
  `enableVersioning` tinyint(1) unsigned NOT NULL DEFAULT '0',
  `dateCreated` datetime NOT NULL,
  `dateUpdated` datetime NOT NULL,
  `uid` char(36) COLLATE utf8_unicode_ci NOT NULL DEFAULT '0',
  PRIMARY KEY (`id`),
  UNIQUE KEY `craft_sections_name_unq_idx` (`name`),
  UNIQUE KEY `craft_sections_handle_unq_idx` (`handle`),
  KEY `craft_sections_structureId_fk` (`structureId`)
) ENGINE=InnoDB AUTO_INCREMENT=8 DEFAULT CHARSET=utf8 COLLATE=utf8_unicode_ci;

--
-- Data for table `craft_sections`
--

INSERT INTO `craft_sections` (`id`, `structureId`, `name`, `handle`, `type`, `hasUrls`, `template`, `enableVersioning`, `dateCreated`, `dateUpdated`, `uid`) VALUES
 ('3', '1', 'Case', 'case', 'structure', '1', 'work/_case', '1', '2016-02-25 13:47:27', '2016-02-25 14:42:11', '0f289536-489f-494b-b595-5f99f79e5d8a'),
 ('4', NULL, 'Work', 'work', 'single', '1', 'work', '1', '2016-02-25 13:47:58', '2016-02-25 13:48:38', '6d2fce18-1961-44f9-b418-fea790b04ca8'),
 ('5', NULL, 'Homepage', 'homepage', 'single', '1', 'homepage', '1', '2016-02-25 13:49:09', '2016-02-25 13:49:09', '2c066dbe-4222-44a4-9bc5-ba0fa25b77d1'),
 ('6', NULL, 'About', 'about', 'single', '1', 'about', '1', '2016-02-25 13:49:30', '2016-02-25 13:49:30', '42d6190b-0660-4b92-a0be-00754f79e5ac'),
 ('7', NULL, 'Contact', 'contact', 'single', '1', 'contact', '1', '2016-02-25 13:49:38', '2016-02-25 13:49:38', '39a13606-522c-426f-99a4-9e3ad711788e');



DROP TABLE IF EXISTS `craft_sections_i18n`;


--
-- Schema for table `craft_sections_i18n`
--
CREATE TABLE `craft_sections_i18n` (
  `id` int(11) NOT NULL AUTO_INCREMENT,
  `sectionId` int(11) NOT NULL,
  `locale` char(12) COLLATE utf8_unicode_ci NOT NULL,
  `enabledByDefault` tinyint(1) unsigned NOT NULL DEFAULT '1',
  `urlFormat` text COLLATE utf8_unicode_ci,
  `nestedUrlFormat` text COLLATE utf8_unicode_ci,
  `dateCreated` datetime NOT NULL,
  `dateUpdated` datetime NOT NULL,
  `uid` char(36) COLLATE utf8_unicode_ci NOT NULL DEFAULT '0',
  PRIMARY KEY (`id`),
  UNIQUE KEY `craft_sections_i18n_sectionId_locale_unq_idx` (`sectionId`,`locale`),
  KEY `craft_sections_i18n_locale_fk` (`locale`)
) ENGINE=InnoDB AUTO_INCREMENT=8 DEFAULT CHARSET=utf8 COLLATE=utf8_unicode_ci;

--
-- Data for table `craft_sections_i18n`
--

INSERT INTO `craft_sections_i18n` (`id`, `sectionId`, `locale`, `enabledByDefault`, `urlFormat`, `nestedUrlFormat`, `dateCreated`, `dateUpdated`, `uid`) VALUES
 ('3', '3', 'en_us', '0', 'work/{slug}', NULL, '2016-02-25 13:47:27', '2016-02-25 13:47:27', '52f43946-6157-4b9f-9486-7559663fccd6'),
 ('4', '4', 'en_us', '0', 'work', NULL, '2016-02-25 13:47:58', '2016-02-25 13:47:58', '70ef2b1a-0245-4aa5-a68d-42ef2238b26f'),
 ('5', '5', 'en_us', '0', '__home__', NULL, '2016-02-25 13:49:09', '2016-02-25 13:49:09', '2bc49b0d-91ae-4550-860e-b9c2e0a9b5a3'),
 ('6', '6', 'en_us', '0', 'about', NULL, '2016-02-25 13:49:30', '2016-02-25 13:49:30', '9ca54db3-8a61-422b-b102-f8414bcb2878'),
 ('7', '7', 'en_us', '0', 'contact', NULL, '2016-02-25 13:49:38', '2016-02-25 13:49:38', '8eac3c77-821e-41b4-8577-3b728a995cf9');



DROP TABLE IF EXISTS `craft_sessions`;


--
-- Schema for table `craft_sessions`
--
CREATE TABLE `craft_sessions` (
  `id` int(11) NOT NULL AUTO_INCREMENT,
  `userId` int(11) NOT NULL,
  `token` char(100) COLLATE utf8_unicode_ci NOT NULL,
  `dateCreated` datetime NOT NULL,
  `dateUpdated` datetime NOT NULL,
  `uid` char(36) COLLATE utf8_unicode_ci NOT NULL DEFAULT '0',
  PRIMARY KEY (`id`),
  KEY `craft_sessions_uid_idx` (`uid`),
  KEY `craft_sessions_token_idx` (`token`),
  KEY `craft_sessions_dateUpdated_idx` (`dateUpdated`),
  KEY `craft_sessions_userId_fk` (`userId`)
) ENGINE=InnoDB AUTO_INCREMENT=4 DEFAULT CHARSET=utf8 COLLATE=utf8_unicode_ci;

DROP TABLE IF EXISTS `craft_shunnedmessages`;


--
-- Schema for table `craft_shunnedmessages`
--
CREATE TABLE `craft_shunnedmessages` (
  `id` int(11) NOT NULL AUTO_INCREMENT,
  `userId` int(11) NOT NULL,
  `message` varchar(255) COLLATE utf8_unicode_ci NOT NULL,
  `expiryDate` datetime DEFAULT NULL,
  `dateCreated` datetime NOT NULL,
  `dateUpdated` datetime NOT NULL,
  `uid` char(36) COLLATE utf8_unicode_ci NOT NULL DEFAULT '0',
  PRIMARY KEY (`id`),
  UNIQUE KEY `craft_shunnedmessages_userId_message_unq_idx` (`userId`,`message`)
) ENGINE=InnoDB DEFAULT CHARSET=utf8 COLLATE=utf8_unicode_ci;

DROP TABLE IF EXISTS `craft_structureelements`;


--
-- Schema for table `craft_structureelements`
--
CREATE TABLE `craft_structureelements` (
  `id` int(11) NOT NULL AUTO_INCREMENT,
  `structureId` int(11) NOT NULL,
  `elementId` int(11) DEFAULT NULL,
  `root` int(11) unsigned DEFAULT NULL,
  `lft` int(11) unsigned NOT NULL,
  `rgt` int(11) unsigned NOT NULL,
  `level` smallint(6) unsigned NOT NULL,
  `dateCreated` datetime NOT NULL,
  `dateUpdated` datetime NOT NULL,
  `uid` char(36) COLLATE utf8_unicode_ci NOT NULL DEFAULT '0',
  PRIMARY KEY (`id`),
  UNIQUE KEY `craft_structureelements_structureId_elementId_unq_idx` (`structureId`,`elementId`),
  KEY `craft_structureelements_root_idx` (`root`),
  KEY `craft_structureelements_lft_idx` (`lft`),
  KEY `craft_structureelements_rgt_idx` (`rgt`),
  KEY `craft_structureelements_level_idx` (`level`),
  KEY `craft_structureelements_elementId_fk` (`elementId`)
) ENGINE=InnoDB AUTO_INCREMENT=4 DEFAULT CHARSET=utf8 COLLATE=utf8_unicode_ci;

--
-- Data for table `craft_structureelements`
--

INSERT INTO `craft_structureelements` (`id`, `structureId`, `elementId`, `root`, `lft`, `rgt`, `level`, `dateCreated`, `dateUpdated`, `uid`) VALUES
 ('1', '1', NULL, '1', '1', '6', '0', '2016-02-25 14:42:11', '2016-02-25 14:42:11', 'ac49b33a-2fb3-4bed-9710-b92750cca985'),
 ('2', '1', '8', '1', '2', '3', '1', '2016-02-25 14:42:11', '2016-02-25 14:42:11', '1e21495c-9138-412b-8473-0f56ef639a58'),
 ('3', '1', '10', '1', '4', '5', '1', '2016-02-25 14:42:24', '2016-02-25 14:42:24', 'e990b2d6-3b55-482a-82fc-19b55480e5e1');



DROP TABLE IF EXISTS `craft_structures`;


--
-- Schema for table `craft_structures`
--
CREATE TABLE `craft_structures` (
  `id` int(11) NOT NULL AUTO_INCREMENT,
  `maxLevels` smallint(6) unsigned DEFAULT NULL,
  `dateCreated` datetime NOT NULL,
  `dateUpdated` datetime NOT NULL,
  `uid` char(36) COLLATE utf8_unicode_ci NOT NULL DEFAULT '0',
  PRIMARY KEY (`id`)
) ENGINE=InnoDB AUTO_INCREMENT=2 DEFAULT CHARSET=utf8 COLLATE=utf8_unicode_ci;

--
-- Data for table `craft_structures`
--

INSERT INTO `craft_structures` (`id`, `maxLevels`, `dateCreated`, `dateUpdated`, `uid`) VALUES
 ('1', '1', '2016-02-25 14:42:11', '2016-02-25 14:42:11', '54a066d6-3981-4ae0-be93-5371dc6b0ca3');



DROP TABLE IF EXISTS `craft_systemsettings`;


--
-- Schema for table `craft_systemsettings`
--
CREATE TABLE `craft_systemsettings` (
  `id` int(11) NOT NULL AUTO_INCREMENT,
  `category` varchar(15) COLLATE utf8_unicode_ci NOT NULL,
  `settings` text COLLATE utf8_unicode_ci,
  `dateCreated` datetime NOT NULL,
  `dateUpdated` datetime NOT NULL,
  `uid` char(36) COLLATE utf8_unicode_ci NOT NULL DEFAULT '0',
  PRIMARY KEY (`id`),
  UNIQUE KEY `craft_systemsettings_category_unq_idx` (`category`)
) ENGINE=InnoDB AUTO_INCREMENT=2 DEFAULT CHARSET=utf8 COLLATE=utf8_unicode_ci;

--
-- Data for table `craft_systemsettings`
--

INSERT INTO `craft_systemsettings` (`id`, `category`, `settings`, `dateCreated`, `dateUpdated`, `uid`) VALUES
 ('1', 'email', '{\"protocol\":\"php\",\"emailAddress\":\"sara@superherocheesecake.com\",\"senderName\":\"[Kraftwerk] Kraftwerk website\"}', '2016-02-25 11:25:17', '2016-02-25 11:25:17', '3735bf9a-2473-4b6e-8b38-5e9850f987ef');



DROP TABLE IF EXISTS `craft_taggroups`;


--
-- Schema for table `craft_taggroups`
--
CREATE TABLE `craft_taggroups` (
  `id` int(11) NOT NULL AUTO_INCREMENT,
  `name` varchar(255) COLLATE utf8_unicode_ci NOT NULL,
  `handle` varchar(255) COLLATE utf8_unicode_ci NOT NULL,
  `fieldLayoutId` int(10) DEFAULT NULL,
  `dateCreated` datetime NOT NULL,
  `dateUpdated` datetime NOT NULL,
  `uid` char(36) COLLATE utf8_unicode_ci NOT NULL DEFAULT '0',
  PRIMARY KEY (`id`),
  UNIQUE KEY `craft_taggroups_name_unq_idx` (`name`),
  UNIQUE KEY `craft_taggroups_handle_unq_idx` (`handle`),
  KEY `craft_taggroups_fieldLayoutId_fk` (`fieldLayoutId`)
) ENGINE=InnoDB AUTO_INCREMENT=2 DEFAULT CHARSET=utf8 COLLATE=utf8_unicode_ci;

--
-- Data for table `craft_taggroups`
--

INSERT INTO `craft_taggroups` (`id`, `name`, `handle`, `fieldLayoutId`, `dateCreated`, `dateUpdated`, `uid`) VALUES
 ('1', 'Default', 'default', '1', '2016-02-25 11:25:17', '2016-02-25 11:25:17', 'bd03e42b-7841-4a6c-8872-253c21fd63d9');



DROP TABLE IF EXISTS `craft_tags`;


--
-- Schema for table `craft_tags`
--
CREATE TABLE `craft_tags` (
  `id` int(11) NOT NULL,
  `groupId` int(11) NOT NULL,
  `dateCreated` datetime NOT NULL,
  `dateUpdated` datetime NOT NULL,
  `uid` char(36) COLLATE utf8_unicode_ci NOT NULL DEFAULT '0',
  PRIMARY KEY (`id`),
  KEY `craft_tags_groupId_fk` (`groupId`)
) ENGINE=InnoDB DEFAULT CHARSET=utf8 COLLATE=utf8_unicode_ci;

DROP TABLE IF EXISTS `craft_tasks`;


--
-- Schema for table `craft_tasks`
--
CREATE TABLE `craft_tasks` (
  `id` int(11) NOT NULL AUTO_INCREMENT,
  `root` int(11) unsigned DEFAULT NULL,
  `lft` int(11) unsigned NOT NULL,
  `rgt` int(11) unsigned NOT NULL,
  `level` smallint(6) unsigned NOT NULL,
  `currentStep` int(11) unsigned DEFAULT NULL,
  `totalSteps` int(11) unsigned DEFAULT NULL,
  `status` enum('pending','error','running') COLLATE utf8_unicode_ci DEFAULT NULL,
  `type` varchar(150) COLLATE utf8_unicode_ci NOT NULL,
  `description` varchar(255) COLLATE utf8_unicode_ci DEFAULT NULL,
  `settings` text COLLATE utf8_unicode_ci,
  `dateCreated` datetime NOT NULL,
  `dateUpdated` datetime NOT NULL,
  `uid` char(36) COLLATE utf8_unicode_ci NOT NULL DEFAULT '0',
  PRIMARY KEY (`id`),
  KEY `craft_tasks_root_idx` (`root`),
  KEY `craft_tasks_lft_idx` (`lft`),
  KEY `craft_tasks_rgt_idx` (`rgt`),
  KEY `craft_tasks_level_idx` (`level`)
) ENGINE=InnoDB AUTO_INCREMENT=10 DEFAULT CHARSET=utf8 COLLATE=utf8_unicode_ci;

DROP TABLE IF EXISTS `craft_templatecachecriteria`;


--
-- Schema for table `craft_templatecachecriteria`
--
CREATE TABLE `craft_templatecachecriteria` (
  `id` int(11) NOT NULL AUTO_INCREMENT,
  `cacheId` int(11) NOT NULL,
  `type` varchar(150) COLLATE utf8_unicode_ci NOT NULL,
  `criteria` text COLLATE utf8_unicode_ci NOT NULL,
  PRIMARY KEY (`id`),
  KEY `craft_templatecachecriteria_cacheId_fk` (`cacheId`),
  KEY `craft_templatecachecriteria_type_idx` (`type`)
) ENGINE=InnoDB DEFAULT CHARSET=utf8 COLLATE=utf8_unicode_ci;

DROP TABLE IF EXISTS `craft_templatecacheelements`;


--
-- Schema for table `craft_templatecacheelements`
--
CREATE TABLE `craft_templatecacheelements` (
  `cacheId` int(11) NOT NULL,
  `elementId` int(11) NOT NULL,
  KEY `craft_templatecacheelements_cacheId_fk` (`cacheId`),
  KEY `craft_templatecacheelements_elementId_fk` (`elementId`)
) ENGINE=InnoDB DEFAULT CHARSET=utf8 COLLATE=utf8_unicode_ci;

DROP TABLE IF EXISTS `craft_templatecaches`;


--
-- Schema for table `craft_templatecaches`
--
CREATE TABLE `craft_templatecaches` (
  `id` int(11) NOT NULL AUTO_INCREMENT,
  `cacheKey` varchar(255) COLLATE utf8_unicode_ci NOT NULL,
  `locale` char(12) COLLATE utf8_unicode_ci NOT NULL,
  `path` varchar(255) COLLATE utf8_unicode_ci DEFAULT NULL,
  `expiryDate` datetime NOT NULL,
  `body` mediumtext COLLATE utf8_unicode_ci NOT NULL,
  PRIMARY KEY (`id`),
  KEY `craft_templatecaches_expiryDate_cacheKey_locale_path_idx` (`expiryDate`,`cacheKey`,`locale`,`path`),
  KEY `craft_templatecaches_locale_fk` (`locale`)
) ENGINE=InnoDB DEFAULT CHARSET=utf8 COLLATE=utf8_unicode_ci;

DROP TABLE IF EXISTS `craft_tokens`;


--
-- Schema for table `craft_tokens`
--
CREATE TABLE `craft_tokens` (
  `id` int(11) NOT NULL AUTO_INCREMENT,
  `token` char(32) COLLATE utf8_unicode_ci NOT NULL,
  `route` text COLLATE utf8_unicode_ci,
  `usageLimit` tinyint(3) unsigned DEFAULT NULL,
  `usageCount` tinyint(3) unsigned DEFAULT NULL,
  `expiryDate` datetime NOT NULL,
  `dateCreated` datetime NOT NULL,
  `dateUpdated` datetime NOT NULL,
  `uid` char(36) COLLATE utf8_unicode_ci NOT NULL DEFAULT '0',
  PRIMARY KEY (`id`),
  UNIQUE KEY `craft_tokens_token_unq_idx` (`token`),
  KEY `craft_tokens_expiryDate_idx` (`expiryDate`)
) ENGINE=InnoDB DEFAULT CHARSET=utf8 COLLATE=utf8_unicode_ci;

DROP TABLE IF EXISTS `craft_usergroups`;


--
-- Schema for table `craft_usergroups`
--
CREATE TABLE `craft_usergroups` (
  `id` int(11) NOT NULL AUTO_INCREMENT,
  `name` varchar(255) COLLATE utf8_unicode_ci NOT NULL,
  `handle` varchar(255) COLLATE utf8_unicode_ci NOT NULL,
  `dateCreated` datetime NOT NULL,
  `dateUpdated` datetime NOT NULL,
  `uid` char(36) COLLATE utf8_unicode_ci NOT NULL DEFAULT '0',
  PRIMARY KEY (`id`)
) ENGINE=InnoDB DEFAULT CHARSET=utf8 COLLATE=utf8_unicode_ci;

DROP TABLE IF EXISTS `craft_usergroups_users`;


--
-- Schema for table `craft_usergroups_users`
--
CREATE TABLE `craft_usergroups_users` (
  `id` int(11) NOT NULL AUTO_INCREMENT,
  `groupId` int(11) NOT NULL,
  `userId` int(11) NOT NULL,
  `dateCreated` datetime NOT NULL,
  `dateUpdated` datetime NOT NULL,
  `uid` char(36) COLLATE utf8_unicode_ci NOT NULL DEFAULT '0',
  PRIMARY KEY (`id`),
  UNIQUE KEY `craft_usergroups_users_groupId_userId_unq_idx` (`groupId`,`userId`),
  KEY `craft_usergroups_users_userId_fk` (`userId`)
) ENGINE=InnoDB DEFAULT CHARSET=utf8 COLLATE=utf8_unicode_ci;

DROP TABLE IF EXISTS `craft_userpermissions`;


--
-- Schema for table `craft_userpermissions`
--
CREATE TABLE `craft_userpermissions` (
  `id` int(11) NOT NULL AUTO_INCREMENT,
  `name` varchar(255) COLLATE utf8_unicode_ci NOT NULL,
  `dateCreated` datetime NOT NULL,
  `dateUpdated` datetime NOT NULL,
  `uid` char(36) COLLATE utf8_unicode_ci NOT NULL DEFAULT '0',
  PRIMARY KEY (`id`),
  UNIQUE KEY `craft_userpermissions_name_unq_idx` (`name`)
) ENGINE=InnoDB DEFAULT CHARSET=utf8 COLLATE=utf8_unicode_ci;

DROP TABLE IF EXISTS `craft_userpermissions_usergroups`;


--
-- Schema for table `craft_userpermissions_usergroups`
--
CREATE TABLE `craft_userpermissions_usergroups` (
  `id` int(11) NOT NULL AUTO_INCREMENT,
  `permissionId` int(11) NOT NULL,
  `groupId` int(11) NOT NULL,
  `dateCreated` datetime NOT NULL,
  `dateUpdated` datetime NOT NULL,
  `uid` char(36) COLLATE utf8_unicode_ci NOT NULL DEFAULT '0',
  PRIMARY KEY (`id`),
  UNIQUE KEY `craft_userpermissions_usergroups_permissionId_groupId_unq_idx` (`permissionId`,`groupId`),
  KEY `craft_userpermissions_usergroups_groupId_fk` (`groupId`)
) ENGINE=InnoDB DEFAULT CHARSET=utf8 COLLATE=utf8_unicode_ci;

DROP TABLE IF EXISTS `craft_userpermissions_users`;


--
-- Schema for table `craft_userpermissions_users`
--
CREATE TABLE `craft_userpermissions_users` (
  `id` int(11) NOT NULL AUTO_INCREMENT,
  `permissionId` int(11) NOT NULL,
  `userId` int(11) NOT NULL,
  `dateCreated` datetime NOT NULL,
  `dateUpdated` datetime NOT NULL,
  `uid` char(36) COLLATE utf8_unicode_ci NOT NULL DEFAULT '0',
  PRIMARY KEY (`id`),
  UNIQUE KEY `craft_userpermissions_users_permissionId_userId_unq_idx` (`permissionId`,`userId`),
  KEY `craft_userpermissions_users_userId_fk` (`userId`)
) ENGINE=InnoDB DEFAULT CHARSET=utf8 COLLATE=utf8_unicode_ci;

DROP TABLE IF EXISTS `craft_users`;


--
-- Schema for table `craft_users`
--
CREATE TABLE `craft_users` (
  `id` int(11) NOT NULL,
  `username` varchar(100) COLLATE utf8_unicode_ci NOT NULL,
  `photo` varchar(100) COLLATE utf8_unicode_ci DEFAULT NULL,
  `firstName` varchar(100) COLLATE utf8_unicode_ci DEFAULT NULL,
  `lastName` varchar(100) COLLATE utf8_unicode_ci DEFAULT NULL,
  `email` varchar(255) COLLATE utf8_unicode_ci NOT NULL,
  `password` char(255) COLLATE utf8_unicode_ci DEFAULT NULL,
  `preferredLocale` char(12) COLLATE utf8_unicode_ci DEFAULT NULL,
  `weekStartDay` tinyint(1) unsigned NOT NULL DEFAULT '0',
  `admin` tinyint(1) unsigned NOT NULL DEFAULT '0',
  `client` tinyint(1) unsigned NOT NULL DEFAULT '0',
  `locked` tinyint(1) unsigned NOT NULL DEFAULT '0',
  `suspended` tinyint(1) unsigned NOT NULL DEFAULT '0',
  `pending` tinyint(1) unsigned NOT NULL DEFAULT '0',
  `archived` tinyint(1) unsigned NOT NULL DEFAULT '0',
  `lastLoginDate` datetime DEFAULT NULL,
  `lastLoginAttemptIPAddress` varchar(45) COLLATE utf8_unicode_ci DEFAULT NULL,
  `invalidLoginWindowStart` datetime DEFAULT NULL,
  `invalidLoginCount` tinyint(4) unsigned DEFAULT NULL,
  `lastInvalidLoginDate` datetime DEFAULT NULL,
  `lockoutDate` datetime DEFAULT NULL,
  `verificationCode` char(100) COLLATE utf8_unicode_ci DEFAULT NULL,
  `verificationCodeIssuedDate` datetime DEFAULT NULL,
  `unverifiedEmail` varchar(255) COLLATE utf8_unicode_ci DEFAULT NULL,
  `passwordResetRequired` tinyint(1) unsigned NOT NULL DEFAULT '0',
  `lastPasswordChangeDate` datetime DEFAULT NULL,
  `dateCreated` datetime NOT NULL,
  `dateUpdated` datetime NOT NULL,
  `uid` char(36) COLLATE utf8_unicode_ci NOT NULL DEFAULT '0',
  PRIMARY KEY (`id`),
  UNIQUE KEY `craft_users_username_unq_idx` (`username`),
  UNIQUE KEY `craft_users_email_unq_idx` (`email`),
  KEY `craft_users_verificationCode_idx` (`verificationCode`),
  KEY `craft_users_uid_idx` (`uid`),
  KEY `craft_users_preferredLocale_fk` (`preferredLocale`)
) ENGINE=InnoDB DEFAULT CHARSET=utf8 COLLATE=utf8_unicode_ci;

--
-- Data for table `craft_users`
--

INSERT INTO `craft_users` (`id`, `username`, `photo`, `firstName`, `lastName`, `email`, `password`, `preferredLocale`, `weekStartDay`, `admin`, `client`, `locked`, `suspended`, `pending`, `archived`, `lastLoginDate`, `lastLoginAttemptIPAddress`, `invalidLoginWindowStart`, `invalidLoginCount`, `lastInvalidLoginDate`, `lockoutDate`, `verificationCode`, `verificationCodeIssuedDate`, `unverifiedEmail`, `passwordResetRequired`, `lastPasswordChangeDate`, `dateCreated`, `dateUpdated`, `uid`) VALUES
 ('1', 'shcc', NULL, NULL, NULL, 'sara@superherocheesecake.com', '$2y$13$6FkWkDMG0gcj1QoS2nMduessdWsLycPBiAXswugqQ09c770cRQIau', NULL, '0', '1', '0', '0', '0', '0', '0', '2016-02-25 11:46:34', '10.0.0.1', NULL, NULL, NULL, NULL, NULL, NULL, NULL, '0', '2016-02-25 11:25:16', '2016-02-25 11:25:17', '2016-02-25 11:46:34', 'dfb1ea83-dc50-4720-ab26-bfeb103e4027');



DROP TABLE IF EXISTS `craft_widgets`;


--
-- Schema for table `craft_widgets`
--
CREATE TABLE `craft_widgets` (
  `id` int(11) NOT NULL AUTO_INCREMENT,
  `userId` int(11) NOT NULL,
  `type` varchar(150) COLLATE utf8_unicode_ci NOT NULL,
  `sortOrder` tinyint(4) DEFAULT NULL,
  `colspan` tinyint(4) unsigned DEFAULT NULL,
  `settings` text COLLATE utf8_unicode_ci,
  `enabled` tinyint(1) unsigned NOT NULL DEFAULT '1',
  `dateCreated` datetime NOT NULL,
  `dateUpdated` datetime NOT NULL,
  `uid` char(36) COLLATE utf8_unicode_ci NOT NULL DEFAULT '0',
  PRIMARY KEY (`id`),
  KEY `craft_widgets_userId_fk` (`userId`)
) ENGINE=InnoDB AUTO_INCREMENT=5 DEFAULT CHARSET=utf8 COLLATE=utf8_unicode_ci;

--
-- Data for table `craft_widgets`
--

INSERT INTO `craft_widgets` (`id`, `userId`, `type`, `sortOrder`, `colspan`, `settings`, `enabled`, `dateCreated`, `dateUpdated`, `uid`) VALUES
 ('1', '1', 'RecentEntries', '1', NULL, NULL, '1', '2016-02-25 11:25:19', '2016-02-25 11:25:19', '9cf71045-d4b6-4e4b-96f9-fd3dc4a6d4ec'),
 ('2', '1', 'GetHelp', '2', NULL, NULL, '1', '2016-02-25 11:25:19', '2016-02-25 11:25:19', '55e551e1-ddf0-4854-bdfc-ce603f71ccbe'),
 ('3', '1', 'Updates', '3', NULL, NULL, '1', '2016-02-25 11:25:19', '2016-02-25 11:25:19', 'c702e52e-4d2d-4165-99b0-f662081a4fd5'),
 ('4', '1', 'Feed', '4', NULL, '{\"url\":\"https:\\/\\/craftcms.com\\/news.rss\",\"title\":\"Craft News\"}', '1', '2016-02-25 11:25:19', '2016-02-25 11:25:19', 'a3530f4b-bd69-4641-ad80-4814303cb49b');


--
-- Constraints for tables
--


--
-- Constraints for table `craft_assetfiles`
--
ALTER TABLE `craft_assetfiles`
	ADD CONSTRAINT `craft_assetfiles_folderId_fk` FOREIGN KEY (`folderId`) REFERENCES `craft_assetfolders` (`id`) ON DELETE CASCADE,
	ADD CONSTRAINT `craft_assetfiles_id_fk` FOREIGN KEY (`id`) REFERENCES `craft_elements` (`id`) ON DELETE CASCADE,
	ADD CONSTRAINT `craft_assetfiles_sourceId_fk` FOREIGN KEY (`sourceId`) REFERENCES `craft_assetsources` (`id`) ON DELETE CASCADE;

--
-- Constraints for table `craft_assetfolders`
--
ALTER TABLE `craft_assetfolders`
	ADD CONSTRAINT `craft_assetfolders_parentId_fk` FOREIGN KEY (`parentId`) REFERENCES `craft_assetfolders` (`id`) ON DELETE CASCADE,
	ADD CONSTRAINT `craft_assetfolders_sourceId_fk` FOREIGN KEY (`sourceId`) REFERENCES `craft_assetsources` (`id`) ON DELETE CASCADE;

--
-- Constraints for table `craft_assetindexdata`
--
ALTER TABLE `craft_assetindexdata`
	ADD CONSTRAINT `craft_assetindexdata_sourceId_fk` FOREIGN KEY (`sourceId`) REFERENCES `craft_assetsources` (`id`) ON DELETE CASCADE;

--
-- Constraints for table `craft_assetsources`
--
ALTER TABLE `craft_assetsources`
	ADD CONSTRAINT `craft_assetsources_fieldLayoutId_fk` FOREIGN KEY (`fieldLayoutId`) REFERENCES `craft_fieldlayouts` (`id`) ON DELETE SET NULL;

--
-- Constraints for table `craft_categories`
--
ALTER TABLE `craft_categories`
	ADD CONSTRAINT `craft_categories_groupId_fk` FOREIGN KEY (`groupId`) REFERENCES `craft_categorygroups` (`id`) ON DELETE CASCADE,
	ADD CONSTRAINT `craft_categories_id_fk` FOREIGN KEY (`id`) REFERENCES `craft_elements` (`id`) ON DELETE CASCADE;

--
-- Constraints for table `craft_categorygroups`
--
ALTER TABLE `craft_categorygroups`
	ADD CONSTRAINT `craft_categorygroups_fieldLayoutId_fk` FOREIGN KEY (`fieldLayoutId`) REFERENCES `craft_fieldlayouts` (`id`) ON DELETE SET NULL,
	ADD CONSTRAINT `craft_categorygroups_structureId_fk` FOREIGN KEY (`structureId`) REFERENCES `craft_structures` (`id`) ON DELETE CASCADE;

--
-- Constraints for table `craft_categorygroups_i18n`
--
ALTER TABLE `craft_categorygroups_i18n`
	ADD CONSTRAINT `craft_categorygroups_i18n_groupId_fk` FOREIGN KEY (`groupId`) REFERENCES `craft_categorygroups` (`id`) ON DELETE CASCADE,
	ADD CONSTRAINT `craft_categorygroups_i18n_locale_fk` FOREIGN KEY (`locale`) REFERENCES `craft_locales` (`locale`) ON DELETE CASCADE ON UPDATE CASCADE;

--
-- Constraints for table `craft_content`
--
ALTER TABLE `craft_content`
	ADD CONSTRAINT `craft_content_elementId_fk` FOREIGN KEY (`elementId`) REFERENCES `craft_elements` (`id`) ON DELETE CASCADE,
	ADD CONSTRAINT `craft_content_locale_fk` FOREIGN KEY (`locale`) REFERENCES `craft_locales` (`locale`) ON DELETE CASCADE ON UPDATE CASCADE;

--
-- Constraints for table `craft_elements_i18n`
--
ALTER TABLE `craft_elements_i18n`
	ADD CONSTRAINT `craft_elements_i18n_elementId_fk` FOREIGN KEY (`elementId`) REFERENCES `craft_elements` (`id`) ON DELETE CASCADE,
	ADD CONSTRAINT `craft_elements_i18n_locale_fk` FOREIGN KEY (`locale`) REFERENCES `craft_locales` (`locale`) ON DELETE CASCADE ON UPDATE CASCADE;

--
-- Constraints for table `craft_emailmessages`
--
ALTER TABLE `craft_emailmessages`
	ADD CONSTRAINT `craft_emailmessages_locale_fk` FOREIGN KEY (`locale`) REFERENCES `craft_locales` (`locale`) ON DELETE CASCADE ON UPDATE CASCADE;

--
-- Constraints for table `craft_entries`
--
ALTER TABLE `craft_entries`
	ADD CONSTRAINT `craft_entries_authorId_fk` FOREIGN KEY (`authorId`) REFERENCES `craft_users` (`id`) ON DELETE CASCADE,
	ADD CONSTRAINT `craft_entries_id_fk` FOREIGN KEY (`id`) REFERENCES `craft_elements` (`id`) ON DELETE CASCADE,
	ADD CONSTRAINT `craft_entries_sectionId_fk` FOREIGN KEY (`sectionId`) REFERENCES `craft_sections` (`id`) ON DELETE CASCADE,
	ADD CONSTRAINT `craft_entries_typeId_fk` FOREIGN KEY (`typeId`) REFERENCES `craft_entrytypes` (`id`) ON DELETE CASCADE;

--
-- Constraints for table `craft_entrydrafts`
--
ALTER TABLE `craft_entrydrafts`
	ADD CONSTRAINT `craft_entrydrafts_creatorId_fk` FOREIGN KEY (`creatorId`) REFERENCES `craft_users` (`id`) ON DELETE CASCADE,
	ADD CONSTRAINT `craft_entrydrafts_entryId_fk` FOREIGN KEY (`entryId`) REFERENCES `craft_entries` (`id`) ON DELETE CASCADE,
	ADD CONSTRAINT `craft_entrydrafts_locale_fk` FOREIGN KEY (`locale`) REFERENCES `craft_locales` (`locale`) ON DELETE CASCADE ON UPDATE CASCADE,
	ADD CONSTRAINT `craft_entrydrafts_sectionId_fk` FOREIGN KEY (`sectionId`) REFERENCES `craft_sections` (`id`) ON DELETE CASCADE;

--
-- Constraints for table `craft_entrytypes`
--
ALTER TABLE `craft_entrytypes`
	ADD CONSTRAINT `craft_entrytypes_fieldLayoutId_fk` FOREIGN KEY (`fieldLayoutId`) REFERENCES `craft_fieldlayouts` (`id`) ON DELETE SET NULL,
	ADD CONSTRAINT `craft_entrytypes_sectionId_fk` FOREIGN KEY (`sectionId`) REFERENCES `craft_sections` (`id`) ON DELETE CASCADE;

--
-- Constraints for table `craft_entryversions`
--
ALTER TABLE `craft_entryversions`
	ADD CONSTRAINT `craft_entryversions_creatorId_fk` FOREIGN KEY (`creatorId`) REFERENCES `craft_users` (`id`) ON DELETE SET NULL,
	ADD CONSTRAINT `craft_entryversions_entryId_fk` FOREIGN KEY (`entryId`) REFERENCES `craft_entries` (`id`) ON DELETE CASCADE,
	ADD CONSTRAINT `craft_entryversions_locale_fk` FOREIGN KEY (`locale`) REFERENCES `craft_locales` (`locale`) ON DELETE CASCADE ON UPDATE CASCADE,
	ADD CONSTRAINT `craft_entryversions_sectionId_fk` FOREIGN KEY (`sectionId`) REFERENCES `craft_sections` (`id`) ON DELETE CASCADE;

--
-- Constraints for table `craft_fieldlayoutfields`
--
ALTER TABLE `craft_fieldlayoutfields`
	ADD CONSTRAINT `craft_fieldlayoutfields_fieldId_fk` FOREIGN KEY (`fieldId`) REFERENCES `craft_fields` (`id`) ON DELETE CASCADE,
	ADD CONSTRAINT `craft_fieldlayoutfields_layoutId_fk` FOREIGN KEY (`layoutId`) REFERENCES `craft_fieldlayouts` (`id`) ON DELETE CASCADE,
	ADD CONSTRAINT `craft_fieldlayoutfields_tabId_fk` FOREIGN KEY (`tabId`) REFERENCES `craft_fieldlayouttabs` (`id`) ON DELETE CASCADE;

--
-- Constraints for table `craft_fieldlayouttabs`
--
ALTER TABLE `craft_fieldlayouttabs`
	ADD CONSTRAINT `craft_fieldlayouttabs_layoutId_fk` FOREIGN KEY (`layoutId`) REFERENCES `craft_fieldlayouts` (`id`) ON DELETE CASCADE;

--
-- Constraints for table `craft_fields`
--
ALTER TABLE `craft_fields`
	ADD CONSTRAINT `craft_fields_groupId_fk` FOREIGN KEY (`groupId`) REFERENCES `craft_fieldgroups` (`id`) ON DELETE CASCADE;

--
-- Constraints for table `craft_globalsets`
--
ALTER TABLE `craft_globalsets`
	ADD CONSTRAINT `craft_globalsets_fieldLayoutId_fk` FOREIGN KEY (`fieldLayoutId`) REFERENCES `craft_fieldlayouts` (`id`) ON DELETE SET NULL,
	ADD CONSTRAINT `craft_globalsets_id_fk` FOREIGN KEY (`id`) REFERENCES `craft_elements` (`id`) ON DELETE CASCADE;

--
-- Constraints for table `craft_matrixblocks`
--
ALTER TABLE `craft_matrixblocks`
	ADD CONSTRAINT `craft_matrixblocks_fieldId_fk` FOREIGN KEY (`fieldId`) REFERENCES `craft_fields` (`id`) ON DELETE CASCADE,
	ADD CONSTRAINT `craft_matrixblocks_id_fk` FOREIGN KEY (`id`) REFERENCES `craft_elements` (`id`) ON DELETE CASCADE,
	ADD CONSTRAINT `craft_matrixblocks_ownerId_fk` FOREIGN KEY (`ownerId`) REFERENCES `craft_elements` (`id`) ON DELETE CASCADE,
	ADD CONSTRAINT `craft_matrixblocks_ownerLocale_fk` FOREIGN KEY (`ownerLocale`) REFERENCES `craft_locales` (`locale`) ON DELETE CASCADE ON UPDATE CASCADE,
	ADD CONSTRAINT `craft_matrixblocks_typeId_fk` FOREIGN KEY (`typeId`) REFERENCES `craft_matrixblocktypes` (`id`) ON DELETE CASCADE;

--
-- Constraints for table `craft_matrixblocktypes`
--
ALTER TABLE `craft_matrixblocktypes`
	ADD CONSTRAINT `craft_matrixblocktypes_fieldId_fk` FOREIGN KEY (`fieldId`) REFERENCES `craft_fields` (`id`) ON DELETE CASCADE,
	ADD CONSTRAINT `craft_matrixblocktypes_fieldLayoutId_fk` FOREIGN KEY (`fieldLayoutId`) REFERENCES `craft_fieldlayouts` (`id`) ON DELETE SET NULL;

--
-- Constraints for table `craft_matrixcontent_casesections`
--
ALTER TABLE `craft_matrixcontent_casesections`
	ADD CONSTRAINT `craft_matrixcontent_casesections_elementId_fk` FOREIGN KEY (`elementId`) REFERENCES `craft_elements` (`id`) ON DELETE CASCADE,
	ADD CONSTRAINT `craft_matrixcontent_casesections_locale_fk` FOREIGN KEY (`locale`) REFERENCES `craft_locales` (`locale`) ON DELETE CASCADE ON UPDATE CASCADE;

--
-- Constraints for table `craft_matrixcontent_credits`
--
ALTER TABLE `craft_matrixcontent_credits`
	ADD CONSTRAINT `craft_matrixcontent_credits_elementId_fk` FOREIGN KEY (`elementId`) REFERENCES `craft_elements` (`id`) ON DELETE CASCADE,
	ADD CONSTRAINT `craft_matrixcontent_credits_locale_fk` FOREIGN KEY (`locale`) REFERENCES `craft_locales` (`locale`) ON DELETE CASCADE ON UPDATE CASCADE;

--
-- Constraints for table `craft_matrixcontent_honours`
--
ALTER TABLE `craft_matrixcontent_honours`
	ADD CONSTRAINT `craft_matrixcontent_honours_elementId_fk` FOREIGN KEY (`elementId`) REFERENCES `craft_elements` (`id`) ON DELETE CASCADE,
	ADD CONSTRAINT `craft_matrixcontent_honours_locale_fk` FOREIGN KEY (`locale`) REFERENCES `craft_locales` (`locale`) ON DELETE CASCADE ON UPDATE CASCADE;

--
-- Constraints for table `craft_matrixcontent_roles`
--
ALTER TABLE `craft_matrixcontent_roles`
	ADD CONSTRAINT `craft_matrixcontent_roles_elementId_fk` FOREIGN KEY (`elementId`) REFERENCES `craft_elements` (`id`) ON DELETE CASCADE,
	ADD CONSTRAINT `craft_matrixcontent_roles_locale_fk` FOREIGN KEY (`locale`) REFERENCES `craft_locales` (`locale`) ON DELETE CASCADE ON UPDATE CASCADE;

--
-- Constraints for table `craft_migrations`
--
ALTER TABLE `craft_migrations`
	ADD CONSTRAINT `craft_migrations_pluginId_fk` FOREIGN KEY (`pluginId`) REFERENCES `craft_plugins` (`id`) ON DELETE CASCADE;

--
-- Constraints for table `craft_relations`
--
ALTER TABLE `craft_relations`
	ADD CONSTRAINT `craft_relations_fieldId_fk` FOREIGN KEY (`fieldId`) REFERENCES `craft_fields` (`id`) ON DELETE CASCADE,
	ADD CONSTRAINT `craft_relations_sourceId_fk` FOREIGN KEY (`sourceId`) REFERENCES `craft_elements` (`id`) ON DELETE CASCADE,
	ADD CONSTRAINT `craft_relations_sourceLocale_fk` FOREIGN KEY (`sourceLocale`) REFERENCES `craft_locales` (`locale`) ON DELETE CASCADE ON UPDATE CASCADE,
	ADD CONSTRAINT `craft_relations_targetId_fk` FOREIGN KEY (`targetId`) REFERENCES `craft_elements` (`id`) ON DELETE CASCADE;

--
-- Constraints for table `craft_routes`
--
ALTER TABLE `craft_routes`
	ADD CONSTRAINT `craft_routes_locale_fk` FOREIGN KEY (`locale`) REFERENCES `craft_locales` (`locale`) ON DELETE CASCADE ON UPDATE CASCADE;

--
-- Constraints for table `craft_sections`
--
ALTER TABLE `craft_sections`
	ADD CONSTRAINT `craft_sections_structureId_fk` FOREIGN KEY (`structureId`) REFERENCES `craft_structures` (`id`) ON DELETE SET NULL;

--
-- Constraints for table `craft_sections_i18n`
--
ALTER TABLE `craft_sections_i18n`
	ADD CONSTRAINT `craft_sections_i18n_locale_fk` FOREIGN KEY (`locale`) REFERENCES `craft_locales` (`locale`) ON DELETE CASCADE ON UPDATE CASCADE,
	ADD CONSTRAINT `craft_sections_i18n_sectionId_fk` FOREIGN KEY (`sectionId`) REFERENCES `craft_sections` (`id`) ON DELETE CASCADE;

--
-- Constraints for table `craft_sessions`
--
ALTER TABLE `craft_sessions`
	ADD CONSTRAINT `craft_sessions_userId_fk` FOREIGN KEY (`userId`) REFERENCES `craft_users` (`id`) ON DELETE CASCADE;

--
-- Constraints for table `craft_shunnedmessages`
--
ALTER TABLE `craft_shunnedmessages`
	ADD CONSTRAINT `craft_shunnedmessages_userId_fk` FOREIGN KEY (`userId`) REFERENCES `craft_users` (`id`) ON DELETE CASCADE;

--
-- Constraints for table `craft_structureelements`
--
ALTER TABLE `craft_structureelements`
	ADD CONSTRAINT `craft_structureelements_elementId_fk` FOREIGN KEY (`elementId`) REFERENCES `craft_elements` (`id`) ON DELETE CASCADE,
	ADD CONSTRAINT `craft_structureelements_structureId_fk` FOREIGN KEY (`structureId`) REFERENCES `craft_structures` (`id`) ON DELETE CASCADE;

--
-- Constraints for table `craft_taggroups`
--
ALTER TABLE `craft_taggroups`
	ADD CONSTRAINT `craft_taggroups_fieldLayoutId_fk` FOREIGN KEY (`fieldLayoutId`) REFERENCES `craft_fieldlayouts` (`id`) ON DELETE SET NULL;

--
-- Constraints for table `craft_tags`
--
ALTER TABLE `craft_tags`
	ADD CONSTRAINT `craft_tags_groupId_fk` FOREIGN KEY (`groupId`) REFERENCES `craft_taggroups` (`id`) ON DELETE CASCADE,
	ADD CONSTRAINT `craft_tags_id_fk` FOREIGN KEY (`id`) REFERENCES `craft_elements` (`id`) ON DELETE CASCADE;

--
-- Constraints for table `craft_templatecachecriteria`
--
ALTER TABLE `craft_templatecachecriteria`
	ADD CONSTRAINT `craft_templatecachecriteria_cacheId_fk` FOREIGN KEY (`cacheId`) REFERENCES `craft_templatecaches` (`id`) ON DELETE CASCADE;

--
-- Constraints for table `craft_templatecacheelements`
--
ALTER TABLE `craft_templatecacheelements`
	ADD CONSTRAINT `craft_templatecacheelements_cacheId_fk` FOREIGN KEY (`cacheId`) REFERENCES `craft_templatecaches` (`id`) ON DELETE CASCADE,
	ADD CONSTRAINT `craft_templatecacheelements_elementId_fk` FOREIGN KEY (`elementId`) REFERENCES `craft_elements` (`id`) ON DELETE CASCADE;

--
-- Constraints for table `craft_templatecaches`
--
ALTER TABLE `craft_templatecaches`
	ADD CONSTRAINT `craft_templatecaches_locale_fk` FOREIGN KEY (`locale`) REFERENCES `craft_locales` (`locale`) ON DELETE CASCADE ON UPDATE CASCADE;

--
-- Constraints for table `craft_usergroups_users`
--
ALTER TABLE `craft_usergroups_users`
	ADD CONSTRAINT `craft_usergroups_users_groupId_fk` FOREIGN KEY (`groupId`) REFERENCES `craft_usergroups` (`id`) ON DELETE CASCADE,
	ADD CONSTRAINT `craft_usergroups_users_userId_fk` FOREIGN KEY (`userId`) REFERENCES `craft_users` (`id`) ON DELETE CASCADE;

--
-- Constraints for table `craft_userpermissions_usergroups`
--
ALTER TABLE `craft_userpermissions_usergroups`
	ADD CONSTRAINT `craft_userpermissions_usergroups_groupId_fk` FOREIGN KEY (`groupId`) REFERENCES `craft_usergroups` (`id`) ON DELETE CASCADE,
	ADD CONSTRAINT `craft_userpermissions_usergroups_permissionId_fk` FOREIGN KEY (`permissionId`) REFERENCES `craft_userpermissions` (`id`) ON DELETE CASCADE;

--
-- Constraints for table `craft_userpermissions_users`
--
ALTER TABLE `craft_userpermissions_users`
	ADD CONSTRAINT `craft_userpermissions_users_permissionId_fk` FOREIGN KEY (`permissionId`) REFERENCES `craft_userpermissions` (`id`) ON DELETE CASCADE,
	ADD CONSTRAINT `craft_userpermissions_users_userId_fk` FOREIGN KEY (`userId`) REFERENCES `craft_users` (`id`) ON DELETE CASCADE;

--
-- Constraints for table `craft_users`
--
ALTER TABLE `craft_users`
	ADD CONSTRAINT `craft_users_id_fk` FOREIGN KEY (`id`) REFERENCES `craft_elements` (`id`) ON DELETE CASCADE,
	ADD CONSTRAINT `craft_users_preferredLocale_fk` FOREIGN KEY (`preferredLocale`) REFERENCES `craft_locales` (`locale`) ON DELETE SET NULL ON UPDATE CASCADE;

--
-- Constraints for table `craft_widgets`
--
ALTER TABLE `craft_widgets`
	ADD CONSTRAINT `craft_widgets_userId_fk` FOREIGN KEY (`userId`) REFERENCES `craft_users` (`id`) ON DELETE CASCADE;

SET FOREIGN_KEY_CHECKS = 1;
